asset_id,link_id,physical_path,sha256,bytes,source_path,source_unit_id,assignment_path,assignment_stage,assignment_basis,reference_status,inspection_status,review_epoch,visual_role,source_status,risk_flags,original_resolution_status,transcription_status,candidate_ids,route_ids,evidence_statement,review_stage,reviewer,uncertainty
A000001,L001125,BACK-MATTER/NOTES/_page_1001_Picture_2.jpeg,b9c12b0eb44ab9db38a463a7b33d47a859e5b27e643f8950149bffd38587dafa,347208,BACK-MATTER/NOTES/07-Mechanisms-in-Programs-and-Nature-Notes.md,U006815,BACK-MATTER/NOTES/07-Mechanisms-in-Programs-and-Nature-Notes.md,11,LIVE_MARKDOWN_REFERENCE,REFERENCED,PENDING,,,,[],NOT_REVIEWED,NOT_APPLICABLE,[],[],,,,
A000002,L001126,BACK-MATTER/NOTES/_page_1001_Picture_4.jpeg,1d4890d9c8bc88b84ecd77d92072aef0d82c33d24c662ffa982c4ccfb9c5f269,8656,BACK-MATTER/NOTES/07-Mechanisms-in-Programs-and-Nature-Notes.md,U006817,BACK-MATTER/NOTES/07-Mechanisms-in-Programs-and-Nature-Notes.md,11,LIVE_MARKDOWN_REFERENCE,REFERENCED,PENDING,,,,[],NOT_REVIEWED,NOT_APPLICABLE,[],[],,,,
A000003,L001127,BACK-MATTER/NOTES/_page_1001_Picture_6.jpeg,a977a6704e66ccb6c744cde86fd2931b420f897f767485e8d551c3d80b2e9c96,25537,BACK-MATTER/NOTES/07-Mechanisms-in-Programs-and-Nature-Notes.md,U006819,BACK-MATTER/NOTES/07-Mechanisms-in-Programs-and-Nature-Notes.md,11,LIVE_MARKDOWN_REFERENCE,REFERENCED,PENDING,,,,[],NOT_REVIEWED,NOT_APPLICABLE,[],[],,,,
A000004,L001128,BACK-MATTER/NOTES/_page_1001_Picture_9.jpeg,d5a2a2a57710da2db7f43663d557d56720752b056c6e8e71500e3babc7c9a8dd,14831,BACK-MATTER/NOTES/07-Mechanisms-in-Programs-and-Nature-Notes.md,U006821,BACK-MATTER/NOTES/07-Mechanisms-in-Programs-and-Nature-Notes.md,11,LIVE_MARKDOWN_REFERENCE,REFERENCED,PENDING,,,,[],NOT_REVIEWED,NOT_APPLICABLE,[],[],,,,
A000005,L001129,BACK-MATTER/NOTES/_page_1002_Figure_4.jpeg,bc0eb1da6c34a828981031939e0ac0e1b7a3136581655c5a27771ddc32d19193,48777,BACK-MATTER/NOTES/07-Mechanisms-in-Programs-and-Nature-Notes.md,U006829,BACK-MATTER/NOTES/07-Mechanisms-in-Programs-and-Nature-Notes.md,11,LIVE_MARKDOWN_REFERENCE,REFERENCED,PENDING,,,,[],NOT_REVIEWED,NOT_APPLICABLE,[],[],,,,
A000006,L001131,BACK-MATTER/NOTES/_page_1002_Picture_14.jpeg,c06ceb9699771663ab0e993ea17a5c3bf471bfca0328da88b83780dc61d619b0,16254,BACK-MATTER/NOTES/07-Mechanisms-in-Programs-and-Nature-Notes.md,U006839,BACK-MATTER/NOTES/07-Mechanisms-in-Programs-and-Nature-Notes.md,11,LIVE_MARKDOWN_REFERENCE,REFERENCED,PENDING,,,,[],NOT_REVIEWED,NOT_APPLICABLE,[],[],,,,
A000007,L001132,BACK-MATTER/NOTES/_page_1002_Picture_16.jpeg,7d4d45673721c3aa6301595859e114fc45847fe37463c524c0481b6e32085b80,106590,BACK-MATTER/NOTES/07-Mechanisms-in-Programs-and-Nature-Notes.md,U006841,BACK-MATTER/NOTES/07-Mechanisms-in-Programs-and-Nature-Notes.md,11,LIVE_MARKDOWN_REFERENCE,REFERENCED,PENDING,,,,[],NOT_REVIEWED,NOT_APPLICABLE,[],[],,,,
A000008,L001130,BACK-MATTER/NOTES/_page_1002_Picture_9.jpeg,c37ae725a859e1a65f65ba219c5575a00be003e2f77ea298bb87abeb1386df40,323752,BACK-MATTER/NOTES/07-Mechanisms-in-Programs-and-Nature-Notes.md,U006833,BACK-MATTER/NOTES/07-Mechanisms-in-Programs-and-Nature-Notes.md,11,LIVE_MARKDOWN_REFERENCE,REFERENCED,PENDING,,,,[],NOT_REVIEWED,NOT_APPLICABLE,[],[],,,,
A000009,L001135,BACK-MATTER/NOTES/_page_1004_Picture_15.jpeg,9b0c5c4d2b4f3412c04f87bc5f264c45331762fab9368b4b4ada457de3d6cb02,8949,BACK-MATTER/NOTES/07-Mechanisms-in-Programs-and-Nature-Notes.md,U006857,BACK-MATTER/NOTES/07-Mechanisms-in-Programs-and-Nature-Notes.md,11,LIVE_MARKDOWN_REFERENCE,REFERENCED,PENDING,,,,[],NOT_REVIEWED,NOT_APPLICABLE,[],[],,,,
A000010,L001136,BACK-MATTER/NOTES/_page_1004_Picture_17.jpeg,51199315e7d92f6c7ce66477b36695c7653dc2ce3dcad5791afa4d8f117d32fa,86292,BACK-MATTER/NOTES/07-Mechanisms-in-Programs-and-Nature-Notes.md,U006859,BACK-MATTER/NOTES/07-Mechanisms-in-Programs-and-Nature-Notes.md,11,LIVE_MARKDOWN_REFERENCE,REFERENCED,PENDING,,,,[],NOT_REVIEWED,NOT_APPLICABLE,[],[],,,,
A000011,L001133,BACK-MATTER/NOTES/_page_1004_Picture_4.jpeg,653ed9f2d1ab6e15ad2c3dbeb73e27597ff2dab7d91485dc8df906c4f602461e,11673,BACK-MATTER/NOTES/07-Mechanisms-in-Programs-and-Nature-Notes.md,U006848,BACK-MATTER/NOTES/07-Mechanisms-in-Programs-and-Nature-Notes.md,11,LIVE_MARKDOWN_REFERENCE,REFERENCED,PENDING,,,,[],NOT_REVIEWED,NOT_APPLICABLE,[],[],,,,
A000012,L001134,BACK-MATTER/NOTES/_page_1004_Picture_9.jpeg,1443703ec4674b3160480ac075e65487cd52c756cd5ea8a5893432dc4604b462,8430,BACK-MATTER/NOTES/07-Mechanisms-in-Programs-and-Nature-Notes.md,U006853,BACK-MATTER/NOTES/07-Mechanisms-in-Programs-and-Nature-Notes.md,11,LIVE_MARKDOWN_REFERENCE,REFERENCED,PENDING,,,,[],NOT_REVIEWED,NOT_APPLICABLE,[],[],,,,
A000013,L001138,BACK-MATTER/NOTES/_page_1005_Figure_5.jpeg,9464685cece7be56daf455087bb8446a5aa4c3c5c48523650acb7be3ccaeeba6,5098,BACK-MATTER/NOTES/07-Mechanisms-in-Programs-and-Nature-Notes.md,U006862,BACK-MATTER/NOTES/07-Mechanisms-in-Programs-and-Nature-Notes.md,11,LIVE_MARKDOWN_REFERENCE,REFERENCED,PENDING,,,,[],NOT_REVIEWED,NOT_APPLICABLE,[],[],,,,
A000014,L001139,BACK-MATTER/NOTES/_page_1005_Picture_10.jpeg,9a6757a47b656b953ae5fe3a9ed767e933bf0f9ffa48c3c940b3dc7c4f8d5364,15384,BACK-MATTER/NOTES/07-Mechanisms-in-Programs-and-Nature-Notes.md,U006866,BACK-MATTER/NOTES/07-Mechanisms-in-Programs-and-Nature-Notes.md,11,LIVE_MARKDOWN_REFERENCE,REFERENCED,PENDING,,,,[],NOT_REVIEWED,NOT_APPLICABLE,[],[],,,,
A000015,,BACK-MATTER/NOTES/_page_1005_Picture_2.jpeg,0a374ca0169126449e2c6f499fb62e75e9246379acd325d6fa481e7c6ab13515,1738,,,BACK-MATTER/NOTES/07-Mechanisms-in-Programs-and-Nature-Notes.md,11,UNIQUE_DIRECTORY_PAGE_RANGE,UNREFERENCED_PHYSICAL,PENDING,,,,[],NOT_REVIEWED,NOT_APPLICABLE,[],[],,,,
A000016,,BACK-MATTER/NOTES/_page_1005_Picture_3.jpeg,3442b19d6c22cfe19e322aeacd0c488dd504eca2d4f2b2a99fa842c9ff8090dd,2110,,,BACK-MATTER/NOTES/07-Mechanisms-in-Programs-and-Nature-Notes.md,11,UNIQUE_DIRECTORY_PAGE_RANGE,UNREFERENCED_PHYSICAL,PENDING,,,,[],NOT_REVIEWED,NOT_APPLICABLE,[],[],,,,
A000017,,BACK-MATTER/NOTES/_page_1005_Picture_4.jpeg,60cbbf3af605316c9b4295e620f61ef583bb41c2312e479c206249f2e23f0f72,2696,,,BACK-MATTER/NOTES/07-Mechanisms-in-Programs-and-Nature-Notes.md,11,UNIQUE_DIRECTORY_PAGE_RANGE,UNREFERENCED_PHYSICAL,PENDING,,,,[],NOT_REVIEWED,NOT_APPLICABLE,[],[],,,,
A000018,L001137,BACK-MATTER/NOTES/_page_1005_Sandpile_Fixed_Configurations_Four_Cycle_Row.jpeg,6506e92b9896c279406ae8da32812a04fb466ae29bd3dea38c9643e165f842c9,59130,BACK-MATTER/NOTES/07-Mechanisms-in-Programs-and-Nature-Notes.md,U006861,BACK-MATTER/NOTES/07-Mechanisms-in-Programs-and-Nature-Notes.md,11,LIVE_MARKDOWN_REFERENCE,REFERENCED,PENDING,,,,[],NOT_REVIEWED,NOT_APPLICABLE,[],[],,,,
A000019,L001140,BACK-MATTER/NOTES/_page_1008_Hopper_Crystals_Four_Panel_Row.jpeg,45e8795fdf982f5f7fba67661d1d44aad9a9a0c38ac24da9cf9ab6c09e2a3213,313190,BACK-MATTER/NOTES/08-Implications-for-Everyday-Systems-Notes.md,U006883,BACK-MATTER/NOTES/08-Implications-for-Everyday-Systems-Notes.md,12,LIVE_MARKDOWN_REFERENCE,REFERENCED,PENDING,,,,[],NOT_REVIEWED,NOT_APPLICABLE,[],[],,,,
A000020,,BACK-MATTER/NOTES/_page_1008_Picture_10.jpeg,b23a5236ee19a8392e37650e0d9f9ae4542c8ebdc00f4ec30c0e586fbcde2fd2,6715,,,BACK-MATTER/NOTES/08-Implications-for-Everyday-Systems-Notes.md,12,UNIQUE_DIRECTORY_PAGE_RANGE,UNREFERENCED_PHYSICAL,PENDING,,,,[],NOT_REVIEWED,NOT_APPLICABLE,[],[],,,,
A000021,,BACK-MATTER/NOTES/_page_1008_Picture_11.jpeg,ca75baac9fce95995e0b11fc9026665f5cda9fa7606f11ee9357c96d57908eca,6222,,,BACK-MATTER/NOTES/08-Implications-for-Everyday-Systems-Notes.md,12,UNIQUE_DIRECTORY_PAGE_RANGE,UNREFERENCED_PHYSICAL,PENDING,,,,[],NOT_REVIEWED,NOT_APPLICABLE,[],[],,,,
A000022,,BACK-MATTER/NOTES/_page_1008_Picture_8.jpeg,be72989ee7319d34bf6922e5946e898f8f36a91f8e220eabd1f1e51b3fa1af51,5114,,,BACK-MATTER/NOTES/08-Implications-for-Everyday-Systems-Notes.md,12,UNIQUE_DIRECTORY_PAGE_RANGE,UNREFERENCED_PHYSICAL,PENDING,,,,[],NOT_REVIEWED,NOT_APPLICABLE,[],[],,,,
A000023,,BACK-MATTER/NOTES/_page_1008_Picture_9.jpeg,090c5b586488915b49be0667f94bd0b087c24b4bdcb854df3fa4d462407c17af,4067,,,BACK-MATTER/NOTES/08-Implications-for-Everyday-Systems-Notes.md,12,UNIQUE_DIRECTORY_PAGE_RANGE,UNREFERENCED_PHYSICAL,PENDING,,,,[],NOT_REVIEWED,NOT_APPLICABLE,[],[],,,,
A000024,L001141,BACK-MATTER/NOTES/_page_1009_Boiling_Heating_Rates_Two_Panel_Row.jpeg,2f88db99fccef22422781eebae9e68cb449cf91cf518130374012450d3a08589,183484,BACK-MATTER/NOTES/08-Implications-for-Everyday-Systems-Notes.md,U006886,BACK-MATTER/NOTES/08-Implications-for-Everyday-Systems-Notes.md,12,LIVE_MARKDOWN_REFERENCE,REFERENCED,PENDING,,,,[],NOT_REVIEWED,NOT_APPLICABLE,[],[],,,,
A000025,,BACK-MATTER/NOTES/_page_1009_Picture_6.jpeg,2e0309aed825ace57ba916bb3d2332d707af7e0d1105bd67637151854a76d7d5,8459,,,BACK-MATTER/NOTES/08-Implications-for-Everyday-Systems-Notes.md,12,UNIQUE_DIRECTORY_PAGE_RANGE,UNREFERENCED_PHYSICAL,PENDING,,,,[],NOT_REVIEWED,NOT_APPLICABLE,[],[],,,,
A000026,,BACK-MATTER/NOTES/_page_1009_Picture_7.jpeg,733e4bfc8212ee9c7cce554e156fb3f62def9dd474277004a5f79711050d0047,10078,,,BACK-MATTER/NOTES/08-Implications-for-Everyday-Systems-Notes.md,12,UNIQUE_DIRECTORY_PAGE_RANGE,UNREFERENCED_PHYSICAL,PENDING,,,,[],NOT_REVIEWED,NOT_APPLICABLE,[],[],,,,
A000027,,BACK-MATTER/NOTES/_page_1015_Picture_11.jpeg,570a2dcb441a812a3c21563dac859ea5c16ed0341a354ac9bd5f041d36e78def,14035,,,BACK-MATTER/NOTES/08-Implications-for-Everyday-Systems-Notes.md,12,UNIQUE_DIRECTORY_PAGE_RANGE,UNREFERENCED_PHYSICAL,PENDING,,,,[],NOT_REVIEWED,NOT_APPLICABLE,[],[],,,,
A000028,,BACK-MATTER/NOTES/_page_1015_Picture_12.jpeg,0621673420800cd30e778b04fc5bcec4876435d1b7bf67eacf1181cb68c2e5a1,14093,,,BACK-MATTER/NOTES/08-Implications-for-Everyday-Systems-Notes.md,12,UNIQUE_DIRECTORY_PAGE_RANGE,UNREFERENCED_PHYSICAL,PENDING,,,,[],NOT_REVIEWED,NOT_APPLICABLE,[],[],,,,
A000029,,BACK-MATTER/NOTES/_page_1015_Picture_13.jpeg,0b8b24df39e0321fda5c02cbdc898b7198bb73129fdbb57c4818a14cdb6ec0dc,13852,,,BACK-MATTER/NOTES/08-Implications-for-Everyday-Systems-Notes.md,12,UNIQUE_DIRECTORY_PAGE_RANGE,UNREFERENCED_PHYSICAL,PENDING,,,,[],NOT_REVIEWED,NOT_APPLICABLE,[],[],,,,
A000030,,BACK-MATTER/NOTES/_page_1015_Picture_5.jpeg,f5832a7e56e22cb5215d98f51a903374ca48f5518fa28b468a340b84a35da679,4644,,,BACK-MATTER/NOTES/08-Implications-for-Everyday-Systems-Notes.md,12,UNIQUE_DIRECTORY_PAGE_RANGE,UNREFERENCED_PHYSICAL,PENDING,,,,[],NOT_REVIEWED,NOT_APPLICABLE,[],[],,,,
A000031,,BACK-MATTER/NOTES/_page_1015_Picture_6.jpeg,a6064c0f9f183f3bb554f238ed29fab09330e16dc641f843d460c82eabaedde5,5393,,,BACK-MATTER/NOTES/08-Implications-for-Everyday-Systems-Notes.md,12,UNIQUE_DIRECTORY_PAGE_RANGE,UNREFERENCED_PHYSICAL,PENDING,,,,[],NOT_REVIEWED,NOT_APPLICABLE,[],[],,,,
A000032,,BACK-MATTER/NOTES/_page_1015_Picture_7.jpeg,ef76799b22c50a5b10411563c3fbeabc67655a6f49b348c78548cd59a96d8d54,5420,,,BACK-MATTER/NOTES/08-Implications-for-Everyday-Systems-Notes.md,12,UNIQUE_DIRECTORY_PAGE_RANGE,UNREFERENCED_PHYSICAL,PENDING,,,,[],NOT_REVIEWED,NOT_APPLICABLE,[],[],,,,
A000033,,BACK-MATTER/NOTES/_page_1015_Picture_8.jpeg,2bcca2ff06e135236d8f3e0f95f967bdab071bab550bca711897f41faa2dd1dc,5248,,,BACK-MATTER/NOTES/08-Implications-for-Everyday-Systems-Notes.md,12,UNIQUE_DIRECTORY_PAGE_RANGE,UNREFERENCED_PHYSICAL,PENDING,,,,[],NOT_REVIEWED,NOT_APPLICABLE,[],[],,,,
A000034,L001143,BACK-MATTER/NOTES/_page_1015_Shocks_Three_Step_Row.jpeg,f7342a6167c1563c1434ce4990518995ab651e7dfc691cdd78edf3ff186561cf,794218,BACK-MATTER/NOTES/08-Implications-for-Everyday-Systems-Notes.md,U006915,BACK-MATTER/NOTES/08-Implications-for-Everyday-Systems-Notes.md,12,LIVE_MARKDOWN_REFERENCE,REFERENCED,PENDING,,,,[],NOT_REVIEWED,NOT_APPLICABLE,[],[],,,,
A000035,L001142,BACK-MATTER/NOTES/_page_1015_Sound_Waves_Four_Step_Row.jpeg,a33b2b6d625b9b5cd54039b2393b16437bed0ddac477ae84b15192b5cc97cd2a,357345,BACK-MATTER/NOTES/08-Implications-for-Everyday-Systems-Notes.md,U006913,BACK-MATTER/NOTES/08-Implications-for-Everyday-Systems-Notes.md,12,LIVE_MARKDOWN_REFERENCE,REFERENCED,PENDING,,,,[],NOT_REVIEWED,NOT_APPLICABLE,[],[],,,,
A000036,L001144,BACK-MATTER/NOTES/_page_1020_Figure_8.jpeg,8a9e7360047346b88612e14e7ae99b4c623b48ce98ecffdd4d39503bab4895fb,18026,BACK-MATTER/NOTES/08-Implications-for-Everyday-Systems-Notes.md,U006936,BACK-MATTER/NOTES/08-Implications-for-Everyday-Systems-Notes.md,12,LIVE_MARKDOWN_REFERENCE,REFERENCED,PENDING,,,,[],NOT_REVIEWED,NOT_APPLICABLE,[],[],,,,
A000037,L001145,BACK-MATTER/NOTES/_page_1021_Mathematical_Leaf_Shapes_Five_Panel_Row.jpeg,447f03843a24a76049a14f8dbe1b386382bff463463a59be6211a25c57dbfd7d,94715,BACK-MATTER/NOTES/08-Implications-for-Everyday-Systems-Notes.md,U006939,BACK-MATTER/NOTES/08-Implications-for-Everyday-Systems-Notes.md,12,LIVE_MARKDOWN_REFERENCE,REFERENCED,PENDING,,,,[],NOT_REVIEWED,NOT_APPLICABLE,[],[],,,,
A000038,L001146,BACK-MATTER/NOTES/_page_1021_Parameter_Space_Connectedness_Two_Panel_Row.jpeg,d358642211be38443b01bf46e6056908365d75eaf5011b38f551774b2cee00c0,253178,BACK-MATTER/NOTES/08-Implications-for-Everyday-Systems-Notes.md,U006944,BACK-MATTER/NOTES/08-Implications-for-Everyday-Systems-Notes.md,12,LIVE_MARKDOWN_REFERENCE,REFERENCED,PENDING,,,,[],NOT_REVIEWED,NOT_APPLICABLE,[],[],,,,
A000039,,BACK-MATTER/NOTES/_page_1021_Picture_13.jpeg,f20a1520b0c2474db83d6d0ae7856bf46145fb5a3ff71c3a93254078016e83c7,11634,,,BACK-MATTER/NOTES/08-Implications-for-Everyday-Systems-Notes.md,12,UNIQUE_DIRECTORY_PAGE_RANGE,UNREFERENCED_PHYSICAL,PENDING,,,,[],NOT_REVIEWED,NOT_APPLICABLE,[],[],,,,
A000040,,BACK-MATTER/NOTES/_page_1021_Picture_14.jpeg,632564711ad62eb06441d2d8691e6ac06a8e3451c33ba5dc1e1a863bab4e9185,3603,,,BACK-MATTER/NOTES/08-Implications-for-Everyday-Systems-Notes.md,12,UNIQUE_DIRECTORY_PAGE_RANGE,UNREFERENCED_PHYSICAL,PENDING,,,,[],NOT_REVIEWED,NOT_APPLICABLE,[],[],,,,
A000041,,BACK-MATTER/NOTES/_page_1021_Picture_2.jpeg,c6550464f5e9d1f9d1293879697ca10e9a4dd2e3816a7a7155bbf61061909d26,1628,,,BACK-MATTER/NOTES/08-Implications-for-Everyday-Systems-Notes.md,12,UNIQUE_DIRECTORY_PAGE_RANGE,UNREFERENCED_PHYSICAL,PENDING,,,,[],NOT_REVIEWED,NOT_APPLICABLE,[],[],,,,
A000042,,BACK-MATTER/NOTES/_page_1021_Picture_3.jpeg,5408225de39a2d6b42134526b85ec681f14bb03d86385a465ed95194d64b00c0,2279,,,BACK-MATTER/NOTES/08-Implications-for-Everyday-Systems-Notes.md,12,UNIQUE_DIRECTORY_PAGE_RANGE,UNREFERENCED_PHYSICAL,PENDING,,,,[],NOT_REVIEWED,NOT_APPLICABLE,[],[],,,,
A000043,,BACK-MATTER/NOTES/_page_1021_Picture_4.jpeg,cefdadbdb2d1a02e5b6b7279c49bb5f35772058a9672cfe7a47f2a9966d2fc84,2883,,,BACK-MATTER/NOTES/08-Implications-for-Everyday-Systems-Notes.md,12,UNIQUE_DIRECTORY_PAGE_RANGE,UNREFERENCED_PHYSICAL,PENDING,,,,[],NOT_REVIEWED,NOT_APPLICABLE,[],[],,,,
A000044,,BACK-MATTER/NOTES/_page_1021_Picture_5.jpeg,79a3cbd1717eacbef69e47e26fbf60412f871c9f7755eedb3fc519a26c156597,2002,,,BACK-MATTER/NOTES/08-Implications-for-Everyday-Systems-Notes.md,12,UNIQUE_DIRECTORY_PAGE_RANGE,UNREFERENCED_PHYSICAL,PENDING,,,,[],NOT_REVIEWED,NOT_APPLICABLE,[],[],,,,
A000045,,BACK-MATTER/NOTES/_page_1021_Picture_6.jpeg,6f50591bdde0413e3fe87d003d6d023ff8c7477be4ce2d72d3a36c94c8450c71,2297,,,BACK-MATTER/NOTES/08-Implications-for-Everyday-Systems-Notes.md,12,UNIQUE_DIRECTORY_PAGE_RANGE,UNREFERENCED_PHYSICAL,PENDING,,,,[],NOT_REVIEWED,NOT_APPLICABLE,[],[],,,,
A000046,L001147,BACK-MATTER/NOTES/_page_1022_Phyllotaxis_Projections_Two_Panel_Row.jpeg,537381d0e5e0953a551c83ac43a157e940584d1b1cdf4718499b23db5eb04a7f,588220,BACK-MATTER/NOTES/08-Implications-for-Everyday-Systems-Notes.md,U006951,BACK-MATTER/NOTES/08-Implications-for-Everyday-Systems-Notes.md,12,LIVE_MARKDOWN_REFERENCE,REFERENCED,PENDING,,,,[],NOT_REVIEWED,NOT_APPLICABLE,[],[],,,,
A000047,,BACK-MATTER/NOTES/_page_1022_Picture_6.jpeg,3cb4de78b350f4863119f2f9f8ec18fb508655cde82a443699853cc75a030073,22675,,,BACK-MATTER/NOTES/08-Implications-for-Everyday-Systems-Notes.md,12,UNIQUE_DIRECTORY_PAGE_RANGE,UNREFERENCED_PHYSICAL,PENDING,,,,[],NOT_REVIEWED,NOT_APPLICABLE,[],[],,,,
A000048,,BACK-MATTER/NOTES/_page_1022_Picture_7.jpeg,3402724288229cf6f1e629d081f8e34337695991d8424b683e9d066af9ed3edc,26521,,,BACK-MATTER/NOTES/08-Implications-for-Everyday-Systems-Notes.md,12,UNIQUE_DIRECTORY_PAGE_RANGE,UNREFERENCED_PHYSICAL,PENDING,,,,[],NOT_REVIEWED,NOT_APPLICABLE,[],[],,,,
A000049,L001148,BACK-MATTER/NOTES/_page_1023_Locally_Isotropic_Growth_Four_Panel_Row.jpeg,b4b218145bba73fb8055a0b7c84f6136fb1b922e5d5c56226c6f4746963ad103,379253,BACK-MATTER/NOTES/08-Implications-for-Everyday-Systems-Notes.md,U006953,BACK-MATTER/NOTES/08-Implications-for-Everyday-Systems-Notes.md,12,LIVE_MARKDOWN_REFERENCE,REFERENCED,PENDING,,,,[],NOT_REVIEWED,NOT_APPLICABLE,[],[],,,,
A000050,,BACK-MATTER/NOTES/_page_1023_Picture_2.jpeg,f326433e8002ecb90d60a9faf9db9971f77762ae94645ea3401a028db76e9f51,5889,,,BACK-MATTER/NOTES/08-Implications-for-Everyday-Systems-Notes.md,12,UNIQUE_DIRECTORY_PAGE_RANGE,UNREFERENCED_PHYSICAL,PENDING,,,,[],NOT_REVIEWED,NOT_APPLICABLE,[],[],,,,
A000051,,BACK-MATTER/NOTES/_page_1023_Picture_3.jpeg,3f57b900b0de67ef7ff021eb6104fb859854e02a39fd973919de8aee3bdccbf1,5239,,,BACK-MATTER/NOTES/08-Implications-for-Everyday-Systems-Notes.md,12,UNIQUE_DIRECTORY_PAGE_RANGE,UNREFERENCED_PHYSICAL,PENDING,,,,[],NOT_REVIEWED,NOT_APPLICABLE,[],[],,,,
A000052,,BACK-MATTER/NOTES/_page_1023_Picture_4.jpeg,221b4daf3d81d4590b3e7fafe4638ddeb77d421ee28e45640879b6ae16570c76,7960,,,BACK-MATTER/NOTES/08-Implications-for-Everyday-Systems-Notes.md,12,UNIQUE_DIRECTORY_PAGE_RANGE,UNREFERENCED_PHYSICAL,PENDING,,,,[],NOT_REVIEWED,NOT_APPLICABLE,[],[],,,,
A000053,,BACK-MATTER/NOTES/_page_1023_Picture_5.jpeg,9b245a0d1a1043cf8fe89e1c5dac9c2cb6650dc6cd81834fd64a77410f3a8d3d,5581,,,BACK-MATTER/NOTES/08-Implications-for-Everyday-Systems-Notes.md,12,UNIQUE_DIRECTORY_PAGE_RANGE,UNREFERENCED_PHYSICAL,PENDING,,,,[],NOT_REVIEWED,NOT_APPLICABLE,[],[],,,,
A000054,L001149,BACK-MATTER/NOTES/_page_1024_Picture_3.jpeg,9fed10a022ed22a526ac4d199f8395a9b059bafc02a1a7b270cf4e205adbf592,22995,BACK-MATTER/NOTES/08-Implications-for-Everyday-Systems-Notes.md,U006959,BACK-MATTER/NOTES/08-Implications-for-Everyday-Systems-Notes.md,12,LIVE_MARKDOWN_REFERENCE,REFERENCED,PENDING,,,,[],NOT_REVIEWED,NOT_APPLICABLE,[],[],,,,
A000055,L001150,BACK-MATTER/NOTES/_page_1028_Picture_8.jpeg,c8b16255c8830c47e62703c6077e5c40d9365d0957ec3b9069bf4aaf462615f7,21761,BACK-MATTER/NOTES/08-Implications-for-Everyday-Systems-Notes.md,U006985,BACK-MATTER/NOTES/08-Implications-for-Everyday-Systems-Notes.md,12,LIVE_MARKDOWN_REFERENCE,REFERENCED,PENDING,,,,[],NOT_REVIEWED,NOT_APPLICABLE,[],[],,,,
A000056,,BACK-MATTER/NOTES/_page_1029_Figure_6.jpeg,21bf06a4183428b1e6122eae792a5cf6639e35e6866f7a57c2dee70351ca8270,3193,,,BACK-MATTER/NOTES/08-Implications-for-Everyday-Systems-Notes.md,12,UNIQUE_DIRECTORY_PAGE_RANGE,UNREFERENCED_PHYSICAL,PENDING,,,,[],NOT_REVIEWED,NOT_APPLICABLE,[],[],,,,
A000057,,BACK-MATTER/NOTES/_page_1029_Figure_7.jpeg,0b9098a7bce38f582dc2bec1bfe55a47efa24efacb3f4433500f536894b2ef63,3415,,,BACK-MATTER/NOTES/08-Implications-for-Everyday-Systems-Notes.md,12,UNIQUE_DIRECTORY_PAGE_RANGE,UNREFERENCED_PHYSICAL,PENDING,,,,[],NOT_REVIEWED,NOT_APPLICABLE,[],[],,,,
A000058,,BACK-MATTER/NOTES/_page_1029_Figure_8.jpeg,00588abd405bccbfe0ee0caa01c747960875ce614e72f97236969d0b76ef9ba5,3613,,,BACK-MATTER/NOTES/08-Implications-for-Everyday-Systems-Notes.md,12,UNIQUE_DIRECTORY_PAGE_RANGE,UNREFERENCED_PHYSICAL,PENDING,,,,[],NOT_REVIEWED,NOT_APPLICABLE,[],[],,,,
A000059,L001151,BACK-MATTER/NOTES/_page_1029_Zipf_Frequency_Three_Plot_Row.jpeg,092ad63cfc64de7c5f72d38817c6ea0b22fb10d77e141da4af17b6260cd9f4e9,83296,BACK-MATTER/NOTES/08-Implications-for-Everyday-Systems-Notes.md,U006989,BACK-MATTER/NOTES/08-Implications-for-Everyday-Systems-Notes.md,12,LIVE_MARKDOWN_REFERENCE,REFERENCED,PENDING,,,,[],NOT_REVIEWED,NOT_APPLICABLE,[],[],,,,
A000060,L001152,BACK-MATTER/NOTES/_page_1032_Inverse_Rules_Four_Panel_Row.jpeg,b17fb98d737d71e8add545168d38717d24f342f39ceeb7f68f69502c224ee3be,205810,BACK-MATTER/NOTES/09-Fundamental-Physics-Notes.md,U007002,BACK-MATTER/NOTES/09-Fundamental-Physics-Notes.md,13,LIVE_MARKDOWN_REFERENCE,REFERENCED,PENDING,,,,[],NOT_REVIEWED,NOT_APPLICABLE,[],[],,,,
A000061,,BACK-MATTER/NOTES/_page_1032_Picture_10.jpeg,4a40921d9eb75316d5294c8cd22cefcd8649d12ffec3d5eb4df414835fbcf4ae,4216,,,BACK-MATTER/NOTES/09-Fundamental-Physics-Notes.md,13,UNIQUE_DIRECTORY_PAGE_RANGE,UNREFERENCED_PHYSICAL,PENDING,,,,[],NOT_REVIEWED,NOT_APPLICABLE,[],[],,,,
A000062,,BACK-MATTER/NOTES/_page_1032_Picture_11.jpeg,2b6326f90f10d4f887be2cfeb69ec6f7712a72572868dd0a49fe0dd407ce6093,3016,,,BACK-MATTER/NOTES/09-Fundamental-Physics-Notes.md,13,UNIQUE_DIRECTORY_PAGE_RANGE,UNREFERENCED_PHYSICAL,PENDING,,,,[],NOT_REVIEWED,NOT_APPLICABLE,[],[],,,,
A000063,,BACK-MATTER/NOTES/_page_1032_Picture_12.jpeg,436feb4ebafa0c946142e22a2c45011d84ce23f0000e75e6cb5143969efba69c,5648,,,BACK-MATTER/NOTES/09-Fundamental-Physics-Notes.md,13,UNIQUE_DIRECTORY_PAGE_RANGE,UNREFERENCED_PHYSICAL,PENDING,,,,[],NOT_REVIEWED,NOT_APPLICABLE,[],[],,,,
A000064,,BACK-MATTER/NOTES/_page_1032_Picture_13.jpeg,0ca11e29343741d99227175123d39260b87854891cb81be88e1df96ff12c64e7,4424,,,BACK-MATTER/NOTES/09-Fundamental-Physics-Notes.md,13,UNIQUE_DIRECTORY_PAGE_RANGE,UNREFERENCED_PHYSICAL,PENDING,,,,[],NOT_REVIEWED,NOT_APPLICABLE,[],[],,,,
A000065,L001153,BACK-MATTER/NOTES/_page_1033_Picture_14.jpeg,a5fa4996ada242afea5e9c25aa688005887bf7718bd4b398f229310ef93502f8,6238,BACK-MATTER/NOTES/09-Fundamental-Physics-Notes.md,U007017,BACK-MATTER/NOTES/09-Fundamental-Physics-Notes.md,13,LIVE_MARKDOWN_REFERENCE,REFERENCED,PENDING,,,,[],NOT_REVIEWED,NOT_APPLICABLE,[],[],,,,
A000066,L001154,BACK-MATTER/NOTES/_page_1037_Picture_13.jpeg,27fb59c146ee0077efd6833a9f2f4d4cb7ca13be7f62bfa7188d515ad4772009,26360,BACK-MATTER/NOTES/09-Fundamental-Physics-Notes.md,U007040,BACK-MATTER/NOTES/09-Fundamental-Physics-Notes.md,13,LIVE_MARKDOWN_REFERENCE,REFERENCED,PENDING,,,,[],NOT_REVIEWED,NOT_APPLICABLE,[],[],,,,
A000067,L001155,BACK-MATTER/NOTES/_page_1038_Block_Rules_Five_Panel_Row.jpeg,6240560b555f369d5c0bb7869a8796b84c002d10e5c380fd8f5c1efcaa755f78,340706,BACK-MATTER/NOTES/09-Fundamental-Physics-Notes.md,U007055,BACK-MATTER/NOTES/09-Fundamental-Physics-Notes.md,13,LIVE_MARKDOWN_REFERENCE,REFERENCED,PENDING,,,,[],NOT_REVIEWED,NOT_APPLICABLE,[],[],,,,
A000068,,BACK-MATTER/NOTES/_page_1038_Picture_14.jpeg,45e0944f66bcb899d7e0666b9782d376b32be726da27692402049147d6ce7085,3903,,,BACK-MATTER/NOTES/09-Fundamental-Physics-Notes.md,13,UNIQUE_DIRECTORY_PAGE_RANGE,UNREFERENCED_PHYSICAL,PENDING,,,,[],NOT_REVIEWED,NOT_APPLICABLE,[],[],,,,
A000069,,BACK-MATTER/NOTES/_page_1038_Picture_15.jpeg,a81b688015c8929879734dd032a49c179b209168df893e9839d8eec9ebb2e43f,4067,,,BACK-MATTER/NOTES/09-Fundamental-Physics-Notes.md,13,UNIQUE_DIRECTORY_PAGE_RANGE,UNREFERENCED_PHYSICAL,PENDING,,,,[],NOT_REVIEWED,NOT_APPLICABLE,[],[],,,,
A000070,,BACK-MATTER/NOTES/_page_1038_Picture_16.jpeg,36c42bb04ecc32044382b88e9843c948786fde44ead90eeed253076d7ff1d4f4,4004,,,BACK-MATTER/NOTES/09-Fundamental-Physics-Notes.md,13,UNIQUE_DIRECTORY_PAGE_RANGE,UNREFERENCED_PHYSICAL,PENDING,,,,[],NOT_REVIEWED,NOT_APPLICABLE,[],[],,,,
A000071,,BACK-MATTER/NOTES/_page_1038_Picture_17.jpeg,41e4ccd642e4985e90955efe6f8390519c797bdf25edf0d17c92091b1bfc50ae,5420,,,BACK-MATTER/NOTES/09-Fundamental-Physics-Notes.md,13,UNIQUE_DIRECTORY_PAGE_RANGE,UNREFERENCED_PHYSICAL,PENDING,,,,[],NOT_REVIEWED,NOT_APPLICABLE,[],[],,,,
A000072,,BACK-MATTER/NOTES/_page_1038_Picture_18.jpeg,cca06bb048f681e8e06ecb839d2ec6ce1db4bdcd14059ca236e899110709481d,5162,,,BACK-MATTER/NOTES/09-Fundamental-Physics-Notes.md,13,UNIQUE_DIRECTORY_PAGE_RANGE,UNREFERENCED_PHYSICAL,PENDING,,,,[],NOT_REVIEWED,NOT_APPLICABLE,[],[],,,,
A000073,L001156,BACK-MATTER/NOTES/_page_1044_Diameter_Six_Network_Row.jpeg,c53fa89aa270829a5d990b56cef4be42f45dffe1daef2efd4fdb0c5a40156419,109189,BACK-MATTER/NOTES/09-Fundamental-Physics-Notes.md,U007086,BACK-MATTER/NOTES/09-Fundamental-Physics-Notes.md,13,LIVE_MARKDOWN_REFERENCE,REFERENCED,PENDING,,,,[],NOT_REVIEWED,NOT_APPLICABLE,[],[],,,,
A000074,L001157,BACK-MATTER/NOTES/_page_1044_Girth_Six_Network_Row.jpeg,0e5fedee979bc65b676da5b2de4ec1eadaea2c0f66ed98f4e4ae1b87e9f930a0,136852,BACK-MATTER/NOTES/09-Fundamental-Physics-Notes.md,U007089,BACK-MATTER/NOTES/09-Fundamental-Physics-Notes.md,13,LIVE_MARKDOWN_REFERENCE,REFERENCED,PENDING,,,,[],NOT_REVIEWED,NOT_APPLICABLE,[],[],,,,
A000075,,BACK-MATTER/NOTES/_page_1044_Picture_10.jpeg,02b9bf8b9c80cc1684090681f25a1ad1c8a4e2fc633029bc095427f069235cbb,1893,,,BACK-MATTER/NOTES/09-Fundamental-Physics-Notes.md,13,UNIQUE_DIRECTORY_PAGE_RANGE,UNREFERENCED_PHYSICAL,PENDING,,,,[],NOT_REVIEWED,NOT_APPLICABLE,[],[],,,,
A000076,,BACK-MATTER/NOTES/_page_1044_Picture_11.jpeg,0741d3e617b593feba36a84a8603c9e8da11368982bc86558844ecd4eb07814e,2786,,,BACK-MATTER/NOTES/09-Fundamental-Physics-Notes.md,13,UNIQUE_DIRECTORY_PAGE_RANGE,UNREFERENCED_PHYSICAL,PENDING,,,,[],NOT_REVIEWED,NOT_APPLICABLE,[],[],,,,
A000077,,BACK-MATTER/NOTES/_page_1044_Picture_12.jpeg,2c9f9bd9e27227aea56355ae29d048da465fdb154d2173cddcf907b62a7460a1,2582,,,BACK-MATTER/NOTES/09-Fundamental-Physics-Notes.md,13,UNIQUE_DIRECTORY_PAGE_RANGE,UNREFERENCED_PHYSICAL,PENDING,,,,[],NOT_REVIEWED,NOT_APPLICABLE,[],[],,,,
A000078,,BACK-MATTER/NOTES/_page_1044_Picture_15.jpeg,a4b2f35b13d4f047ff896208e735061ead9e44877956ffd3fbffac50d0476977,1729,,,BACK-MATTER/NOTES/09-Fundamental-Physics-Notes.md,13,UNIQUE_DIRECTORY_PAGE_RANGE,UNREFERENCED_PHYSICAL,PENDING,,,,[],NOT_REVIEWED,NOT_APPLICABLE,[],[],,,,
A000079,,BACK-MATTER/NOTES/_page_1044_Picture_16.jpeg,18fb3f44746f08d1107285bc58198792bf3ec29a87dda48964bc1041dac9011c,2320,,,BACK-MATTER/NOTES/09-Fundamental-Physics-Notes.md,13,UNIQUE_DIRECTORY_PAGE_RANGE,UNREFERENCED_PHYSICAL,PENDING,,,,[],NOT_REVIEWED,NOT_APPLICABLE,[],[],,,,
A000080,,BACK-MATTER/NOTES/_page_1044_Picture_17.jpeg,29df5d9c617fabd2a184275d6dd889e7653421271030f16f49acbd2bebb6e6b3,2472,,,BACK-MATTER/NOTES/09-Fundamental-Physics-Notes.md,13,UNIQUE_DIRECTORY_PAGE_RANGE,UNREFERENCED_PHYSICAL,PENDING,,,,[],NOT_REVIEWED,NOT_APPLICABLE,[],[],,,,
A000081,,BACK-MATTER/NOTES/_page_1044_Picture_18.jpeg,cfb19d894def3910fd85750e4f5614a40e853404966cb6a1e4a660c469ec2867,2715,,,BACK-MATTER/NOTES/09-Fundamental-Physics-Notes.md,13,UNIQUE_DIRECTORY_PAGE_RANGE,UNREFERENCED_PHYSICAL,PENDING,,,,[],NOT_REVIEWED,NOT_APPLICABLE,[],[],,,,
A000082,,BACK-MATTER/NOTES/_page_1044_Picture_19.jpeg,8b1a7b94af2869916e24ec1d4a6908e2894c9462a5913cc3c397b6fae262610f,3318,,,BACK-MATTER/NOTES/09-Fundamental-Physics-Notes.md,13,UNIQUE_DIRECTORY_PAGE_RANGE,UNREFERENCED_PHYSICAL,PENDING,,,,[],NOT_REVIEWED,NOT_APPLICABLE,[],[],,,,
A000083,,BACK-MATTER/NOTES/_page_1044_Picture_20.jpeg,63406cf45e03f15225723f95b436fe9a73eb0f7a6b110b529592c21a190d7ba8,3034,,,BACK-MATTER/NOTES/09-Fundamental-Physics-Notes.md,13,UNIQUE_DIRECTORY_PAGE_RANGE,UNREFERENCED_PHYSICAL,PENDING,,,,[],NOT_REVIEWED,NOT_APPLICABLE,[],[],,,,
A000084,,BACK-MATTER/NOTES/_page_1044_Picture_8.jpeg,23aefb2d8611251cf2862475e8c3db928fcb840f4cd0548c0574057d313d99ee,3319,,,BACK-MATTER/NOTES/09-Fundamental-Physics-Notes.md,13,UNIQUE_DIRECTORY_PAGE_RANGE,UNREFERENCED_PHYSICAL,PENDING,,,,[],NOT_REVIEWED,NOT_APPLICABLE,[],[],,,,
A000085,,BACK-MATTER/NOTES/_page_1044_Picture_9.jpeg,702586885f0bd6f4656c70e485343e0b5d0595310a4e17988489d6e0764f7836,2060,,,BACK-MATTER/NOTES/09-Fundamental-Physics-Notes.md,13,UNIQUE_DIRECTORY_PAGE_RANGE,UNREFERENCED_PHYSICAL,PENDING,,,,[],NOT_REVIEWED,NOT_APPLICABLE,[],[],,,,
A000086,L001158,BACK-MATTER/NOTES/_page_1047_Picture_11.jpeg,6741bdbfbc784f0428517083d681feec8b0abbee46151676b051584211d91c73,24424,BACK-MATTER/NOTES/09-Fundamental-Physics-Notes.md,U007118,BACK-MATTER/NOTES/09-Fundamental-Physics-Notes.md,13,LIVE_MARKDOWN_REFERENCE,REFERENCED,PENDING,,,,[],NOT_REVIEWED,NOT_APPLICABLE,[],[],,,,
A000087,L001161,BACK-MATTER/NOTES/_page_1049_Additive_Rules_Three_Column_Group.jpeg,adfe24ec7c77a8eae3633e3c94e31e2847ec6d3bdbadfe4e4e6a337a9d91fb70,355657,BACK-MATTER/NOTES/09-Fundamental-Physics-Notes.md,U007146,BACK-MATTER/NOTES/09-Fundamental-Physics-Notes.md,13,LIVE_MARKDOWN_REFERENCE,REFERENCED,PENDING,,,,[],NOT_REVIEWED,NOT_APPLICABLE,[],[],,,,
A000088,L001162,BACK-MATTER/NOTES/_page_1049_Figure_14.jpeg,5aa9dde5f6abba47cfebda473d1b93e8d2d9bacc0e0439096ec356c402f0f016,1718908,BACK-MATTER/NOTES/09-Fundamental-Physics-Notes.md,U007148,BACK-MATTER/NOTES/09-Fundamental-Physics-Notes.md,13,LIVE_MARKDOWN_REFERENCE,REFERENCED,PENDING,,,,[],NOT_REVIEWED,NOT_APPLICABLE,[],[],,,,
A000089,,BACK-MATTER/NOTES/_page_1049_Picture_11.jpeg,de84fa611cc3e0f63525d98bd76aa3acef971682529e3d4abcefa03fa012bfc3,16248,,,BACK-MATTER/NOTES/09-Fundamental-Physics-Notes.md,13,UNIQUE_DIRECTORY_PAGE_RANGE,UNREFERENCED_PHYSICAL,PENDING,,,,[],NOT_REVIEWED,NOT_APPLICABLE,[],[],,,,
A000090,,BACK-MATTER/NOTES/_page_1049_Picture_12.jpeg,88d6ff3896c68103c8ac3a93733ada1736861b11a7e9bf4a9ba8b4fa2be51865,9787,,,BACK-MATTER/NOTES/09-Fundamental-Physics-Notes.md,13,UNIQUE_DIRECTORY_PAGE_RANGE,UNREFERENCED_PHYSICAL,PENDING,,,,[],NOT_REVIEWED,NOT_APPLICABLE,[],[],,,,
A000091,L001159,BACK-MATTER/NOTES/_page_1049_Picture_5.jpeg,f109e4b50674bff8f054e83d8c70da6cfdbd767511eb4de2b8eafeb02af63ce1,104351,BACK-MATTER/NOTES/09-Fundamental-Physics-Notes.md,U007142,BACK-MATTER/NOTES/09-Fundamental-Physics-Notes.md,13,LIVE_MARKDOWN_REFERENCE,REFERENCED,PENDING,,,,[],NOT_REVIEWED,NOT_APPLICABLE,[],[],,,,
A000092,,BACK-MATTER/NOTES/_page_1049_Picture_7.jpeg,904e70586a09d98bbc93fc01133903ce466495bc0f94600324b2ffde9e579da0,6969,,,BACK-MATTER/NOTES/09-Fundamental-Physics-Notes.md,13,UNIQUE_DIRECTORY_PAGE_RANGE,UNREFERENCED_PHYSICAL,PENDING,,,,[],NOT_REVIEWED,NOT_APPLICABLE,[],[],,,,
A000093,,BACK-MATTER/NOTES/_page_1049_Picture_8.jpeg,81000119b8b509f4232f37aace2dd46cfe2f2fec4c1bf4376202a03d55f1bb47,8466,,,BACK-MATTER/NOTES/09-Fundamental-Physics-Notes.md,13,UNIQUE_DIRECTORY_PAGE_RANGE,UNREFERENCED_PHYSICAL,PENDING,,,,[],NOT_REVIEWED,NOT_APPLICABLE,[],[],,,,
A000094,,BACK-MATTER/NOTES/_page_1049_Picture_9.jpeg,078101e81a6d21a7c6d0ee2ddd4a5d0132595fcea71ccd659fb31baf3a5ff228,8615,,,BACK-MATTER/NOTES/09-Fundamental-Physics-Notes.md,13,UNIQUE_DIRECTORY_PAGE_RANGE,UNREFERENCED_PHYSICAL,PENDING,,,,[],NOT_REVIEWED,NOT_APPLICABLE,[],[],,,,
A000095,L001160,BACK-MATTER/NOTES/_page_1049_Size_Dependent_Rule_60_Three_Panel_Row.jpeg,b52e81f32ca8a0e6e59b65727be15fabf8dbd7d8336905221b9e623b914d906f,227763,BACK-MATTER/NOTES/09-Fundamental-Physics-Notes.md,U007144,BACK-MATTER/NOTES/09-Fundamental-Physics-Notes.md,13,LIVE_MARKDOWN_REFERENCE,REFERENCED,PENDING,,,,[],NOT_REVIEWED,NOT_APPLICABLE,[],[],,,,
A000096,L001164,BACK-MATTER/NOTES/_page_1050_Firing_Squad_Five_Width_Group.jpeg,8c29187f72a99158d383e8bb7ff1e0947d1ab48c9bdb874998a9a407c2e54718,318116,BACK-MATTER/NOTES/09-Fundamental-Physics-Notes.md,U007157,BACK-MATTER/NOTES/09-Fundamental-Physics-Notes.md,13,LIVE_MARKDOWN_REFERENCE,REFERENCED,PENDING,,,,[],NOT_REVIEWED,NOT_APPLICABLE,[],[],,,,
A000097,L001163,BACK-MATTER/NOTES/_page_1050_Intrinsic_Synchronization_Rule_and_Spacetime.jpeg,e6fda40a6ee7f78ffe0431bf9c1510cbe8499adf1c86d4271b8424336e59aeaa,277008,BACK-MATTER/NOTES/09-Fundamental-Physics-Notes.md,U007155,BACK-MATTER/NOTES/09-Fundamental-Physics-Notes.md,13,LIVE_MARKDOWN_REFERENCE,REFERENCED,PENDING,,,,[],NOT_REVIEWED,NOT_APPLICABLE,[],[],,,,
A000098,,BACK-MATTER/NOTES/_page_1050_Picture_12.jpeg,e6a5052e452ccd512bb4f60c2a9d765270ca89bf7a544197deefcaf80bd5bcd8,2592,,,BACK-MATTER/NOTES/09-Fundamental-Physics-Notes.md,13,UNIQUE_DIRECTORY_PAGE_RANGE,UNREFERENCED_PHYSICAL,PENDING,,,,[],NOT_REVIEWED,NOT_APPLICABLE,[],[],,,,
A000099,,BACK-MATTER/NOTES/_page_1050_Picture_13.jpeg,eafc87dda0920e3c95c7c24fefce398cabe4eeb603640304767ae53c6639153a,5027,,,BACK-MATTER/NOTES/09-Fundamental-Physics-Notes.md,13,UNIQUE_DIRECTORY_PAGE_RANGE,UNREFERENCED_PHYSICAL,PENDING,,,,[],NOT_REVIEWED,NOT_APPLICABLE,[],[],,,,
A000100,,BACK-MATTER/NOTES/_page_1050_Picture_14.jpeg,5517b330293b656df99a0fba9b0f23499036281782d4c24e90978b9b7c182360,9218,,,BACK-MATTER/NOTES/09-Fundamental-Physics-Notes.md,13,UNIQUE_DIRECTORY_PAGE_RANGE,UNREFERENCED_PHYSICAL,PENDING,,,,[],NOT_REVIEWED,NOT_APPLICABLE,[],[],,,,
A000101,,BACK-MATTER/NOTES/_page_1050_Picture_15.jpeg,cf5af636914cf4b10c811b522f99f3781351a7feee35aca55aae69330ec9eb20,8036,,,BACK-MATTER/NOTES/09-Fundamental-Physics-Notes.md,13,UNIQUE_DIRECTORY_PAGE_RANGE,UNREFERENCED_PHYSICAL,PENDING,,,,[],NOT_REVIEWED,NOT_APPLICABLE,[],[],,,,
A000102,,BACK-MATTER/NOTES/_page_1050_Picture_8.jpeg,db2b6616bf85773bdfcf30bdc49e701bb32af17de4053d874b8d82d1744816d8,5132,,,BACK-MATTER/NOTES/09-Fundamental-Physics-Notes.md,13,UNIQUE_DIRECTORY_PAGE_RANGE,UNREFERENCED_PHYSICAL,PENDING,,,,[],NOT_REVIEWED,NOT_APPLICABLE,[],[],,,,
A000103,,BACK-MATTER/NOTES/_page_1050_Picture_9.jpeg,a54f776e429ae868f530c1acff80c189050aa5780c296faf67e8c4db0a922d41,24875,,,BACK-MATTER/NOTES/09-Fundamental-Physics-Notes.md,13,UNIQUE_DIRECTORY_PAGE_RANGE,UNREFERENCED_PHYSICAL,PENDING,,,,[],NOT_REVIEWED,NOT_APPLICABLE,[],[],,,,
A000104,,BACK-MATTER/NOTES/_page_1051_Picture_5.jpeg,444f42d8b870a31bf5a71c2daff029269d82a3125940eaa5ad25dd661c3a4e4a,5751,,,BACK-MATTER/NOTES/09-Fundamental-Physics-Notes.md,13,UNIQUE_DIRECTORY_PAGE_RANGE,UNREFERENCED_PHYSICAL,PENDING,,,,[],NOT_REVIEWED,NOT_APPLICABLE,[],[],,,,
A000105,,BACK-MATTER/NOTES/_page_1051_Picture_6.jpeg,01234583629a278aaff75318d991cdd484fcd1f9b3be19bf26ffed572d9f8154,10300,,,BACK-MATTER/NOTES/09-Fundamental-Physics-Notes.md,13,UNIQUE_DIRECTORY_PAGE_RANGE,UNREFERENCED_PHYSICAL,PENDING,,,,[],NOT_REVIEWED,NOT_APPLICABLE,[],[],,,,
A000106,L001165,BACK-MATTER/NOTES/_page_1051_Spacetime_Networks_Three_Panel_Row.jpeg,012ab5e2b7b6392919f924368ef2d46afe5e62b83f573790535478419af6db41,200761,BACK-MATTER/NOTES/09-Fundamental-Physics-Notes.md,U007163,BACK-MATTER/NOTES/09-Fundamental-Physics-Notes.md,13,LIVE_MARKDOWN_REFERENCE,REFERENCED,PENDING,,,,[],NOT_REVIEWED,NOT_APPLICABLE,[],[],,,,
A000107,L001166,BACK-MATTER/NOTES/_page_1052_Confluence_Four_Case_Row.jpeg,763233fbcd08b7285d01228778f42d7b77e798e5f7978b8e7d9582a33b2b4f9c,190818,BACK-MATTER/NOTES/09-Fundamental-Physics-Notes.md,U007171,BACK-MATTER/NOTES/09-Fundamental-Physics-Notes.md,13,LIVE_MARKDOWN_REFERENCE,REFERENCED,PENDING,,,,[],NOT_REVIEWED,NOT_APPLICABLE,[],[],,,,
A000108,L001167,BACK-MATTER/NOTES/_page_1052_Flat_Functions_Three_Case_Row.jpeg,78fb901d6d85fd7b2fad51c63d24d44f4b65a266687ee819ad0f64970f370f58,265213,BACK-MATTER/NOTES/09-Fundamental-Physics-Notes.md,U007174,BACK-MATTER/NOTES/09-Fundamental-Physics-Notes.md,13,LIVE_MARKDOWN_REFERENCE,REFERENCED,PENDING,,,,[],NOT_REVIEWED,NOT_APPLICABLE,[],[],,,,
A000109,,BACK-MATTER/NOTES/_page_1052_Picture_2.jpeg,29efcf61a158f12fc9a951fd0adf6f8cf7143cac9bb8600169c737a87eb4a7d0,10176,,,BACK-MATTER/NOTES/09-Fundamental-Physics-Notes.md,13,UNIQUE_DIRECTORY_PAGE_RANGE,UNREFERENCED_PHYSICAL,PENDING,,,,[],NOT_REVIEWED,NOT_APPLICABLE,[],[],,,,
A000110,,BACK-MATTER/NOTES/_page_1052_Picture_3.jpeg,61f3201e8b2268e8d74cb7f7a83dd67488d6d4d6722c1526d5756679ff2f00cd,6258,,,BACK-MATTER/NOTES/09-Fundamental-Physics-Notes.md,13,UNIQUE_DIRECTORY_PAGE_RANGE,UNREFERENCED_PHYSICAL,PENDING,,,,[],NOT_REVIEWED,NOT_APPLICABLE,[],[],,,,
A000111,,BACK-MATTER/NOTES/_page_1052_Picture_4.jpeg,7425a96fe2b9f234c227c1c9cd7ae8b5c90d052e19bc6e23628e9b5a235865df,9956,,,BACK-MATTER/NOTES/09-Fundamental-Physics-Notes.md,13,UNIQUE_DIRECTORY_PAGE_RANGE,UNREFERENCED_PHYSICAL,PENDING,,,,[],NOT_REVIEWED,NOT_APPLICABLE,[],[],,,,
A000112,,BACK-MATTER/NOTES/_page_1052_Picture_7.jpeg,816c60eba79cdfffa57b0bcfbe705631415280bd0c9afb11ae1fc2ce1c43a89b,6669,,,BACK-MATTER/NOTES/09-Fundamental-Physics-Notes.md,13,UNIQUE_DIRECTORY_PAGE_RANGE,UNREFERENCED_PHYSICAL,PENDING,,,,[],NOT_REVIEWED,NOT_APPLICABLE,[],[],,,,
A000113,,BACK-MATTER/NOTES/_page_1052_Picture_8.jpeg,91b4f1662b099296dac1d67df2ab92d2e90731f8292b48359f3e6ab65cfa6c2c,6072,,,BACK-MATTER/NOTES/09-Fundamental-Physics-Notes.md,13,UNIQUE_DIRECTORY_PAGE_RANGE,UNREFERENCED_PHYSICAL,PENDING,,,,[],NOT_REVIEWED,NOT_APPLICABLE,[],[],,,,
A000114,,BACK-MATTER/NOTES/_page_1052_Picture_9.jpeg,ae983570dbc21cf2e56c8c286d82fa0ff7b6aa2d5026182d87c2c3fcdd9d523f,11590,,,BACK-MATTER/NOTES/09-Fundamental-Physics-Notes.md,13,UNIQUE_DIRECTORY_PAGE_RANGE,UNREFERENCED_PHYSICAL,PENDING,,,,[],NOT_REVIEWED,NOT_APPLICABLE,[],[],,,,
A000115,L001168,BACK-MATTER/NOTES/_page_1053_Neighbor_Independent_Update_Rule.jpeg,6b1a22b7ec267cbd50d15270492a5fa0f3ed15d9c084292bf8f3c22147ea600f,47434,BACK-MATTER/NOTES/09-Fundamental-Physics-Notes.md,U007184,BACK-MATTER/NOTES/09-Fundamental-Physics-Notes.md,13,LIVE_MARKDOWN_REFERENCE,REFERENCED,PENDING,,,,[],NOT_REVIEWED,NOT_APPLICABLE,[],[],,,,
A000116,L001169,BACK-MATTER/NOTES/_page_1053_Picture_14.jpeg,bee77e1095d1aad555c6d3c247070e141c776a8d4178ff72b1c7f5342e7d31e7,6421,BACK-MATTER/NOTES/09-Fundamental-Physics-Notes.md,U007191,BACK-MATTER/NOTES/09-Fundamental-Physics-Notes.md,13,LIVE_MARKDOWN_REFERENCE,REFERENCED,PENDING,,,,[],NOT_REVIEWED,NOT_APPLICABLE,[],[],,,,
A000117,L001170,BACK-MATTER/NOTES/_page_1053_Picture_16.jpeg,7f6861e955d5837a0fafd4b3588b1d1654cc06771ab77f19ecba083a86d04be6,104287,BACK-MATTER/NOTES/09-Fundamental-Physics-Notes.md,U007193,BACK-MATTER/NOTES/09-Fundamental-Physics-Notes.md,13,LIVE_MARKDOWN_REFERENCE,REFERENCED,PENDING,,,,[],NOT_REVIEWED,NOT_APPLICABLE,[],[],,,,
A000118,L001171,BACK-MATTER/NOTES/_page_1054_Figure_3.jpeg,4146c4233c1722c347d9c16e5de2bd1d368ffd8a456b6e7b8a32dae7f550148b,839127,BACK-MATTER/NOTES/09-Fundamental-Physics-Notes.md,U007198,BACK-MATTER/NOTES/09-Fundamental-Physics-Notes.md,13,LIVE_MARKDOWN_REFERENCE,REFERENCED,PENDING,,,,[],NOT_REVIEWED,NOT_APPLICABLE,[],[],,,,
A000119,L001172,BACK-MATTER/NOTES/_page_1054_Overlapping_Clusters_Three_Example_Group.jpeg,880e1e3f22525cf332a659fae1d45ab94dd8541269d4ad94440a86b1f4e5edc3,97406,BACK-MATTER/NOTES/09-Fundamental-Physics-Notes.md,U007204,BACK-MATTER/NOTES/09-Fundamental-Physics-Notes.md,13,LIVE_MARKDOWN_REFERENCE,REFERENCED,PENDING,,,,[],NOT_REVIEWED,NOT_APPLICABLE,[],[],,,,
A000120,,BACK-MATTER/NOTES/_page_1054_Picture_11.jpeg,f4e7735de8e5d455e2a929abdc294c9a1798f30627bcbe54845b123500f1f598,3633,,,BACK-MATTER/NOTES/09-Fundamental-Physics-Notes.md,13,UNIQUE_DIRECTORY_PAGE_RANGE,UNREFERENCED_PHYSICAL,PENDING,,,,[],NOT_REVIEWED,NOT_APPLICABLE,[],[],,,,
A000121,,BACK-MATTER/NOTES/_page_1054_Picture_12.jpeg,5c3a66a551af852a2d1730921eab3b54ea4769076b55f16842806b9e56d4fa42,6515,,,BACK-MATTER/NOTES/09-Fundamental-Physics-Notes.md,13,UNIQUE_DIRECTORY_PAGE_RANGE,UNREFERENCED_PHYSICAL,PENDING,,,,[],NOT_REVIEWED,NOT_APPLICABLE,[],[],,,,
A000122,,BACK-MATTER/NOTES/_page_1054_Picture_13.jpeg,1d8a10a1e68bed87144e4f69d1b6fb5069c33cb0eb25a88e939cc87c2b204baa,3133,,,BACK-MATTER/NOTES/09-Fundamental-Physics-Notes.md,13,UNIQUE_DIRECTORY_PAGE_RANGE,UNREFERENCED_PHYSICAL,PENDING,,,,[],NOT_REVIEWED,NOT_APPLICABLE,[],[],,,,
A000123,L001174,BACK-MATTER/NOTES/_page_1055_Picture_12.jpeg,6940b10e443adb63a37926711f40de5f18de958f4f3c6f5741fb6c20120e1a9b,10744,BACK-MATTER/NOTES/09-Fundamental-Physics-Notes.md,U007213,BACK-MATTER/NOTES/09-Fundamental-Physics-Notes.md,13,LIVE_MARKDOWN_REFERENCE,REFERENCED,PENDING,,,,[],NOT_REVIEWED,NOT_APPLICABLE,[],[],,,,
A000124,L001173,BACK-MATTER/NOTES/_page_1055_Picture_8.jpeg,6a8cdcea55731653858d6f9bbe7ba64762a32126619d72acf7d3a1131c4b3922,19776,BACK-MATTER/NOTES/09-Fundamental-Physics-Notes.md,U007209,BACK-MATTER/NOTES/09-Fundamental-Physics-Notes.md,13,LIVE_MARKDOWN_REFERENCE,REFERENCED,PENDING,,,,[],NOT_REVIEWED,NOT_APPLICABLE,[],[],,,,
A000125,L001175,BACK-MATTER/NOTES/_page_1056_Picture_5.jpeg,ffb15268462820a8f658d2d7717337f415b5023a0e8dab7accf89c0ac800698f,17299,BACK-MATTER/NOTES/09-Fundamental-Physics-Notes.md,U007218,BACK-MATTER/NOTES/09-Fundamental-Physics-Notes.md,13,LIVE_MARKDOWN_REFERENCE,REFERENCED,PENDING,,,,[],NOT_REVIEWED,NOT_APPLICABLE,[],[],,,,
A000126,L001176,BACK-MATTER/NOTES/_page_1057_Figure_6.jpeg,985a73ef1b47eea467d995270af68963958e541db497e4d1e3b1cb70ef5460c8,49665,BACK-MATTER/NOTES/09-Fundamental-Physics-Notes.md,U007224,BACK-MATTER/NOTES/09-Fundamental-Physics-Notes.md,13,LIVE_MARKDOWN_REFERENCE,REFERENCED,PENDING,,,,[],NOT_REVIEWED,NOT_APPLICABLE,[],[],,,,
A000127,L001177,BACK-MATTER/NOTES/_page_1061_Picture_3.jpeg,73b7168394acb90042744b455f2b49f12a77be4da4e9d8a96a9b32fd37a0d314,16380,BACK-MATTER/NOTES/09-Fundamental-Physics-Notes.md,U007242,BACK-MATTER/NOTES/09-Fundamental-Physics-Notes.md,13,LIVE_MARKDOWN_REFERENCE,REFERENCED,PENDING,,,,[],NOT_REVIEWED,NOT_APPLICABLE,[],[],,,,
A000128,,BACK-MATTER/NOTES/_page_1064_Picture_13.jpeg,bb1cd38683da1179a72dafdea478af553782fea6cb7dfe1d750f692621b69546,2917,,,BACK-MATTER/NOTES/09-Fundamental-Physics-Notes.md,13,UNIQUE_DIRECTORY_PAGE_RANGE,UNREFERENCED_PHYSICAL,PENDING,,,,[],NOT_REVIEWED,NOT_APPLICABLE,[],[],,,,
A000129,,BACK-MATTER/NOTES/_page_1064_Picture_14.jpeg,ff8d30c4c55e941cb719f176720224a3156b9e807676c73b6f653b0dc6265e9b,3517,,,BACK-MATTER/NOTES/09-Fundamental-Physics-Notes.md,13,UNIQUE_DIRECTORY_PAGE_RANGE,UNREFERENCED_PHYSICAL,PENDING,,,,[],NOT_REVIEWED,NOT_APPLICABLE,[],[],,,,
A000130,,BACK-MATTER/NOTES/_page_1064_Picture_15.jpeg,87b99eeaca514366f51fe75a9235b33f9b7d713851d9ff76a2c90ee9f7e7049b,3987,,,BACK-MATTER/NOTES/09-Fundamental-Physics-Notes.md,13,UNIQUE_DIRECTORY_PAGE_RANGE,UNREFERENCED_PHYSICAL,PENDING,,,,[],NOT_REVIEWED,NOT_APPLICABLE,[],[],,,,
A000131,,BACK-MATTER/NOTES/_page_1064_Picture_16.jpeg,929b6848132893b075221b124570ce7756145c504b5903426fdf9e2475f623be,4126,,,BACK-MATTER/NOTES/09-Fundamental-Physics-Notes.md,13,UNIQUE_DIRECTORY_PAGE_RANGE,UNREFERENCED_PHYSICAL,PENDING,,,,[],NOT_REVIEWED,NOT_APPLICABLE,[],[],,,,
A000132,,BACK-MATTER/NOTES/_page_1064_Picture_17.jpeg,7daf7b1a2c86dcfc3c0b3dded59f3a7ecbd6345bb2be8c9baea5f88fdc8aff8e,4389,,,BACK-MATTER/NOTES/09-Fundamental-Physics-Notes.md,13,UNIQUE_DIRECTORY_PAGE_RANGE,UNREFERENCED_PHYSICAL,PENDING,,,,[],NOT_REVIEWED,NOT_APPLICABLE,[],[],,,,
A000133,L001178,BACK-MATTER/NOTES/_page_1064_Spherical_Networks_Five_Panel_Row.jpeg,184a4d948c495ee258dcb74dfc993a9827f6607655fbb9a79a4007d2b1551b3f,219677,BACK-MATTER/NOTES/09-Fundamental-Physics-Notes.md,U007269,BACK-MATTER/NOTES/09-Fundamental-Physics-Notes.md,13,LIVE_MARKDOWN_REFERENCE,REFERENCED,PENDING,,,,[],NOT_REVIEWED,NOT_APPLICABLE,[],[],,,,
A000134,L001179,BACK-MATTER/NOTES/_page_1065_Hyperbolic_Networks_Four_Panel_Row.jpeg,48026580f07e08478f65540d5c1e1b740708c746941c644749ae3f5ad7f7d493,215522,BACK-MATTER/NOTES/09-Fundamental-Physics-Notes.md,U007272,BACK-MATTER/NOTES/09-Fundamental-Physics-Notes.md,13,LIVE_MARKDOWN_REFERENCE,REFERENCED,PENDING,,,,[],NOT_REVIEWED,NOT_APPLICABLE,[],[],,,,
A000135,,BACK-MATTER/NOTES/_page_1065_Picture_2.jpeg,0771456ee14bf02451b8982f169499ca676893d00dda7e7445d2519a4d71d5a0,5117,,,BACK-MATTER/NOTES/09-Fundamental-Physics-Notes.md,13,UNIQUE_DIRECTORY_PAGE_RANGE,UNREFERENCED_PHYSICAL,PENDING,,,,[],NOT_REVIEWED,NOT_APPLICABLE,[],[],,,,
A000136,,BACK-MATTER/NOTES/_page_1065_Picture_3.jpeg,e686b3389b3b58c458fe8d8ea55db44e663afa302df8bfb64ca4d4661140fa7c,5111,,,BACK-MATTER/NOTES/09-Fundamental-Physics-Notes.md,13,UNIQUE_DIRECTORY_PAGE_RANGE,UNREFERENCED_PHYSICAL,PENDING,,,,[],NOT_REVIEWED,NOT_APPLICABLE,[],[],,,,
A000137,,BACK-MATTER/NOTES/_page_1065_Picture_4.jpeg,bdd9b35eaa483631b92c45f4819591be1467b06fa41299916ef2ff406a5cdd41,4806,,,BACK-MATTER/NOTES/09-Fundamental-Physics-Notes.md,13,UNIQUE_DIRECTORY_PAGE_RANGE,UNREFERENCED_PHYSICAL,PENDING,,,,[],NOT_REVIEWED,NOT_APPLICABLE,[],[],,,,
A000138,,BACK-MATTER/NOTES/_page_1065_Picture_5.jpeg,742e31f23dfa2fc4e4aa878fb9351bc735292754f4a5dbcc9638bf3957e7b458,4706,,,BACK-MATTER/NOTES/09-Fundamental-Physics-Notes.md,13,UNIQUE_DIRECTORY_PAGE_RANGE,UNREFERENCED_PHYSICAL,PENDING,,,,[],NOT_REVIEWED,NOT_APPLICABLE,[],[],,,,
A000139,,BACK-MATTER/NOTES/_page_1067_Picture_6.jpeg,18bdf728860b3a2566bcfef7af9119d3f175131ef2ce5c0553abda8ae89b60b9,5162,,,BACK-MATTER/NOTES/09-Fundamental-Physics-Notes.md,13,UNIQUE_DIRECTORY_PAGE_RANGE,UNREFERENCED_PHYSICAL,PENDING,,,,[],NOT_REVIEWED,NOT_APPLICABLE,[],[],,,,
A000140,,BACK-MATTER/NOTES/_page_1067_Picture_7.jpeg,b74eca08ad647e53a27bc12f84f06fe701b743721f6ebea26777048913621a0f,6612,,,BACK-MATTER/NOTES/09-Fundamental-Physics-Notes.md,13,UNIQUE_DIRECTORY_PAGE_RANGE,UNREFERENCED_PHYSICAL,PENDING,,,,[],NOT_REVIEWED,NOT_APPLICABLE,[],[],,,,
A000141,,BACK-MATTER/NOTES/_page_1067_Picture_8.jpeg,7bccce4aa35c448698e191e036cc3ad5f0687ce1b07ebf34bbb797c446d8b93b,10752,,,BACK-MATTER/NOTES/09-Fundamental-Physics-Notes.md,13,UNIQUE_DIRECTORY_PAGE_RANGE,UNREFERENCED_PHYSICAL,PENDING,,,,[],NOT_REVIEWED,NOT_APPLICABLE,[],[],,,,
A000142,L001180,BACK-MATTER/NOTES/_page_1067_Random_Event_Causal_Networks_Three_Panel_Row.jpeg,f7e5fbe9c292374cb20c99acec8bf4020f399232004dfe002b426f9a8d2e33f3,270735,BACK-MATTER/NOTES/09-Fundamental-Physics-Notes.md,U007296,BACK-MATTER/NOTES/09-Fundamental-Physics-Notes.md,13,LIVE_MARKDOWN_REFERENCE,REFERENCED,PENDING,,,,[],NOT_REVIEWED,NOT_APPLICABLE,[],[],,,,
A000143,L001181,BACK-MATTER/NOTES/_page_1070_Figure_3.jpeg,d19e4dce86e1a53ff83ff6ec174700a65d8dc694305f2cb8323640beec6f5682,10807,BACK-MATTER/NOTES/09-Fundamental-Physics-Notes.md,U007318,BACK-MATTER/NOTES/09-Fundamental-Physics-Notes.md,13,LIVE_MARKDOWN_REFERENCE,REFERENCED,PENDING,,,,[],NOT_REVIEWED,NOT_APPLICABLE,[],[],,,,
A000144,L001182,BACK-MATTER/NOTES/_page_1075_Picture_3.jpeg,2abb1adb633919a13091fd89fb2598011eb7d6344de7ebc249b6d041632a16ed,15585,BACK-MATTER/NOTES/09-Fundamental-Physics-Notes.md,U007362,BACK-MATTER/NOTES/09-Fundamental-Physics-Notes.md,13,LIVE_MARKDOWN_REFERENCE,REFERENCED,PENDING,,,,[],NOT_REVIEWED,NOT_APPLICABLE,[],[],,,,
A000145,L001183,BACK-MATTER/NOTES/_page_1075_Picture_7.jpeg,e13a2f4cabd253e86bd32b32b211235e07b92557c84dcaef59d4fc14add2b5b7,21154,BACK-MATTER/NOTES/09-Fundamental-Physics-Notes.md,U007365,BACK-MATTER/NOTES/09-Fundamental-Physics-Notes.md,13,LIVE_MARKDOWN_REFERENCE,REFERENCED,PENDING,,,,[],NOT_REVIEWED,NOT_APPLICABLE,[],[],,,,
A000146,L001184,BACK-MATTER/NOTES/_page_1083_Figure_4.jpeg,47eafee7137ae0a1dddadaa48630cfd88eab3eb4bc21b8bb92633c273cb5b75b,26931,BACK-MATTER/NOTES/10-Processes-of-Perception-and-Analysis-Notes.md,U007407,BACK-MATTER/NOTES/10-Processes-of-Perception-and-Analysis-Notes.md,14,LIVE_MARKDOWN_REFERENCE,REFERENCED,PENDING,,,,[],NOT_REVIEWED,NOT_APPLICABLE,[],[],,,,
A000147,L001185,BACK-MATTER/NOTES/_page_1085_Figure_16.jpeg,23d4a862a4d99266f778a28c18acce5b8c10f828a3d517799542091a2ff5c9fd,11809,BACK-MATTER/NOTES/10-Processes-of-Perception-and-Analysis-Notes.md,U007427,BACK-MATTER/NOTES/10-Processes-of-Perception-and-Analysis-Notes.md,14,LIVE_MARKDOWN_REFERENCE,REFERENCED,PENDING,,,,[],NOT_REVIEWED,NOT_APPLICABLE,[],[],,,,
A000148,L001186,BACK-MATTER/NOTES/_page_1085_Picture_18.jpeg,93b9a5e9478a8757c6c8dc5ac9f0fa5974eeaad0e8bdd14ab89a29053cbb1317,12491,BACK-MATTER/NOTES/10-Processes-of-Perception-and-Analysis-Notes.md,U007429,BACK-MATTER/NOTES/10-Processes-of-Perception-and-Analysis-Notes.md,14,LIVE_MARKDOWN_REFERENCE,REFERENCED,PENDING,,,,[],NOT_REVIEWED,NOT_APPLICABLE,[],[],,,,
A000149,L001188,BACK-MATTER/NOTES/_page_1087_2D_Run_Length_Two_Panel_Row.jpeg,03bce44926b187f56feab31a76aec3c65da191cf0a21d9997cd6332abce2aa5c,263238,BACK-MATTER/NOTES/10-Processes-of-Perception-and-Analysis-Notes.md,U007457,BACK-MATTER/NOTES/10-Processes-of-Perception-and-Analysis-Notes.md,14,LIVE_MARKDOWN_REFERENCE,REFERENCED,PENDING,,,,[],NOT_REVIEWED,NOT_APPLICABLE,[],[],,,,
A000150,L001189,BACK-MATTER/NOTES/_page_1087_Figure_27.jpeg,a24ceee133095898562e47a08acc3e24fe8b20ea4798bc4290c3d605822e244d,34184,BACK-MATTER/NOTES/10-Processes-of-Perception-and-Analysis-Notes.md,U007465,BACK-MATTER/NOTES/10-Processes-of-Perception-and-Analysis-Notes.md,14,LIVE_MARKDOWN_REFERENCE,REFERENCED,PENDING,,,,[],NOT_REVIEWED,NOT_APPLICABLE,[],[],,,,
A000151,,BACK-MATTER/NOTES/_page_1087_Picture_10.jpeg,d951e0f252f308a09e11d9998aef141faf04d1d251d4fb5e8b68ca2707bea672,4380,,,BACK-MATTER/NOTES/10-Processes-of-Perception-and-Analysis-Notes.md,14,UNIQUE_DIRECTORY_PAGE_RANGE,UNREFERENCED_PHYSICAL,PENDING,,,,[],NOT_REVIEWED,NOT_APPLICABLE,[],[],,,,
A000152,,BACK-MATTER/NOTES/_page_1087_Picture_17.jpeg,a16f337bebcdc659ab4903825afe27e1137c6276b8b74cfe975860e3118560eb,11506,,,BACK-MATTER/NOTES/10-Processes-of-Perception-and-Analysis-Notes.md,14,UNIQUE_DIRECTORY_PAGE_RANGE,UNREFERENCED_PHYSICAL,PENDING,,,,[],NOT_REVIEWED,NOT_APPLICABLE,[],[],,,,
A000153,,BACK-MATTER/NOTES/_page_1087_Picture_18.jpeg,53e07c6ae6fb342d292f12f66b8fdbad9282157be635cf1ad941cded57c2edcb,13135,,,BACK-MATTER/NOTES/10-Processes-of-Perception-and-Analysis-Notes.md,14,UNIQUE_DIRECTORY_PAGE_RANGE,UNREFERENCED_PHYSICAL,PENDING,,,,[],NOT_REVIEWED,NOT_APPLICABLE,[],[],,,,
A000154,,BACK-MATTER/NOTES/_page_1087_Picture_5.jpeg,9dbd3668b94d1a7d2bdc7c08df0ece4b8af9cb9fce3c61be368158a20dfab080,3945,,,BACK-MATTER/NOTES/10-Processes-of-Perception-and-Analysis-Notes.md,14,UNIQUE_DIRECTORY_PAGE_RANGE,UNREFERENCED_PHYSICAL,PENDING,,,,[],NOT_REVIEWED,NOT_APPLICABLE,[],[],,,,
A000155,,BACK-MATTER/NOTES/_page_1087_Picture_6.jpeg,602f5426ca77aadd2ce750256765e7d3971d3669575c9d21de1a6325504176d5,3790,,,BACK-MATTER/NOTES/10-Processes-of-Perception-and-Analysis-Notes.md,14,UNIQUE_DIRECTORY_PAGE_RANGE,UNREFERENCED_PHYSICAL,PENDING,,,,[],NOT_REVIEWED,NOT_APPLICABLE,[],[],,,,
A000156,,BACK-MATTER/NOTES/_page_1087_Picture_7.jpeg,05849140f616cc7016d69cd568dfbf1075db7c7d3f29443bfd0acd9e31a150bf,3831,,,BACK-MATTER/NOTES/10-Processes-of-Perception-and-Analysis-Notes.md,14,UNIQUE_DIRECTORY_PAGE_RANGE,UNREFERENCED_PHYSICAL,PENDING,,,,[],NOT_REVIEWED,NOT_APPLICABLE,[],[],,,,
A000157,,BACK-MATTER/NOTES/_page_1087_Picture_8.jpeg,279b98bcc7ffaea60468df74243a6474d2a3851056f351d6a659634e739e9b00,4128,,,BACK-MATTER/NOTES/10-Processes-of-Perception-and-Analysis-Notes.md,14,UNIQUE_DIRECTORY_PAGE_RANGE,UNREFERENCED_PHYSICAL,PENDING,,,,[],NOT_REVIEWED,NOT_APPLICABLE,[],[],,,,
A000158,,BACK-MATTER/NOTES/_page_1087_Picture_9.jpeg,6b14b0572967e6d7d52bb228109d180a75cad8f8ea672539373f05a1136b5a8d,4261,,,BACK-MATTER/NOTES/10-Processes-of-Perception-and-Analysis-Notes.md,14,UNIQUE_DIRECTORY_PAGE_RANGE,UNREFERENCED_PHYSICAL,PENDING,,,,[],NOT_REVIEWED,NOT_APPLICABLE,[],[],,,,
A000159,L001187,BACK-MATTER/NOTES/_page_1087_Repeat_Probability_Six_Panel_Row.jpeg,f9123d99186be378de8883ba125a5ac5dde16bdb957a125ae49f24836bb963a6,200021,BACK-MATTER/NOTES/10-Processes-of-Perception-and-Analysis-Notes.md,U007451,BACK-MATTER/NOTES/10-Processes-of-Perception-and-Analysis-Notes.md,14,LIVE_MARKDOWN_REFERENCE,REFERENCED,PENDING,,,,[],NOT_REVIEWED,NOT_APPLICABLE,[],[],,,,
A000160,L001191,BACK-MATTER/NOTES/_page_1088_Hadamard_Construction_Five_Stage_Row.jpeg,f4a995a42c3b1778d3b4f68395df3e5c3ead70a7021d6b13ae0a22e5eea05c4b,194620,BACK-MATTER/NOTES/10-Processes-of-Perception-and-Analysis-Notes.md,U007472,BACK-MATTER/NOTES/10-Processes-of-Perception-and-Analysis-Notes.md,14,LIVE_MARKDOWN_REFERENCE,REFERENCED,PENDING,,,,[],NOT_REVIEWED,NOT_APPLICABLE,[],[],,,,
A000161,,BACK-MATTER/NOTES/_page_1088_Picture_11.jpeg,017cf1f693abcafb18613cc6ba9bb407222be911860115b2af25514094ec5031,1939,,,BACK-MATTER/NOTES/10-Processes-of-Perception-and-Analysis-Notes.md,14,UNIQUE_DIRECTORY_PAGE_RANGE,UNREFERENCED_PHYSICAL,PENDING,,,,[],NOT_REVIEWED,NOT_APPLICABLE,[],[],,,,
A000162,,BACK-MATTER/NOTES/_page_1088_Picture_12.jpeg,b8f0b29932b58cb1b6d71d89beae90ffefc67ed6da065aee5d280ac8776a45a7,2716,,,BACK-MATTER/NOTES/10-Processes-of-Perception-and-Analysis-Notes.md,14,UNIQUE_DIRECTORY_PAGE_RANGE,UNREFERENCED_PHYSICAL,PENDING,,,,[],NOT_REVIEWED,NOT_APPLICABLE,[],[],,,,
A000163,,BACK-MATTER/NOTES/_page_1088_Picture_13.jpeg,27a4888b42f1f3dbfe5bc5db7156da4e37ea931e30407aab6fe5eee333e60dd0,3244,,,BACK-MATTER/NOTES/10-Processes-of-Perception-and-Analysis-Notes.md,14,UNIQUE_DIRECTORY_PAGE_RANGE,UNREFERENCED_PHYSICAL,PENDING,,,,[],NOT_REVIEWED,NOT_APPLICABLE,[],[],,,,
A000164,,BACK-MATTER/NOTES/_page_1088_Picture_14.jpeg,06f0d2770eda8de96ffa840246255508ab8f3c42190f7cc8302c5e13a1c68f7d,4859,,,BACK-MATTER/NOTES/10-Processes-of-Perception-and-Analysis-Notes.md,14,UNIQUE_DIRECTORY_PAGE_RANGE,UNREFERENCED_PHYSICAL,PENDING,,,,[],NOT_REVIEWED,NOT_APPLICABLE,[],[],,,,
A000165,,BACK-MATTER/NOTES/_page_1088_Picture_15.jpeg,43b14aa76ce606f36bd331f3087fcee23d450d8043a0b293feb7c0b7eed11b5b,5313,,,BACK-MATTER/NOTES/10-Processes-of-Perception-and-Analysis-Notes.md,14,UNIQUE_DIRECTORY_PAGE_RANGE,UNREFERENCED_PHYSICAL,PENDING,,,,[],NOT_REVIEWED,NOT_APPLICABLE,[],[],,,,
A000166,L001192,BACK-MATTER/NOTES/_page_1088_Picture_26.jpeg,6dd99ec92ede1d01495f4ef78b339535f2937b8a8acb504e723ecd950a80fc62,22299,BACK-MATTER/NOTES/10-Processes-of-Perception-and-Analysis-Notes.md,U007483,BACK-MATTER/NOTES/10-Processes-of-Perception-and-Analysis-Notes.md,14,LIVE_MARKDOWN_REFERENCE,REFERENCED,PENDING,,,,[],NOT_REVIEWED,NOT_APPLICABLE,[],[],,,,
A000167,,BACK-MATTER/NOTES/_page_1088_Picture_3.jpeg,f1ad50718a3afc30bc4b570e5c73acbdf705e83307586a60bc036091714cf9fd,12110,,,BACK-MATTER/NOTES/10-Processes-of-Perception-and-Analysis-Notes.md,14,UNIQUE_DIRECTORY_PAGE_RANGE,UNREFERENCED_PHYSICAL,PENDING,,,,[],NOT_REVIEWED,NOT_APPLICABLE,[],[],,,,
A000168,L001193,BACK-MATTER/NOTES/_page_1088_Picture_31.jpeg,71fb5857ec5c412e5d008bc321c19126243840e0935607f572518a4e8923ac19,19025,BACK-MATTER/NOTES/10-Processes-of-Perception-and-Analysis-Notes.md,U007488,BACK-MATTER/NOTES/10-Processes-of-Perception-and-Analysis-Notes.md,14,LIVE_MARKDOWN_REFERENCE,REFERENCED,PENDING,,,,[],NOT_REVIEWED,NOT_APPLICABLE,[],[],,,,
A000169,,BACK-MATTER/NOTES/_page_1088_Picture_4.jpeg,51d4c6ed5e5d26bf83398b3b6ca97a337a93e7b2f095c4ad64394dda4f6adfe2,15366,,,BACK-MATTER/NOTES/10-Processes-of-Perception-and-Analysis-Notes.md,14,UNIQUE_DIRECTORY_PAGE_RANGE,UNREFERENCED_PHYSICAL,PENDING,,,,[],NOT_REVIEWED,NOT_APPLICABLE,[],[],,,,
A000170,,BACK-MATTER/NOTES/_page_1088_Picture_5.jpeg,2b7d4ee4127d5d4caa010c5dc34ef07bf10a9f007291be88b023ede8edad58b7,11908,,,BACK-MATTER/NOTES/10-Processes-of-Perception-and-Analysis-Notes.md,14,UNIQUE_DIRECTORY_PAGE_RANGE,UNREFERENCED_PHYSICAL,PENDING,,,,[],NOT_REVIEWED,NOT_APPLICABLE,[],[],,,,
A000171,L001190,BACK-MATTER/NOTES/_page_1088_Walsh_Ordering_Three_Matrix_Row.jpeg,d3e94501621dabdd7d4bd740d69f94f2860ecff285dffa659f530cc94f845f83,239376,BACK-MATTER/NOTES/10-Processes-of-Perception-and-Analysis-Notes.md,U007467,BACK-MATTER/NOTES/10-Processes-of-Perception-and-Analysis-Notes.md,14,LIVE_MARKDOWN_REFERENCE,REFERENCED,PENDING,,,,[],NOT_REVIEWED,NOT_APPLICABLE,[],[],,,,
A000172,L001195,BACK-MATTER/NOTES/_page_1089_Figure_11.jpeg,866ed0e0761e062b9fc445b76e62b369f5b67d9d7e7c7fe94517e605c9e11581,21282,BACK-MATTER/NOTES/10-Processes-of-Perception-and-Analysis-Notes.md,U007497,BACK-MATTER/NOTES/10-Processes-of-Perception-and-Analysis-Notes.md,14,LIVE_MARKDOWN_REFERENCE,REFERENCED,PENDING,,,,[],NOT_REVIEWED,NOT_APPLICABLE,[],[],,,,
A000173,L001196,BACK-MATTER/NOTES/_page_1089_Figure_13.jpeg,46cc5c41f489065acb7839e022d5be7f328b114b41a95e3efb2b56493ff1019f,27063,BACK-MATTER/NOTES/10-Processes-of-Perception-and-Analysis-Notes.md,U007499,BACK-MATTER/NOTES/10-Processes-of-Perception-and-Analysis-Notes.md,14,LIVE_MARKDOWN_REFERENCE,REFERENCED,PENDING,,,,[],NOT_REVIEWED,NOT_APPLICABLE,[],[],,,,
A000174,L001194,BACK-MATTER/NOTES/_page_1089_Picture_3.jpeg,dd2dfb144f9045e388d657390c25c3ec240210cbfd2e5f3e5753d734a4268c05,29015,BACK-MATTER/NOTES/10-Processes-of-Perception-and-Analysis-Notes.md,U007490,BACK-MATTER/NOTES/10-Processes-of-Perception-and-Analysis-Notes.md,14,LIVE_MARKDOWN_REFERENCE,REFERENCED,PENDING,,,,[],NOT_REVIEWED,NOT_APPLICABLE,[],[],,,,
A000175,L001197,BACK-MATTER/NOTES/_page_1090_Picture_7.jpeg,0a081bffb58665306e142a0639326f515be20c6afbd33795cbd3662dffd537c9,8171,BACK-MATTER/NOTES/10-Processes-of-Perception-and-Analysis-Notes.md,U007506,BACK-MATTER/NOTES/10-Processes-of-Perception-and-Analysis-Notes.md,14,LIVE_MARKDOWN_REFERENCE,REFERENCED,PENDING,,,,[],NOT_REVIEWED,NOT_APPLICABLE,[],[],,,,
A000176,L001200,BACK-MATTER/NOTES/_page_1091_Image_Processing_Four_Panel_Row.jpeg,be61d7daddb8e343a01047bd139f0ea9edc1eacdd3424a60a0ac2a4ef7e39dbc,149683,BACK-MATTER/NOTES/10-Processes-of-Perception-and-Analysis-Notes.md,U007516,BACK-MATTER/NOTES/10-Processes-of-Perception-and-Analysis-Notes.md,14,LIVE_MARKDOWN_REFERENCE,REFERENCED,PENDING,,,,[],NOT_REVIEWED,NOT_APPLICABLE,[],[],,,,
A000177,L001199,BACK-MATTER/NOTES/_page_1091_Picture_11.jpeg,8d886df58bbd7ec48f059bd453899432ecd3cf1baa13dddec1f82d88fe9f9c11,5919,BACK-MATTER/NOTES/10-Processes-of-Perception-and-Analysis-Notes.md,U007514,BACK-MATTER/NOTES/10-Processes-of-Perception-and-Analysis-Notes.md,14,LIVE_MARKDOWN_REFERENCE,REFERENCED,PENDING,,,,[],NOT_REVIEWED,NOT_APPLICABLE,[],[],,,,
A000178,,BACK-MATTER/NOTES/_page_1091_Picture_13.jpeg,2ceee27be836fa21c6708d859f909635879a82f9f9a3ddc7e8213240c96a251a,4630,,,BACK-MATTER/NOTES/10-Processes-of-Perception-and-Analysis-Notes.md,14,UNIQUE_DIRECTORY_PAGE_RANGE,UNREFERENCED_PHYSICAL,PENDING,,,,[],NOT_REVIEWED,NOT_APPLICABLE,[],[],,,,
A000179,,BACK-MATTER/NOTES/_page_1091_Picture_14.jpeg,0e7a5ff9681b33698fc95dbcbdd6ad10f80226a11881611915b41fd08db9e56e,4430,,,BACK-MATTER/NOTES/10-Processes-of-Perception-and-Analysis-Notes.md,14,UNIQUE_DIRECTORY_PAGE_RANGE,UNREFERENCED_PHYSICAL,PENDING,,,,[],NOT_REVIEWED,NOT_APPLICABLE,[],[],,,,
A000180,,BACK-MATTER/NOTES/_page_1091_Picture_15.jpeg,d584ee1b9ec4aba379fa1601b963cac2d02b3d274a07014f7c6ee2bfb4dbd7a5,4932,,,BACK-MATTER/NOTES/10-Processes-of-Perception-and-Analysis-Notes.md,14,UNIQUE_DIRECTORY_PAGE_RANGE,UNREFERENCED_PHYSICAL,PENDING,,,,[],NOT_REVIEWED,NOT_APPLICABLE,[],[],,,,
A000181,,BACK-MATTER/NOTES/_page_1091_Picture_16.jpeg,497708ec58a7ad7be9dd536f48b23c8b4d94292dbce47b9d953fd6e949dd5896,4987,,,BACK-MATTER/NOTES/10-Processes-of-Perception-and-Analysis-Notes.md,14,UNIQUE_DIRECTORY_PAGE_RANGE,UNREFERENCED_PHYSICAL,PENDING,,,,[],NOT_REVIEWED,NOT_APPLICABLE,[],[],,,,
A000182,,BACK-MATTER/NOTES/_page_1091_Picture_4.jpeg,17c8c3bba8996e28abb86786a8447ae379cf59472a38a0f20f64cdeabee33b2f,5102,,,BACK-MATTER/NOTES/10-Processes-of-Perception-and-Analysis-Notes.md,14,UNIQUE_DIRECTORY_PAGE_RANGE,UNREFERENCED_PHYSICAL,PENDING,,,,[],NOT_REVIEWED,NOT_APPLICABLE,[],[],,,,
A000183,,BACK-MATTER/NOTES/_page_1091_Picture_5.jpeg,ef4f130e75831a0c259b925a8b744aa183f71e926eb52bec4ba7469eb88fa8d8,5809,,,BACK-MATTER/NOTES/10-Processes-of-Perception-and-Analysis-Notes.md,14,UNIQUE_DIRECTORY_PAGE_RANGE,UNREFERENCED_PHYSICAL,PENDING,,,,[],NOT_REVIEWED,NOT_APPLICABLE,[],[],,,,
A000184,,BACK-MATTER/NOTES/_page_1091_Picture_6.jpeg,21ad1ff3d8de6dc9d822952935ca713fa38f333d01c31d6d79d677cd974c3ff5,8365,,,BACK-MATTER/NOTES/10-Processes-of-Perception-and-Analysis-Notes.md,14,UNIQUE_DIRECTORY_PAGE_RANGE,UNREFERENCED_PHYSICAL,PENDING,,,,[],NOT_REVIEWED,NOT_APPLICABLE,[],[],,,,
A000185,,BACK-MATTER/NOTES/_page_1091_Picture_7.jpeg,82ecb01fb1b42ffa2457a07986c118b155e8ed2db3b49d375d018ee19e3a1dbb,7612,,,BACK-MATTER/NOTES/10-Processes-of-Perception-and-Analysis-Notes.md,14,UNIQUE_DIRECTORY_PAGE_RANGE,UNREFERENCED_PHYSICAL,PENDING,,,,[],NOT_REVIEWED,NOT_APPLICABLE,[],[],,,,
A000186,L001198,BACK-MATTER/NOTES/_page_1091_Visual_History_Four_Panel_Row.jpeg,7cede56735bcf37bba70b404697e40da1a3d64daebe863b383cef196307c7015,268820,BACK-MATTER/NOTES/10-Processes-of-Perception-and-Analysis-Notes.md,U007510,BACK-MATTER/NOTES/10-Processes-of-Perception-and-Analysis-Notes.md,14,LIVE_MARKDOWN_REFERENCE,REFERENCED,PENDING,,,,[],NOT_REVIEWED,NOT_APPLICABLE,[],[],,,,
A000187,L001202,BACK-MATTER/NOTES/_page_1092_Ordered_Dither_Progression.jpeg,569b770bec8ff7514706aa9da4e304c19255bffa4557e303f95796d21632912b,76601,BACK-MATTER/NOTES/10-Processes-of-Perception-and-Analysis-Notes.md,U007524,BACK-MATTER/NOTES/10-Processes-of-Perception-and-Analysis-Notes.md,14,LIVE_MARKDOWN_REFERENCE,REFERENCED,PENDING,,,,[],NOT_REVIEWED,NOT_APPLICABLE,[],[],,,,
A000188,L001201,BACK-MATTER/NOTES/_page_1092_Picture_6.jpeg,b13e50f8bb2f7e905b8580ea94d93c7295e5967125aa8042defe76936bdb1dd6,21682,BACK-MATTER/NOTES/10-Processes-of-Perception-and-Analysis-Notes.md,U007520,BACK-MATTER/NOTES/10-Processes-of-Perception-and-Analysis-Notes.md,14,LIVE_MARKDOWN_REFERENCE,REFERENCED,PENDING,,,,[],NOT_REVIEWED,NOT_APPLICABLE,[],[],,,,
A000189,L001207,BACK-MATTER/NOTES/_page_1093_Picture_11.jpeg,918a16ba145d04208553c6d6e6a207a8cce9d1cade2849aa99e4ff63a8d46f51,20759,BACK-MATTER/NOTES/10-Processes-of-Perception-and-Analysis-Notes.md,U007536,BACK-MATTER/NOTES/10-Processes-of-Perception-and-Analysis-Notes.md,14,LIVE_MARKDOWN_REFERENCE,REFERENCED,PENDING,,,,[],NOT_REVIEWED,NOT_APPLICABLE,[],[],,,,
A000190,L001208,BACK-MATTER/NOTES/_page_1093_Picture_13.jpeg,2cb45926bfc78b63d1218faa61bfabcbc4f904a24e2e3527deaf406c8653b6b4,20693,BACK-MATTER/NOTES/10-Processes-of-Perception-and-Analysis-Notes.md,U007538,BACK-MATTER/NOTES/10-Processes-of-Perception-and-Analysis-Notes.md,14,LIVE_MARKDOWN_REFERENCE,REFERENCED,PENDING,,,,[],NOT_REVIEWED,NOT_APPLICABLE,[],[],,,,
A000191,L001209,BACK-MATTER/NOTES/_page_1093_Picture_15.jpeg,843337fe9ff19140b37c5ec0f2128c3bffc984307509f2a1f826641e25dc2b63,42032,BACK-MATTER/NOTES/10-Processes-of-Perception-and-Analysis-Notes.md,U007540,BACK-MATTER/NOTES/10-Processes-of-Perception-and-Analysis-Notes.md,14,LIVE_MARKDOWN_REFERENCE,REFERENCED,PENDING,,,,[],NOT_REVIEWED,NOT_APPLICABLE,[],[],,,,
A000192,L001203,BACK-MATTER/NOTES/_page_1093_Picture_2.jpeg,8157afe7e0b0779952dfa4c93496bdb6846a3f0fc64e0bacf339f5d544d320a5,34446,BACK-MATTER/NOTES/10-Processes-of-Perception-and-Analysis-Notes.md,U007528,BACK-MATTER/NOTES/10-Processes-of-Perception-and-Analysis-Notes.md,14,LIVE_MARKDOWN_REFERENCE,REFERENCED,PENDING,,,,[],NOT_REVIEWED,NOT_APPLICABLE,[],[],,,,
A000193,L001204,BACK-MATTER/NOTES/_page_1093_Picture_4.jpeg,f23d65db613d900a9baca47a832b88e636272787498ac95801d51b1219e3f919,33589,BACK-MATTER/NOTES/10-Processes-of-Perception-and-Analysis-Notes.md,U007530,BACK-MATTER/NOTES/10-Processes-of-Perception-and-Analysis-Notes.md,14,LIVE_MARKDOWN_REFERENCE,REFERENCED,PENDING,,,,[],NOT_REVIEWED,NOT_APPLICABLE,[],[],,,,
A000194,L001205,BACK-MATTER/NOTES/_page_1093_Picture_6.jpeg,b1b2a6ab123cc672995f0c53bf9207a5606a7d8043d3135756c6b173b83e1a79,14942,BACK-MATTER/NOTES/10-Processes-of-Perception-and-Analysis-Notes.md,U007532,BACK-MATTER/NOTES/10-Processes-of-Perception-and-Analysis-Notes.md,14,LIVE_MARKDOWN_REFERENCE,REFERENCED,PENDING,,,,[],NOT_REVIEWED,NOT_APPLICABLE,[],[],,,,
A000195,L001206,BACK-MATTER/NOTES/_page_1093_Picture_8.jpeg,c430b8e720a31565f4503c050969476f3792e7ccb33d29e96c4704f97b37ccc7,23990,BACK-MATTER/NOTES/10-Processes-of-Perception-and-Analysis-Notes.md,U007534,BACK-MATTER/NOTES/10-Processes-of-Perception-and-Analysis-Notes.md,14,LIVE_MARKDOWN_REFERENCE,REFERENCED,PENDING,,,,[],NOT_REVIEWED,NOT_APPLICABLE,[],[],,,,
A000196,L001211,BACK-MATTER/NOTES/_page_1094_Figure_15.jpeg,37ecef728970a9a4328eae05dcedb0bcc82262e2e5e2aa1c21c5b8980d4602dd,8651,BACK-MATTER/NOTES/10-Processes-of-Perception-and-Analysis-Notes.md,U007554,BACK-MATTER/NOTES/10-Processes-of-Perception-and-Analysis-Notes.md,14,LIVE_MARKDOWN_REFERENCE,REFERENCED,PENDING,,,,[],NOT_REVIEWED,NOT_APPLICABLE,[],[],,,,
A000197,L001210,BACK-MATTER/NOTES/_page_1094_Perception_Presentation_Two_Panel_Row.jpeg,5393285731798428d00501a64ee4f1ce1e1704b3e972502a077a92d25149dfe8,472696,BACK-MATTER/NOTES/10-Processes-of-Perception-and-Analysis-Notes.md,U007543,BACK-MATTER/NOTES/10-Processes-of-Perception-and-Analysis-Notes.md,14,LIVE_MARKDOWN_REFERENCE,REFERENCED,PENDING,,,,[],NOT_REVIEWED,NOT_APPLICABLE,[],[],,,,
A000198,,BACK-MATTER/NOTES/_page_1094_Picture_2.jpeg,8b2d0c5046e30e88cc34dd1202f6ffd50f978513279c463841735c9405923c99,16479,,,BACK-MATTER/NOTES/10-Processes-of-Perception-and-Analysis-Notes.md,14,UNIQUE_DIRECTORY_PAGE_RANGE,UNREFERENCED_PHYSICAL,PENDING,,,,[],NOT_REVIEWED,NOT_APPLICABLE,[],[],,,,
A000199,,BACK-MATTER/NOTES/_page_1094_Picture_3.jpeg,1d2dec3ece87fc0c4bc6462ff693ec6e6f5674cbd3faf0ecb9405dc02f4b9575,16155,,,BACK-MATTER/NOTES/10-Processes-of-Perception-and-Analysis-Notes.md,14,UNIQUE_DIRECTORY_PAGE_RANGE,UNREFERENCED_PHYSICAL,PENDING,,,,[],NOT_REVIEWED,NOT_APPLICABLE,[],[],,,,
A000200,L001212,BACK-MATTER/NOTES/_page_1097_Figure_7.jpeg,f2ba1510be85e0b336c315348eb2cdb41a8dbe8c5d3a052926a3bad39a67f33c,37543,BACK-MATTER/NOTES/10-Processes-of-Perception-and-Analysis-Notes.md,U007575,BACK-MATTER/NOTES/10-Processes-of-Perception-and-Analysis-Notes.md,14,LIVE_MARKDOWN_REFERENCE,REFERENCED,PENDING,,,,[],NOT_REVIEWED,NOT_APPLICABLE,[],[],,,,
A000201,L001213,BACK-MATTER/NOTES/_page_1097_Figure_9.jpeg,1114e9f81923d4877df502f136d1e958a6762b7823d03fe6495d7cf73025623a,46741,BACK-MATTER/NOTES/10-Processes-of-Perception-and-Analysis-Notes.md,U007577,BACK-MATTER/NOTES/10-Processes-of-Perception-and-Analysis-Notes.md,14,LIVE_MARKDOWN_REFERENCE,REFERENCED,PENDING,,,,[],NOT_REVIEWED,NOT_APPLICABLE,[],[],,,,
A000202,L001214,BACK-MATTER/NOTES/_page_1099_Figure_1.jpeg,59eb6c37e2e3b98d9c342354563b78f97dced9f2bc5d22f73aa0a58a5de80743,8888,BACK-MATTER/NOTES/10-Processes-of-Perception-and-Analysis-Notes.md,U007585,BACK-MATTER/NOTES/10-Processes-of-Perception-and-Analysis-Notes.md,14,LIVE_MARKDOWN_REFERENCE,REFERENCED,PENDING,,,,[],NOT_REVIEWED,NOT_APPLICABLE,[],[],,,,
A000203,L001215,BACK-MATTER/NOTES/_page_1101_English_Text_Redundancy_Strip.jpeg,a3599abb17838334a90d323f26712f94131ca4bab868c70d2878e4128c8b3711,268230,BACK-MATTER/NOTES/10-Processes-of-Perception-and-Analysis-Notes.md,U007595,BACK-MATTER/NOTES/10-Processes-of-Perception-and-Analysis-Notes.md,14,LIVE_MARKDOWN_REFERENCE,REFERENCED,PENDING,,,,[],NOT_REVIEWED,NOT_APPLICABLE,[],[],,,,
A000204,,BACK-MATTER/NOTES/_page_1102_Picture_13.jpeg,3f3e483fc6ef7cd0269419c8bcbd6d52bd2f834cf52bbb430a272fef1e01e235,6276,,,BACK-MATTER/NOTES/10-Processes-of-Perception-and-Analysis-Notes.md,14,UNIQUE_DIRECTORY_PAGE_RANGE,UNREFERENCED_PHYSICAL,PENDING,,,,[],NOT_REVIEWED,NOT_APPLICABLE,[],[],,,,
A000205,,BACK-MATTER/NOTES/_page_1102_Picture_14.jpeg,59317087994a0057736a98fddc650703a54eb30f4e4ab40b2783d5899df210b3,5725,,,BACK-MATTER/NOTES/10-Processes-of-Perception-and-Analysis-Notes.md,14,UNIQUE_DIRECTORY_PAGE_RANGE,UNREFERENCED_PHYSICAL,PENDING,,,,[],NOT_REVIEWED,NOT_APPLICABLE,[],[],,,,
A000206,,BACK-MATTER/NOTES/_page_1102_Picture_15.jpeg,270211e6bb5de88bc3f6380d046da771e22855101c4a4e065437558fcd48b727,6738,,,BACK-MATTER/NOTES/10-Processes-of-Perception-and-Analysis-Notes.md,14,UNIQUE_DIRECTORY_PAGE_RANGE,UNREFERENCED_PHYSICAL,PENDING,,,,[],NOT_REVIEWED,NOT_APPLICABLE,[],[],,,,
A000207,,BACK-MATTER/NOTES/_page_1102_Picture_16.jpeg,e358f3c9f8d39f4b0a4ba170096dcf376293d84777b983966168379af15f7f07,7187,,,BACK-MATTER/NOTES/10-Processes-of-Perception-and-Analysis-Notes.md,14,UNIQUE_DIRECTORY_PAGE_RANGE,UNREFERENCED_PHYSICAL,PENDING,,,,[],NOT_REVIEWED,NOT_APPLICABLE,[],[],,,,
A000208,,BACK-MATTER/NOTES/_page_1102_Picture_17.jpeg,3dceb930a728f8c5fff939930d3b144901506e859fcba590ed904a163172a743,7093,,,BACK-MATTER/NOTES/10-Processes-of-Perception-and-Analysis-Notes.md,14,UNIQUE_DIRECTORY_PAGE_RANGE,UNREFERENCED_PHYSICAL,PENDING,,,,[],NOT_REVIEWED,NOT_APPLICABLE,[],[],,,,
A000209,L001216,BACK-MATTER/NOTES/_page_1102_Rule_30_Predecessor_Five_Column_Row.jpeg,6af1c678c400358abdf029039db56c6bf74658fe2eb68a784fcf0fa80a42a6fa,237901,BACK-MATTER/NOTES/10-Processes-of-Perception-and-Analysis-Notes.md,U007610,BACK-MATTER/NOTES/10-Processes-of-Perception-and-Analysis-Notes.md,14,LIVE_MARKDOWN_REFERENCE,REFERENCED,PENDING,,,,[],NOT_REVIEWED,NOT_APPLICABLE,[],[],,,,
A000210,L001218,BACK-MATTER/NOTES/_page_1103_Figure_7.jpeg,9d7bf24909281ff69da33b49f3892816a8ecb8edb79d2b5aa46ca132ad0f560a,62751,BACK-MATTER/NOTES/10-Processes-of-Perception-and-Analysis-Notes.md,U007617,BACK-MATTER/NOTES/10-Processes-of-Perception-and-Analysis-Notes.md,14,LIVE_MARKDOWN_REFERENCE,REFERENCED,PENDING,,,,[],NOT_REVIEWED,NOT_APPLICABLE,[],[],,,,
A000211,L001219,BACK-MATTER/NOTES/_page_1103_Nonlinear_Feedback_Shift_Register_Two_Panel_Row.jpeg,423d89d407c61c9eb35211fc7508b84a50046e3c3a9cc23135cda211cfad018b,377356,BACK-MATTER/NOTES/10-Processes-of-Perception-and-Analysis-Notes.md,U007623,BACK-MATTER/NOTES/10-Processes-of-Perception-and-Analysis-Notes.md,14,LIVE_MARKDOWN_REFERENCE,REFERENCED,PENDING,,,,[],NOT_REVIEWED,NOT_APPLICABLE,[],[],,,,
A000212,,BACK-MATTER/NOTES/_page_1103_Picture_13.jpeg,58d574681348e559b596c2c0749c745951b0a06336fa5c59e28fa4207ffd791e,13120,,,BACK-MATTER/NOTES/10-Processes-of-Perception-and-Analysis-Notes.md,14,UNIQUE_DIRECTORY_PAGE_RANGE,UNREFERENCED_PHYSICAL,PENDING,,,,[],NOT_REVIEWED,NOT_APPLICABLE,[],[],,,,
A000213,,BACK-MATTER/NOTES/_page_1103_Picture_14.jpeg,e30bd1df5ce3ac93b0745da0d0e2e178721ced839a6a8624f99cc0298ded0858,15998,,,BACK-MATTER/NOTES/10-Processes-of-Perception-and-Analysis-Notes.md,14,UNIQUE_DIRECTORY_PAGE_RANGE,UNREFERENCED_PHYSICAL,PENDING,,,,[],NOT_REVIEWED,NOT_APPLICABLE,[],[],,,,
A000214,L001217,BACK-MATTER/NOTES/_page_1103_Picture_4.jpeg,48e930588f5cdd296b64d1df8bd89ff70eaf6d92d58d78609726a23f1ab2a9cd,56052,BACK-MATTER/NOTES/10-Processes-of-Perception-and-Analysis-Notes.md,U007613,BACK-MATTER/NOTES/10-Processes-of-Perception-and-Analysis-Notes.md,14,LIVE_MARKDOWN_REFERENCE,REFERENCED,PENDING,,,,[],NOT_REVIEWED,NOT_APPLICABLE,[],[],,,,
A000215,L001220,BACK-MATTER/NOTES/_page_1104_Backtracking_Four_Component_Group.jpeg,e27a87edc54296b86fc8619ffd3fae05dfe693a78f46fc9e1769c888f71ef5cb,86754,BACK-MATTER/NOTES/10-Processes-of-Perception-and-Analysis-Notes.md,U007626,BACK-MATTER/NOTES/10-Processes-of-Perception-and-Analysis-Notes.md,14,LIVE_MARKDOWN_REFERENCE,REFERENCED,PENDING,,,,[],NOT_REVIEWED,NOT_APPLICABLE,[],[],,,,
A000216,L001223,BACK-MATTER/NOTES/_page_1104_Figure_12.jpeg,1ea113ac33752de6b285d548f506297a40d6babc4f5b2aa96baffff79ec31d31,25049,BACK-MATTER/NOTES/10-Processes-of-Perception-and-Analysis-Notes.md,U007633,BACK-MATTER/NOTES/10-Processes-of-Perception-and-Analysis-Notes.md,14,LIVE_MARKDOWN_REFERENCE,REFERENCED,PENDING,,,,[],NOT_REVIEWED,NOT_APPLICABLE,[],[],,,,
A000217,,BACK-MATTER/NOTES/_page_1104_Figure_4.jpeg,5378e1fe5fb6db8228ed439e94ec837688956c857dbbb9cf0d20368386ad2c89,2518,,,BACK-MATTER/NOTES/10-Processes-of-Perception-and-Analysis-Notes.md,14,UNIQUE_DIRECTORY_PAGE_RANGE,UNREFERENCED_PHYSICAL,PENDING,,,,[],NOT_REVIEWED,NOT_APPLICABLE,[],[],,,,
A000218,,BACK-MATTER/NOTES/_page_1104_Picture_5.jpeg,254a7fe59ac064ef714d605b8c225fd8b1cb4748da9880e2e92bcae3c08743ed,3296,,,BACK-MATTER/NOTES/10-Processes-of-Perception-and-Analysis-Notes.md,14,UNIQUE_DIRECTORY_PAGE_RANGE,UNREFERENCED_PHYSICAL,PENDING,,,,[],NOT_REVIEWED,NOT_APPLICABLE,[],[],,,,
A000219,,BACK-MATTER/NOTES/_page_1104_Picture_6.jpeg,b07450e5bf66cde4146cc6f340f877aa7eda58cde588907bbe7eb9552b5937e9,2564,,,BACK-MATTER/NOTES/10-Processes-of-Perception-and-Analysis-Notes.md,14,UNIQUE_DIRECTORY_PAGE_RANGE,UNREFERENCED_PHYSICAL,PENDING,,,,[],NOT_REVIEWED,NOT_APPLICABLE,[],[],,,,
A000220,,BACK-MATTER/NOTES/_page_1104_Picture_7.jpeg,02bf6d90e003954c45b2d2b2bc7e345ab7cfbdec5591952092b2961ca3970601,3174,,,BACK-MATTER/NOTES/10-Processes-of-Perception-and-Analysis-Notes.md,14,UNIQUE_DIRECTORY_PAGE_RANGE,UNREFERENCED_PHYSICAL,PENDING,,,,[],NOT_REVIEWED,NOT_APPLICABLE,[],[],,,,
A000221,L001222,BACK-MATTER/NOTES/_page_1104_Picture_9.jpeg,d7d1513e9a1361a921825cf6b99af58d71af9f82de3868c15de8dc5a3a397683,20759,BACK-MATTER/NOTES/10-Processes-of-Perception-and-Analysis-Notes.md,U007630,BACK-MATTER/NOTES/10-Processes-of-Perception-and-Analysis-Notes.md,14,LIVE_MARKDOWN_REFERENCE,REFERENCED,PENDING,,,,[],NOT_REVIEWED,NOT_APPLICABLE,[],[],,,,
A000222,L001221,BACK-MATTER/NOTES/_page_1104_Target_Column_Swatch.jpeg,485e0f7c71c94a5879908903eadd80ba29b535a756c98f57e5e9f9412992ef25,2417,BACK-MATTER/NOTES/10-Processes-of-Perception-and-Analysis-Notes.md,U007628,BACK-MATTER/NOTES/10-Processes-of-Perception-and-Analysis-Notes.md,14,LIVE_MARKDOWN_REFERENCE,REFERENCED,PENDING,,,,[],NOT_REVIEWED,NOT_APPLICABLE,[],[],,,,
A000223,,BACK-MATTER/NOTES/_page_1105_Figure_12.jpeg,491eb14df7a76ff046a771ffe04c1514bbf672864ee30fec66c4ee03667c8f55,10539,,,BACK-MATTER/NOTES/10-Processes-of-Perception-and-Analysis-Notes.md,14,UNIQUE_DIRECTORY_PAGE_RANGE,UNREFERENCED_PHYSICAL,PENDING,,,,[],NOT_REVIEWED,NOT_APPLICABLE,[],[],,,,
A000224,,BACK-MATTER/NOTES/_page_1105_Figure_13.jpeg,b271c23b0ca20f21468a7080062a208097a28d8df24269005339dac8f581088d,11629,,,BACK-MATTER/NOTES/10-Processes-of-Perception-and-Analysis-Notes.md,14,UNIQUE_DIRECTORY_PAGE_RANGE,UNREFERENCED_PHYSICAL,PENDING,,,,[],NOT_REVIEWED,NOT_APPLICABLE,[],[],,,,
A000225,L001224,BACK-MATTER/NOTES/_page_1105_Figure_7.jpeg,4dc7a38bc5fa9a44954abee20b9f93dac5ddcdefb91fe6e6cb257561589db84f,14058,BACK-MATTER/NOTES/10-Processes-of-Perception-and-Analysis-Notes.md,U007642,BACK-MATTER/NOTES/10-Processes-of-Perception-and-Analysis-Notes.md,14,LIVE_MARKDOWN_REFERENCE,REFERENCED,PENDING,,,,[],NOT_REVIEWED,NOT_APPLICABLE,[],[],,,,
A000226,L001225,BACK-MATTER/NOTES/_page_1105_Quadratic_Residue_Two_Panel_Row.jpeg,d44c1b79627312e223ba50033804377847f448e49a04fbd2c27fe26f5edbdf89,267920,BACK-MATTER/NOTES/10-Processes-of-Perception-and-Analysis-Notes.md,U007647,BACK-MATTER/NOTES/10-Processes-of-Perception-and-Analysis-Notes.md,14,LIVE_MARKDOWN_REFERENCE,REFERENCED,PENDING,,,,[],NOT_REVIEWED,NOT_APPLICABLE,[],[],,,,
A000227,L001227,BACK-MATTER/NOTES/_page_1106_Arbitrary_Digit_Operations_Three_Panel_Row.jpeg,679fe17d60bf2330c1b5ec4b5f31df4a1c3945674056d41666ae3c1ebd99e6eb,485380,BACK-MATTER/NOTES/10-Processes-of-Perception-and-Analysis-Notes.md,U007656,BACK-MATTER/NOTES/10-Processes-of-Perception-and-Analysis-Notes.md,14,LIVE_MARKDOWN_REFERENCE,REFERENCED,PENDING,,,,[],NOT_REVIEWED,NOT_APPLICABLE,[],[],,,,
A000228,,BACK-MATTER/NOTES/_page_1106_Picture_12.jpeg,9bafa514c3e5b5b4d9bf78c42529239f3fcee9b83f957147173ec46336fc5f7b,13510,,,BACK-MATTER/NOTES/10-Processes-of-Perception-and-Analysis-Notes.md,14,UNIQUE_DIRECTORY_PAGE_RANGE,UNREFERENCED_PHYSICAL,PENDING,,,,[],NOT_REVIEWED,NOT_APPLICABLE,[],[],,,,
A000229,,BACK-MATTER/NOTES/_page_1106_Picture_13.jpeg,393c3db9a23a2ec369d85de3695ab3d3d1ef03bdeb5b34743cf080befab38053,15296,,,BACK-MATTER/NOTES/10-Processes-of-Perception-and-Analysis-Notes.md,14,UNIQUE_DIRECTORY_PAGE_RANGE,UNREFERENCED_PHYSICAL,PENDING,,,,[],NOT_REVIEWED,NOT_APPLICABLE,[],[],,,,
A000230,,BACK-MATTER/NOTES/_page_1106_Picture_14.jpeg,870d4c815bbb1100825ba82e64bbe9665a7fe8b3d6422f2e89c92a19e0d6b693,16651,,,BACK-MATTER/NOTES/10-Processes-of-Perception-and-Analysis-Notes.md,14,UNIQUE_DIRECTORY_PAGE_RANGE,UNREFERENCED_PHYSICAL,PENDING,,,,[],NOT_REVIEWED,NOT_APPLICABLE,[],[],,,,
A000231,L001226,BACK-MATTER/NOTES/_page_1106_Picture_4.jpeg,1b1e146be02a30f906c2bcf535f9b50d87e763c907109925bcf2b4bcbf7a4595,19649,BACK-MATTER/NOTES/10-Processes-of-Perception-and-Analysis-Notes.md,U007651,BACK-MATTER/NOTES/10-Processes-of-Perception-and-Analysis-Notes.md,14,LIVE_MARKDOWN_REFERENCE,REFERENCED,PENDING,,,,[],NOT_REVIEWED,NOT_APPLICABLE,[],[],,,,
A000232,L001229,BACK-MATTER/NOTES/_page_1107_2D_Rule_150_Eight_Case_Group.jpeg,a2ba30200b1be5484b88a1a175d4034227d66cdded13c77b3b5cd1f91db59d87,124000,BACK-MATTER/NOTES/10-Processes-of-Perception-and-Analysis-Notes.md,U007671,BACK-MATTER/NOTES/10-Processes-of-Perception-and-Analysis-Notes.md,14,LIVE_MARKDOWN_REFERENCE,REFERENCED,PENDING,,,,[],NOT_REVIEWED,NOT_APPLICABLE,[],[],,,,
A000233,L001228,BACK-MATTER/NOTES/_page_1107_2D_Rule_90_Eight_Case_Group.jpeg,efeca68a2e74bacc1e6106e960f52ce20927ce9911441f8147ace98960ac7beb,128868,BACK-MATTER/NOTES/10-Processes-of-Perception-and-Analysis-Notes.md,U007669,BACK-MATTER/NOTES/10-Processes-of-Perception-and-Analysis-Notes.md,14,LIVE_MARKDOWN_REFERENCE,REFERENCED,PENDING,,,,[],NOT_REVIEWED,NOT_APPLICABLE,[],[],,,,
A000234,L001230,BACK-MATTER/NOTES/_page_1108_Continuous_Generalizations_Three_Part_Group.jpeg,2ed7d28074c3596a8457bbdda2c01b569935e0513c08b79e248186700cc350fd,414924,BACK-MATTER/NOTES/10-Processes-of-Perception-and-Analysis-Notes.md,U007673,BACK-MATTER/NOTES/10-Processes-of-Perception-and-Analysis-Notes.md,14,LIVE_MARKDOWN_REFERENCE,REFERENCED,PENDING,,,,[],NOT_REVIEWED,NOT_APPLICABLE,[],[],,,,
A000235,L001232,BACK-MATTER/NOTES/_page_1108_Figure_13.jpeg,679821a74b328013dc9970a6ced553e01310a9871f886fb93fd7344a5e1f0ab3,14375,BACK-MATTER/NOTES/10-Processes-of-Perception-and-Analysis-Notes.md,U007679,BACK-MATTER/NOTES/10-Processes-of-Perception-and-Analysis-Notes.md,14,LIVE_MARKDOWN_REFERENCE,REFERENCED,PENDING,,,,[],NOT_REVIEWED,NOT_APPLICABLE,[],[],,,,
A000236,,BACK-MATTER/NOTES/_page_1108_Figure_3.jpeg,4a9ce4f786f23025305df9d038f90b6887caad5ae1308e49b8b3dc2874d638e7,6316,,,BACK-MATTER/NOTES/10-Processes-of-Perception-and-Analysis-Notes.md,14,UNIQUE_DIRECTORY_PAGE_RANGE,UNREFERENCED_PHYSICAL,PENDING,,,,[],NOT_REVIEWED,NOT_APPLICABLE,[],[],,,,
A000237,,BACK-MATTER/NOTES/_page_1108_Figure_4.jpeg,0a9355fe9ef5e4a1108e2dfabf497ebdbc50cfff5fdc933411cae43bddd34696,10053,,,BACK-MATTER/NOTES/10-Processes-of-Perception-and-Analysis-Notes.md,14,UNIQUE_DIRECTORY_PAGE_RANGE,UNREFERENCED_PHYSICAL,PENDING,,,,[],NOT_REVIEWED,NOT_APPLICABLE,[],[],,,,
A000238,,BACK-MATTER/NOTES/_page_1108_Figure_5.jpeg,7cb4b4596e33279d89135e9e61b59e0a03bb819f2cb75b4c1e06e42703b60b3c,15741,,,BACK-MATTER/NOTES/10-Processes-of-Perception-and-Analysis-Notes.md,14,UNIQUE_DIRECTORY_PAGE_RANGE,UNREFERENCED_PHYSICAL,PENDING,,,,[],NOT_REVIEWED,NOT_APPLICABLE,[],[],,,,
A000239,,BACK-MATTER/NOTES/_page_1108_Figure_7.jpeg,cbe2b86e68439081bd60e99231b918fa9b8775a9fb5934a72f985f7ac6a0e2df,8638,,,BACK-MATTER/NOTES/10-Processes-of-Perception-and-Analysis-Notes.md,14,UNIQUE_DIRECTORY_PAGE_RANGE,UNREFERENCED_PHYSICAL,PENDING,,,,[],NOT_REVIEWED,NOT_APPLICABLE,[],[],,,,
A000240,,BACK-MATTER/NOTES/_page_1108_Figure_8.jpeg,612867cef509d988243af3ded48677518f3407b92a760ff7fa97f7cd78f42893,8977,,,BACK-MATTER/NOTES/10-Processes-of-Perception-and-Analysis-Notes.md,14,UNIQUE_DIRECTORY_PAGE_RANGE,UNREFERENCED_PHYSICAL,PENDING,,,,[],NOT_REVIEWED,NOT_APPLICABLE,[],[],,,,
A000241,L001231,BACK-MATTER/NOTES/_page_1108_Nested_Continuous_Functions_Two_Panel_Row.jpeg,99f8590aa2c07bd95d8b9483f2f2f0f761910338817ea4fc22ff0617d4a9ec85,196444,BACK-MATTER/NOTES/10-Processes-of-Perception-and-Analysis-Notes.md,U007675,BACK-MATTER/NOTES/10-Processes-of-Perception-and-Analysis-Notes.md,14,LIVE_MARKDOWN_REFERENCE,REFERENCED,PENDING,,,,[],NOT_REVIEWED,NOT_APPLICABLE,[],[],,,,
A000242,L001234,BACK-MATTER/NOTES/_page_1109_Complex_Powers_Four_Panel_Row.jpeg,de74dec2bf57ff4e98bb29825eb5b49ef03c393f279ff97ce7c2649c3691f7cf,214463,BACK-MATTER/NOTES/10-Processes-of-Perception-and-Analysis-Notes.md,U007695,BACK-MATTER/NOTES/10-Processes-of-Perception-and-Analysis-Notes.md,14,LIVE_MARKDOWN_REFERENCE,REFERENCED,PENDING,,,,[],NOT_REVIEWED,NOT_APPLICABLE,[],[],,,,
A000243,,BACK-MATTER/NOTES/_page_1109_Picture_10.jpeg,c5371a65fa3e3c1e93fdc0df93c9e91259f9bc576ee845547312ca7c57a2c07c,4038,,,BACK-MATTER/NOTES/10-Processes-of-Perception-and-Analysis-Notes.md,14,UNIQUE_DIRECTORY_PAGE_RANGE,UNREFERENCED_PHYSICAL,PENDING,,,,[],NOT_REVIEWED,NOT_APPLICABLE,[],[],,,,
A000244,,BACK-MATTER/NOTES/_page_1109_Picture_11.jpeg,6a801af0ab6f50dab79b3f77b79805cb82dbd660bb6f7f4b83b989a58ef40dd5,4265,,,BACK-MATTER/NOTES/10-Processes-of-Perception-and-Analysis-Notes.md,14,UNIQUE_DIRECTORY_PAGE_RANGE,UNREFERENCED_PHYSICAL,PENDING,,,,[],NOT_REVIEWED,NOT_APPLICABLE,[],[],,,,
A000245,,BACK-MATTER/NOTES/_page_1109_Picture_12.jpeg,db59fe0738c527c201fdb3a0d9606d831dc64cb71cc8e849d2a79e38474560c7,4293,,,BACK-MATTER/NOTES/10-Processes-of-Perception-and-Analysis-Notes.md,14,UNIQUE_DIRECTORY_PAGE_RANGE,UNREFERENCED_PHYSICAL,PENDING,,,,[],NOT_REVIEWED,NOT_APPLICABLE,[],[],,,,
A000246,,BACK-MATTER/NOTES/_page_1109_Picture_13.jpeg,d25ef6eabe5b93faf72339d19796a26a283af1e59f47d587eb1611aadbb17fb0,4951,,,BACK-MATTER/NOTES/10-Processes-of-Perception-and-Analysis-Notes.md,14,UNIQUE_DIRECTORY_PAGE_RANGE,UNREFERENCED_PHYSICAL,PENDING,,,,[],NOT_REVIEWED,NOT_APPLICABLE,[],[],,,,
A000247,,BACK-MATTER/NOTES/_page_1109_Picture_5.jpeg,498e773d1bfb4f6342382c109cd82563202dac362dc929d7d8b1f84d7e719789,3747,,,BACK-MATTER/NOTES/10-Processes-of-Perception-and-Analysis-Notes.md,14,UNIQUE_DIRECTORY_PAGE_RANGE,UNREFERENCED_PHYSICAL,PENDING,,,,[],NOT_REVIEWED,NOT_APPLICABLE,[],[],,,,
A000248,,BACK-MATTER/NOTES/_page_1109_Picture_6.jpeg,2ba5d3697687cd5b224b5e4e61c934bef48a5bc230cd7aef4d16d59ee20dcfd7,5011,,,BACK-MATTER/NOTES/10-Processes-of-Perception-and-Analysis-Notes.md,14,UNIQUE_DIRECTORY_PAGE_RANGE,UNREFERENCED_PHYSICAL,PENDING,,,,[],NOT_REVIEWED,NOT_APPLICABLE,[],[],,,,
A000249,L001233,BACK-MATTER/NOTES/_page_1109_Power_Computation_Two_Panel_Row.jpeg,ccb1faf9391f785a344d968125846e6cc481a19ff9eb0a0e00a060e6de04cbb0,66341,BACK-MATTER/NOTES/10-Processes-of-Perception-and-Analysis-Notes.md,U007691,BACK-MATTER/NOTES/10-Processes-of-Perception-and-Analysis-Notes.md,14,LIVE_MARKDOWN_REFERENCE,REFERENCED,PENDING,,,,[],NOT_REVIEWED,NOT_APPLICABLE,[],[],,,,
A000250,L001235,BACK-MATTER/NOTES/_page_1111_Figure_4.jpeg,28023bf53d6957ee346e619e0ee3f91c52b19acf6298a75e3e5d191582661641,9405,BACK-MATTER/NOTES/10-Processes-of-Perception-and-Analysis-Notes.md,U007714,BACK-MATTER/NOTES/10-Processes-of-Perception-and-Analysis-Notes.md,14,LIVE_MARKDOWN_REFERENCE,REFERENCED,PENDING,,,,[],NOT_REVIEWED,NOT_APPLICABLE,[],[],,,,
A000251,L001236,BACK-MATTER/NOTES/_page_1111_NAND_Distributions_Three_Panel_Row.jpeg,b3251537aa36fb9e9841f72e39f2a5f0b63abca59a47d3f9a2ccd29030d1a3e2,50437,BACK-MATTER/NOTES/10-Processes-of-Perception-and-Analysis-Notes.md,U007721,BACK-MATTER/NOTES/10-Processes-of-Perception-and-Analysis-Notes.md,14,LIVE_MARKDOWN_REFERENCE,REFERENCED,PENDING,,,,[],NOT_REVIEWED,NOT_APPLICABLE,[],[],,,,
A000252,,BACK-MATTER/NOTES/_page_1111_Picture_13.jpeg,a7af50874f5f11f3021f79a6196df9b57c058826ba23818d2a0c2fd2b0ab392a,3724,,,BACK-MATTER/NOTES/10-Processes-of-Perception-and-Analysis-Notes.md,14,UNIQUE_DIRECTORY_PAGE_RANGE,UNREFERENCED_PHYSICAL,PENDING,,,,[],NOT_REVIEWED,NOT_APPLICABLE,[],[],,,,
A000253,,BACK-MATTER/NOTES/_page_1111_Picture_14.jpeg,1a18d574d75ea8f388da849b2dc6524b8de6c0de783dc744db702ceec923433b,2871,,,BACK-MATTER/NOTES/10-Processes-of-Perception-and-Analysis-Notes.md,14,UNIQUE_DIRECTORY_PAGE_RANGE,UNREFERENCED_PHYSICAL,PENDING,,,,[],NOT_REVIEWED,NOT_APPLICABLE,[],[],,,,
A000254,,BACK-MATTER/NOTES/_page_1111_Picture_15.jpeg,56b1be448603d6543df07a9e2808e3fd40b9f480132b3cff747cc37ac0b8d148,2855,,,BACK-MATTER/NOTES/10-Processes-of-Perception-and-Analysis-Notes.md,14,UNIQUE_DIRECTORY_PAGE_RANGE,UNREFERENCED_PHYSICAL,PENDING,,,,[],NOT_REVIEWED,NOT_APPLICABLE,[],[],,,,
A000255,L001237,BACK-MATTER/NOTES/_page_1112_Picture_5.jpeg,981fbbd63ca8134a3a0b1dd8d5673b7d8111a95650834f5ef0bb5e0e5af73257,17941,BACK-MATTER/NOTES/10-Processes-of-Perception-and-Analysis-Notes.md,U007726,BACK-MATTER/NOTES/10-Processes-of-Perception-and-Analysis-Notes.md,14,LIVE_MARKDOWN_REFERENCE,REFERENCED,PENDING,,,,[],NOT_REVIEWED,NOT_APPLICABLE,[],[],,,,
A000256,L001238,BACK-MATTER/NOTES/_page_1116_Picture_4.jpeg,787056603e15a8246f7206359129dc5f21028c7e87fb693797585e7ab0c9d057,104912,BACK-MATTER/NOTES/10-Processes-of-Perception-and-Analysis-Notes.md,U007766,BACK-MATTER/NOTES/10-Processes-of-Perception-and-Analysis-Notes.md,14,LIVE_MARKDOWN_REFERENCE,REFERENCED,PENDING,,,,[],NOT_REVIEWED,NOT_APPLICABLE,[],[],,,,
A000257,L001239,BACK-MATTER/NOTES/_page_1116_Picture_6.jpeg,999b745333db0acb60ef63c8daa5083de7ab497df3978b2bb98a57c1c1e063ca,10757,BACK-MATTER/NOTES/10-Processes-of-Perception-and-Analysis-Notes.md,U007768,BACK-MATTER/NOTES/10-Processes-of-Perception-and-Analysis-Notes.md,14,LIVE_MARKDOWN_REFERENCE,REFERENCED,PENDING,,,,[],NOT_REVIEWED,NOT_APPLICABLE,[],[],,,,
A000258,L001240,BACK-MATTER/NOTES/_page_1120_Games_Between_Programs_Full_Group.jpeg,e9bdcfd5e959e975b8b670b4e054bcda0e1d8274247b0132ce116d28373cda44,432032,BACK-MATTER/NOTES/10-Processes-of-Perception-and-Analysis-Notes.md,U007802,BACK-MATTER/NOTES/10-Processes-of-Perception-and-Analysis-Notes.md,14,LIVE_MARKDOWN_REFERENCE,REFERENCED,PENDING,,,,[],NOT_REVIEWED,NOT_APPLICABLE,[],[],,,,
A000259,,BACK-MATTER/NOTES/_page_1120_Picture_5.jpeg,990e6b4ea4f6990ba8b02dd0a9e2d68c744592b76ffc008a0ae83ecfc761ddaf,16399,,,BACK-MATTER/NOTES/10-Processes-of-Perception-and-Analysis-Notes.md,14,UNIQUE_DIRECTORY_PAGE_RANGE,UNREFERENCED_PHYSICAL,PENDING,,,,[],NOT_REVIEWED,NOT_APPLICABLE,[],[],,,,
A000260,L001243,BACK-MATTER/NOTES/_page_1124_Picture_16.jpeg,1c22d44bdfa587a203303434d432a7504b1cb569d18dc1a31cb8f234e5b5ff8a,29148,BACK-MATTER/NOTES/11-The-Notion-of-Computation-Notes.md,U007834,BACK-MATTER/NOTES/11-The-Notion-of-Computation-Notes.md,15,LIVE_MARKDOWN_REFERENCE,REFERENCED,PENDING,,,,[],NOT_REVIEWED,NOT_APPLICABLE,[],[],,,,
A000261,L001244,BACK-MATTER/NOTES/_page_1124_Picture_17.jpeg,7e6fbe1f3df50abc85f5919ea4fc3a5fb2af5e5d07182b8f4de1cbe3521b5056,29302,BACK-MATTER/NOTES/11-The-Notion-of-Computation-Notes.md,U007835,BACK-MATTER/NOTES/11-The-Notion-of-Computation-Notes.md,15,LIVE_MARKDOWN_REFERENCE,REFERENCED,PENDING,,,,[],NOT_REVIEWED,NOT_APPLICABLE,[],[],,,,
A000262,L001241,BACK-MATTER/NOTES/_page_1124_Picture_6.jpeg,9f75416a35085dc3e4f882345d42eb07a9049238679ddc1a6f928af90d7f4cc5,7465,BACK-MATTER/NOTES/11-The-Notion-of-Computation-Notes.md,U007824,BACK-MATTER/NOTES/11-The-Notion-of-Computation-Notes.md,15,LIVE_MARKDOWN_REFERENCE,REFERENCED,PENDING,,,,[],NOT_REVIEWED,NOT_APPLICABLE,[],[],,,,
A000263,L001242,BACK-MATTER/NOTES/_page_1124_Picture_7.jpeg,d54059ecd0c03ac9eb420927eb91948c3819886cb3e5b17656d579e0ddb5a202,6238,BACK-MATTER/NOTES/11-The-Notion-of-Computation-Notes.md,U007825,BACK-MATTER/NOTES/11-The-Notion-of-Computation-Notes.md,15,LIVE_MARKDOWN_REFERENCE,REFERENCED,PENDING,,,,[],NOT_REVIEWED,NOT_APPLICABLE,[],[],,,,
A000264,L001245,BACK-MATTER/NOTES/_page_1126_Universal_CA_Color_Icon_Legend.jpeg,ff1b09b93cf6702ab015722f9f9cbc28cd96b0abb7288453a336f9bc525c53a5,20527,BACK-MATTER/NOTES/11-The-Notion-of-Computation-Notes.md,U007853,BACK-MATTER/NOTES/11-The-Notion-of-Computation-Notes.md,15,LIVE_MARKDOWN_REFERENCE,REFERENCED,PENDING,,,,[],NOT_REVIEWED,NOT_APPLICABLE,[],[],,,,
A000265,L001246,BACK-MATTER/NOTES/_page_1130_Figure_11.jpeg,68930b0c9134e18b02d6a41f1eb23fe258918d551a109da169ff5d8da5ec1335,11011,BACK-MATTER/NOTES/11-The-Notion-of-Computation-Notes.md,U007947,BACK-MATTER/NOTES/11-The-Notion-of-Computation-Notes.md,15,LIVE_MARKDOWN_REFERENCE,REFERENCED,PENDING,,,,[],NOT_REVIEWED,NOT_APPLICABLE,[],[],,,,
A000266,L001247,BACK-MATTER/NOTES/_page_1131_Figure_8.jpeg,ec9bec9048f6bb2e88b1e8b47bc3bc1b6536680614cbb17d2a90fc24a4ec41ba,51243,BACK-MATTER/NOTES/11-The-Notion-of-Computation-Notes.md,U007955,BACK-MATTER/NOTES/11-The-Notion-of-Computation-Notes.md,15,LIVE_MARKDOWN_REFERENCE,REFERENCED,PENDING,,,,[],NOT_REVIEWED,NOT_APPLICABLE,[],[],,,,
A000267,L001250,BACK-MATTER/NOTES/_page_1132_Figure_9.jpeg,f32fa3e02c9c00f5b0b23ac0d67df82f9f8cb41ecf4abb8dcfecc65d821685ac,34740,BACK-MATTER/NOTES/11-The-Notion-of-Computation-Notes.md,U007964,BACK-MATTER/NOTES/11-The-Notion-of-Computation-Notes.md,15,LIVE_MARKDOWN_REFERENCE,REFERENCED,PENDING,,,,[],NOT_REVIEWED,NOT_APPLICABLE,[],[],,,,
A000268,L001248,BACK-MATTER/NOTES/_page_1132_Picture_2.jpeg,422ce8c21c465e2ffdffdb0f691f9521a21b9389897336dd4e4a2c716295c589,68468,BACK-MATTER/NOTES/11-The-Notion-of-Computation-Notes.md,U007959,BACK-MATTER/NOTES/11-The-Notion-of-Computation-Notes.md,15,LIVE_MARKDOWN_REFERENCE,REFERENCED,PENDING,,,,[],NOT_REVIEWED,NOT_APPLICABLE,[],[],,,,
A000269,L001249,BACK-MATTER/NOTES/_page_1132_Picture_6.jpeg,8f4e8032e77baa988ba6f623661ae3423459724e998fce254de51e5bdf27082b,27764,BACK-MATTER/NOTES/11-The-Notion-of-Computation-Notes.md,U007961,BACK-MATTER/NOTES/11-The-Notion-of-Computation-Notes.md,15,LIVE_MARKDOWN_REFERENCE,REFERENCED,PENDING,,,,[],NOT_REVIEWED,NOT_APPLICABLE,[],[],,,,
A000270,L001256,BACK-MATTER/NOTES/_page_1133_Picture_6.jpeg,11dde5ae83b89e5879a0c7b02e06b759443ce65bc372fa426ee388b927aea33f,18262,BACK-MATTER/NOTES/11-The-Notion-of-Computation-Notes.md,U007967,BACK-MATTER/NOTES/11-The-Notion-of-Computation-Notes.md,15,LIVE_MARKDOWN_REFERENCE,REFERENCED,PENDING,,,,[],NOT_REVIEWED,NOT_APPLICABLE,[],[],,,,
A000271,L001257,BACK-MATTER/NOTES/_page_1133_Picture_8.jpeg,9f933b79fdc7dd17b803ec2f9bc1a0e851500b6a14b7f494ccc3cf32d3e3290c,23917,BACK-MATTER/NOTES/11-The-Notion-of-Computation-Notes.md,U007969,BACK-MATTER/NOTES/11-The-Notion-of-Computation-Notes.md,15,LIVE_MARKDOWN_REFERENCE,REFERENCED,PENDING,,,,[],NOT_REVIEWED,NOT_APPLICABLE,[],[],,,,
A000272,L001252,BACK-MATTER/NOTES/_page_1133_Rule_30_Initial_Condition.jpeg,e35c8aaae3339432ddbc90e96a3654b901359ed4d267179199cef744e92759bd,2818,BACK-MATTER/NOTES/11-The-Notion-of-Computation-Notes.md,U007966,BACK-MATTER/NOTES/11-The-Notion-of-Computation-Notes.md,15,LIVE_MARKDOWN_REFERENCE,REFERENCED,PENDING,,,,[],NOT_REVIEWED,NOT_APPLICABLE,[],[],,,,
A000273,L001253,BACK-MATTER/NOTES/_page_1133_Rule_41_Left_Background.jpeg,34aa09c4cb59f57566203983974241a05c4cc745c419870742bb76a8d28241b2,3128,BACK-MATTER/NOTES/11-The-Notion-of-Computation-Notes.md,U007966,BACK-MATTER/NOTES/11-The-Notion-of-Computation-Notes.md,15,LIVE_MARKDOWN_REFERENCE,REFERENCED,PENDING,,,,[],NOT_REVIEWED,NOT_APPLICABLE,[],[],,,,
A000274,L001255,BACK-MATTER/NOTES/_page_1133_Rule_41_Right_Background.jpeg,57760f40bd6bac938557d852569f03bbcdc92286225f397c09539a6c59873fd8,2095,BACK-MATTER/NOTES/11-The-Notion-of-Computation-Notes.md,U007966,BACK-MATTER/NOTES/11-The-Notion-of-Computation-Notes.md,15,LIVE_MARKDOWN_REFERENCE,REFERENCED,PENDING,,,,[],NOT_REVIEWED,NOT_APPLICABLE,[],[],,,,
A000275,L001254,BACK-MATTER/NOTES/_page_1133_Rule_41_Single_Cell.jpeg,3360233ab37e5f0e0ae5926d2419f38307ba35c95781ac071c1db7bf5940baed,849,BACK-MATTER/NOTES/11-The-Notion-of-Computation-Notes.md,U007966,BACK-MATTER/NOTES/11-The-Notion-of-Computation-Notes.md,15,LIVE_MARKDOWN_REFERENCE,REFERENCED,PENDING,,,,[],NOT_REVIEWED,NOT_APPLICABLE,[],[],,,,
A000276,L001251,BACK-MATTER/NOTES/_page_1133_Rule_73_Initial_Condition.jpeg,960ef63de3154db48f81a6820e25511a1e41687cc41b17025e4501ddcffb22d3,1440,BACK-MATTER/NOTES/11-The-Notion-of-Computation-Notes.md,U007966,BACK-MATTER/NOTES/11-The-Notion-of-Computation-Notes.md,15,LIVE_MARKDOWN_REFERENCE,REFERENCED,PENDING,,,,[],NOT_REVIEWED,NOT_APPLICABLE,[],[],,,,
A000277,L001258,BACK-MATTER/NOTES/_page_1134_Rogozhin_24_State_2_Color_Turing_Machine_Rule.jpeg,c6c0b1418dddb6093c0d21d0f527ede3344815bb5991362c7745fb1a05d3b022,21839,BACK-MATTER/NOTES/11-The-Notion-of-Computation-Notes.md,U007983,BACK-MATTER/NOTES/11-The-Notion-of-Computation-Notes.md,15,LIVE_MARKDOWN_REFERENCE,REFERENCED,PENDING,,,,[],NOT_REVIEWED,NOT_APPLICABLE,[],[],,,,
A000278,L001259,BACK-MATTER/NOTES/_page_1135_Figure_14.jpeg,e879d22ba7b39613fe0ccab4fae05b77af073025a3f275e07e98ac2e82c35a1f,14841,BACK-MATTER/NOTES/11-The-Notion-of-Computation-Notes.md,U008003,BACK-MATTER/NOTES/11-The-Notion-of-Computation-Notes.md,15,LIVE_MARKDOWN_REFERENCE,REFERENCED,PENDING,,,,[],NOT_REVIEWED,NOT_APPLICABLE,[],[],,,,
A000279,L001260,BACK-MATTER/NOTES/_page_1135_Figure_16.jpeg,06559be41aac3216d365f4a9c1404d9f39783cc605de224c0c0c035d9059203b,13175,BACK-MATTER/NOTES/11-The-Notion-of-Computation-Notes.md,U008005,BACK-MATTER/NOTES/11-The-Notion-of-Computation-Notes.md,15,LIVE_MARKDOWN_REFERENCE,REFERENCED,PENDING,,,,[],NOT_REVIEWED,NOT_APPLICABLE,[],[],,,,
A000280,L001261,BACK-MATTER/NOTES/_page_1136_Picture_5.jpeg,e79802f634c157c782ab507f15681eef7647ed13587e4239d8945981da3dcb91,17248,BACK-MATTER/NOTES/11-The-Notion-of-Computation-Notes.md,U008013,BACK-MATTER/NOTES/11-The-Notion-of-Computation-Notes.md,15,LIVE_MARKDOWN_REFERENCE,REFERENCED,PENDING,,,,[],NOT_REVIEWED,NOT_APPLICABLE,[],[],,,,
A000281,L001262,BACK-MATTER/NOTES/_page_1142_Figure_7.jpeg,9d39368ee8065971ada6a21c4378ac9986cd87d98538e5dcf28f8f91268d6516,14864,BACK-MATTER/NOTES/12-The-Principle-of-Computational-Equivalence-Notes.md,U008072,BACK-MATTER/NOTES/12-The-Principle-of-Computational-Equivalence-Notes.md,16,LIVE_MARKDOWN_REFERENCE,REFERENCED,PENDING,,,,[],NOT_REVIEWED,NOT_APPLICABLE,[],[],,,,
A000282,L001263,BACK-MATTER/NOTES/_page_1146_Figure_2.jpeg,2fe52da7831b4e9e46118f9b7a36aaad2127a9a7d81ad1c96b7f020e1ce2ee4b,65039,BACK-MATTER/NOTES/12-The-Principle-of-Computational-Equivalence-Notes.md,U008095,BACK-MATTER/NOTES/12-The-Principle-of-Computational-Equivalence-Notes.md,16,LIVE_MARKDOWN_REFERENCE,REFERENCED,PENDING,,,,[],NOT_REVIEWED,NOT_APPLICABLE,[],[],,,,
A000283,L001264,BACK-MATTER/NOTES/_page_1152_Figure_5.jpeg,b9c448472b4f1c2059e542b73a754cd44d7ca8460cea4a665ad206e93f680114,7164,BACK-MATTER/NOTES/12-The-Principle-of-Computational-Equivalence-Notes.md,U008146,BACK-MATTER/NOTES/12-The-Principle-of-Computational-Equivalence-Notes.md,16,LIVE_MARKDOWN_REFERENCE,REFERENCED,PENDING,,,,[],NOT_REVIEWED,NOT_APPLICABLE,[],[],,,,
A000284,L001265,BACK-MATTER/NOTES/_page_1152_Figure_6.jpeg,dd51a449bc6219f812402f24bf6397c2c6f3d45ec0fd4aad9fd211ad7b888fbb,19146,BACK-MATTER/NOTES/12-The-Principle-of-Computational-Equivalence-Notes.md,U008147,BACK-MATTER/NOTES/12-The-Principle-of-Computational-Equivalence-Notes.md,16,LIVE_MARKDOWN_REFERENCE,REFERENCED,PENDING,,,,[],NOT_REVIEWED,NOT_APPLICABLE,[],[],,,,
A000285,L001266,BACK-MATTER/NOTES/_page_1154_Figure_8.jpeg,2e6afc0e381380be8e443ced0b0228f633340d3a0bc095eb5e7dd8217fa8b01b,34727,BACK-MATTER/NOTES/12-The-Principle-of-Computational-Equivalence-Notes.md,U008168,BACK-MATTER/NOTES/12-The-Principle-of-Computational-Equivalence-Notes.md,16,LIVE_MARKDOWN_REFERENCE,REFERENCED,PENDING,,,,[],NOT_REVIEWED,NOT_APPLICABLE,[],[],,,,
A000286,L001267,BACK-MATTER/NOTES/_page_1155_Figure_12.jpeg,7a1d4a23a40424510848e4f5831b5e764fdf479bc52c8765c59627d70ea68ea8,28181,BACK-MATTER/NOTES/12-The-Principle-of-Computational-Equivalence-Notes.md,U008181,BACK-MATTER/NOTES/12-The-Principle-of-Computational-Equivalence-Notes.md,16,LIVE_MARKDOWN_REFERENCE,REFERENCED,PENDING,,,,[],NOT_REVIEWED,NOT_APPLICABLE,[],[],,,,
A000287,L001268,BACK-MATTER/NOTES/_page_1157_Figure_7.jpeg,2386de9af71001a53e7e028307537d9ca2bdcf7e48487d7c54307112624905b3,47560,BACK-MATTER/NOTES/12-The-Principle-of-Computational-Equivalence-Notes.md,U008199,BACK-MATTER/NOTES/12-The-Principle-of-Computational-Equivalence-Notes.md,16,LIVE_MARKDOWN_REFERENCE,REFERENCED,PENDING,,,,[],NOT_REVIEWED,NOT_APPLICABLE,[],[],,,,
A000288,L001270,BACK-MATTER/NOTES/_page_1159_Figure_21.jpeg,320b69d78508e31b72343931f5a9d9215f595220e5b140efd1d87addade03d9e,37222,BACK-MATTER/NOTES/12-The-Principle-of-Computational-Equivalence-Notes.md,U008229,BACK-MATTER/NOTES/12-The-Principle-of-Computational-Equivalence-Notes.md,16,LIVE_MARKDOWN_REFERENCE,REFERENCED,PENDING,,,,[],NOT_REVIEWED,NOT_APPLICABLE,[],[],,,,
A000289,L001269,BACK-MATTER/NOTES/_page_1159_Figure_6.jpeg,23b643a2a67715256e5901d43244d3714f86f628392526d2b026553095ae8b5a,43188,BACK-MATTER/NOTES/12-The-Principle-of-Computational-Equivalence-Notes.md,U008215,BACK-MATTER/NOTES/12-The-Principle-of-Computational-Equivalence-Notes.md,16,LIVE_MARKDOWN_REFERENCE,REFERENCED,PENDING,,,,[],NOT_REVIEWED,NOT_APPLICABLE,[],[],,,,
A000290,L001271,BACK-MATTER/NOTES/_page_1169_Picture_4.jpeg,a24797474169c658a2ff739f8fd1f8ec585fb93d589491cfa13b548127b8f836,14487,BACK-MATTER/NOTES/12-The-Principle-of-Computational-Equivalence-Notes.md,U008345,BACK-MATTER/NOTES/12-The-Principle-of-Computational-Equivalence-Notes.md,16,LIVE_MARKDOWN_REFERENCE,REFERENCED,PENDING,,,,[],NOT_REVIEWED,NOT_APPLICABLE,[],[],,,,
A000291,L001272,BACK-MATTER/NOTES/_page_1170_Figure_15.jpeg,f954853ddabaf365e8f23b8d36dbaa7f3f8d9c0caf2d2fff3440f721d1c33cf4,130052,BACK-MATTER/NOTES/12-The-Principle-of-Computational-Equivalence-Notes.md,U008361,BACK-MATTER/NOTES/12-The-Principle-of-Computational-Equivalence-Notes.md,16,LIVE_MARKDOWN_REFERENCE,REFERENCED,PENDING,,,,[],NOT_REVIEWED,NOT_APPLICABLE,[],[],,,,
A000292,L001273,BACK-MATTER/NOTES/_page_1172_Figure_6.jpeg,baab2a52f2dcae6e58d89cdf7a8ba8053082f482929f7299cf31d25801d16af3,6745,BACK-MATTER/NOTES/12-The-Principle-of-Computational-Equivalence-Notes.md,U008372,BACK-MATTER/NOTES/12-The-Principle-of-Computational-Equivalence-Notes.md,16,LIVE_MARKDOWN_REFERENCE,REFERENCED,PENDING,,,,[],NOT_REVIEWED,NOT_APPLICABLE,[],[],,,,
A000293,L001274,BACK-MATTER/NOTES/_page_1172_Figure_7.jpeg,131e9bf5112cb7fe57715c0ea228053c2746fa8e89a7b9d0c36f8b9d9f140a10,2812,BACK-MATTER/NOTES/12-The-Principle-of-Computational-Equivalence-Notes.md,U008373,BACK-MATTER/NOTES/12-The-Principle-of-Computational-Equivalence-Notes.md,16,LIVE_MARKDOWN_REFERENCE,REFERENCED,PENDING,,,,[],NOT_REVIEWED,NOT_APPLICABLE,[],[],,,,
A000294,L001275,BACK-MATTER/NOTES/_page_1172_Figure_8.jpeg,1c4b4805c9605413932e3a7e069527f6697ee5bad1b76fe4dc3fd77a8fec4a1f,2953,BACK-MATTER/NOTES/12-The-Principle-of-Computational-Equivalence-Notes.md,U008374,BACK-MATTER/NOTES/12-The-Principle-of-Computational-Equivalence-Notes.md,16,LIVE_MARKDOWN_REFERENCE,REFERENCED,PENDING,,,,[],NOT_REVIEWED,NOT_APPLICABLE,[],[],,,,
A000295,L001276,BACK-MATTER/NOTES/_page_1172_Figure_9.jpeg,423297864f09c1a932c7f61684b6b4badbb9a473878918aaf7d9886f44b48fa8,2754,BACK-MATTER/NOTES/12-The-Principle-of-Computational-Equivalence-Notes.md,U008375,BACK-MATTER/NOTES/12-The-Principle-of-Computational-Equivalence-Notes.md,16,LIVE_MARKDOWN_REFERENCE,REFERENCED,PENDING,,,,[],NOT_REVIEWED,NOT_APPLICABLE,[],[],,,,
A000296,L001278,BACK-MATTER/NOTES/_page_1174_Page_783_End_Black.jpeg,9d01fcc40b1118e23f090a2f79c499884e3b6f20f91f8467d5929262f6532ddd,785,BACK-MATTER/NOTES/12-The-Principle-of-Computational-Equivalence-Notes.md,U008395,BACK-MATTER/NOTES/12-The-Principle-of-Computational-Equivalence-Notes.md,16,LIVE_MARKDOWN_REFERENCE,REFERENCED,PENDING,,,,[],NOT_REVIEWED,NOT_APPLICABLE,[],[],,,,
A000297,L001277,BACK-MATTER/NOTES/_page_1174_Page_783_End_White_Black.jpeg,b5daa58720c14e5f2ebf00034bc34e561c6f7d2402077fc452985dd6e62f55ff,1023,BACK-MATTER/NOTES/12-The-Principle-of-Computational-Equivalence-Notes.md,U008395,BACK-MATTER/NOTES/12-The-Principle-of-Computational-Equivalence-Notes.md,16,LIVE_MARKDOWN_REFERENCE,REFERENCED,PENDING,,,,[],NOT_REVIEWED,NOT_APPLICABLE,[],[],,,,
A000298,L001279,BACK-MATTER/NOTES/_page_1177_Figure_9.jpeg,62ff3bb5526489a9d3b068b14b5dfbce822e129ca603e1c742b2451c1a142830,12392,BACK-MATTER/NOTES/12-The-Principle-of-Computational-Equivalence-Notes.md,U008434,BACK-MATTER/NOTES/12-The-Principle-of-Computational-Equivalence-Notes.md,16,LIVE_MARKDOWN_REFERENCE,REFERENCED,PENDING,,,,[],NOT_REVIEWED,NOT_APPLICABLE,[],[],,,,
A000299,L001283,BACK-MATTER/NOTES/_page_1178_Figure_10.jpeg,783a72a169383f5ae286e6e2bde70ac1462074e917ce363106ed120e016e9066,4853,BACK-MATTER/NOTES/12-The-Principle-of-Computational-Equivalence-Notes.md,U008448,BACK-MATTER/NOTES/12-The-Principle-of-Computational-Equivalence-Notes.md,16,LIVE_MARKDOWN_REFERENCE,REFERENCED,PENDING,,,,[],NOT_REVIEWED,NOT_APPLICABLE,[],[],,,,
A000300,L001280,BACK-MATTER/NOTES/_page_1178_Figure_7.jpeg,8bdd1bafc5f07f214389fec3f1b55d7637159cb2b0488760bb438f03379a1870,5242,BACK-MATTER/NOTES/12-The-Principle-of-Computational-Equivalence-Notes.md,U008445,BACK-MATTER/NOTES/12-The-Principle-of-Computational-Equivalence-Notes.md,16,LIVE_MARKDOWN_REFERENCE,REFERENCED,PENDING,,,,[],NOT_REVIEWED,NOT_APPLICABLE,[],[],,,,
A000301,L001281,BACK-MATTER/NOTES/_page_1178_Figure_8.jpeg,559e8ddef5dc5ed5ac632f89b773a5890514d771d9573150d0f82551fc757ccf,7200,BACK-MATTER/NOTES/12-The-Principle-of-Computational-Equivalence-Notes.md,U008446,BACK-MATTER/NOTES/12-The-Principle-of-Computational-Equivalence-Notes.md,16,LIVE_MARKDOWN_REFERENCE,REFERENCED,PENDING,,,,[],NOT_REVIEWED,NOT_APPLICABLE,[],[],,,,
A000302,L001282,BACK-MATTER/NOTES/_page_1178_Figure_9.jpeg,5e874aec714d67b2e0418e078aec1e962e8a86bf70608058aeb821185dfc589f,3029,BACK-MATTER/NOTES/12-The-Principle-of-Computational-Equivalence-Notes.md,U008447,BACK-MATTER/NOTES/12-The-Principle-of-Computational-Equivalence-Notes.md,16,LIVE_MARKDOWN_REFERENCE,REFERENCED,PENDING,,,,[],NOT_REVIEWED,NOT_APPLICABLE,[],[],,,,
A000303,L001284,BACK-MATTER/NOTES/_page_1180_Figure_11.jpeg,8851a9e419c1de8b77849e1bdc26ccc80865592f470db21658a0ae3c9b4e3c15,10488,BACK-MATTER/NOTES/12-The-Principle-of-Computational-Equivalence-Notes.md,U008469,BACK-MATTER/NOTES/12-The-Principle-of-Computational-Equivalence-Notes.md,16,LIVE_MARKDOWN_REFERENCE,REFERENCED,PENDING,,,,[],NOT_REVIEWED,NOT_APPLICABLE,[],[],,,,
A000304,L001285,BACK-MATTER/NOTES/_page_1181_Figure_8.jpeg,2e60ca98c6ec9788cb85b83cd63a8189de318275a1ea3369080c2894824a2977,20207,BACK-MATTER/NOTES/12-The-Principle-of-Computational-Equivalence-Notes.md,U008480,BACK-MATTER/NOTES/12-The-Principle-of-Computational-Equivalence-Notes.md,16,LIVE_MARKDOWN_REFERENCE,REFERENCED,PENDING,,,,[],NOT_REVIEWED,NOT_APPLICABLE,[],[],,,,
A000305,L001288,BACK-MATTER/NOTES/_page_1183_Rule_110_Allowed_Initial_Sequence.jpeg,08ba7546d8df81891e0db4fc5adde88921347261837d64123b36c2b2ab18d29d,1533,BACK-MATTER/NOTES/12-The-Principle-of-Computational-Equivalence-Notes.md,U008506,BACK-MATTER/NOTES/12-The-Principle-of-Computational-Equivalence-Notes.md,16,LIVE_MARKDOWN_REFERENCE,REFERENCED,PENDING,,,,[],NOT_REVIEWED,NOT_APPLICABLE,[],[],,,,
A000306,L001286,BACK-MATTER/NOTES/_page_1183_Rule_110_Forbidden_Sequence.jpeg,66e80e33becced428c737147cf3c90815f693c01e869d178915efadc2039306f,1438,BACK-MATTER/NOTES/12-The-Principle-of-Computational-Equivalence-Notes.md,U008506,BACK-MATTER/NOTES/12-The-Principle-of-Computational-Equivalence-Notes.md,16,LIVE_MARKDOWN_REFERENCE,REFERENCED,PENDING,,,,[],NOT_REVIEWED,NOT_APPLICABLE,[],[],,,,
A000307,L001287,BACK-MATTER/NOTES/_page_1183_Rule_110_Single_Black_Cell.jpeg,89d7e9327ec092eb05b90ea9eaacbc45e97381a38d1bc904ffd17bc7ffc79d69,805,BACK-MATTER/NOTES/12-The-Principle-of-Computational-Equivalence-Notes.md,U008506,BACK-MATTER/NOTES/12-The-Principle-of-Computational-Equivalence-Notes.md,16,LIVE_MARKDOWN_REFERENCE,REFERENCED,PENDING,,,,[],NOT_REVIEWED,NOT_APPLICABLE,[],[],,,,
A000308,L001294,BACK-MATTER/NOTES/_page_1184_Page_799_First_Lemma_Input.jpeg,b07234262b625ab816b11d1988606a2dc72519dbafc11049eab47e5d8c47e85f,869,BACK-MATTER/NOTES/12-The-Principle-of-Computational-Equivalence-Notes.md,U008528,BACK-MATTER/NOTES/12-The-Principle-of-Computational-Equivalence-Notes.md,16,LIVE_MARKDOWN_REFERENCE,REFERENCED,PENDING,,,,[],NOT_REVIEWED,NOT_APPLICABLE,[],[],,,,
A000309,L001295,BACK-MATTER/NOTES/_page_1184_Page_799_First_Lemma_Output.jpeg,b8c349c34f56a0257fcac929076d4875a4bfa59edaa6643422e499daf2f1fe79,1011,BACK-MATTER/NOTES/12-The-Principle-of-Computational-Equivalence-Notes.md,U008528,BACK-MATTER/NOTES/12-The-Principle-of-Computational-Equivalence-Notes.md,16,LIVE_MARKDOWN_REFERENCE,REFERENCED,PENDING,,,,[],NOT_REVIEWED,NOT_APPLICABLE,[],[],,,,
A000310,L001291,BACK-MATTER/NOTES/_page_1184_Page_799_Item_n_Ending.jpeg,31c4a17e5c7eb9c511a55298b138202283a026d850842b8f15a96d25ddb4f716,971,BACK-MATTER/NOTES/12-The-Principle-of-Computational-Equivalence-Notes.md,U008524,BACK-MATTER/NOTES/12-The-Principle-of-Computational-Equivalence-Notes.md,16,LIVE_MARKDOWN_REFERENCE,REFERENCED,PENDING,,,,[],NOT_REVIEWED,NOT_APPLICABLE,[],[],,,,
A000311,L001292,BACK-MATTER/NOTES/_page_1184_Page_799_Item_o_Ending.jpeg,cdc68bbe1495bfa7c0de04568d97144342015b5d68a226d54267cd4b723ae91d,954,BACK-MATTER/NOTES/12-The-Principle-of-Computational-Equivalence-Notes.md,U008525,BACK-MATTER/NOTES/12-The-Principle-of-Computational-Equivalence-Notes.md,16,LIVE_MARKDOWN_REFERENCE,REFERENCED,PENDING,,,,[],NOT_REVIEWED,NOT_APPLICABLE,[],[],,,,
A000312,L001293,BACK-MATTER/NOTES/_page_1184_Page_799_Item_p_State.jpeg,da96ad147d864d3d12302faeebbe72d893252cafc6d1e23c811513cb67da9cbb,1263,BACK-MATTER/NOTES/12-The-Principle-of-Computational-Equivalence-Notes.md,U008526,BACK-MATTER/NOTES/12-The-Principle-of-Computational-Equivalence-Notes.md,16,LIVE_MARKDOWN_REFERENCE,REFERENCED,PENDING,,,,[],NOT_REVIEWED,NOT_APPLICABLE,[],[],,,,
A000313,L001289,BACK-MATTER/NOTES/_page_1184_Page_799_Last_Length_4_String.jpeg,20f90f45a8d114489e40633718625760961a9d19e66b39acc8df535622fb43fe,1226,BACK-MATTER/NOTES/12-The-Principle-of-Computational-Equivalence-Notes.md,U008514,BACK-MATTER/NOTES/12-The-Principle-of-Computational-Equivalence-Notes.md,16,LIVE_MARKDOWN_REFERENCE,REFERENCED,PENDING,,,,[],NOT_REVIEWED,NOT_APPLICABLE,[],[],,,,
A000314,L001290,BACK-MATTER/NOTES/_page_1184_Page_799_Last_Length_6_String.jpeg,3c1d97ded6b2d81432128ffe2c6c5ae8f1d4a7fb936cb501fea730d310c40c8a,1685,BACK-MATTER/NOTES/12-The-Principle-of-Computational-Equivalence-Notes.md,U008514,BACK-MATTER/NOTES/12-The-Principle-of-Computational-Equivalence-Notes.md,16,LIVE_MARKDOWN_REFERENCE,REFERENCED,PENDING,,,,[],NOT_REVIEWED,NOT_APPLICABLE,[],[],,,,
A000315,L001296,BACK-MATTER/NOTES/_page_1184_Page_799_Second_Lemma_Input.jpeg,d5ff42a0d1a8d3116317dfe3e6f09b6d101c67939320e8ff3250ad58c3ebcdee,868,BACK-MATTER/NOTES/12-The-Principle-of-Computational-Equivalence-Notes.md,U008528,BACK-MATTER/NOTES/12-The-Principle-of-Computational-Equivalence-Notes.md,16,LIVE_MARKDOWN_REFERENCE,REFERENCED,PENDING,,,,[],NOT_REVIEWED,NOT_APPLICABLE,[],[],,,,
A000316,L001297,BACK-MATTER/NOTES/_page_1184_Page_799_Second_Lemma_Output.jpeg,07eb0e1bcf34cf7ff68ba6e1cacf4f7b05215f78fc7ec414efa9c180e00ec660,882,BACK-MATTER/NOTES/12-The-Principle-of-Computational-Equivalence-Notes.md,U008528,BACK-MATTER/NOTES/12-The-Principle-of-Computational-Equivalence-Notes.md,16,LIVE_MARKDOWN_REFERENCE,REFERENCED,PENDING,,,,[],NOT_REVIEWED,NOT_APPLICABLE,[],[],,,,
A000317,L001300,BACK-MATTER/NOTES/_page_1188_Figure_14.jpeg,3eb23de3e9c6d532afd9c7a28e1ef62e08bbb0288a4032e1a20b96712fc2c473,36810,BACK-MATTER/NOTES/12-The-Principle-of-Computational-Equivalence-Notes.md,U008575,BACK-MATTER/NOTES/12-The-Principle-of-Computational-Equivalence-Notes.md,16,LIVE_MARKDOWN_REFERENCE,REFERENCED,PENDING,,,,[],NOT_REVIEWED,NOT_APPLICABLE,[],[],,,,
A000318,L001299,BACK-MATTER/NOTES/_page_1188_Figure_5.jpeg,85973edb04acb635c1582d423fa1ad86550818d2e183a26f8957e8dbe3ffbdf2,34102,BACK-MATTER/NOTES/12-The-Principle-of-Computational-Equivalence-Notes.md,U008567,BACK-MATTER/NOTES/12-The-Principle-of-Computational-Equivalence-Notes.md,16,LIVE_MARKDOWN_REFERENCE,REFERENCED,PENDING,,,,[],NOT_REVIEWED,NOT_APPLICABLE,[],[],,,,
A000319,L001298,BACK-MATTER/NOTES/_page_1188_Picture_3.jpeg,f9c4ecdca45fdb017b6aa39fe0a855d7b35657ff40ae8f4ce47ef80c60473a73,8844,BACK-MATTER/NOTES/12-The-Principle-of-Computational-Equivalence-Notes.md,U008565,BACK-MATTER/NOTES/12-The-Principle-of-Computational-Equivalence-Notes.md,16,LIVE_MARKDOWN_REFERENCE,REFERENCED,PENDING,,,,[],NOT_REVIEWED,NOT_APPLICABLE,[],[],,,,
A000320,L001302,BACK-MATTER/NOTES/_page_1190_Figure_13.jpeg,cd5e7006d09113644d9e364f7a3c2b3db9d7976ea0450db73d648bfbfa180e96,56435,BACK-MATTER/NOTES/12-The-Principle-of-Computational-Equivalence-Notes.md,U008611,BACK-MATTER/NOTES/12-The-Principle-of-Computational-Equivalence-Notes.md,16,LIVE_MARKDOWN_REFERENCE,REFERENCED,PENDING,,,,[],NOT_REVIEWED,NOT_APPLICABLE,[],[],,,,
A000321,L001301,BACK-MATTER/NOTES/_page_1190_Figure_6.jpeg,7f55fed6174a3c0820c31e0a668b576a56edb64a5fa84b6d58a536382540ca6c,13933,BACK-MATTER/NOTES/12-The-Principle-of-Computational-Equivalence-Notes.md,U008605,BACK-MATTER/NOTES/12-The-Principle-of-Computational-Equivalence-Notes.md,16,LIVE_MARKDOWN_REFERENCE,REFERENCED,PENDING,,,,[],NOT_REVIEWED,NOT_APPLICABLE,[],[],,,,
A000322,L001303,BACK-MATTER/NOTES/_page_1191_Picture_20.jpeg,e6d5abc0dc332d6815451add2208b49afc8c1a3ce496d19e2342eea5ac5639a6,18780,BACK-MATTER/NOTES/12-The-Principle-of-Computational-Equivalence-Notes.md,U008635,BACK-MATTER/NOTES/12-The-Principle-of-Computational-Equivalence-Notes.md,16,LIVE_MARKDOWN_REFERENCE,REFERENCED,PENDING,,,,[],NOT_REVIEWED,NOT_APPLICABLE,[],[],,,,
A000323,L001309,BACK-MATTER/NOTES/_page_1201_Page_834_First_Ungeneratable_Sequence.jpeg,55589c9b41198368c321e54528b95994b75d9d0d9bdfaf6f2f84b95b5cfa6636,1309,BACK-MATTER/NOTES/12-The-Principle-of-Computational-Equivalence-Notes.md,U008706,BACK-MATTER/NOTES/12-The-Principle-of-Computational-Equivalence-Notes.md,16,LIVE_MARKDOWN_REFERENCE,REFERENCED,PENDING,,,,[],NOT_REVIEWED,NOT_APPLICABLE,[],[],,,,
A000324,L001307,BACK-MATTER/NOTES/_page_1201_Picture_10.jpeg,d63f0244a2aa68116b98e23024b7f0a595906de277838d954401329a36f944d5,5764,BACK-MATTER/NOTES/12-The-Principle-of-Computational-Equivalence-Notes.md,U008704,BACK-MATTER/NOTES/12-The-Principle-of-Computational-Equivalence-Notes.md,16,LIVE_MARKDOWN_REFERENCE,REFERENCED,PENDING,,,,[],NOT_REVIEWED,NOT_APPLICABLE,[],[],,,,
A000325,L001308,BACK-MATTER/NOTES/_page_1201_Picture_11.jpeg,8274d856359c610851e478a5dcdf376b2b25387c693787fcb028e688a1a8aa37,12744,BACK-MATTER/NOTES/12-The-Principle-of-Computational-Equivalence-Notes.md,U008705,BACK-MATTER/NOTES/12-The-Principle-of-Computational-Equivalence-Notes.md,16,LIVE_MARKDOWN_REFERENCE,REFERENCED,PENDING,,,,[],NOT_REVIEWED,NOT_APPLICABLE,[],[],,,,
A000326,L001310,BACK-MATTER/NOTES/_page_1201_Picture_13.jpeg,6cb8306228258a40b4fbf81218e380fe9c2fdc02a70570f4916fa60471a38dab,6137,BACK-MATTER/NOTES/12-The-Principle-of-Computational-Equivalence-Notes.md,U008707,BACK-MATTER/NOTES/12-The-Principle-of-Computational-Equivalence-Notes.md,16,LIVE_MARKDOWN_REFERENCE,REFERENCED,PENDING,,,,[],NOT_REVIEWED,NOT_APPLICABLE,[],[],,,,
A000327,L001311,BACK-MATTER/NOTES/_page_1201_Picture_14.jpeg,f48e5fc1e75564503334ead407657ef8b73c69ed2b84a1b7c8285bbb58f2f52d,62496,BACK-MATTER/NOTES/12-The-Principle-of-Computational-Equivalence-Notes.md,U008708,BACK-MATTER/NOTES/12-The-Principle-of-Computational-Equivalence-Notes.md,16,LIVE_MARKDOWN_REFERENCE,REFERENCED,PENDING,,,,[],NOT_REVIEWED,NOT_APPLICABLE,[],[],,,,
A000328,L001304,BACK-MATTER/NOTES/_page_1201_Picture_4.jpeg,5ce5638ca129527ea5c5fc2c7e2fe7e204c8af5fbf7349d3da60f445634292b7,18451,BACK-MATTER/NOTES/12-The-Principle-of-Computational-Equivalence-Notes.md,U008698,BACK-MATTER/NOTES/12-The-Principle-of-Computational-Equivalence-Notes.md,16,LIVE_MARKDOWN_REFERENCE,REFERENCED,PENDING,,,,[],NOT_REVIEWED,NOT_APPLICABLE,[],[],,,,
A000329,L001305,BACK-MATTER/NOTES/_page_1201_Picture_6.jpeg,56e3be5e88d033cfdf9ca09df4a13bc68c305a3184c550d8687e447562beba00,414639,BACK-MATTER/NOTES/12-The-Principle-of-Computational-Equivalence-Notes.md,U008700,BACK-MATTER/NOTES/12-The-Principle-of-Computational-Equivalence-Notes.md,16,LIVE_MARKDOWN_REFERENCE,REFERENCED,PENDING,,,,[],NOT_REVIEWED,NOT_APPLICABLE,[],[],,,,
A000330,L001306,BACK-MATTER/NOTES/_page_1201_Picture_9.jpeg,b1af0d55b1b44132f6430bd6a517b1b9f1ff2a9e39682b2be9bc443751b0fbe3,19271,BACK-MATTER/NOTES/12-The-Principle-of-Computational-Equivalence-Notes.md,U008703,BACK-MATTER/NOTES/12-The-Principle-of-Computational-Equivalence-Notes.md,16,LIVE_MARKDOWN_REFERENCE,REFERENCED,PENDING,,,,[],NOT_REVIEWED,NOT_APPLICABLE,[],[],,,,
A000331,L001312,BACK-MATTER/NOTES/_page_1205_Figure_3.jpeg,3899f7c45a757c4eb61c2134da5c3134c6e8b51ded28a81eed92361db7062c33,26433,BACK-MATTER/NOTES/12-The-Principle-of-Computational-Equivalence-Notes.md,U008736,BACK-MATTER/NOTES/12-The-Principle-of-Computational-Equivalence-Notes.md,16,LIVE_MARKDOWN_REFERENCE,REFERENCED,PENDING,,,,[],NOT_REVIEWED,NOT_APPLICABLE,[],[],,,,
A000332,L001313,BACK-MATTER/NOTES/_page_1210_Figure_2.jpeg,dc09a5aaf99736b5a52ab7186be6e86dacf0c5d1a933afd64c416a8b543254a2,28091,BACK-MATTER/NOTES/12-The-Principle-of-Computational-Equivalence-Notes.md,U008794,BACK-MATTER/NOTES/12-The-Principle-of-Computational-Equivalence-Notes.md,16,LIVE_MARKDOWN_REFERENCE,REFERENCED,PENDING,,,,[],NOT_REVIEWED,NOT_APPLICABLE,[],[],,,,
A000333,L001314,BACK-MATTER/NOTES/_page_1214_Picture_0.jpeg,b89eb2f2eaf882cab79fd0679ee8fc08067bf8792b660fa6827f377220783eb4,100820,BACK-MATTER/NOTES/12-The-Principle-of-Computational-Equivalence-Notes.md,U008804,BACK-MATTER/NOTES/12-The-Principle-of-Computational-Equivalence-Notes.md,16,LIVE_MARKDOWN_REFERENCE,REFERENCED,PENDING,,,,[],NOT_REVIEWED,NOT_APPLICABLE,[],[],,,,
A000334,L000864,BACK-MATTER/NOTES/_page_866_Picture_8.jpeg,0cd42df471f7440aa4722b5bffff7265263b6c7f19980307677a375ab46fa8eb,311224,BACK-MATTER/NOTES/00-General-Notes.md,U004872,BACK-MATTER/NOTES/00-General-Notes.md,4,LIVE_MARKDOWN_REFERENCE,REFERENCED,PENDING,,,,[],NOT_REVIEWED,NOT_APPLICABLE,[],[],,,,
A000335,L000865,BACK-MATTER/NOTES/_page_880_Picture_17.jpeg,a3eca7eea3e104a19188c22d87ac97d5a2eaca9031d8950638c2c0fc2224cbdf,8306,BACK-MATTER/NOTES/02-The-Crucial-Experiment-Notes.md,U004977,BACK-MATTER/NOTES/02-The-Crucial-Experiment-Notes.md,6,LIVE_MARKDOWN_REFERENCE,REFERENCED,PENDING,,,,[],NOT_REVIEWED,NOT_APPLICABLE,[],[],,,,
A000336,L000867,BACK-MATTER/NOTES/_page_883_Picture_11.jpeg,56a2e56d8cf235711bb53278ab7b711ce117f97cfe3b1023db8c9b2cc095f689,7214,BACK-MATTER/NOTES/02-The-Crucial-Experiment-Notes.md,U005047,BACK-MATTER/NOTES/02-The-Crucial-Experiment-Notes.md,6,LIVE_MARKDOWN_REFERENCE,REFERENCED,PENDING,,,,[],NOT_REVIEWED,NOT_APPLICABLE,[],[],,,,
A000337,L000868,BACK-MATTER/NOTES/_page_883_Picture_14.jpeg,7fd63a162b95af5fe4bf28ed772498b9a37e2351f70842774cd69d31a08d2910,8940,BACK-MATTER/NOTES/02-The-Crucial-Experiment-Notes.md,U005050,BACK-MATTER/NOTES/02-The-Crucial-Experiment-Notes.md,6,LIVE_MARKDOWN_REFERENCE,REFERENCED,PENDING,,,,[],NOT_REVIEWED,NOT_APPLICABLE,[],[],,,,
A000338,L000869,BACK-MATTER/NOTES/_page_883_Picture_16.jpeg,590b5e03c8966fdc863ffe719e6417e55911c3db5e776475b144ca31c220be3c,7958,BACK-MATTER/NOTES/02-The-Crucial-Experiment-Notes.md,U005053,BACK-MATTER/NOTES/02-The-Crucial-Experiment-Notes.md,6,LIVE_MARKDOWN_REFERENCE,REFERENCED,PENDING,,,,[],NOT_REVIEWED,NOT_APPLICABLE,[],[],,,,
A000339,L000870,BACK-MATTER/NOTES/_page_883_Picture_21.jpeg,9b4ca16fa51cfe148efe193a441a6fc3d8d1e421403c85a95c0b20145e412c46,7492,BACK-MATTER/NOTES/02-The-Crucial-Experiment-Notes.md,U005060,BACK-MATTER/NOTES/02-The-Crucial-Experiment-Notes.md,6,LIVE_MARKDOWN_REFERENCE,REFERENCED,PENDING,,,,[],NOT_REVIEWED,NOT_APPLICABLE,[],[],,,,
A000340,L000871,BACK-MATTER/NOTES/_page_883_Picture_23.jpeg,132528352f363e52a20e73e1e8341203126448c0c6c8545eed48626eaddac16c,4478,BACK-MATTER/NOTES/02-The-Crucial-Experiment-Notes.md,U005063,BACK-MATTER/NOTES/02-The-Crucial-Experiment-Notes.md,6,LIVE_MARKDOWN_REFERENCE,REFERENCED,PENDING,,,,[],NOT_REVIEWED,NOT_APPLICABLE,[],[],,,,
A000341,L000872,BACK-MATTER/NOTES/_page_883_Picture_25.jpeg,d53637ce9ec50330d5fa6239b23f48d57b563266a0085a23517d4538020fd5fb,5511,BACK-MATTER/NOTES/02-The-Crucial-Experiment-Notes.md,U005066,BACK-MATTER/NOTES/02-The-Crucial-Experiment-Notes.md,6,LIVE_MARKDOWN_REFERENCE,REFERENCED,PENDING,,,,[],NOT_REVIEWED,NOT_APPLICABLE,[],[],,,,
A000342,L000873,BACK-MATTER/NOTES/_page_883_Picture_28.jpeg,2da239aceec3720e5aeccd5de8898c37fe7e975230814c0b3a8e3dcacbde9096,5342,BACK-MATTER/NOTES/02-The-Crucial-Experiment-Notes.md,U005069,BACK-MATTER/NOTES/02-The-Crucial-Experiment-Notes.md,6,LIVE_MARKDOWN_REFERENCE,REFERENCED,PENDING,,,,[],NOT_REVIEWED,NOT_APPLICABLE,[],[],,,,
A000343,L000874,BACK-MATTER/NOTES/_page_883_Picture_31.jpeg,ca086555513a6d8ba5bcbe92d97af26e55aa899cf629e0ab61d8fa8c71b81586,4370,BACK-MATTER/NOTES/02-The-Crucial-Experiment-Notes.md,U005072,BACK-MATTER/NOTES/02-The-Crucial-Experiment-Notes.md,6,LIVE_MARKDOWN_REFERENCE,REFERENCED,PENDING,,,,[],NOT_REVIEWED,NOT_APPLICABLE,[],[],,,,
A000344,L000875,BACK-MATTER/NOTES/_page_883_Picture_32.jpeg,3acedb131c18307a21a76f249839dc24ad0838672ff715bb23816d1867164830,4243,BACK-MATTER/NOTES/02-The-Crucial-Experiment-Notes.md,U005073,BACK-MATTER/NOTES/02-The-Crucial-Experiment-Notes.md,6,LIVE_MARKDOWN_REFERENCE,REFERENCED,PENDING,,,,[],NOT_REVIEWED,NOT_APPLICABLE,[],[],,,,
A000345,L000876,BACK-MATTER/NOTES/_page_883_Picture_33.jpeg,ab5cc8d4ecaab3970bedea51d269b13bf68f051765a0d98dc3980c6471adafae,4287,BACK-MATTER/NOTES/02-The-Crucial-Experiment-Notes.md,U005074,BACK-MATTER/NOTES/02-The-Crucial-Experiment-Notes.md,6,LIVE_MARKDOWN_REFERENCE,REFERENCED,PENDING,,,,[],NOT_REVIEWED,NOT_APPLICABLE,[],[],,,,
A000346,L000877,BACK-MATTER/NOTES/_page_883_Picture_34.jpeg,ee453b116f28fbd33a87f8d372380b88d334f04164c873f0daf7fdf87425eed1,4514,BACK-MATTER/NOTES/02-The-Crucial-Experiment-Notes.md,U005075,BACK-MATTER/NOTES/02-The-Crucial-Experiment-Notes.md,6,LIVE_MARKDOWN_REFERENCE,REFERENCED,PENDING,,,,[],NOT_REVIEWED,NOT_APPLICABLE,[],[],,,,
A000347,L000878,BACK-MATTER/NOTES/_page_883_Picture_35.jpeg,f13b56a4eab2a216cab3b59670dbac309108d3ffc3c5e16883fdc6c12a235e1f,4793,BACK-MATTER/NOTES/02-The-Crucial-Experiment-Notes.md,U005076,BACK-MATTER/NOTES/02-The-Crucial-Experiment-Notes.md,6,LIVE_MARKDOWN_REFERENCE,REFERENCED,PENDING,,,,[],NOT_REVIEWED,NOT_APPLICABLE,[],[],,,,
A000348,L000866,BACK-MATTER/NOTES/_page_883_Picture_7.jpeg,538d1cef4e66f67b0ddfb38187e1036cca9c4925c26a71aed3d3eefd48e9ebdf,6297,BACK-MATTER/NOTES/02-The-Crucial-Experiment-Notes.md,U005042,BACK-MATTER/NOTES/02-The-Crucial-Experiment-Notes.md,6,LIVE_MARKDOWN_REFERENCE,REFERENCED,PENDING,,,,[],NOT_REVIEWED,NOT_APPLICABLE,[],[],,,,
A000349,L000879,BACK-MATTER/NOTES/_page_884_Figure_30.jpeg,0b46d9fe0de9337a7e2d5aaca5ea73445c601ca52e2a6165adb916b040482e7e,29517,BACK-MATTER/NOTES/02-The-Crucial-Experiment-Notes.md,U005111,BACK-MATTER/NOTES/02-The-Crucial-Experiment-Notes.md,6,LIVE_MARKDOWN_REFERENCE,REFERENCED,PENDING,,,,[],NOT_REVIEWED,NOT_APPLICABLE,[],[],,,,
A000350,L000882,BACK-MATTER/NOTES/_page_885_Picture_12.jpeg,a5c21df00f2f6352b2653959934a029e81775d106517cbd899f692dbf4215f0b,11369,BACK-MATTER/NOTES/02-The-Crucial-Experiment-Notes.md,U005121,BACK-MATTER/NOTES/02-The-Crucial-Experiment-Notes.md,6,LIVE_MARKDOWN_REFERENCE,REFERENCED,PENDING,,,,[],NOT_REVIEWED,NOT_APPLICABLE,[],[],,,,
A000351,L000883,BACK-MATTER/NOTES/_page_885_Picture_13.jpeg,9541c35db9bf499b259fa40f2eee00ffad2eab13092b19c96faaff27bb643b96,11372,BACK-MATTER/NOTES/02-The-Crucial-Experiment-Notes.md,U005122,BACK-MATTER/NOTES/02-The-Crucial-Experiment-Notes.md,6,LIVE_MARKDOWN_REFERENCE,REFERENCED,PENDING,,,,[],NOT_REVIEWED,NOT_APPLICABLE,[],[],,,,
A000352,L000884,BACK-MATTER/NOTES/_page_885_Picture_21.jpeg,5f829c7776b53963e578df5a783553320da171c4e1c4d92c470899ec5bb3e40d,25918,BACK-MATTER/NOTES/02-The-Crucial-Experiment-Notes.md,U005128,BACK-MATTER/NOTES/02-The-Crucial-Experiment-Notes.md,6,LIVE_MARKDOWN_REFERENCE,REFERENCED,PENDING,,,,[],NOT_REVIEWED,NOT_APPLICABLE,[],[],,,,
A000353,L000885,BACK-MATTER/NOTES/_page_885_Picture_23.jpeg,ba46e91fb91ed113e87cf3e14a900ec36c7a5428a3019c23dd2001a57a6f2b1f,7974,BACK-MATTER/NOTES/02-The-Crucial-Experiment-Notes.md,U005130,BACK-MATTER/NOTES/02-The-Crucial-Experiment-Notes.md,6,LIVE_MARKDOWN_REFERENCE,REFERENCED,PENDING,,,,[],NOT_REVIEWED,NOT_APPLICABLE,[],[],,,,
A000354,L000886,BACK-MATTER/NOTES/_page_885_Picture_24.jpeg,5b302ed9d6c9cbee590270c7bdc169b62b554b0e186a94fdb3d1952a69c0f8c5,5507,BACK-MATTER/NOTES/02-The-Crucial-Experiment-Notes.md,U005131,BACK-MATTER/NOTES/02-The-Crucial-Experiment-Notes.md,6,LIVE_MARKDOWN_REFERENCE,REFERENCED,PENDING,,,,[],NOT_REVIEWED,NOT_APPLICABLE,[],[],,,,
A000355,L000887,BACK-MATTER/NOTES/_page_885_Picture_25.jpeg,f5eb9593ba90b4b240dc6990bb0e7204066cc48e81e82b96186029ff866d40da,4057,BACK-MATTER/NOTES/02-The-Crucial-Experiment-Notes.md,U005132,BACK-MATTER/NOTES/02-The-Crucial-Experiment-Notes.md,6,LIVE_MARKDOWN_REFERENCE,REFERENCED,PENDING,,,,[],NOT_REVIEWED,NOT_APPLICABLE,[],[],,,,
A000356,L000888,BACK-MATTER/NOTES/_page_885_Picture_26.jpeg,badba07cc053bdf7f4e5b41d7d90b2b248d8acd75b9728898e10c69a59c7ceec,4999,BACK-MATTER/NOTES/02-The-Crucial-Experiment-Notes.md,U005133,BACK-MATTER/NOTES/02-The-Crucial-Experiment-Notes.md,6,LIVE_MARKDOWN_REFERENCE,REFERENCED,PENDING,,,,[],NOT_REVIEWED,NOT_APPLICABLE,[],[],,,,
A000357,L000880,BACK-MATTER/NOTES/_page_885_inline_black_cell.jpeg,7e29ee2f85b3dd057f3ffe7ffed5ea8c713661d9d14188b505e0690de74b62d1,424,BACK-MATTER/NOTES/02-The-Crucial-Experiment-Notes.md,U005120,BACK-MATTER/NOTES/02-The-Crucial-Experiment-Notes.md,6,LIVE_MARKDOWN_REFERENCE,REFERENCED,PENDING,,,,[],NOT_REVIEWED,NOT_APPLICABLE,[],[],,,,
A000358,L000881,BACK-MATTER/NOTES/_page_885_inline_black_gradient_white_block.jpeg,82f3e89c67e0eb5b91b897847097cdf8d94ae7d592a8f93a71f66679f110c0b1,753,BACK-MATTER/NOTES/02-The-Crucial-Experiment-Notes.md,U005120,BACK-MATTER/NOTES/02-The-Crucial-Experiment-Notes.md,6,LIVE_MARKDOWN_REFERENCE,REFERENCED,PENDING,,,,[],NOT_REVIEWED,NOT_APPLICABLE,[],[],,,,
A000359,L000892,BACK-MATTER/NOTES/_page_886_Figure_12.jpeg,d06fa423d31250c252a3644599aaa184c35988c0b5211f1c8874e29d1e31ead2,12131,BACK-MATTER/NOTES/02-The-Crucial-Experiment-Notes.md,U005143,BACK-MATTER/NOTES/02-The-Crucial-Experiment-Notes.md,6,LIVE_MARKDOWN_REFERENCE,REFERENCED,PENDING,,,,[],NOT_REVIEWED,NOT_APPLICABLE,[],[],,,,
A000360,L000893,BACK-MATTER/NOTES/_page_886_Figure_16.jpeg,5facdfa7eb764ba8e3a9dffeea27f068f789bb3d613d360b95dddecee66756e1,20654,BACK-MATTER/NOTES/02-The-Crucial-Experiment-Notes.md,U005147,BACK-MATTER/NOTES/02-The-Crucial-Experiment-Notes.md,6,LIVE_MARKDOWN_REFERENCE,REFERENCED,PENDING,,,,[],NOT_REVIEWED,NOT_APPLICABLE,[],[],,,,
A000361,L000889,BACK-MATTER/NOTES/_page_886_Picture_4.jpeg,45d3ab5ea64e916b7445da0407bb17b38d490353a607e09527ea563ef3446495,38818,BACK-MATTER/NOTES/02-The-Crucial-Experiment-Notes.md,U005136,BACK-MATTER/NOTES/02-The-Crucial-Experiment-Notes.md,6,LIVE_MARKDOWN_REFERENCE,REFERENCED,PENDING,,,,[],NOT_REVIEWED,NOT_APPLICABLE,[],[],,,,
A000362,L000890,BACK-MATTER/NOTES/_page_886_Picture_6.jpeg,33b3930e1c924c3a9996263f7bca542b37ab51f33fb90df02c08c0c9d38baffc,26739,BACK-MATTER/NOTES/02-The-Crucial-Experiment-Notes.md,U005138,BACK-MATTER/NOTES/02-The-Crucial-Experiment-Notes.md,6,LIVE_MARKDOWN_REFERENCE,REFERENCED,PENDING,,,,[],NOT_REVIEWED,NOT_APPLICABLE,[],[],,,,
A000363,L000891,BACK-MATTER/NOTES/_page_886_Picture_8.jpeg,33edaf885e077c206e3c6f73bf6bd8609d379eed28da577a9f9d7d0c3b056a54,10300,BACK-MATTER/NOTES/02-The-Crucial-Experiment-Notes.md,U005140,BACK-MATTER/NOTES/02-The-Crucial-Experiment-Notes.md,6,LIVE_MARKDOWN_REFERENCE,REFERENCED,PENDING,,,,[],NOT_REVIEWED,NOT_APPLICABLE,[],[],,,,
A000364,L000899,BACK-MATTER/NOTES/_page_888_Picture_12.jpeg,814650d5611f286d6d7c914b6ff9c1a478a971fb4761e819edc9b7b4138ddcf1,4208,BACK-MATTER/NOTES/02-The-Crucial-Experiment-Notes.md,U005180,BACK-MATTER/NOTES/02-The-Crucial-Experiment-Notes.md,6,LIVE_MARKDOWN_REFERENCE,REFERENCED,PENDING,,,,[],NOT_REVIEWED,NOT_APPLICABLE,[],[],,,,
A000365,L000900,BACK-MATTER/NOTES/_page_888_Picture_13.jpeg,296116b2329593a359d361de9160c70b153a04f8c022438ed73428ba517e0ed9,5225,BACK-MATTER/NOTES/02-The-Crucial-Experiment-Notes.md,U005181,BACK-MATTER/NOTES/02-The-Crucial-Experiment-Notes.md,6,LIVE_MARKDOWN_REFERENCE,REFERENCED,PENDING,,,,[],NOT_REVIEWED,NOT_APPLICABLE,[],[],,,,
A000366,L000901,BACK-MATTER/NOTES/_page_888_Picture_14.jpeg,a165c59fce751e55bcf08c3732caba15dd40dcb75bed44d79bd7d5c8ff73f83b,3913,BACK-MATTER/NOTES/02-The-Crucial-Experiment-Notes.md,U005182,BACK-MATTER/NOTES/02-The-Crucial-Experiment-Notes.md,6,LIVE_MARKDOWN_REFERENCE,REFERENCED,PENDING,,,,[],NOT_REVIEWED,NOT_APPLICABLE,[],[],,,,
A000367,L000902,BACK-MATTER/NOTES/_page_888_Picture_15.jpeg,69bd7632780d29a5a45d1254853ecfd9d2fbf9f1780da83ca7064d89461ed0c3,3557,BACK-MATTER/NOTES/02-The-Crucial-Experiment-Notes.md,U005183,BACK-MATTER/NOTES/02-The-Crucial-Experiment-Notes.md,6,LIVE_MARKDOWN_REFERENCE,REFERENCED,PENDING,,,,[],NOT_REVIEWED,NOT_APPLICABLE,[],[],,,,
A000368,L000903,BACK-MATTER/NOTES/_page_888_Picture_17.jpeg,e688d60e977907db4d08cc0a14b92d41abda094c4714250f5074cccb0d1ea00d,4933,BACK-MATTER/NOTES/02-The-Crucial-Experiment-Notes.md,U005185,BACK-MATTER/NOTES/02-The-Crucial-Experiment-Notes.md,6,LIVE_MARKDOWN_REFERENCE,REFERENCED,PENDING,,,,[],NOT_REVIEWED,NOT_APPLICABLE,[],[],,,,
A000369,L000904,BACK-MATTER/NOTES/_page_888_Picture_18.jpeg,e4cefa408a480f2f86003e4358250c5be87ec0b8e898f79ab6047bab23ab4a2b,4947,BACK-MATTER/NOTES/02-The-Crucial-Experiment-Notes.md,U005186,BACK-MATTER/NOTES/02-The-Crucial-Experiment-Notes.md,6,LIVE_MARKDOWN_REFERENCE,REFERENCED,PENDING,,,,[],NOT_REVIEWED,NOT_APPLICABLE,[],[],,,,
A000370,L000905,BACK-MATTER/NOTES/_page_888_Picture_19.jpeg,11e09a51db5328fb401ce7c2299c1d5ea9da30030b6b7dff9e1663beea8c0d3a,6778,BACK-MATTER/NOTES/02-The-Crucial-Experiment-Notes.md,U005187,BACK-MATTER/NOTES/02-The-Crucial-Experiment-Notes.md,6,LIVE_MARKDOWN_REFERENCE,REFERENCED,PENDING,,,,[],NOT_REVIEWED,NOT_APPLICABLE,[],[],,,,
A000371,L000906,BACK-MATTER/NOTES/_page_888_Picture_20.jpeg,7985a2cb312136ba910f3f037c868b7976ee93bd7117d556dda2790e133954ce,6406,BACK-MATTER/NOTES/02-The-Crucial-Experiment-Notes.md,U005188,BACK-MATTER/NOTES/02-The-Crucial-Experiment-Notes.md,6,LIVE_MARKDOWN_REFERENCE,REFERENCED,PENDING,,,,[],NOT_REVIEWED,NOT_APPLICABLE,[],[],,,,
A000372,L000894,BACK-MATTER/NOTES/_page_888_Picture_5.jpeg,bd264b27d227693e8087ffd8a2288136984de6431c08e7ad1ba5945974e231b5,2377,BACK-MATTER/NOTES/02-The-Crucial-Experiment-Notes.md,U005173,BACK-MATTER/NOTES/02-The-Crucial-Experiment-Notes.md,6,LIVE_MARKDOWN_REFERENCE,REFERENCED,PENDING,,,,[],NOT_REVIEWED,NOT_APPLICABLE,[],[],,,,
A000373,L000895,BACK-MATTER/NOTES/_page_888_Picture_6.jpeg,cd06a8d4a3306d56ee610dce9b30ba911a306c045f0b9a237f6e49f5fb3db009,2484,BACK-MATTER/NOTES/02-The-Crucial-Experiment-Notes.md,U005174,BACK-MATTER/NOTES/02-The-Crucial-Experiment-Notes.md,6,LIVE_MARKDOWN_REFERENCE,REFERENCED,PENDING,,,,[],NOT_REVIEWED,NOT_APPLICABLE,[],[],,,,
A000374,L000896,BACK-MATTER/NOTES/_page_888_Picture_7.jpeg,684aa70aa3f9a06f8fcddf7376297f60c98f847c4b30a7df7919297b4f21c469,2882,BACK-MATTER/NOTES/02-The-Crucial-Experiment-Notes.md,U005175,BACK-MATTER/NOTES/02-The-Crucial-Experiment-Notes.md,6,LIVE_MARKDOWN_REFERENCE,REFERENCED,PENDING,,,,[],NOT_REVIEWED,NOT_APPLICABLE,[],[],,,,
A000375,L000897,BACK-MATTER/NOTES/_page_888_Picture_8.jpeg,df590b6917b3814f841ae0e2bfb548f66fdf486e47b092886c897873bd9a48f8,3679,BACK-MATTER/NOTES/02-The-Crucial-Experiment-Notes.md,U005176,BACK-MATTER/NOTES/02-The-Crucial-Experiment-Notes.md,6,LIVE_MARKDOWN_REFERENCE,REFERENCED,PENDING,,,,[],NOT_REVIEWED,NOT_APPLICABLE,[],[],,,,
A000376,L000898,BACK-MATTER/NOTES/_page_888_Picture_9.jpeg,f94d6a72846a62e3283e3babadb7eb4cac2f2928dda5e174b7d70fd37f8562df,4232,BACK-MATTER/NOTES/02-The-Crucial-Experiment-Notes.md,U005177,BACK-MATTER/NOTES/02-The-Crucial-Experiment-Notes.md,6,LIVE_MARKDOWN_REFERENCE,REFERENCED,PENDING,,,,[],NOT_REVIEWED,NOT_APPLICABLE,[],[],,,,
A000377,L000913,BACK-MATTER/NOTES/_page_889_Picture_10.jpeg,06dc90dc21ccfe363cc61f92ade199a5529e30f5e00a8e4ccf8d0343b2fa01df,9073,BACK-MATTER/NOTES/02-The-Crucial-Experiment-Notes.md,U005201,BACK-MATTER/NOTES/02-The-Crucial-Experiment-Notes.md,6,LIVE_MARKDOWN_REFERENCE,REFERENCED,PENDING,,,,[],NOT_REVIEWED,NOT_APPLICABLE,[],[],,,,
A000378,L000914,BACK-MATTER/NOTES/_page_889_Picture_11.jpeg,aeb6d1bc9b123e03dbf93783b0df6bdfebada68c65d4355a80025d1722ac6900,10233,BACK-MATTER/NOTES/02-The-Crucial-Experiment-Notes.md,U005202,BACK-MATTER/NOTES/02-The-Crucial-Experiment-Notes.md,6,LIVE_MARKDOWN_REFERENCE,REFERENCED,PENDING,,,,[],NOT_REVIEWED,NOT_APPLICABLE,[],[],,,,
A000379,L000915,BACK-MATTER/NOTES/_page_889_Picture_19.jpeg,1becc30455a49adc4804802d05f90649089f41770c1561d68f2f4697bd7db8db,9933,BACK-MATTER/NOTES/02-The-Crucial-Experiment-Notes.md,U005210,BACK-MATTER/NOTES/02-The-Crucial-Experiment-Notes.md,6,LIVE_MARKDOWN_REFERENCE,REFERENCED,PENDING,,,,[],NOT_REVIEWED,NOT_APPLICABLE,[],[],,,,
A000380,L000916,BACK-MATTER/NOTES/_page_889_Picture_20.jpeg,393057f96db8e6848e7ec5e5d397079387da3bed6d90c71218d8f6f5b1db7e10,19082,BACK-MATTER/NOTES/02-The-Crucial-Experiment-Notes.md,U005211,BACK-MATTER/NOTES/02-The-Crucial-Experiment-Notes.md,6,LIVE_MARKDOWN_REFERENCE,REFERENCED,PENDING,,,,[],NOT_REVIEWED,NOT_APPLICABLE,[],[],,,,
A000381,L000917,BACK-MATTER/NOTES/_page_889_Picture_21.jpeg,b2d650e71de8aa1a1fff000ac6ea37fd3aa97ba24f7c132aee15f0935371d5be,12556,BACK-MATTER/NOTES/02-The-Crucial-Experiment-Notes.md,U005212,BACK-MATTER/NOTES/02-The-Crucial-Experiment-Notes.md,6,LIVE_MARKDOWN_REFERENCE,REFERENCED,PENDING,,,,[],NOT_REVIEWED,NOT_APPLICABLE,[],[],,,,
A000382,L000907,BACK-MATTER/NOTES/_page_889_Picture_3.jpeg,ea2a303cd0f697b087c2cd7918c0d5dcb694c82a17356da922909d9da798347d,3899,BACK-MATTER/NOTES/02-The-Crucial-Experiment-Notes.md,U005194,BACK-MATTER/NOTES/02-The-Crucial-Experiment-Notes.md,6,LIVE_MARKDOWN_REFERENCE,REFERENCED,PENDING,,,,[],NOT_REVIEWED,NOT_APPLICABLE,[],[],,,,
A000383,L000908,BACK-MATTER/NOTES/_page_889_Picture_4.jpeg,47d5991de08952bd0b82cfdc2188427e347b27ae7eb464a5a93b81733cd9bb4e,2809,BACK-MATTER/NOTES/02-The-Crucial-Experiment-Notes.md,U005195,BACK-MATTER/NOTES/02-The-Crucial-Experiment-Notes.md,6,LIVE_MARKDOWN_REFERENCE,REFERENCED,PENDING,,,,[],NOT_REVIEWED,NOT_APPLICABLE,[],[],,,,
A000384,L000909,BACK-MATTER/NOTES/_page_889_Picture_5.jpeg,430f9f249930d3f3132bdd64d5cc734219ef69d7fd88d0fba5b19c5b929bc658,5443,BACK-MATTER/NOTES/02-The-Crucial-Experiment-Notes.md,U005196,BACK-MATTER/NOTES/02-The-Crucial-Experiment-Notes.md,6,LIVE_MARKDOWN_REFERENCE,REFERENCED,PENDING,,,,[],NOT_REVIEWED,NOT_APPLICABLE,[],[],,,,
A000385,L000910,BACK-MATTER/NOTES/_page_889_Picture_6.jpeg,b81a750fab1412780ad01444c1da5f8001568ee05af8a975ef5aff77321e182f,5564,BACK-MATTER/NOTES/02-The-Crucial-Experiment-Notes.md,U005197,BACK-MATTER/NOTES/02-The-Crucial-Experiment-Notes.md,6,LIVE_MARKDOWN_REFERENCE,REFERENCED,PENDING,,,,[],NOT_REVIEWED,NOT_APPLICABLE,[],[],,,,
A000386,L000911,BACK-MATTER/NOTES/_page_889_Picture_7.jpeg,8c15a2bd8960edc3bd336370ffd8560be88ccba86200c4d1d1d5a565f45d731c,3108,BACK-MATTER/NOTES/02-The-Crucial-Experiment-Notes.md,U005198,BACK-MATTER/NOTES/02-The-Crucial-Experiment-Notes.md,6,LIVE_MARKDOWN_REFERENCE,REFERENCED,PENDING,,,,[],NOT_REVIEWED,NOT_APPLICABLE,[],[],,,,
A000387,L000912,BACK-MATTER/NOTES/_page_889_Picture_9.jpeg,df6ab17488a6d81a98c040ad651949391d66952216018363e2cfeaa41bd7c91f,10591,BACK-MATTER/NOTES/02-The-Crucial-Experiment-Notes.md,U005200,BACK-MATTER/NOTES/02-The-Crucial-Experiment-Notes.md,6,LIVE_MARKDOWN_REFERENCE,REFERENCED,PENDING,,,,[],NOT_REVIEWED,NOT_APPLICABLE,[],[],,,,
A000388,L000918,BACK-MATTER/NOTES/_page_893_Figure_6.jpeg,a50b4e7b01c3697b44cc262be5a2e218c92336e2ead2021240aaf1df6a6450df,8774,BACK-MATTER/NOTES/02-The-Crucial-Experiment-Notes.md,U005240,BACK-MATTER/NOTES/02-The-Crucial-Experiment-Notes.md,6,LIVE_MARKDOWN_REFERENCE,REFERENCED,PENDING,,,,[],NOT_REVIEWED,NOT_APPLICABLE,[],[],,,,
A000389,L000919,BACK-MATTER/NOTES/_page_897_Picture_19.jpeg,2cedbff5433363c86786feea8804c95229179daf455f07ee8071d6345223894b,37091,BACK-MATTER/NOTES/02-The-Crucial-Experiment-Notes.md,U005317,BACK-MATTER/NOTES/02-The-Crucial-Experiment-Notes.md,6,LIVE_MARKDOWN_REFERENCE,REFERENCED,PENDING,,,,[],NOT_REVIEWED,NOT_APPLICABLE,[],[],,,,
A000390,L000920,BACK-MATTER/NOTES/_page_897_Picture_20.jpeg,5d2d9922f0c867a9a4be9809e31a1f6a8e76d7eba0b7aaf8120abc89468984d7,130191,BACK-MATTER/NOTES/02-The-Crucial-Experiment-Notes.md,U005318,BACK-MATTER/NOTES/02-The-Crucial-Experiment-Notes.md,6,LIVE_MARKDOWN_REFERENCE,REFERENCED,PENDING,,,,[],NOT_REVIEWED,NOT_APPLICABLE,[],[],,,,
A000391,L000921,BACK-MATTER/NOTES/_page_898_Picture_8.jpeg,243e9c966fb2cbba13168318664eba2307e577da3c1f356297658ee5081634a4,232644,BACK-MATTER/NOTES/03-The-World-of-Simple-Programs-Notes.md,U005323,BACK-MATTER/NOTES/03-The-World-of-Simple-Programs-Notes.md,7,LIVE_MARKDOWN_REFERENCE,REFERENCED,PENDING,,,,[],NOT_REVIEWED,NOT_APPLICABLE,[],[],,,,
A000392,L000922,BACK-MATTER/NOTES/_page_900_Picture_25.jpeg,e0cf5e246c73b1f15959a2f5b6ee6ae749cd2958e9182f2de65664712cafd4c2,11974,BACK-MATTER/NOTES/03-The-World-of-Simple-Programs-Notes.md,U005350,BACK-MATTER/NOTES/03-The-World-of-Simple-Programs-Notes.md,7,LIVE_MARKDOWN_REFERENCE,REFERENCED,PENDING,,,,[],NOT_REVIEWED,NOT_APPLICABLE,[],[],,,,
A000393,L000923,BACK-MATTER/NOTES/_page_900_Picture_26.jpeg,5c3c724b015abde431661e69084ee90b300aa1b37e8a8cd17db029f4b59d16da,14199,BACK-MATTER/NOTES/03-The-World-of-Simple-Programs-Notes.md,U005351,BACK-MATTER/NOTES/03-The-World-of-Simple-Programs-Notes.md,7,LIVE_MARKDOWN_REFERENCE,REFERENCED,PENDING,,,,[],NOT_REVIEWED,NOT_APPLICABLE,[],[],,,,
A000394,L000924,BACK-MATTER/NOTES/_page_900_Picture_28.jpeg,4ac37031fb35c40bb9b115fd4569e117eb6f57ec749ced8b186a7704e3c89b5b,10048,BACK-MATTER/NOTES/03-The-World-of-Simple-Programs-Notes.md,U005353,BACK-MATTER/NOTES/03-The-World-of-Simple-Programs-Notes.md,7,LIVE_MARKDOWN_REFERENCE,REFERENCED,PENDING,,,,[],NOT_REVIEWED,NOT_APPLICABLE,[],[],,,,
A000395,L000925,BACK-MATTER/NOTES/_page_900_Picture_29.jpeg,04faffe3d1a88ab979a3cc19ef0001983c94524544bc57630dadfa9267ed293e,8498,BACK-MATTER/NOTES/03-The-World-of-Simple-Programs-Notes.md,U005354,BACK-MATTER/NOTES/03-The-World-of-Simple-Programs-Notes.md,7,LIVE_MARKDOWN_REFERENCE,REFERENCED,PENDING,,,,[],NOT_REVIEWED,NOT_APPLICABLE,[],[],,,,
A000396,L000926,BACK-MATTER/NOTES/_page_900_Picture_30.jpeg,f4a0d22f63ebdf63dc88a5cb26b17904224e0f9dca2bce223d9226935ea4cd09,9320,BACK-MATTER/NOTES/03-The-World-of-Simple-Programs-Notes.md,U005355,BACK-MATTER/NOTES/03-The-World-of-Simple-Programs-Notes.md,7,LIVE_MARKDOWN_REFERENCE,REFERENCED,PENDING,,,,[],NOT_REVIEWED,NOT_APPLICABLE,[],[],,,,
A000397,L000927,BACK-MATTER/NOTES/_page_901_Picture_1.jpeg,79b4865d140b6a5423470473b27978700fe0fe613070bdd489bdaa39bb52006d,45046,BACK-MATTER/NOTES/03-The-World-of-Simple-Programs-Notes.md,U005357,BACK-MATTER/NOTES/03-The-World-of-Simple-Programs-Notes.md,7,LIVE_MARKDOWN_REFERENCE,REFERENCED,PENDING,,,,[],NOT_REVIEWED,NOT_APPLICABLE,[],[],,,,
A000398,L000928,BACK-MATTER/NOTES/_page_901_Picture_21.jpeg,9970881f01a1cf838ce70c41cdb5d00fa3a2f95bb46c4ffc5d08930213782e92,6647,BACK-MATTER/NOTES/03-The-World-of-Simple-Programs-Notes.md,U005377,BACK-MATTER/NOTES/03-The-World-of-Simple-Programs-Notes.md,7,LIVE_MARKDOWN_REFERENCE,REFERENCED,PENDING,,,,[],NOT_REVIEWED,NOT_APPLICABLE,[],[],,,,
A000399,L000929,BACK-MATTER/NOTES/_page_901_Picture_22.jpeg,8083fbb063dc669cff7a19b8590416e00fde46b1cac3e18373838bacd30823f5,6905,BACK-MATTER/NOTES/03-The-World-of-Simple-Programs-Notes.md,U005378,BACK-MATTER/NOTES/03-The-World-of-Simple-Programs-Notes.md,7,LIVE_MARKDOWN_REFERENCE,REFERENCED,PENDING,,,,[],NOT_REVIEWED,NOT_APPLICABLE,[],[],,,,
A000400,L000930,BACK-MATTER/NOTES/_page_901_Picture_23.jpeg,f57bafe7355721355be3c9155d9552005326f0a816daec972cbaef0a05d81e2b,6589,BACK-MATTER/NOTES/03-The-World-of-Simple-Programs-Notes.md,U005379,BACK-MATTER/NOTES/03-The-World-of-Simple-Programs-Notes.md,7,LIVE_MARKDOWN_REFERENCE,REFERENCED,PENDING,,,,[],NOT_REVIEWED,NOT_APPLICABLE,[],[],,,,
A000401,L000931,BACK-MATTER/NOTES/_page_901_Picture_25.jpeg,cdb05ec99d447a32ebf199f051d62760b12865f7f822bad3558e786b9a198d15,8112,BACK-MATTER/NOTES/03-The-World-of-Simple-Programs-Notes.md,U005381,BACK-MATTER/NOTES/03-The-World-of-Simple-Programs-Notes.md,7,LIVE_MARKDOWN_REFERENCE,REFERENCED,PENDING,,,,[],NOT_REVIEWED,NOT_APPLICABLE,[],[],,,,
A000402,L000932,BACK-MATTER/NOTES/_page_901_Picture_26.jpeg,6bd81aaa26e4772953b8e25cb274f4131591a70944965e08034f001665dd20cd,9998,BACK-MATTER/NOTES/03-The-World-of-Simple-Programs-Notes.md,U005382,BACK-MATTER/NOTES/03-The-World-of-Simple-Programs-Notes.md,7,LIVE_MARKDOWN_REFERENCE,REFERENCED,PENDING,,,,[],NOT_REVIEWED,NOT_APPLICABLE,[],[],,,,
A000403,L000933,BACK-MATTER/NOTES/_page_901_Picture_27.jpeg,f4571d1b8bfaf9b126b51b3d8f32a566727763d602e975678be292510075d792,8084,BACK-MATTER/NOTES/03-The-World-of-Simple-Programs-Notes.md,U005383,BACK-MATTER/NOTES/03-The-World-of-Simple-Programs-Notes.md,7,LIVE_MARKDOWN_REFERENCE,REFERENCED,PENDING,,,,[],NOT_REVIEWED,NOT_APPLICABLE,[],[],,,,
A000404,L000934,BACK-MATTER/NOTES/_page_902_Figure_20.jpeg,dd5d80ae1b93d7d0fe21f68a28a16bbf8566239b9a1be292d78e2a0c4bfbcfff,5282,BACK-MATTER/NOTES/03-The-World-of-Simple-Programs-Notes.md,U005402,BACK-MATTER/NOTES/03-The-World-of-Simple-Programs-Notes.md,7,LIVE_MARKDOWN_REFERENCE,REFERENCED,PENDING,,,,[],NOT_REVIEWED,NOT_APPLICABLE,[],[],,,,
A000405,L000935,BACK-MATTER/NOTES/_page_902_Figure_21.jpeg,f40ba31c790ec12917ffb6c1a59472abef67cdfef63421ed05e3e679918e40e3,4420,BACK-MATTER/NOTES/03-The-World-of-Simple-Programs-Notes.md,U005403,BACK-MATTER/NOTES/03-The-World-of-Simple-Programs-Notes.md,7,LIVE_MARKDOWN_REFERENCE,REFERENCED,PENDING,,,,[],NOT_REVIEWED,NOT_APPLICABLE,[],[],,,,
A000406,L000936,BACK-MATTER/NOTES/_page_902_Figure_23.jpeg,bf1bb17ad099e01baaeba739c2d839f5d46bc8b7ff4f67b8f5c5df652071e50f,50729,BACK-MATTER/NOTES/03-The-World-of-Simple-Programs-Notes.md,U005405,BACK-MATTER/NOTES/03-The-World-of-Simple-Programs-Notes.md,7,LIVE_MARKDOWN_REFERENCE,REFERENCED,PENDING,,,,[],NOT_REVIEWED,NOT_APPLICABLE,[],[],,,,
A000407,,BACK-MATTER/NOTES/_page_902_Figure_24.jpeg,a90fc4be6ed8bcf6f4fbf151fb764540e039d6900b24c2398b7a15e3370be264,10897,,,BACK-MATTER/NOTES/03-The-World-of-Simple-Programs-Notes.md,7,UNIQUE_DIRECTORY_PAGE_RANGE,UNREFERENCED_PHYSICAL,PENDING,,,,[],NOT_REVIEWED,NOT_APPLICABLE,[],[],,,,
A000408,L000937,BACK-MATTER/NOTES/_page_903_Figure_20.jpeg,9387c0db2aa20b81aadaa545459639c66f11b9ef21fd6f61c365db198d6c0340,20834,BACK-MATTER/NOTES/03-The-World-of-Simple-Programs-Notes.md,U005426,BACK-MATTER/NOTES/03-The-World-of-Simple-Programs-Notes.md,7,LIVE_MARKDOWN_REFERENCE,REFERENCED,PENDING,,,,[],NOT_REVIEWED,NOT_APPLICABLE,[],[],,,,
A000409,L000938,BACK-MATTER/NOTES/_page_903_Figure_22.jpeg,c2f3090d2fc6698015892d9ac38506f33593cd8bb4e568838badcdcadd4c4273,12656,BACK-MATTER/NOTES/03-The-World-of-Simple-Programs-Notes.md,U005428,BACK-MATTER/NOTES/03-The-World-of-Simple-Programs-Notes.md,7,LIVE_MARKDOWN_REFERENCE,REFERENCED,PENDING,,,,[],NOT_REVIEWED,NOT_APPLICABLE,[],[],,,,
A000410,L000948,BACK-MATTER/NOTES/_page_904_Figure_18.jpeg,34b7dab7b782718dbc3f2dbcea6fb756b9e5d4fd74258f82fb4719aa74fe19a0,8316,BACK-MATTER/NOTES/03-The-World-of-Simple-Programs-Notes.md,U005444,BACK-MATTER/NOTES/03-The-World-of-Simple-Programs-Notes.md,7,LIVE_MARKDOWN_REFERENCE,REFERENCED,PENDING,,,,[],NOT_REVIEWED,NOT_APPLICABLE,[],[],,,,
A000411,L000946,BACK-MATTER/NOTES/_page_904_Picture_16.jpeg,b9cc787b5966f299b5719002a0dbf6f31c3762dcf8b85c0b6335703fa9176bbe,11638,BACK-MATTER/NOTES/03-The-World-of-Simple-Programs-Notes.md,U005442,BACK-MATTER/NOTES/03-The-World-of-Simple-Programs-Notes.md,7,LIVE_MARKDOWN_REFERENCE,REFERENCED,PENDING,,,,[],NOT_REVIEWED,NOT_APPLICABLE,[],[],,,,
A000412,L000947,BACK-MATTER/NOTES/_page_904_Picture_17.jpeg,9091ff5343a7fb682fcaca27ef2425a307dbf70922fb11757c5fd4e5b50f5ef5,4939,BACK-MATTER/NOTES/03-The-World-of-Simple-Programs-Notes.md,U005443,BACK-MATTER/NOTES/03-The-World-of-Simple-Programs-Notes.md,7,LIVE_MARKDOWN_REFERENCE,REFERENCED,PENDING,,,,[],NOT_REVIEWED,NOT_APPLICABLE,[],[],,,,
A000413,L000939,BACK-MATTER/NOTES/_page_904_Picture_3.jpeg,d5f2fdeb0de3ca337e8f205261d6ad30fdb72ed44dda21f3f67cec7854cefc84,2578,BACK-MATTER/NOTES/03-The-World-of-Simple-Programs-Notes.md,U005430,BACK-MATTER/NOTES/03-The-World-of-Simple-Programs-Notes.md,7,LIVE_MARKDOWN_REFERENCE,REFERENCED,PENDING,,,,[],NOT_REVIEWED,NOT_APPLICABLE,[],[],,,,
A000414,L000940,BACK-MATTER/NOTES/_page_904_Picture_4.jpeg,aed4fa7ac46b54918243be08d7eb32f208da8610627678586f1a21557de5a3d0,2084,BACK-MATTER/NOTES/03-The-World-of-Simple-Programs-Notes.md,U005431,BACK-MATTER/NOTES/03-The-World-of-Simple-Programs-Notes.md,7,LIVE_MARKDOWN_REFERENCE,REFERENCED,PENDING,,,,[],NOT_REVIEWED,NOT_APPLICABLE,[],[],,,,
A000415,L000941,BACK-MATTER/NOTES/_page_904_Picture_5.jpeg,86f8c12cca9b402442938b5637dc5a57d0c01b4d5e910e6d2a15d22b02f60a51,2868,BACK-MATTER/NOTES/03-The-World-of-Simple-Programs-Notes.md,U005432,BACK-MATTER/NOTES/03-The-World-of-Simple-Programs-Notes.md,7,LIVE_MARKDOWN_REFERENCE,REFERENCED,PENDING,,,,[],NOT_REVIEWED,NOT_APPLICABLE,[],[],,,,
A000416,L000942,BACK-MATTER/NOTES/_page_904_Picture_6.jpeg,d831eb0bab2405932476002ef7191ba02c89661dde2c1d4a2b6293fa1830e672,3098,BACK-MATTER/NOTES/03-The-World-of-Simple-Programs-Notes.md,U005433,BACK-MATTER/NOTES/03-The-World-of-Simple-Programs-Notes.md,7,LIVE_MARKDOWN_REFERENCE,REFERENCED,PENDING,,,,[],NOT_REVIEWED,NOT_APPLICABLE,[],[],,,,
A000417,L000943,BACK-MATTER/NOTES/_page_904_Picture_7.jpeg,855d89edd9fd3afaef0f4c63c336fcc7eeba28e1a0a9de23b65fd83e0f628e6d,2893,BACK-MATTER/NOTES/03-The-World-of-Simple-Programs-Notes.md,U005434,BACK-MATTER/NOTES/03-The-World-of-Simple-Programs-Notes.md,7,LIVE_MARKDOWN_REFERENCE,REFERENCED,PENDING,,,,[],NOT_REVIEWED,NOT_APPLICABLE,[],[],,,,
A000418,L000944,BACK-MATTER/NOTES/_page_904_busy_beaver_2_3_4_state_rules.jpeg,0d68816552ccc8411015066f174b2c949ac3235d8f3c8d654023ba0063a9df10,9590,BACK-MATTER/NOTES/03-The-World-of-Simple-Programs-Notes.md,U005438,BACK-MATTER/NOTES/03-The-World-of-Simple-Programs-Notes.md,7,LIVE_MARKDOWN_REFERENCE,REFERENCED,PENDING,,,,[],NOT_REVIEWED,NOT_APPLICABLE,[],[],,,,
A000419,L000945,BACK-MATTER/NOTES/_page_904_busy_beaver_5_state_rule.jpeg,c5056019f2e46743c213c169115fb23ebd31820e809d77b404a0e5d770a1a532,5663,BACK-MATTER/NOTES/03-The-World-of-Simple-Programs-Notes.md,U005440,BACK-MATTER/NOTES/03-The-World-of-Simple-Programs-Notes.md,7,LIVE_MARKDOWN_REFERENCE,REFERENCED,PENDING,,,,[],NOT_REVIEWED,NOT_APPLICABLE,[],[],,,,
A000420,L000949,BACK-MATTER/NOTES/_page_905_Figure_8.jpeg,bd43ac642a5d338a35e51c2fab04af4180a1b09bbc7b41a875ca4c7549fc8bb1,8803,BACK-MATTER/NOTES/03-The-World-of-Simple-Programs-Notes.md,U005467,BACK-MATTER/NOTES/03-The-World-of-Simple-Programs-Notes.md,7,LIVE_MARKDOWN_REFERENCE,REFERENCED,PENDING,,,,[],NOT_REVIEWED,NOT_APPLICABLE,[],[],,,,
A000421,L000950,BACK-MATTER/NOTES/_page_906_Figure_6.jpeg,1c3aa3a416fd2adb8262b2c9f116ff78829432de4c5ade94f8e907e804be48b6,12423,BACK-MATTER/NOTES/03-The-World-of-Simple-Programs-Notes.md,U005487,BACK-MATTER/NOTES/03-The-World-of-Simple-Programs-Notes.md,7,LIVE_MARKDOWN_REFERENCE,REFERENCED,PENDING,,,,[],NOT_REVIEWED,NOT_APPLICABLE,[],[],,,,
A000422,L000951,BACK-MATTER/NOTES/_page_906_golden_ratio_rectangle.jpeg,df3fbefb0c73072e67d51128740c17f6e8d961428733d85cb2945f210c37a1eb,284,BACK-MATTER/NOTES/03-The-World-of-Simple-Programs-Notes.md,U005491,BACK-MATTER/NOTES/03-The-World-of-Simple-Programs-Notes.md,7,LIVE_MARKDOWN_REFERENCE,REFERENCED,PENDING,,,,[],NOT_REVIEWED,NOT_APPLICABLE,[],[],,,,
A000423,L000956,BACK-MATTER/NOTES/_page_907_Figure_13.jpeg,2a6a6bb1dc231534e290f865dac682069023db032b5a6db140a82e999c9ef7d4,20340,BACK-MATTER/NOTES/03-The-World-of-Simple-Programs-Notes.md,U005518,BACK-MATTER/NOTES/03-The-World-of-Simple-Programs-Notes.md,7,LIVE_MARKDOWN_REFERENCE,REFERENCED,PENDING,,,,[],NOT_REVIEWED,NOT_APPLICABLE,[],[],,,,
A000424,L000955,BACK-MATTER/NOTES/_page_907_Picture_11.jpeg,d872ecadfd8634e0c0d04470f06c9d67478f128a59232c3027addb14065e667f,6926,BACK-MATTER/NOTES/03-The-World-of-Simple-Programs-Notes.md,U005516,BACK-MATTER/NOTES/03-The-World-of-Simple-Programs-Notes.md,7,LIVE_MARKDOWN_REFERENCE,REFERENCED,PENDING,,,,[],NOT_REVIEWED,NOT_APPLICABLE,[],[],,,,
A000425,L000953,BACK-MATTER/NOTES/_page_907_Picture_7.jpeg,031d7e4d33e502132e1e376503199f796da46362e2a4512893adc0da2ee5f33e,22010,BACK-MATTER/NOTES/03-The-World-of-Simple-Programs-Notes.md,U005512,BACK-MATTER/NOTES/03-The-World-of-Simple-Programs-Notes.md,7,LIVE_MARKDOWN_REFERENCE,REFERENCED,PENDING,,,,[],NOT_REVIEWED,NOT_APPLICABLE,[],[],,,,
A000426,L000954,BACK-MATTER/NOTES/_page_907_Picture_9.jpeg,3dba7f51cc2f39d4ee628d5f675fd4e60b50b35aee97305603bd19468fd3a1cf,24272,BACK-MATTER/NOTES/03-The-World-of-Simple-Programs-Notes.md,U005514,BACK-MATTER/NOTES/03-The-World-of-Simple-Programs-Notes.md,7,LIVE_MARKDOWN_REFERENCE,REFERENCED,PENDING,,,,[],NOT_REVIEWED,NOT_APPLICABLE,[],[],,,,
A000427,L000952,BACK-MATTER/NOTES/_page_907_rule_b_path_evolution.jpeg,9a241506acce41bd966cf6decec3cadb114055e6bb2c95095b59f4f4612b8ecf,14100,BACK-MATTER/NOTES/03-The-World-of-Simple-Programs-Notes.md,U005510,BACK-MATTER/NOTES/03-The-World-of-Simple-Programs-Notes.md,7,LIVE_MARKDOWN_REFERENCE,REFERENCED,PENDING,,,,[],NOT_REVIEWED,NOT_APPLICABLE,[],[],,,,
A000428,L000957,BACK-MATTER/NOTES/_page_910_cyclic_tag_trough.jpeg,6033f545fd714b37508ae0b58ace40575efaed71c3c83485acc2121b524d9473,6194,BACK-MATTER/NOTES/03-The-World-of-Simple-Programs-Notes.md,U005569,BACK-MATTER/NOTES/03-The-World-of-Simple-Programs-Notes.md,7,LIVE_MARKDOWN_REFERENCE,REFERENCED,PENDING,,,,[],NOT_REVIEWED,NOT_APPLICABLE,[],[],,,,
A000429,L000958,BACK-MATTER/NOTES/_page_911_symbolic_representation_table.jpeg,7918291950df26d248d8eafe42caadd7e50e2bc478ab7b7ba81bfe1c4da3e8df,29919,BACK-MATTER/NOTES/03-The-World-of-Simple-Programs-Notes.md,U005592,BACK-MATTER/NOTES/03-The-World-of-Simple-Programs-Notes.md,7,LIVE_MARKDOWN_REFERENCE,REFERENCED,PENDING,,,,[],NOT_REVIEWED,NOT_APPLICABLE,[],[],,,,
A000430,L000959,BACK-MATTER/NOTES/_page_912_Figure_15.jpeg,c2f9a1a9433d9fec3717cd204ad47a6e4964d0f93271d35e27502d162dcd11db,13739,BACK-MATTER/NOTES/03-The-World-of-Simple-Programs-Notes.md,U005608,BACK-MATTER/NOTES/03-The-World-of-Simple-Programs-Notes.md,7,LIVE_MARKDOWN_REFERENCE,REFERENCED,PENDING,,,,[],NOT_REVIEWED,NOT_APPLICABLE,[],[],,,,
A000431,L000960,BACK-MATTER/NOTES/_page_912_Figure_19.jpeg,1e3246025aa9edf7336d59b83bf9b190d406808f348a70fec74d7222f8ecae05,13096,BACK-MATTER/NOTES/03-The-World-of-Simple-Programs-Notes.md,U005612,BACK-MATTER/NOTES/03-The-World-of-Simple-Programs-Notes.md,7,LIVE_MARKDOWN_REFERENCE,REFERENCED,PENDING,,,,[],NOT_REVIEWED,NOT_APPLICABLE,[],[],,,,
A000432,L000961,BACK-MATTER/NOTES/_page_912_Figure_21.jpeg,53d2a5712d0e4e3d05c9678d6ef0e70ab5cda78ae7cc26e631e802c566f0e5e4,13815,BACK-MATTER/NOTES/03-The-World-of-Simple-Programs-Notes.md,U005614,BACK-MATTER/NOTES/03-The-World-of-Simple-Programs-Notes.md,7,LIVE_MARKDOWN_REFERENCE,REFERENCED,PENDING,,,,[],NOT_REVIEWED,NOT_APPLICABLE,[],[],,,,
A000433,L000964,BACK-MATTER/NOTES/_page_913_Picture_10.jpeg,52b68a37ba15c0b2a797ec1dc7a28bb05ceeec76275f172b116b9e8b3cc4e574,36621,BACK-MATTER/NOTES/03-The-World-of-Simple-Programs-Notes.md,U005626,BACK-MATTER/NOTES/03-The-World-of-Simple-Programs-Notes.md,7,LIVE_MARKDOWN_REFERENCE,REFERENCED,PENDING,,,,[],NOT_REVIEWED,NOT_APPLICABLE,[],[],,,,
A000434,L000965,BACK-MATTER/NOTES/_page_913_Picture_11.jpeg,df33c9f0d00ee279585b8a708770beaaec7a90cea60eeda35ef4a29f4a411a5c,35861,BACK-MATTER/NOTES/03-The-World-of-Simple-Programs-Notes.md,U005628,BACK-MATTER/NOTES/03-The-World-of-Simple-Programs-Notes.md,7,LIVE_MARKDOWN_REFERENCE,REFERENCED,PENDING,,,,[],NOT_REVIEWED,NOT_APPLICABLE,[],[],,,,
A000435,L000962,BACK-MATTER/NOTES/_page_913_Picture_8.jpeg,628575ed404f9e6946fc004b0c5d99960977b52365094465337fd8bed3cf8ab0,34525,BACK-MATTER/NOTES/03-The-World-of-Simple-Programs-Notes.md,U005622,BACK-MATTER/NOTES/03-The-World-of-Simple-Programs-Notes.md,7,LIVE_MARKDOWN_REFERENCE,REFERENCED,PENDING,,,,[],NOT_REVIEWED,NOT_APPLICABLE,[],[],,,,
A000436,L000963,BACK-MATTER/NOTES/_page_913_Picture_9.jpeg,e330316cb9781c070f3da53aa1a4146f232dd6d79eebb5755838b26ea3898277,34790,BACK-MATTER/NOTES/03-The-World-of-Simple-Programs-Notes.md,U005624,BACK-MATTER/NOTES/03-The-World-of-Simple-Programs-Notes.md,7,LIVE_MARKDOWN_REFERENCE,REFERENCED,PENDING,,,,[],NOT_REVIEWED,NOT_APPLICABLE,[],[],,,,
A000437,L000966,BACK-MATTER/NOTES/_page_916_Figure_12.jpeg,96edfc6a58c171c735a75ec87f9d54f90135d953af15bd814c5206fb999a9d79,16342,BACK-MATTER/NOTES/04-Systems-Based-on-Numbers-Notes.md,U005650,BACK-MATTER/NOTES/04-Systems-Based-on-Numbers-Notes.md,8,LIVE_MARKDOWN_REFERENCE,REFERENCED,PENDING,,,,[],NOT_REVIEWED,NOT_APPLICABLE,[],[],,,,
A000438,L000967,BACK-MATTER/NOTES/_page_917_Figure_9.jpeg,5bee4ad516f029c69379729146666151c5215f790386350c104e6e35d9a691ad,13761,BACK-MATTER/NOTES/04-Systems-Based-on-Numbers-Notes.md,U005661,BACK-MATTER/NOTES/04-Systems-Based-on-Numbers-Notes.md,8,LIVE_MARKDOWN_REFERENCE,REFERENCED,PENDING,,,,[],NOT_REVIEWED,NOT_APPLICABLE,[],[],,,,
A000439,L000968,BACK-MATTER/NOTES/_page_917_Picture_11.jpeg,9d98da9314261068e9616f51b2f2ade3aca8497bc346e576de4c3efeccf7d214,9004,BACK-MATTER/NOTES/04-Systems-Based-on-Numbers-Notes.md,U005663,BACK-MATTER/NOTES/04-Systems-Based-on-Numbers-Notes.md,8,LIVE_MARKDOWN_REFERENCE,REFERENCED,PENDING,,,,[],NOT_REVIEWED,NOT_APPLICABLE,[],[],,,,
A000440,L000971,BACK-MATTER/NOTES/_page_918_Figure_16.jpeg,063be8f26ae1d13f7c97292b30d845cc67552027aef4964c99f4e44d9254fae6,29780,BACK-MATTER/NOTES/04-Systems-Based-on-Numbers-Notes.md,U005679,BACK-MATTER/NOTES/04-Systems-Based-on-Numbers-Notes.md,8,LIVE_MARKDOWN_REFERENCE,REFERENCED,PENDING,,,,[],NOT_REVIEWED,NOT_APPLICABLE,[],[],,,,
A000441,L000969,BACK-MATTER/NOTES/_page_918_Figure_2.jpeg,537e2542e9042a89760407db9f1526688b62a081faa2a43487023d1c9de14ba7,12033,BACK-MATTER/NOTES/04-Systems-Based-on-Numbers-Notes.md,U005666,BACK-MATTER/NOTES/04-Systems-Based-on-Numbers-Notes.md,8,LIVE_MARKDOWN_REFERENCE,REFERENCED,PENDING,,,,[],NOT_REVIEWED,NOT_APPLICABLE,[],[],,,,
A000442,L000970,BACK-MATTER/NOTES/_page_918_Figure_4.jpeg,1e3c487aad78076111c6dedaa943af6e3b1bc2858bd2c3b45e3adccbd90682e9,14303,BACK-MATTER/NOTES/04-Systems-Based-on-Numbers-Notes.md,U005668,BACK-MATTER/NOTES/04-Systems-Based-on-Numbers-Notes.md,8,LIVE_MARKDOWN_REFERENCE,REFERENCED,PENDING,,,,[],NOT_REVIEWED,NOT_APPLICABLE,[],[],,,,
A000443,L000972,BACK-MATTER/NOTES/_page_919_Figure_10.jpeg,54a3e611eebc4f35590c6265304589ea84fe3e8e04bb935379bf530df6760e4c,37752,BACK-MATTER/NOTES/04-Systems-Based-on-Numbers-Notes.md,U005695,BACK-MATTER/NOTES/04-Systems-Based-on-Numbers-Notes.md,8,LIVE_MARKDOWN_REFERENCE,REFERENCED,PENDING,,,,[],NOT_REVIEWED,NOT_APPLICABLE,[],[],,,,
A000444,L000974,BACK-MATTER/NOTES/_page_920_Figure_12.jpeg,806545c68cad4830840650728e14b07bbab6a6de84eca6c95e83e1422f0d768a,13166,BACK-MATTER/NOTES/04-Systems-Based-on-Numbers-Notes.md,U005710,BACK-MATTER/NOTES/04-Systems-Based-on-Numbers-Notes.md,8,LIVE_MARKDOWN_REFERENCE,REFERENCED,PENDING,,,,[],NOT_REVIEWED,NOT_APPLICABLE,[],[],,,,
A000445,L000976,BACK-MATTER/NOTES/_page_920_Figure_30.jpeg,8e8c22a2c52e54c3d5ab4ae00b12f84e862a1264a532e2f35266b29b5a6d3ba0,10024,BACK-MATTER/NOTES/04-Systems-Based-on-Numbers-Notes.md,U005724,BACK-MATTER/NOTES/04-Systems-Based-on-Numbers-Notes.md,8,LIVE_MARKDOWN_REFERENCE,REFERENCED,PENDING,,,,[],NOT_REVIEWED,NOT_APPLICABLE,[],[],,,,
A000446,L000973,BACK-MATTER/NOTES/_page_920_Figure_8.jpeg,99b72bc69f8a8badf8665097268dc8e021fbb53f8ae9c94de7eaeb4071179e71,8897,BACK-MATTER/NOTES/04-Systems-Based-on-Numbers-Notes.md,U005706,BACK-MATTER/NOTES/04-Systems-Based-on-Numbers-Notes.md,8,LIVE_MARKDOWN_REFERENCE,REFERENCED,PENDING,,,,[],NOT_REVIEWED,NOT_APPLICABLE,[],[],,,,
A000447,,BACK-MATTER/NOTES/_page_920_Picture_20.jpeg,2029134c9db04ce2aff0d1659a3c8a349080c727e32232e8d678111a62de4de9,6689,,,BACK-MATTER/NOTES/04-Systems-Based-on-Numbers-Notes.md,8,UNIQUE_DIRECTORY_PAGE_RANGE,UNREFERENCED_PHYSICAL,PENDING,,,,[],NOT_REVIEWED,NOT_APPLICABLE,[],[],,,,
A000448,,BACK-MATTER/NOTES/_page_920_Picture_21.jpeg,f13f46847832eb97ca2665867c4dda09101f8f7f7448348961d702fe7fe14305,13053,,,BACK-MATTER/NOTES/04-Systems-Based-on-Numbers-Notes.md,8,UNIQUE_DIRECTORY_PAGE_RANGE,UNREFERENCED_PHYSICAL,PENDING,,,,[],NOT_REVIEWED,NOT_APPLICABLE,[],[],,,,
A000449,,BACK-MATTER/NOTES/_page_920_Picture_22.jpeg,5d85f1c33422576a95048a3e57e4ed1d97fb5466cd174916921fbb0b153164b1,12353,,,BACK-MATTER/NOTES/04-Systems-Based-on-Numbers-Notes.md,8,UNIQUE_DIRECTORY_PAGE_RANGE,UNREFERENCED_PHYSICAL,PENDING,,,,[],NOT_REVIEWED,NOT_APPLICABLE,[],[],,,,
A000450,L000975,BACK-MATTER/NOTES/_page_920_digit_reversal_three_panel_row.jpeg,ddca9aa140a931d288af0e1a608f966d2237cd22ad6cbd8633e49421e19a394c,303144,BACK-MATTER/NOTES/04-Systems-Based-on-Numbers-Notes.md,U005716,BACK-MATTER/NOTES/04-Systems-Based-on-Numbers-Notes.md,8,LIVE_MARKDOWN_REFERENCE,REFERENCED,PENDING,,,,[],NOT_REVIEWED,NOT_APPLICABLE,[],[],,,,
A000451,,BACK-MATTER/NOTES/_page_921_Picture_3.jpeg,985e5d74ae6c0bbf6f3beb1554345c0af51c848889f0305de416ef093bd70481,2657,,,BACK-MATTER/NOTES/04-Systems-Based-on-Numbers-Notes.md,8,UNIQUE_DIRECTORY_PAGE_RANGE,UNREFERENCED_PHYSICAL,PENDING,,,,[],NOT_REVIEWED,NOT_APPLICABLE,[],[],,,,
A000452,,BACK-MATTER/NOTES/_page_921_Picture_4.jpeg,d9da05f6d43e78e6cb16a0ea451d8204e2f4320aaccdfe6ef2b9b157daa6749e,2980,,,BACK-MATTER/NOTES/04-Systems-Based-on-Numbers-Notes.md,8,UNIQUE_DIRECTORY_PAGE_RANGE,UNREFERENCED_PHYSICAL,PENDING,,,,[],NOT_REVIEWED,NOT_APPLICABLE,[],[],,,,
A000453,,BACK-MATTER/NOTES/_page_921_Picture_5.jpeg,5e308a461a3d1852a69750c906d5a46a0b94e264696fff6209ca414e43c58068,3791,,,BACK-MATTER/NOTES/04-Systems-Based-on-Numbers-Notes.md,8,UNIQUE_DIRECTORY_PAGE_RANGE,UNREFERENCED_PHYSICAL,PENDING,,,,[],NOT_REVIEWED,NOT_APPLICABLE,[],[],,,,
A000454,,BACK-MATTER/NOTES/_page_921_Picture_6.jpeg,b0eca5ac7ce927db9edb42807573b5a63ee9c9420a733782609612234cc565eb,3249,,,BACK-MATTER/NOTES/04-Systems-Based-on-Numbers-Notes.md,8,UNIQUE_DIRECTORY_PAGE_RANGE,UNREFERENCED_PHYSICAL,PENDING,,,,[],NOT_REVIEWED,NOT_APPLICABLE,[],[],,,,
A000455,,BACK-MATTER/NOTES/_page_921_Picture_7.jpeg,5ed00f75d880eb9a2d3aa47132e1d560a5f2997f7f7292d309b7146532adca15,2324,,,BACK-MATTER/NOTES/04-Systems-Based-on-Numbers-Notes.md,8,UNIQUE_DIRECTORY_PAGE_RANGE,UNREFERENCED_PHYSICAL,PENDING,,,,[],NOT_REVIEWED,NOT_APPLICABLE,[],[],,,,
A000456,L000977,BACK-MATTER/NOTES/_page_921_iterated_bitwise_operations_six_panel_row.jpeg,916b5e32245602e09f6bd8a1a5f1619e7475066c9e37052641c3a2b424edd7d1,139212,BACK-MATTER/NOTES/04-Systems-Based-on-Numbers-Notes.md,U005726,BACK-MATTER/NOTES/04-Systems-Based-on-Numbers-Notes.md,8,LIVE_MARKDOWN_REFERENCE,REFERENCED,PENDING,,,,[],NOT_REVIEWED,NOT_APPLICABLE,[],[],,,,
A000457,L000978,BACK-MATTER/NOTES/_page_922_Figure_2.jpeg,8d1179a70a1aad8edf0ead0c676b8b02409257a086490f0dfb3901c6090c4b01,21890,BACK-MATTER/NOTES/04-Systems-Based-on-Numbers-Notes.md,U005759,BACK-MATTER/NOTES/04-Systems-Based-on-Numbers-Notes.md,8,LIVE_MARKDOWN_REFERENCE,REFERENCED,PENDING,,,,[],NOT_REVIEWED,NOT_APPLICABLE,[],[],,,,
A000458,L000979,BACK-MATTER/NOTES/_page_923_Figure_10.jpeg,133dccf7a75edfb851d03a4d00222c947cc4933aabc1cf7ea8f7ecb5cc463e53,9981,BACK-MATTER/NOTES/04-Systems-Based-on-Numbers-Notes.md,U005788,BACK-MATTER/NOTES/04-Systems-Based-on-Numbers-Notes.md,8,LIVE_MARKDOWN_REFERENCE,REFERENCED,PENDING,,,,[],NOT_REVIEWED,NOT_APPLICABLE,[],[],,,,
A000459,L000980,BACK-MATTER/NOTES/_page_923_Figure_12.jpeg,63ffe598605bc10b8c82e4412033e9f04cece4be0073a4319600348206dfe6e1,13234,BACK-MATTER/NOTES/04-Systems-Based-on-Numbers-Notes.md,U005790,BACK-MATTER/NOTES/04-Systems-Based-on-Numbers-Notes.md,8,LIVE_MARKDOWN_REFERENCE,REFERENCED,PENDING,,,,[],NOT_REVIEWED,NOT_APPLICABLE,[],[],,,,
A000460,L000981,BACK-MATTER/NOTES/_page_923_Figure_17.jpeg,b9556755f0a0a47c70699e18f5fc1e880ecd5a29c78014d010142b6ba248e05f,9684,BACK-MATTER/NOTES/04-Systems-Based-on-Numbers-Notes.md,U005794,BACK-MATTER/NOTES/04-Systems-Based-on-Numbers-Notes.md,8,LIVE_MARKDOWN_REFERENCE,REFERENCED,PENDING,,,,[],NOT_REVIEWED,NOT_APPLICABLE,[],[],,,,
A000461,L000982,BACK-MATTER/NOTES/_page_923_Figure_21.jpeg,d5f1729767f4379de49c08cb2508f5ce08e35fee6f28028e39e82a249f6fd160,9807,BACK-MATTER/NOTES/04-Systems-Based-on-Numbers-Notes.md,U005799,BACK-MATTER/NOTES/04-Systems-Based-on-Numbers-Notes.md,8,LIVE_MARKDOWN_REFERENCE,REFERENCED,PENDING,,,,[],NOT_REVIEWED,NOT_APPLICABLE,[],[],,,,
A000462,L000983,BACK-MATTER/NOTES/_page_924_Figure_7.jpeg,20095cb7dec40223b10d064bc0dc6292994c0b0b9b93c5cd27807a8f55a87112,21100,BACK-MATTER/NOTES/04-Systems-Based-on-Numbers-Notes.md,U005806,BACK-MATTER/NOTES/04-Systems-Based-on-Numbers-Notes.md,8,LIVE_MARKDOWN_REFERENCE,REFERENCED,PENDING,,,,[],NOT_REVIEWED,NOT_APPLICABLE,[],[],,,,
A000463,,BACK-MATTER/NOTES/_page_924_Picture_10.jpeg,536d8832324d5eb4d3b2ef54c6a54251706c0ebbef766fc53315c775be9aacc2,10591,,,BACK-MATTER/NOTES/04-Systems-Based-on-Numbers-Notes.md,8,UNIQUE_DIRECTORY_PAGE_RANGE,UNREFERENCED_PHYSICAL,PENDING,,,,[],NOT_REVIEWED,NOT_APPLICABLE,[],[],,,,
A000464,,BACK-MATTER/NOTES/_page_924_Picture_11.jpeg,285d2ef13165f574725da47367bb555f5db5b25a951889aa7eaa52b15cb5237a,7748,,,BACK-MATTER/NOTES/04-Systems-Based-on-Numbers-Notes.md,8,UNIQUE_DIRECTORY_PAGE_RANGE,UNREFERENCED_PHYSICAL,PENDING,,,,[],NOT_REVIEWED,NOT_APPLICABLE,[],[],,,,
A000465,L000984,BACK-MATTER/NOTES/_page_924_divisors_two_panel_row.jpeg,23f79c952ced337631dd2ec6f1a89d728657990b6d995cf7c919e320ddd4177b,159234,BACK-MATTER/NOTES/04-Systems-Based-on-Numbers-Notes.md,U005809,BACK-MATTER/NOTES/04-Systems-Based-on-Numbers-Notes.md,8,LIVE_MARKDOWN_REFERENCE,REFERENCED,PENDING,,,,[],NOT_REVIEWED,NOT_APPLICABLE,[],[],,,,
A000466,L000986,BACK-MATTER/NOTES/_page_926_Figure_11.jpeg,db633cbd179ac85379839ee6a9ca57d795758fa5ba91c1421fa73050a50c27e2,12752,BACK-MATTER/NOTES/04-Systems-Based-on-Numbers-Notes.md,U005831,BACK-MATTER/NOTES/04-Systems-Based-on-Numbers-Notes.md,8,LIVE_MARKDOWN_REFERENCE,REFERENCED,PENDING,,,,[],NOT_REVIEWED,NOT_APPLICABLE,[],[],,,,
A000467,L000987,BACK-MATTER/NOTES/_page_926_Figure_14.jpeg,d46dfaffe665ce852110f1e98054e1c25e2d8defd9b54c0f4273c7ab25ea79fa,7898,BACK-MATTER/NOTES/04-Systems-Based-on-Numbers-Notes.md,U005834,BACK-MATTER/NOTES/04-Systems-Based-on-Numbers-Notes.md,8,LIVE_MARKDOWN_REFERENCE,REFERENCED,PENDING,,,,[],NOT_REVIEWED,NOT_APPLICABLE,[],[],,,,
A000468,L000985,BACK-MATTER/NOTES/_page_926_Figure_9.jpeg,a7acc28868a8d96c486723d2624134df46a01fa862f07d0578554f7e352b2a0e,14689,BACK-MATTER/NOTES/04-Systems-Based-on-Numbers-Notes.md,U005829,BACK-MATTER/NOTES/04-Systems-Based-on-Numbers-Notes.md,8,LIVE_MARKDOWN_REFERENCE,REFERENCED,PENDING,,,,[],NOT_REVIEWED,NOT_APPLICABLE,[],[],,,,
A000469,L000988,BACK-MATTER/NOTES/_page_927_Figure_14.jpeg,8b72b409f1dcf50a971e51ebf9ba6827eb28d17d7fad4aa157e39a4ea71a6a8f,68967,BACK-MATTER/NOTES/04-Systems-Based-on-Numbers-Notes.md,U005853,BACK-MATTER/NOTES/04-Systems-Based-on-Numbers-Notes.md,8,LIVE_MARKDOWN_REFERENCE,REFERENCED,PENDING,,,,[],NOT_REVIEWED,NOT_APPLICABLE,[],[],,,,
A000470,L000990,BACK-MATTER/NOTES/_page_928_Figure_11.jpeg,1cc65d82eb4cfead5603b65fc1154aad1339ec38057c56a3ccd1abef38faaac0,9524,BACK-MATTER/NOTES/04-Systems-Based-on-Numbers-Notes.md,U005870,BACK-MATTER/NOTES/04-Systems-Based-on-Numbers-Notes.md,8,LIVE_MARKDOWN_REFERENCE,REFERENCED,PENDING,,,,[],NOT_REVIEWED,NOT_APPLICABLE,[],[],,,,
A000471,L000991,BACK-MATTER/NOTES/_page_928_Figure_13.jpeg,4d4b8af0951fbdaa13c573b937a3f91e084d0abcba3fd7669a5066dff2463261,10809,BACK-MATTER/NOTES/04-Systems-Based-on-Numbers-Notes.md,U005872,BACK-MATTER/NOTES/04-Systems-Based-on-Numbers-Notes.md,8,LIVE_MARKDOWN_REFERENCE,REFERENCED,PENDING,,,,[],NOT_REVIEWED,NOT_APPLICABLE,[],[],,,,
A000472,L000992,BACK-MATTER/NOTES/_page_928_Figure_22.jpeg,b3c8078954ef3cfcf77d64192c8efadc33a3debc66b4341acea74445932c05f8,11104,BACK-MATTER/NOTES/04-Systems-Based-on-Numbers-Notes.md,U005882,BACK-MATTER/NOTES/04-Systems-Based-on-Numbers-Notes.md,8,LIVE_MARKDOWN_REFERENCE,REFERENCED,PENDING,,,,[],NOT_REVIEWED,NOT_APPLICABLE,[],[],,,,
A000473,L000989,BACK-MATTER/NOTES/_page_928_Figure_9.jpeg,ab7f30102a14fec2439ebcf44b8d93cc8d3c015a284cc2d6ce8b1d5b26de4742,28539,BACK-MATTER/NOTES/04-Systems-Based-on-Numbers-Notes.md,U005868,BACK-MATTER/NOTES/04-Systems-Based-on-Numbers-Notes.md,8,LIVE_MARKDOWN_REFERENCE,REFERENCED,PENDING,,,,[],NOT_REVIEWED,NOT_APPLICABLE,[],[],,,,
A000474,,BACK-MATTER/NOTES/_page_929_Picture_11.jpeg,0c99889c7a16af4d386f7d247e4d0c4ce5ca2d5ce99666f51111ff034779383f,2967,,,BACK-MATTER/NOTES/04-Systems-Based-on-Numbers-Notes.md,8,UNIQUE_DIRECTORY_PAGE_RANGE,UNREFERENCED_PHYSICAL,PENDING,,,,[],NOT_REVIEWED,NOT_APPLICABLE,[],[],,,,
A000475,,BACK-MATTER/NOTES/_page_929_Picture_12.jpeg,13c357f3159570913ad6dd4b30417b36654bade4a3e7f301484341f4a89694d9,3987,,,BACK-MATTER/NOTES/04-Systems-Based-on-Numbers-Notes.md,8,UNIQUE_DIRECTORY_PAGE_RANGE,UNREFERENCED_PHYSICAL,PENDING,,,,[],NOT_REVIEWED,NOT_APPLICABLE,[],[],,,,
A000476,,BACK-MATTER/NOTES/_page_929_Picture_13.jpeg,a1a0b24aed2df1092057f7841e57f568ac2016faba8b301dc9affb09db633e5a,4752,,,BACK-MATTER/NOTES/04-Systems-Based-on-Numbers-Notes.md,8,UNIQUE_DIRECTORY_PAGE_RANGE,UNREFERENCED_PHYSICAL,PENDING,,,,[],NOT_REVIEWED,NOT_APPLICABLE,[],[],,,,
A000477,,BACK-MATTER/NOTES/_page_929_Picture_14.jpeg,808c58449cea98ef7dea79ade9e9162c65fb22f5f9476df5d14104b2693dd6e5,6592,,,BACK-MATTER/NOTES/04-Systems-Based-on-Numbers-Notes.md,8,UNIQUE_DIRECTORY_PAGE_RANGE,UNREFERENCED_PHYSICAL,PENDING,,,,[],NOT_REVIEWED,NOT_APPLICABLE,[],[],,,,
A000478,,BACK-MATTER/NOTES/_page_929_Picture_15.jpeg,f2b1839afe868e8b5b2e9d780a6df14f61c07df42bd18de856b115f39f6b91c0,5255,,,BACK-MATTER/NOTES/04-Systems-Based-on-Numbers-Notes.md,8,UNIQUE_DIRECTORY_PAGE_RANGE,UNREFERENCED_PHYSICAL,PENDING,,,,[],NOT_REVIEWED,NOT_APPLICABLE,[],[],,,,
A000479,,BACK-MATTER/NOTES/_page_929_Picture_16.jpeg,aa1c0d4ebcaa304421297a3a05811f8b2b21b332fa6048937ac066a059941765,5278,,,BACK-MATTER/NOTES/04-Systems-Based-on-Numbers-Notes.md,8,UNIQUE_DIRECTORY_PAGE_RANGE,UNREFERENCED_PHYSICAL,PENDING,,,,[],NOT_REVIEWED,NOT_APPLICABLE,[],[],,,,
A000480,L000993,BACK-MATTER/NOTES/_page_929_continued_fraction_iterates_six_panel_row.jpeg,4dcaa9580be68835447b36758c80e72bc05031349ad98e8bd802de71b321ff68,342981,BACK-MATTER/NOTES/04-Systems-Based-on-Numbers-Notes.md,U005892,BACK-MATTER/NOTES/04-Systems-Based-on-Numbers-Notes.md,8,LIVE_MARKDOWN_REFERENCE,REFERENCED,PENDING,,,,[],NOT_REVIEWED,NOT_APPLICABLE,[],[],,,,
A000481,L000995,BACK-MATTER/NOTES/_page_930_Figure_10.jpeg,508a0c6d93dfd7445f132c3146629c57715ba1224b9731d4538bfc4c8abb95cc,26576,BACK-MATTER/NOTES/04-Systems-Based-on-Numbers-Notes.md,U005911,BACK-MATTER/NOTES/04-Systems-Based-on-Numbers-Notes.md,8,LIVE_MARKDOWN_REFERENCE,REFERENCED,PENDING,,,,[],NOT_REVIEWED,NOT_APPLICABLE,[],[],,,,
A000482,L000996,BACK-MATTER/NOTES/_page_930_Picture_12.jpeg,894ff4a528fdc5b9c8e8e5646089dbf05d07c64461a4b665af153dbfce8c27b2,10158,BACK-MATTER/NOTES/04-Systems-Based-on-Numbers-Notes.md,U005913,BACK-MATTER/NOTES/04-Systems-Based-on-Numbers-Notes.md,8,LIVE_MARKDOWN_REFERENCE,REFERENCED,PENDING,,,,[],NOT_REVIEWED,NOT_APPLICABLE,[],[],,,,
A000483,L000997,BACK-MATTER/NOTES/_page_930_Picture_14.jpeg,ab3e169d6da3c1586da8832d62d83f31d03ef7382813442968ac3dbbc0e6eab0,7138,BACK-MATTER/NOTES/04-Systems-Based-on-Numbers-Notes.md,U005915,BACK-MATTER/NOTES/04-Systems-Based-on-Numbers-Notes.md,8,LIVE_MARKDOWN_REFERENCE,REFERENCED,PENDING,,,,[],NOT_REVIEWED,NOT_APPLICABLE,[],[],,,,
A000484,L000994,BACK-MATTER/NOTES/_page_930_Picture_4.jpeg,e2763e60cefa158f9c67d8d32363ed8fa2432ffe4d632e4fe70e0c5b29f7807c,8601,BACK-MATTER/NOTES/04-Systems-Based-on-Numbers-Notes.md,U005904,BACK-MATTER/NOTES/04-Systems-Based-on-Numbers-Notes.md,8,LIVE_MARKDOWN_REFERENCE,REFERENCED,PENDING,,,,[],NOT_REVIEWED,NOT_APPLICABLE,[],[],,,,
A000485,,BACK-MATTER/NOTES/_page_931_Figure_10.jpeg,2282818d058f61cf1e511c3a87d944bdabdd49c95a76a82e158f5dcc9007338c,6840,,,BACK-MATTER/NOTES/04-Systems-Based-on-Numbers-Notes.md,8,UNIQUE_DIRECTORY_PAGE_RANGE,UNREFERENCED_PHYSICAL,PENDING,,,,[],NOT_REVIEWED,NOT_APPLICABLE,[],[],,,,
A000486,,BACK-MATTER/NOTES/_page_931_Figure_11.jpeg,e80bdf6b9e562f086ce6efb205dce5dd6a3200d383971e3883cda4dc74eabbb2,5429,,,BACK-MATTER/NOTES/04-Systems-Based-on-Numbers-Notes.md,8,UNIQUE_DIRECTORY_PAGE_RANGE,UNREFERENCED_PHYSICAL,PENDING,,,,[],NOT_REVIEWED,NOT_APPLICABLE,[],[],,,,
A000487,,BACK-MATTER/NOTES/_page_931_Figure_12.jpeg,d4cd35ac79902f539674d4114bba8bd7a12a1674ef334903028ebcd9f1a260e8,6192,,,BACK-MATTER/NOTES/04-Systems-Based-on-Numbers-Notes.md,8,UNIQUE_DIRECTORY_PAGE_RANGE,UNREFERENCED_PHYSICAL,PENDING,,,,[],NOT_REVIEWED,NOT_APPLICABLE,[],[],,,,
A000488,,BACK-MATTER/NOTES/_page_931_Figure_13.jpeg,66c9d76cf184c965d21af617adbf5c87b8a6d88632494eb5be39b46386dc5b95,3562,,,BACK-MATTER/NOTES/04-Systems-Based-on-Numbers-Notes.md,8,UNIQUE_DIRECTORY_PAGE_RANGE,UNREFERENCED_PHYSICAL,PENDING,,,,[],NOT_REVIEWED,NOT_APPLICABLE,[],[],,,,
A000489,L000999,BACK-MATTER/NOTES/_page_931_Figure_17.jpeg,50b5d23c00d10b064ed4c26b03944ba2e793bdf3dd30d367d9314b273e58ec07,31696,BACK-MATTER/NOTES/04-Systems-Based-on-Numbers-Notes.md,U005929,BACK-MATTER/NOTES/04-Systems-Based-on-Numbers-Notes.md,8,LIVE_MARKDOWN_REFERENCE,REFERENCED,PENDING,,,,[],NOT_REVIEWED,NOT_APPLICABLE,[],[],,,,
A000490,,BACK-MATTER/NOTES/_page_931_Figure_9.jpeg,bb11803238dda52fd8f63a292f7f2d96a4d7a75cfdbfe159cb190ff64916d0ca,6165,,,BACK-MATTER/NOTES/04-Systems-Based-on-Numbers-Notes.md,8,UNIQUE_DIRECTORY_PAGE_RANGE,UNREFERENCED_PHYSICAL,PENDING,,,,[],NOT_REVIEWED,NOT_APPLICABLE,[],[],,,,
A000491,L000998,BACK-MATTER/NOTES/_page_931_digital_slope_five_panel_row.jpeg,4c59262db498f8279d18d2c0e38c27d38a26d89684bed07b1c05c4d3e8ad9894,172220,BACK-MATTER/NOTES/04-Systems-Based-on-Numbers-Notes.md,U005926,BACK-MATTER/NOTES/04-Systems-Based-on-Numbers-Notes.md,8,LIVE_MARKDOWN_REFERENCE,REFERENCED,PENDING,,,,[],NOT_REVIEWED,NOT_APPLICABLE,[],[],,,,
A000492,L001001,BACK-MATTER/NOTES/_page_932_Figure_12.jpeg,93775e8c29085edca1f612d86f9a4df2529d07ae577472fc4a616b95edec06e0,20617,BACK-MATTER/NOTES/04-Systems-Based-on-Numbers-Notes.md,U005939,BACK-MATTER/NOTES/04-Systems-Based-on-Numbers-Notes.md,8,LIVE_MARKDOWN_REFERENCE,REFERENCED,PENDING,,,,[],NOT_REVIEWED,NOT_APPLICABLE,[],[],,,,
A000493,,BACK-MATTER/NOTES/_page_932_Figure_16.jpeg,8c6560d0ef0a383c49163c8d166165e3e42df3cbd8b5fa507ba6ec33786e1e3d,5044,,,BACK-MATTER/NOTES/04-Systems-Based-on-Numbers-Notes.md,8,UNIQUE_DIRECTORY_PAGE_RANGE,UNREFERENCED_PHYSICAL,PENDING,,,,[],NOT_REVIEWED,NOT_APPLICABLE,[],[],,,,
A000494,L001004,BACK-MATTER/NOTES/_page_932_Figure_20.jpeg,7c09373aca26faa2aa83dbf9f78a63764ba23fb91f89826466058a22175b7085,9656,BACK-MATTER/NOTES/04-Systems-Based-on-Numbers-Notes.md,U005947,BACK-MATTER/NOTES/04-Systems-Based-on-Numbers-Notes.md,8,LIVE_MARKDOWN_REFERENCE,REFERENCED,PENDING,,,,[],NOT_REVIEWED,NOT_APPLICABLE,[],[],,,,
A000495,L001000,BACK-MATTER/NOTES/_page_932_Figure_6.jpeg,9882322b9ccf3b74542b76a719a3a8862c63e896b75e55792a68a8ea812978bf,16896,BACK-MATTER/NOTES/04-Systems-Based-on-Numbers-Notes.md,U005936,BACK-MATTER/NOTES/04-Systems-Based-on-Numbers-Notes.md,8,LIVE_MARKDOWN_REFERENCE,REFERENCED,PENDING,,,,[],NOT_REVIEWED,NOT_APPLICABLE,[],[],,,,
A000496,,BACK-MATTER/NOTES/_page_932_Picture_15.jpeg,03e8f1c0c52fefe9567f2457b58c55b5f9875f214d973d887a1a00028a7d11f6,5015,,,BACK-MATTER/NOTES/04-Systems-Based-on-Numbers-Notes.md,8,UNIQUE_DIRECTORY_PAGE_RANGE,UNREFERENCED_PHYSICAL,PENDING,,,,[],NOT_REVIEWED,NOT_APPLICABLE,[],[],,,,
A000497,L001002,BACK-MATTER/NOTES/_page_932_three_sine_functions_lower_contour.jpeg,5b3e50512f0fb99832d992f99aea88f3465101ee0c8a8a813b9f709d8f913424,280246,BACK-MATTER/NOTES/04-Systems-Based-on-Numbers-Notes.md,U005940,BACK-MATTER/NOTES/04-Systems-Based-on-Numbers-Notes.md,8,LIVE_MARKDOWN_REFERENCE,REFERENCED,PENDING,,,,[],NOT_REVIEWED,NOT_APPLICABLE,[],[],,,,
A000498,L001003,BACK-MATTER/NOTES/_page_932_zero_spacing_two_panel_row.jpeg,30c07f2c1b5570b3925cdebeb91f819274f07d1863c65b72673935ed36ac8fd4,76753,BACK-MATTER/NOTES/04-Systems-Based-on-Numbers-Notes.md,U005942,BACK-MATTER/NOTES/04-Systems-Based-on-Numbers-Notes.md,8,LIVE_MARKDOWN_REFERENCE,REFERENCED,PENDING,,,,[],NOT_REVIEWED,NOT_APPLICABLE,[],[],,,,
A000499,L001005,BACK-MATTER/NOTES/_page_933_Figure_3.jpeg,d4b2db7fc6334bb39845e30ae47c901d630f68c13a5c0c500a5175e3c78da6f1,9829,BACK-MATTER/NOTES/04-Systems-Based-on-Numbers-Notes.md,U005951,BACK-MATTER/NOTES/04-Systems-Based-on-Numbers-Notes.md,8,LIVE_MARKDOWN_REFERENCE,REFERENCED,PENDING,,,,[],NOT_REVIEWED,NOT_APPLICABLE,[],[],,,,
A000500,L001006,BACK-MATTER/NOTES/_page_933_Figure_5.jpeg,430b3d6fd1302429d93134a3bb2fa4ed38473c16ef83325dcae459978e1d2e47,12510,BACK-MATTER/NOTES/04-Systems-Based-on-Numbers-Notes.md,U005953,BACK-MATTER/NOTES/04-Systems-Based-on-Numbers-Notes.md,8,LIVE_MARKDOWN_REFERENCE,REFERENCED,PENDING,,,,[],NOT_REVIEWED,NOT_APPLICABLE,[],[],,,,
A000501,L001007,BACK-MATTER/NOTES/_page_933_Figure_7.jpeg,c66bce1e15f169047cd8752917168f705b88c7742c5d78fa1a2fa8b61867fc1c,11660,BACK-MATTER/NOTES/04-Systems-Based-on-Numbers-Notes.md,U005955,BACK-MATTER/NOTES/04-Systems-Based-on-Numbers-Notes.md,8,LIVE_MARKDOWN_REFERENCE,REFERENCED,PENDING,,,,[],NOT_REVIEWED,NOT_APPLICABLE,[],[],,,,
A000502,L001008,BACK-MATTER/NOTES/_page_934_Picture_17.jpeg,d0389c0e10c82574f7cf7f499b59920fc94d1dc3a43292d94e450b25b8d59ddc,37920,BACK-MATTER/NOTES/04-Systems-Based-on-Numbers-Notes.md,U005979,BACK-MATTER/NOTES/04-Systems-Based-on-Numbers-Notes.md,8,LIVE_MARKDOWN_REFERENCE,REFERENCED,PENDING,,,,[],NOT_REVIEWED,NOT_APPLICABLE,[],[],,,,
A000503,L001009,BACK-MATTER/NOTES/_page_935_Picture_3.jpeg,cee09ed248e1877b550e88d4bab09132b85ad0e848dbae037c69fb16c470d3a0,54057,BACK-MATTER/NOTES/04-Systems-Based-on-Numbers-Notes.md,U005982,BACK-MATTER/NOTES/04-Systems-Based-on-Numbers-Notes.md,8,LIVE_MARKDOWN_REFERENCE,REFERENCED,PENDING,,,,[],NOT_REVIEWED,NOT_APPLICABLE,[],[],,,,
A000504,L001010,BACK-MATTER/NOTES/_page_936_Picture_3.jpeg,d41132b549fc172dabb26e4d2a97ef13f0f04a9b9f413cf2fa49ce6d90727f94,40172,BACK-MATTER/NOTES/04-Systems-Based-on-Numbers-Notes.md,U005992,BACK-MATTER/NOTES/04-Systems-Based-on-Numbers-Notes.md,8,LIVE_MARKDOWN_REFERENCE,REFERENCED,PENDING,,,,[],NOT_REVIEWED,NOT_APPLICABLE,[],[],,,,
A000505,,BACK-MATTER/NOTES/_page_937_Picture_3.jpeg,52fdb59e6b6dbd8cc6a076da5e04b20cbec39d85e9cc894f9397f5dae460c6f1,59149,,,BACK-MATTER/NOTES/04-Systems-Based-on-Numbers-Notes.md,8,UNIQUE_DIRECTORY_PAGE_RANGE,UNREFERENCED_PHYSICAL,PENDING,,,,[],NOT_REVIEWED,NOT_APPLICABLE,[],[],,,,
A000506,L001012,BACK-MATTER/NOTES/_page_937_Picture_8.jpeg,e1443f6b4aee358dad09728c67919c6ead43d3a8c583e8ff63c78b458e647ec7,23933,BACK-MATTER/NOTES/04-Systems-Based-on-Numbers-Notes.md,U006009,BACK-MATTER/NOTES/04-Systems-Based-on-Numbers-Notes.md,8,LIVE_MARKDOWN_REFERENCE,REFERENCED,PENDING,,,,[],NOT_REVIEWED,NOT_APPLICABLE,[],[],,,,
A000507,L001011,BACK-MATTER/NOTES/_page_937_continuous_ca_successive_colors_clean.jpeg,56b13c5850925119fc9478cf59cb1ea293a1573d1e89a4216794fed3d16c349d,695357,BACK-MATTER/NOTES/04-Systems-Based-on-Numbers-Notes.md,U006004,BACK-MATTER/NOTES/04-Systems-Based-on-Numbers-Notes.md,8,LIVE_MARKDOWN_REFERENCE,REFERENCED,PENDING,,,,[],NOT_REVIEWED,NOT_APPLICABLE,[],[],,,,
A000508,,BACK-MATTER/NOTES/_page_938_Picture_4.jpeg,f1e8a6ea94ff12ff87da0fd1662b787c0496fa6a2e8f2a9ca7e66a04e175c3c6,5833,,,BACK-MATTER/NOTES/04-Systems-Based-on-Numbers-Notes.md,8,UNIQUE_DIRECTORY_PAGE_RANGE,UNREFERENCED_PHYSICAL,PENDING,,,,[],NOT_REVIEWED,NOT_APPLICABLE,[],[],,,,
A000509,,BACK-MATTER/NOTES/_page_938_Picture_5.jpeg,6ac48eba9c753b38f15b54b3c0480f595dd53e3d7f80c2f03c191f42ce07a4f6,5861,,,BACK-MATTER/NOTES/04-Systems-Based-on-Numbers-Notes.md,8,UNIQUE_DIRECTORY_PAGE_RANGE,UNREFERENCED_PHYSICAL,PENDING,,,,[],NOT_REVIEWED,NOT_APPLICABLE,[],[],,,,
A000510,,BACK-MATTER/NOTES/_page_938_Picture_6.jpeg,5aa6552bf2b8917bb57efb73d52d1287de982f5b99b6c40e61e598543fcac42e,8401,,,BACK-MATTER/NOTES/04-Systems-Based-on-Numbers-Notes.md,8,UNIQUE_DIRECTORY_PAGE_RANGE,UNREFERENCED_PHYSICAL,PENDING,,,,[],NOT_REVIEWED,NOT_APPLICABLE,[],[],,,,
A000511,L001013,BACK-MATTER/NOTES/_page_938_pde_nonlinearity_three_panel_row.jpeg,a2d52180dff2afc40b52f089af5b96278ed3e4634f9b9c55d4673d4e2460af03,178203,BACK-MATTER/NOTES/04-Systems-Based-on-Numbers-Notes.md,U006020,BACK-MATTER/NOTES/04-Systems-Based-on-Numbers-Notes.md,8,LIVE_MARKDOWN_REFERENCE,REFERENCED,PENDING,,,,[],NOT_REVIEWED,NOT_APPLICABLE,[],[],,,,
A000512,L001014,BACK-MATTER/NOTES/_page_938_wave_equation_1d_2d_3d_time_slices.jpeg,ecad084efa2d6f7faffefc2edfe25c60c1271410a6ddc757ae639e339efb414b,120607,BACK-MATTER/NOTES/04-Systems-Based-on-Numbers-Notes.md,U006022,BACK-MATTER/NOTES/04-Systems-Based-on-Numbers-Notes.md,8,LIVE_MARKDOWN_REFERENCE,REFERENCED,PENDING,,,,[],NOT_REVIEWED,NOT_APPLICABLE,[],[],,,,
A000513,L001015,BACK-MATTER/NOTES/_page_939_Picture_14.jpeg,5baffc6015813227166e96344c4502fed18f76668d821a6689fde0cfce52211c,22759,BACK-MATTER/NOTES/04-Systems-Based-on-Numbers-Notes.md,U006054,BACK-MATTER/NOTES/04-Systems-Based-on-Numbers-Notes.md,8,LIVE_MARKDOWN_REFERENCE,REFERENCED,PENDING,,,,[],NOT_REVIEWED,NOT_APPLICABLE,[],[],,,,
A000514,,BACK-MATTER/NOTES/_page_939_Picture_29.jpeg,aaec7a0105078504a11325e0ecf5cbb2402571763d3601fbd32d5e42d5a3a3d0,4597,,,BACK-MATTER/NOTES/04-Systems-Based-on-Numbers-Notes.md,8,UNIQUE_DIRECTORY_PAGE_RANGE,UNREFERENCED_PHYSICAL,PENDING,,,,[],NOT_REVIEWED,NOT_APPLICABLE,[],[],,,,
A000515,,BACK-MATTER/NOTES/_page_939_Picture_30.jpeg,7435efe867f6c294b1c511cd54189738ff10899ea48bd90245bc14ab74dc7a5a,4220,,,BACK-MATTER/NOTES/04-Systems-Based-on-Numbers-Notes.md,8,UNIQUE_DIRECTORY_PAGE_RANGE,UNREFERENCED_PHYSICAL,PENDING,,,,[],NOT_REVIEWED,NOT_APPLICABLE,[],[],,,,
A000516,,BACK-MATTER/NOTES/_page_939_Picture_31.jpeg,b3849360123916b2e32d00ac4555c771e661de70de2e6f198e8cf3e21ad4638e,3795,,,BACK-MATTER/NOTES/04-Systems-Based-on-Numbers-Notes.md,8,UNIQUE_DIRECTORY_PAGE_RANGE,UNREFERENCED_PHYSICAL,PENDING,,,,[],NOT_REVIEWED,NOT_APPLICABLE,[],[],,,,
A000517,L001016,BACK-MATTER/NOTES/_page_939_pde_convergence_three_panel_row.jpeg,6054d0bf73934126a4948fb72c73384ae3437ec5be2d6f9444f81e75bf5d2550,101797,BACK-MATTER/NOTES/04-Systems-Based-on-Numbers-Notes.md,U006067,BACK-MATTER/NOTES/04-Systems-Based-on-Numbers-Notes.md,8,LIVE_MARKDOWN_REFERENCE,REFERENCED,PENDING,,,,[],NOT_REVIEWED,NOT_APPLICABLE,[],[],,,,
A000518,L001017,BACK-MATTER/NOTES/_page_940_Picture_4.jpeg,ee84859ba0e109c4d3ae69b2abd4b87e63adb98ee597eea68d762c9ce29fb419,56092,BACK-MATTER/NOTES/04-Systems-Based-on-Numbers-Notes.md,U006071,BACK-MATTER/NOTES/04-Systems-Based-on-Numbers-Notes.md,8,LIVE_MARKDOWN_REFERENCE,REFERENCED,PENDING,,,,[],NOT_REVIEWED,NOT_APPLICABLE,[],[],,,,
A000519,L001019,BACK-MATTER/NOTES/_page_943_Figure_17.jpeg,8227893d712fabbc2713f800a48cf00dd4bd810e4394ecdd17cb764a170512df,16819,BACK-MATTER/NOTES/05-Two-Dimensions-and-Beyond-Notes.md,U006113,BACK-MATTER/NOTES/05-Two-Dimensions-and-Beyond-Notes.md,9,LIVE_MARKDOWN_REFERENCE,REFERENCED,PENDING,,,,[],NOT_REVIEWED,NOT_APPLICABLE,[],[],,,,
A000520,L001018,BACK-MATTER/NOTES/_page_943_Growth_Rules_Five_Panel_Row.jpeg,42a2e0c473b1e2557de66544717a196cf60638b0fbaf03ea526cc8681d4798b9,108486,BACK-MATTER/NOTES/05-Two-Dimensions-and-Beyond-Notes.md,U006111,BACK-MATTER/NOTES/05-Two-Dimensions-and-Beyond-Notes.md,9,LIVE_MARKDOWN_REFERENCE,REFERENCED,PENDING,,,,[],NOT_REVIEWED,NOT_APPLICABLE,[],[],,,,
A000521,,BACK-MATTER/NOTES/_page_943_Picture_11.jpeg,282db35c7be44488bd5cd6b67b258ba3ed29672b9a4885e6643c34089c3bedde,3315,,,BACK-MATTER/NOTES/05-Two-Dimensions-and-Beyond-Notes.md,9,UNIQUE_DIRECTORY_PAGE_RANGE,UNREFERENCED_PHYSICAL,PENDING,,,,[],NOT_REVIEWED,NOT_APPLICABLE,[],[],,,,
A000522,,BACK-MATTER/NOTES/_page_943_Picture_12.jpeg,3ae6019c97e520386b240af13717284431f43dbb9785e4dc4e31bf6cee00d1be,2651,,,BACK-MATTER/NOTES/05-Two-Dimensions-and-Beyond-Notes.md,9,UNIQUE_DIRECTORY_PAGE_RANGE,UNREFERENCED_PHYSICAL,PENDING,,,,[],NOT_REVIEWED,NOT_APPLICABLE,[],[],,,,
A000523,,BACK-MATTER/NOTES/_page_943_Picture_13.jpeg,e7c6082e6cfc90444dc42eb52800e8f7a70a675e8a8e76281beaff35bd28b640,3889,,,BACK-MATTER/NOTES/05-Two-Dimensions-and-Beyond-Notes.md,9,UNIQUE_DIRECTORY_PAGE_RANGE,UNREFERENCED_PHYSICAL,PENDING,,,,[],NOT_REVIEWED,NOT_APPLICABLE,[],[],,,,
A000524,,BACK-MATTER/NOTES/_page_943_Picture_14.jpeg,4aedb5c05e6a92981e626f362bec72d58e07d738ef565987a78c9acffc9fa8c2,3067,,,BACK-MATTER/NOTES/05-Two-Dimensions-and-Beyond-Notes.md,9,UNIQUE_DIRECTORY_PAGE_RANGE,UNREFERENCED_PHYSICAL,PENDING,,,,[],NOT_REVIEWED,NOT_APPLICABLE,[],[],,,,
A000525,,BACK-MATTER/NOTES/_page_943_Picture_15.jpeg,3da001aec8b59909e106dcba350d68f866cc7559b05f784ff88040d96263f296,3675,,,BACK-MATTER/NOTES/05-Two-Dimensions-and-Beyond-Notes.md,9,UNIQUE_DIRECTORY_PAGE_RANGE,UNREFERENCED_PHYSICAL,PENDING,,,,[],NOT_REVIEWED,NOT_APPLICABLE,[],[],,,,
A000526,L001020,BACK-MATTER/NOTES/_page_943_Picture_21.jpeg,0ee7e4eba4444595d291bf42af0ef18d654039e824ffd0aeba39feb17d740d1c,141065,BACK-MATTER/NOTES/05-Two-Dimensions-and-Beyond-Notes.md,U006116,BACK-MATTER/NOTES/05-Two-Dimensions-and-Beyond-Notes.md,9,LIVE_MARKDOWN_REFERENCE,REFERENCED,PENDING,,,,[],NOT_REVIEWED,NOT_APPLICABLE,[],[],,,,
A000527,L001024,BACK-MATTER/NOTES/_page_944_3D_Projections_Four_Panel_Row.jpeg,2d310b84476577d4cd02e2108ab9b4ca4a0b5bd34464bdf6b58ed5085c7e2368,159857,BACK-MATTER/NOTES/05-Two-Dimensions-and-Beyond-Notes.md,U006124,BACK-MATTER/NOTES/05-Two-Dimensions-and-Beyond-Notes.md,9,LIVE_MARKDOWN_REFERENCE,REFERENCED,PENDING,,,,[],NOT_REVIEWED,NOT_APPLICABLE,[],[],,,,
A000528,L001023,BACK-MATTER/NOTES/_page_944_Code_174826_Three_Step_Row.jpeg,a325aa1564e83e20eea5d029fdd1a93e792c969528308581da457656b36e787e,243798,BACK-MATTER/NOTES/05-Two-Dimensions-and-Beyond-Notes.md,U006122,BACK-MATTER/NOTES/05-Two-Dimensions-and-Beyond-Notes.md,9,LIVE_MARKDOWN_REFERENCE,REFERENCED,PENDING,,,,[],NOT_REVIEWED,NOT_APPLICABLE,[],[],,,,
A000529,,BACK-MATTER/NOTES/_page_944_Picture_17.jpeg,afc3073eb966064ef5794b255ce1fd402b85fbce8f7f94484281d1363650765b,8259,,,BACK-MATTER/NOTES/05-Two-Dimensions-and-Beyond-Notes.md,9,UNIQUE_DIRECTORY_PAGE_RANGE,UNREFERENCED_PHYSICAL,PENDING,,,,[],NOT_REVIEWED,NOT_APPLICABLE,[],[],,,,
A000530,,BACK-MATTER/NOTES/_page_944_Picture_18.jpeg,af69e803aaf53e31122794eef45fe76f6c99d19099eacbf752dbabfd2bf055c5,7227,,,BACK-MATTER/NOTES/05-Two-Dimensions-and-Beyond-Notes.md,9,UNIQUE_DIRECTORY_PAGE_RANGE,UNREFERENCED_PHYSICAL,PENDING,,,,[],NOT_REVIEWED,NOT_APPLICABLE,[],[],,,,
A000531,,BACK-MATTER/NOTES/_page_944_Picture_19.jpeg,5719e73c7e2c41e95a50bd35c9f3f264dcf4e33ee5cfc8aef5c96ad583361872,6998,,,BACK-MATTER/NOTES/05-Two-Dimensions-and-Beyond-Notes.md,9,UNIQUE_DIRECTORY_PAGE_RANGE,UNREFERENCED_PHYSICAL,PENDING,,,,[],NOT_REVIEWED,NOT_APPLICABLE,[],[],,,,
A000532,,BACK-MATTER/NOTES/_page_944_Picture_21.jpeg,f57385f2d30bb02f6695cb1aca8ea4035a54efeaa77fb1591ae543c6456f25b1,7498,,,BACK-MATTER/NOTES/05-Two-Dimensions-and-Beyond-Notes.md,9,UNIQUE_DIRECTORY_PAGE_RANGE,UNREFERENCED_PHYSICAL,PENDING,,,,[],NOT_REVIEWED,NOT_APPLICABLE,[],[],,,,
A000533,,BACK-MATTER/NOTES/_page_944_Picture_22.jpeg,d1e343bc17d478c5e9249837e5210589ed1efd3e2f7f9d72747122435524449e,4410,,,BACK-MATTER/NOTES/05-Two-Dimensions-and-Beyond-Notes.md,9,UNIQUE_DIRECTORY_PAGE_RANGE,UNREFERENCED_PHYSICAL,PENDING,,,,[],NOT_REVIEWED,NOT_APPLICABLE,[],[],,,,
A000534,,BACK-MATTER/NOTES/_page_944_Picture_23.jpeg,0a556a9e6208e87f94d87b0a476f4b2f38de12967431cd4eef8ac76ed63c0927,3967,,,BACK-MATTER/NOTES/05-Two-Dimensions-and-Beyond-Notes.md,9,UNIQUE_DIRECTORY_PAGE_RANGE,UNREFERENCED_PHYSICAL,PENDING,,,,[],NOT_REVIEWED,NOT_APPLICABLE,[],[],,,,
A000535,,BACK-MATTER/NOTES/_page_944_Picture_24.jpeg,1d3b216e84533b46ce242e6dd682684f914572560afe38b0b52f4534fa7b6740,4169,,,BACK-MATTER/NOTES/05-Two-Dimensions-and-Beyond-Notes.md,9,UNIQUE_DIRECTORY_PAGE_RANGE,UNREFERENCED_PHYSICAL,PENDING,,,,[],NOT_REVIEWED,NOT_APPLICABLE,[],[],,,,
A000536,,BACK-MATTER/NOTES/_page_944_Picture_3.jpeg,df3027b377ea701cf677fe6aff772e6206887b1aa0f3c6b145d58ab33d330465,3576,,,BACK-MATTER/NOTES/05-Two-Dimensions-and-Beyond-Notes.md,9,UNIQUE_DIRECTORY_PAGE_RANGE,UNREFERENCED_PHYSICAL,PENDING,,,,[],NOT_REVIEWED,NOT_APPLICABLE,[],[],,,,
A000537,,BACK-MATTER/NOTES/_page_944_Picture_4.jpeg,48c13120c73f3af3bb1f257533f710b85dfdd8c8ba73ad7f83f2bd1c29affad4,3646,,,BACK-MATTER/NOTES/05-Two-Dimensions-and-Beyond-Notes.md,9,UNIQUE_DIRECTORY_PAGE_RANGE,UNREFERENCED_PHYSICAL,PENDING,,,,[],NOT_REVIEWED,NOT_APPLICABLE,[],[],,,,
A000538,,BACK-MATTER/NOTES/_page_944_Picture_5.jpeg,bf627766e988753602792aa2c26f3d16ecfc47e70a2b1dff98880ccc87cc146d,1588,,,BACK-MATTER/NOTES/05-Two-Dimensions-and-Beyond-Notes.md,9,UNIQUE_DIRECTORY_PAGE_RANGE,UNREFERENCED_PHYSICAL,PENDING,,,,[],NOT_REVIEWED,NOT_APPLICABLE,[],[],,,,
A000539,,BACK-MATTER/NOTES/_page_944_Picture_6.jpeg,3b777980e3dc09d80687d2c171b837d4bc4239dfc83d586e0076590dd3dd1b27,4200,,,BACK-MATTER/NOTES/05-Two-Dimensions-and-Beyond-Notes.md,9,UNIQUE_DIRECTORY_PAGE_RANGE,UNREFERENCED_PHYSICAL,PENDING,,,,[],NOT_REVIEWED,NOT_APPLICABLE,[],[],,,,
A000540,,BACK-MATTER/NOTES/_page_944_Picture_7.jpeg,bb254f61cbcc53e56e7f90b3f62cafebf988e34d089caa74cb59ad233be59f20,3785,,,BACK-MATTER/NOTES/05-Two-Dimensions-and-Beyond-Notes.md,9,UNIQUE_DIRECTORY_PAGE_RANGE,UNREFERENCED_PHYSICAL,PENDING,,,,[],NOT_REVIEWED,NOT_APPLICABLE,[],[],,,,
A000541,L001022,BACK-MATTER/NOTES/_page_944_Picture_9.jpeg,6f09976c3f5eed3bb1c845bb621c323e7ddb53df0e537f16e6f21ee99f5cc813,25952,BACK-MATTER/NOTES/05-Two-Dimensions-and-Beyond-Notes.md,U006120,BACK-MATTER/NOTES/05-Two-Dimensions-and-Beyond-Notes.md,9,LIVE_MARKDOWN_REFERENCE,REFERENCED,PENDING,,,,[],NOT_REVIEWED,NOT_APPLICABLE,[],[],,,,
A000542,L001021,BACK-MATTER/NOTES/_page_944_Simple_Rules_Five_Panel_Row.jpeg,4f7eddafce93b5b08d877c6c8b632f0e776a57c19c85fefab7e021399ae37300,105173,BACK-MATTER/NOTES/05-Two-Dimensions-and-Beyond-Notes.md,U006118,BACK-MATTER/NOTES/05-Two-Dimensions-and-Beyond-Notes.md,9,LIVE_MARKDOWN_REFERENCE,REFERENCED,PENDING,,,,[],NOT_REVIEWED,NOT_APPLICABLE,[],[],,,,
A000543,L001025,BACK-MATTER/NOTES/_page_945_Picture_2.jpeg,2b17dc927842b7cefa8d1aa777b46fb2a8634f4fc62386c00e301482add40743,25176,BACK-MATTER/NOTES/05-Two-Dimensions-and-Beyond-Notes.md,U006127,BACK-MATTER/NOTES/05-Two-Dimensions-and-Beyond-Notes.md,9,LIVE_MARKDOWN_REFERENCE,REFERENCED,PENDING,,,,[],NOT_REVIEWED,NOT_APPLICABLE,[],[],,,,
A000544,L001026,BACK-MATTER/NOTES/_page_945_Picture_4.jpeg,55097994885d3e739cb7f2e1c3059f2100ffd9581c1ce337583e35f9f28af2ff,424621,BACK-MATTER/NOTES/05-Two-Dimensions-and-Beyond-Notes.md,U006129,BACK-MATTER/NOTES/05-Two-Dimensions-and-Beyond-Notes.md,9,LIVE_MARKDOWN_REFERENCE,REFERENCED,PENDING,,,,[],NOT_REVIEWED,NOT_APPLICABLE,[],[],,,,
A000545,L001027,BACK-MATTER/NOTES/_page_945_Picture_6.jpeg,350a3c7090182a8c74d8890e4a92bc38cd51da2c72b648aca0084f44cc529a8b,40329,BACK-MATTER/NOTES/05-Two-Dimensions-and-Beyond-Notes.md,U006131,BACK-MATTER/NOTES/05-Two-Dimensions-and-Beyond-Notes.md,9,LIVE_MARKDOWN_REFERENCE,REFERENCED,PENDING,,,,[],NOT_REVIEWED,NOT_APPLICABLE,[],[],,,,
A000546,L001028,BACK-MATTER/NOTES/_page_946_Picture_4.jpeg,8448df7fc33c6c288461ce8b1e13a0fddd3f7ffe96004e98f4d2cb2e0b150f1f,27683,BACK-MATTER/NOTES/05-Two-Dimensions-and-Beyond-Notes.md,U006140,BACK-MATTER/NOTES/05-Two-Dimensions-and-Beyond-Notes.md,9,LIVE_MARKDOWN_REFERENCE,REFERENCED,PENDING,,,,[],NOT_REVIEWED,NOT_APPLICABLE,[],[],,,,
A000547,L001029,BACK-MATTER/NOTES/_page_946_Turing_3_State_Rule_Strip.jpeg,390f7cecc49244eada15d59fca21a7c3b62019fd36cfc22111399a069e50c496,15041,BACK-MATTER/NOTES/05-Two-Dimensions-and-Beyond-Notes.md,U006142,BACK-MATTER/NOTES/05-Two-Dimensions-and-Beyond-Notes.md,9,LIVE_MARKDOWN_REFERENCE,REFERENCED,PENDING,,,,[],NOT_REVIEWED,NOT_APPLICABLE,[],[],,,,
A000548,L001030,BACK-MATTER/NOTES/_page_947_Figure_4.jpeg,f6ad4d9d5d62006e5882be9a29dd11fae0a3706df00dbbbe2e9dba394d435d90,361966,BACK-MATTER/NOTES/05-Two-Dimensions-and-Beyond-Notes.md,U006169,BACK-MATTER/NOTES/05-Two-Dimensions-and-Beyond-Notes.md,9,LIVE_MARKDOWN_REFERENCE,REFERENCED,PENDING,,,,[],NOT_REVIEWED,NOT_APPLICABLE,[],[],,,,
A000549,L001031,BACK-MATTER/NOTES/_page_947_Picture_10.jpeg,e584cf7dc88c04282641904275cf4c977f712dfd8840b1c0f9116e2ee99560a5,18968,BACK-MATTER/NOTES/05-Two-Dimensions-and-Beyond-Notes.md,U006176,BACK-MATTER/NOTES/05-Two-Dimensions-and-Beyond-Notes.md,9,LIVE_MARKDOWN_REFERENCE,REFERENCED,PENDING,,,,[],NOT_REVIEWED,NOT_APPLICABLE,[],[],,,,
A000550,L001032,BACK-MATTER/NOTES/_page_947_Picture_14.jpeg,ddd661297926a86b52f90d3285448491ca5db400936e78f20694615d989832f0,373179,BACK-MATTER/NOTES/05-Two-Dimensions-and-Beyond-Notes.md,U006179,BACK-MATTER/NOTES/05-Two-Dimensions-and-Beyond-Notes.md,9,LIVE_MARKDOWN_REFERENCE,REFERENCED,PENDING,,,,[],NOT_REVIEWED,NOT_APPLICABLE,[],[],,,,
A000551,L001034,BACK-MATTER/NOTES/_page_948_Picture_13.jpeg,1b97cc791d3ef7f9cf0f548e442348ceca326f890c6ad9e6c8e36e0b3ee27063,52028,BACK-MATTER/NOTES/05-Two-Dimensions-and-Beyond-Notes.md,U006194,BACK-MATTER/NOTES/05-Two-Dimensions-and-Beyond-Notes.md,9,LIVE_MARKDOWN_REFERENCE,REFERENCED,PENDING,,,,[],NOT_REVIEWED,NOT_APPLICABLE,[],[],,,,
A000552,L001033,BACK-MATTER/NOTES/_page_948_Picture_8.jpeg,c6bd6e27e13a7c638f38d493fe4172ad030c845731937881cd5b58bac70b8696,28225,BACK-MATTER/NOTES/05-Two-Dimensions-and-Beyond-Notes.md,U006191,BACK-MATTER/NOTES/05-Two-Dimensions-and-Beyond-Notes.md,9,LIVE_MARKDOWN_REFERENCE,REFERENCED,PENDING,,,,[],NOT_REVIEWED,NOT_APPLICABLE,[],[],,,,
A000553,L001035,BACK-MATTER/NOTES/_page_949_Figure_4.jpeg,c0b15f978be765202496748dfd6343541fcf7b10b1788e82f391a19a28268a0c,35910,BACK-MATTER/NOTES/05-Two-Dimensions-and-Beyond-Notes.md,U006199,BACK-MATTER/NOTES/05-Two-Dimensions-and-Beyond-Notes.md,9,LIVE_MARKDOWN_REFERENCE,REFERENCED,PENDING,,,,[],NOT_REVIEWED,NOT_APPLICABLE,[],[],,,,
A000554,L001036,BACK-MATTER/NOTES/_page_949_Figure_6.jpeg,83b6e26e2e0a1ae6b3028f44e15876f7e5b32b56894b6553ab578e29fe45368f,25424,BACK-MATTER/NOTES/05-Two-Dimensions-and-Beyond-Notes.md,U006201,BACK-MATTER/NOTES/05-Two-Dimensions-and-Beyond-Notes.md,9,LIVE_MARKDOWN_REFERENCE,REFERENCED,PENDING,,,,[],NOT_REVIEWED,NOT_APPLICABLE,[],[],,,,
A000555,,BACK-MATTER/NOTES/_page_950_Figure_5.jpeg,de2878507fef7b9474befa25cf8862227f7baba239e045514ec352ff768c26d9,4125,,,BACK-MATTER/NOTES/05-Two-Dimensions-and-Beyond-Notes.md,9,UNIQUE_DIRECTORY_PAGE_RANGE,UNREFERENCED_PHYSICAL,PENDING,,,,[],NOT_REVIEWED,NOT_APPLICABLE,[],[],,,,
A000556,L001037,BACK-MATTER/NOTES/_page_950_Mandelbrot_Neighbor_Systems_Three_Panel_Row.jpeg,ac149e2197c77f11241612b05024e741912a3f6b9e9cd9ea6716c3f8392947b7,129632,BACK-MATTER/NOTES/05-Two-Dimensions-and-Beyond-Notes.md,U006204,BACK-MATTER/NOTES/05-Two-Dimensions-and-Beyond-Notes.md,9,LIVE_MARKDOWN_REFERENCE,REFERENCED,PENDING,,,,[],NOT_REVIEWED,NOT_APPLICABLE,[],[],,,,
A000557,,BACK-MATTER/NOTES/_page_950_Picture_3.jpeg,0890072445a6e7908235f5a5db2bc9a7fc6f16a8ac355664f5903579f91046b8,4727,,,BACK-MATTER/NOTES/05-Two-Dimensions-and-Beyond-Notes.md,9,UNIQUE_DIRECTORY_PAGE_RANGE,UNREFERENCED_PHYSICAL,PENDING,,,,[],NOT_REVIEWED,NOT_APPLICABLE,[],[],,,,
A000558,,BACK-MATTER/NOTES/_page_950_Picture_4.jpeg,17887a676e83c5be574eca85de7d0c2171119504c3c5928e8d0ce6205b96a97c,4213,,,BACK-MATTER/NOTES/05-Two-Dimensions-and-Beyond-Notes.md,9,UNIQUE_DIRECTORY_PAGE_RANGE,UNREFERENCED_PHYSICAL,PENDING,,,,[],NOT_REVIEWED,NOT_APPLICABLE,[],[],,,,
A000559,L001039,BACK-MATTER/NOTES/_page_951_Figure_11.jpeg,167c38a034afd676a1281ce3feffaf793a8375efc270c33267ea4d5eea1c0d12,10403,BACK-MATTER/NOTES/05-Two-Dimensions-and-Beyond-Notes.md,U006233,BACK-MATTER/NOTES/05-Two-Dimensions-and-Beyond-Notes.md,9,LIVE_MARKDOWN_REFERENCE,REFERENCED,PENDING,,,,[],NOT_REVIEWED,NOT_APPLICABLE,[],[],,,,
A000560,L001040,BACK-MATTER/NOTES/_page_951_Figure_13.jpeg,12c5b95ea2bbbfb2998e4d52820584b67dc2a357d991af3321ea256953c5b038,12706,BACK-MATTER/NOTES/05-Two-Dimensions-and-Beyond-Notes.md,U006235,BACK-MATTER/NOTES/05-Two-Dimensions-and-Beyond-Notes.md,9,LIVE_MARKDOWN_REFERENCE,REFERENCED,PENDING,,,,[],NOT_REVIEWED,NOT_APPLICABLE,[],[],,,,
A000561,,BACK-MATTER/NOTES/_page_951_Picture_6.jpeg,f368c0cdbd7eb83edda9e97dfeaa3f489e5b69a608fd8a87402cd949abd9a042,14489,,,BACK-MATTER/NOTES/05-Two-Dimensions-and-Beyond-Notes.md,9,UNIQUE_DIRECTORY_PAGE_RANGE,UNREFERENCED_PHYSICAL,PENDING,,,,[],NOT_REVIEWED,NOT_APPLICABLE,[],[],,,,
A000562,,BACK-MATTER/NOTES/_page_951_Picture_7.jpeg,8a38223e5c7459e70b7d54fd25582fb5c54b56083e2d487cf3b155dd60d893cf,12957,,,BACK-MATTER/NOTES/05-Two-Dimensions-and-Beyond-Notes.md,9,UNIQUE_DIRECTORY_PAGE_RANGE,UNREFERENCED_PHYSICAL,PENDING,,,,[],NOT_REVIEWED,NOT_APPLICABLE,[],[],,,,
A000563,,BACK-MATTER/NOTES/_page_951_Picture_8.jpeg,5266f380501e301506c0908c9ea965e28ec3b80b2c2872d46b461cfc824fdeb6,13701,,,BACK-MATTER/NOTES/05-Two-Dimensions-and-Beyond-Notes.md,9,UNIQUE_DIRECTORY_PAGE_RANGE,UNREFERENCED_PHYSICAL,PENDING,,,,[],NOT_REVIEWED,NOT_APPLICABLE,[],[],,,,
A000564,L001038,BACK-MATTER/NOTES/_page_951_Sequential_Networks_Three_Panel_Row.jpeg,bdab23f6741770a35a6a548b0c9c992fd02db01b711f7f47aa1bf963e6e8e2c3,397529,BACK-MATTER/NOTES/05-Two-Dimensions-and-Beyond-Notes.md,U006230,BACK-MATTER/NOTES/05-Two-Dimensions-and-Beyond-Notes.md,9,LIVE_MARKDOWN_REFERENCE,REFERENCED,PENDING,,,,[],NOT_REVIEWED,NOT_APPLICABLE,[],[],,,,
A000565,L001042,BACK-MATTER/NOTES/_page_952_Figure_24.jpeg,12605f3a5165627ed50e80684af3ddbe40b2142a57dbcf4897d60cbbb30c6654,7709,BACK-MATTER/NOTES/05-Two-Dimensions-and-Beyond-Notes.md,U006259,BACK-MATTER/NOTES/05-Two-Dimensions-and-Beyond-Notes.md,9,LIVE_MARKDOWN_REFERENCE,REFERENCED,PENDING,,,,[],NOT_REVIEWED,NOT_APPLICABLE,[],[],,,,
A000566,L001041,BACK-MATTER/NOTES/_page_952_Multiway_Steps_Four_Panel_Row.jpeg,b738f6561ebe0c7c703cc5f5069d1293d10ea777bc58c52b849395208c45bc7a,134830,BACK-MATTER/NOTES/05-Two-Dimensions-and-Beyond-Notes.md,U006257,BACK-MATTER/NOTES/05-Two-Dimensions-and-Beyond-Notes.md,9,LIVE_MARKDOWN_REFERENCE,REFERENCED,PENDING,,,,[],NOT_REVIEWED,NOT_APPLICABLE,[],[],,,,
A000567,,BACK-MATTER/NOTES/_page_952_Picture_19.jpeg,ff6b6ae18a08d102bb7ad1e1a2200742e8e87c586ddabb3fa2b73dd8f3dd1dd0,6733,,,BACK-MATTER/NOTES/05-Two-Dimensions-and-Beyond-Notes.md,9,UNIQUE_DIRECTORY_PAGE_RANGE,UNREFERENCED_PHYSICAL,PENDING,,,,[],NOT_REVIEWED,NOT_APPLICABLE,[],[],,,,
A000568,,BACK-MATTER/NOTES/_page_952_Picture_20.jpeg,bdf98f9401d7ec254945366a3e7a0d047389c0bb54b3b782b1933b310637c6ef,5156,,,BACK-MATTER/NOTES/05-Two-Dimensions-and-Beyond-Notes.md,9,UNIQUE_DIRECTORY_PAGE_RANGE,UNREFERENCED_PHYSICAL,PENDING,,,,[],NOT_REVIEWED,NOT_APPLICABLE,[],[],,,,
A000569,,BACK-MATTER/NOTES/_page_952_Picture_21.jpeg,7b9c961345ac4370c7db7cdf60c6b33ebd7764b9aa52f56fee97be9456ff3507,3854,,,BACK-MATTER/NOTES/05-Two-Dimensions-and-Beyond-Notes.md,9,UNIQUE_DIRECTORY_PAGE_RANGE,UNREFERENCED_PHYSICAL,PENDING,,,,[],NOT_REVIEWED,NOT_APPLICABLE,[],[],,,,
A000570,,BACK-MATTER/NOTES/_page_952_Picture_22.jpeg,554b0cf8377856e8090145d0d6ba43c80fd4c5ff70a9a39f2199a4d9bd2dd530,3598,,,BACK-MATTER/NOTES/05-Two-Dimensions-and-Beyond-Notes.md,9,UNIQUE_DIRECTORY_PAGE_RANGE,UNREFERENCED_PHYSICAL,PENDING,,,,[],NOT_REVIEWED,NOT_APPLICABLE,[],[],,,,
A000571,L001043,BACK-MATTER/NOTES/_page_956_Picture_2.jpeg,f593e5c3b7438d4bf47428ed3474451c436c5e1572d009c4ad201b4687961ad6,31826,BACK-MATTER/NOTES/05-Two-Dimensions-and-Beyond-Notes.md,U006283,BACK-MATTER/NOTES/05-Two-Dimensions-and-Beyond-Notes.md,9,LIVE_MARKDOWN_REFERENCE,REFERENCED,PENDING,,,,[],NOT_REVIEWED,NOT_APPLICABLE,[],[],,,,
A000572,L001044,BACK-MATTER/NOTES/_page_956_Picture_8.jpeg,c869c2839aee8d0f4319646140de881e57eef5165df901ca0de079b9e4510e4e,16014,BACK-MATTER/NOTES/05-Two-Dimensions-and-Beyond-Notes.md,U006287,BACK-MATTER/NOTES/05-Two-Dimensions-and-Beyond-Notes.md,9,LIVE_MARKDOWN_REFERENCE,REFERENCED,PENDING,,,,[],NOT_REVIEWED,NOT_APPLICABLE,[],[],,,,
A000573,L001045,BACK-MATTER/NOTES/_page_957_Constraint_Template_Icons_and_Ratios.jpeg,cfbf247bc43cfd70d28b0d5452ef08a6cc895836dab11337fb0e1082ffe872ad,15903,BACK-MATTER/NOTES/05-Two-Dimensions-and-Beyond-Notes.md,U006299,BACK-MATTER/NOTES/05-Two-Dimensions-and-Beyond-Notes.md,9,LIVE_MARKDOWN_REFERENCE,REFERENCED,PENDING,,,,[],NOT_REVIEWED,NOT_APPLICABLE,[],[],,,,
A000574,L001046,BACK-MATTER/NOTES/_page_957_Picture_14.jpeg,957c224462a36129efb03f2413788e4bc4a4f0606372f27dc67ca1df05b87b35,11244,BACK-MATTER/NOTES/05-Two-Dimensions-and-Beyond-Notes.md,U006304,BACK-MATTER/NOTES/05-Two-Dimensions-and-Beyond-Notes.md,9,LIVE_MARKDOWN_REFERENCE,REFERENCED,PENDING,,,,[],NOT_REVIEWED,NOT_APPLICABLE,[],[],,,,
A000575,,BACK-MATTER/NOTES/_page_958_Picture_14.jpeg,6e2b1cf80ec33ace8df4fa467421ac5a125d8ddf75152868c73f50d21068ec10,6209,,,BACK-MATTER/NOTES/05-Two-Dimensions-and-Beyond-Notes.md,9,UNIQUE_DIRECTORY_PAGE_RANGE,UNREFERENCED_PHYSICAL,PENDING,,,,[],NOT_REVIEWED,NOT_APPLICABLE,[],[],,,,
A000576,,BACK-MATTER/NOTES/_page_958_Picture_15.jpeg,a7f419934ce41465427c5daa4a8536234bb95f4d5a83ed30909378301e78cd77,6339,,,BACK-MATTER/NOTES/05-Two-Dimensions-and-Beyond-Notes.md,9,UNIQUE_DIRECTORY_PAGE_RANGE,UNREFERENCED_PHYSICAL,PENDING,,,,[],NOT_REVIEWED,NOT_APPLICABLE,[],[],,,,
A000577,L001049,BACK-MATTER/NOTES/_page_958_Picture_17.jpeg,1b61b17be3fc38d6494849ed1a67be69d9658afd61d0be3549743f8a3357fc64,71912,BACK-MATTER/NOTES/05-Two-Dimensions-and-Beyond-Notes.md,U006317,BACK-MATTER/NOTES/05-Two-Dimensions-and-Beyond-Notes.md,9,LIVE_MARKDOWN_REFERENCE,REFERENCED,PENDING,,,,[],NOT_REVIEWED,NOT_APPLICABLE,[],[],,,,
A000578,L001047,BACK-MATTER/NOTES/_page_958_Picture_4.jpeg,245be117b883ed09e8f5fa56750351c77686dbebe6acf67943249afe7d47f009,6294,BACK-MATTER/NOTES/05-Two-Dimensions-and-Beyond-Notes.md,U006307,BACK-MATTER/NOTES/05-Two-Dimensions-and-Beyond-Notes.md,9,LIVE_MARKDOWN_REFERENCE,REFERENCED,PENDING,,,,[],NOT_REVIEWED,NOT_APPLICABLE,[],[],,,,
A000579,L001048,BACK-MATTER/NOTES/_page_958_Polyomino_Sets_Two_Panel_Row.jpeg,bb506029d1cff11bd14b5582264001fe79df69a64eac73d1b2c76172f27e5fd4,51153,BACK-MATTER/NOTES/05-Two-Dimensions-and-Beyond-Notes.md,U006315,BACK-MATTER/NOTES/05-Two-Dimensions-and-Beyond-Notes.md,9,LIVE_MARKDOWN_REFERENCE,REFERENCED,PENDING,,,,[],NOT_REVIEWED,NOT_APPLICABLE,[],[],,,,
A000580,L001050,BACK-MATTER/NOTES/_page_959_Linear_Diophantine_Four_Panel_Row.jpeg,00b53946fd315a3e5291bbbc9a636e1e8c4cfea48aa81d3884b80cb50e1b557a,215193,BACK-MATTER/NOTES/05-Two-Dimensions-and-Beyond-Notes.md,U006325,BACK-MATTER/NOTES/05-Two-Dimensions-and-Beyond-Notes.md,9,LIVE_MARKDOWN_REFERENCE,REFERENCED,PENDING,,,,[],NOT_REVIEWED,NOT_APPLICABLE,[],[],,,,
A000581,,BACK-MATTER/NOTES/_page_959_Picture_12.jpeg,2aee3488149768312332b452413b0e30047c8ccd703543fec6552753f851a715,8353,,,BACK-MATTER/NOTES/05-Two-Dimensions-and-Beyond-Notes.md,9,UNIQUE_DIRECTORY_PAGE_RANGE,UNREFERENCED_PHYSICAL,PENDING,,,,[],NOT_REVIEWED,NOT_APPLICABLE,[],[],,,,
A000582,,BACK-MATTER/NOTES/_page_959_Picture_13.jpeg,4a3bdf0a5086835d46c97d866a1838d22a9fea275c9ec98a8bd528c57ff5fbce,7775,,,BACK-MATTER/NOTES/05-Two-Dimensions-and-Beyond-Notes.md,9,UNIQUE_DIRECTORY_PAGE_RANGE,UNREFERENCED_PHYSICAL,PENDING,,,,[],NOT_REVIEWED,NOT_APPLICABLE,[],[],,,,
A000583,,BACK-MATTER/NOTES/_page_959_Picture_14.jpeg,42f5298711893e8e2663ba8ff152f78e871c5d0679d800ed948e70a88f437144,7518,,,BACK-MATTER/NOTES/05-Two-Dimensions-and-Beyond-Notes.md,9,UNIQUE_DIRECTORY_PAGE_RANGE,UNREFERENCED_PHYSICAL,PENDING,,,,[],NOT_REVIEWED,NOT_APPLICABLE,[],[],,,,
A000584,,BACK-MATTER/NOTES/_page_959_Picture_15.jpeg,2c2c97b716240824aeb6542c4870f327f1246240e09395a5bc792f2c95f08d27,7429,,,BACK-MATTER/NOTES/05-Two-Dimensions-and-Beyond-Notes.md,9,UNIQUE_DIRECTORY_PAGE_RANGE,UNREFERENCED_PHYSICAL,PENDING,,,,[],NOT_REVIEWED,NOT_APPLICABLE,[],[],,,,
A000585,L001054,BACK-MATTER/NOTES/_page_960_Figure_13.jpeg,75a0d6961061074baa91cfca25bab0ee6633bb4f12f633b5b3a7aa2c7f11d109,13423,BACK-MATTER/NOTES/05-Two-Dimensions-and-Beyond-Notes.md,U006337,BACK-MATTER/NOTES/05-Two-Dimensions-and-Beyond-Notes.md,9,LIVE_MARKDOWN_REFERENCE,REFERENCED,PENDING,,,,[],NOT_REVIEWED,NOT_APPLICABLE,[],[],,,,
A000586,L001051,BACK-MATTER/NOTES/_page_960_Figure_3.jpeg,4909c893d1c85a6206b6b053284838c58721ff83f61ff7e81d334859bac69121,16558,BACK-MATTER/NOTES/05-Two-Dimensions-and-Beyond-Notes.md,U006329,BACK-MATTER/NOTES/05-Two-Dimensions-and-Beyond-Notes.md,9,LIVE_MARKDOWN_REFERENCE,REFERENCED,PENDING,,,,[],NOT_REVIEWED,NOT_APPLICABLE,[],[],,,,
A000587,L001052,BACK-MATTER/NOTES/_page_960_Figure_5.jpeg,45c75908ca0fe3982905c2a4c94efb90afaaf18cf786f63abeada0e493816f0a,42569,BACK-MATTER/NOTES/05-Two-Dimensions-and-Beyond-Notes.md,U006331,BACK-MATTER/NOTES/05-Two-Dimensions-and-Beyond-Notes.md,9,LIVE_MARKDOWN_REFERENCE,REFERENCED,PENDING,,,,[],NOT_REVIEWED,NOT_APPLICABLE,[],[],,,,
A000588,L001053,BACK-MATTER/NOTES/_page_960_Picture_7.jpeg,8862525bb50004d2dcbf09a3a61de6868ec141d1bb83224cc33195eec8442917,38564,BACK-MATTER/NOTES/05-Two-Dimensions-and-Beyond-Notes.md,U006333,BACK-MATTER/NOTES/05-Two-Dimensions-and-Beyond-Notes.md,9,LIVE_MARKDOWN_REFERENCE,REFERENCED,PENDING,,,,[],NOT_REVIEWED,NOT_APPLICABLE,[],[],,,,
A000589,L001055,BACK-MATTER/NOTES/_page_962_Picture_7.jpeg,7bcbf5adcb7be47dfea0da1f92903acb33df9dee59c26848a4a59263ce6be2b4,56907,BACK-MATTER/NOTES/06-Starting-from-Randomness-Notes.md,U006345,BACK-MATTER/NOTES/06-Starting-from-Randomness-Notes.md,10,LIVE_MARKDOWN_REFERENCE,REFERENCED,PENDING,,,,[],NOT_REVIEWED,NOT_APPLICABLE,[],[],,,,
A000590,L001056,BACK-MATTER/NOTES/_page_963_Frequencies_of_Classes_Four_Pie_Charts.jpeg,04509aa5adc7085f181c56a623023a7fcd15085f983ea36e5fc3767ca6b0e449,89735,BACK-MATTER/NOTES/06-Starting-from-Randomness-Notes.md,U006349,BACK-MATTER/NOTES/06-Starting-from-Randomness-Notes.md,10,LIVE_MARKDOWN_REFERENCE,REFERENCED,PENDING,,,,[],NOT_REVIEWED,NOT_APPLICABLE,[],[],,,,
A000591,,BACK-MATTER/NOTES/_page_963_Picture_10.jpeg,4b5ff621a668c5b706cdec0481cf3849facb7395d256dfd7c39b471d95fd018f,3654,,,BACK-MATTER/NOTES/06-Starting-from-Randomness-Notes.md,10,UNIQUE_DIRECTORY_PAGE_RANGE,UNREFERENCED_PHYSICAL,PENDING,,,,[],NOT_REVIEWED,NOT_APPLICABLE,[],[],,,,
A000592,,BACK-MATTER/NOTES/_page_963_Picture_11.jpeg,7c660bbbb03b2d3116aab32cd50a5a3ff094961d49b403148531b36759335d6b,3717,,,BACK-MATTER/NOTES/06-Starting-from-Randomness-Notes.md,10,UNIQUE_DIRECTORY_PAGE_RANGE,UNREFERENCED_PHYSICAL,PENDING,,,,[],NOT_REVIEWED,NOT_APPLICABLE,[],[],,,,
A000593,,BACK-MATTER/NOTES/_page_963_Picture_8.jpeg,1fb4f0b4c03d8ba9f9fdeb67a0bbda2d786ed7ceeb13cdd8c31337ccd54bcdfb,3114,,,BACK-MATTER/NOTES/06-Starting-from-Randomness-Notes.md,10,UNIQUE_DIRECTORY_PAGE_RANGE,UNREFERENCED_PHYSICAL,PENDING,,,,[],NOT_REVIEWED,NOT_APPLICABLE,[],[],,,,
A000594,,BACK-MATTER/NOTES/_page_963_Picture_9.jpeg,515f5de1423a9164ed6def92d786346f64c15a0a87ba07b723c069e62829caf6,3226,,,BACK-MATTER/NOTES/06-Starting-from-Randomness-Notes.md,10,UNIQUE_DIRECTORY_PAGE_RANGE,UNREFERENCED_PHYSICAL,PENDING,,,,[],NOT_REVIEWED,NOT_APPLICABLE,[],[],,,,
A000595,L001057,BACK-MATTER/NOTES/_page_964_Picture_11.jpeg,b293416f5b629568040e1608747fb496c1773579ce50d0ef87dffdcd13ef5363,15018,BACK-MATTER/NOTES/06-Starting-from-Randomness-Notes.md,U006359,BACK-MATTER/NOTES/06-Starting-from-Randomness-Notes.md,10,LIVE_MARKDOWN_REFERENCE,REFERENCED,PENDING,,,,[],NOT_REVIEWED,NOT_APPLICABLE,[],[],,,,
A000596,L001058,BACK-MATTER/NOTES/_page_965_Figure_8.jpeg,86f37871ac99e4d10683cc16106182a0fdef49ba6414ed26997769b491868b36,60716,BACK-MATTER/NOTES/06-Starting-from-Randomness-Notes.md,U006371,BACK-MATTER/NOTES/06-Starting-from-Randomness-Notes.md,10,LIVE_MARKDOWN_REFERENCE,REFERENCED,PENDING,,,,[],NOT_REVIEWED,NOT_APPLICABLE,[],[],,,,
A000597,L001059,BACK-MATTER/NOTES/_page_966_Figure_12.jpeg,43c4548e91dd3597641c8bff4653418da5993ac422fe6486ea43802ca3f941d2,15102,BACK-MATTER/NOTES/06-Starting-from-Randomness-Notes.md,U006387,BACK-MATTER/NOTES/06-Starting-from-Randomness-Notes.md,10,LIVE_MARKDOWN_REFERENCE,REFERENCED,PENDING,,,,[],NOT_REVIEWED,NOT_APPLICABLE,[],[],,,,
A000598,L001060,BACK-MATTER/NOTES/_page_966_Figure_17.jpeg,4a21a630ca6d50bf1c6c24cd20a6076605355d3133dfd5494151cb772dcb2256,30222,BACK-MATTER/NOTES/06-Starting-from-Randomness-Notes.md,U006391,BACK-MATTER/NOTES/06-Starting-from-Randomness-Notes.md,10,LIVE_MARKDOWN_REFERENCE,REFERENCED,PENDING,,,,[],NOT_REVIEWED,NOT_APPLICABLE,[],[],,,,
A000599,L001061,BACK-MATTER/NOTES/_page_966_Figure_19.jpeg,fa2575de32a65da1f1d9a1fb4cef4a57f095136f551f9bef65304631a7edaf90,263732,BACK-MATTER/NOTES/06-Starting-from-Randomness-Notes.md,U006393,BACK-MATTER/NOTES/06-Starting-from-Randomness-Notes.md,10,LIVE_MARKDOWN_REFERENCE,REFERENCED,PENDING,,,,[],NOT_REVIEWED,NOT_APPLICABLE,[],[],,,,
A000600,,BACK-MATTER/NOTES/_page_967_Picture_11.jpeg,42456aa40fa61f3f0a3bc4e20cd673c9ff68fc03e0f067887b1bd0ecd64f7b65,3470,,,BACK-MATTER/NOTES/06-Starting-from-Randomness-Notes.md,10,UNIQUE_DIRECTORY_PAGE_RANGE,UNREFERENCED_PHYSICAL,PENDING,,,,[],NOT_REVIEWED,NOT_APPLICABLE,[],[],,,,
A000601,,BACK-MATTER/NOTES/_page_967_Picture_12.jpeg,07e5d0fc3e514d4bae3ad65a7c9406cfdeee09c86a08421d6c2cbb4c72b60dd7,3478,,,BACK-MATTER/NOTES/06-Starting-from-Randomness-Notes.md,10,UNIQUE_DIRECTORY_PAGE_RANGE,UNREFERENCED_PHYSICAL,PENDING,,,,[],NOT_REVIEWED,NOT_APPLICABLE,[],[],,,,
A000602,,BACK-MATTER/NOTES/_page_967_Picture_13.jpeg,cba10619c6c8c8ec14ac82f2ee0a99a4b16307914ca74f21f7399edffbb9b414,4561,,,BACK-MATTER/NOTES/06-Starting-from-Randomness-Notes.md,10,UNIQUE_DIRECTORY_PAGE_RANGE,UNREFERENCED_PHYSICAL,PENDING,,,,[],NOT_REVIEWED,NOT_APPLICABLE,[],[],,,,
A000603,,BACK-MATTER/NOTES/_page_967_Picture_14.jpeg,f3d5decd7d46f5595abed93e6adf93137e361477c7aa9d6e1635e1c2ec544550,4917,,,BACK-MATTER/NOTES/06-Starting-from-Randomness-Notes.md,10,UNIQUE_DIRECTORY_PAGE_RANGE,UNREFERENCED_PHYSICAL,PENDING,,,,[],NOT_REVIEWED,NOT_APPLICABLE,[],[],,,,
A000604,,BACK-MATTER/NOTES/_page_967_Picture_16.jpeg,e0234ff902bbd233042369077ab56ed8b4f9ee3435bc824def18554eea4016f8,3992,,,BACK-MATTER/NOTES/06-Starting-from-Randomness-Notes.md,10,UNIQUE_DIRECTORY_PAGE_RANGE,UNREFERENCED_PHYSICAL,PENDING,,,,[],NOT_REVIEWED,NOT_APPLICABLE,[],[],,,,
A000605,,BACK-MATTER/NOTES/_page_967_Picture_17.jpeg,a18cd76e3f1902b2c431514a269645122ee885ee41e771070a90ea8acbb41a90,4236,,,BACK-MATTER/NOTES/06-Starting-from-Randomness-Notes.md,10,UNIQUE_DIRECTORY_PAGE_RANGE,UNREFERENCED_PHYSICAL,PENDING,,,,[],NOT_REVIEWED,NOT_APPLICABLE,[],[],,,,
A000606,,BACK-MATTER/NOTES/_page_967_Picture_18.jpeg,093cbb202697ee4d067d13cb9ae9e6302d39bc6398bd4130f9c6fb5db4c43882,4319,,,BACK-MATTER/NOTES/06-Starting-from-Randomness-Notes.md,10,UNIQUE_DIRECTORY_PAGE_RANGE,UNREFERENCED_PHYSICAL,PENDING,,,,[],NOT_REVIEWED,NOT_APPLICABLE,[],[],,,,
A000607,,BACK-MATTER/NOTES/_page_967_Picture_19.jpeg,ead70b8824b33f85e294b6499855fc9d98e7caa73c018f1cca7cf05615f4878a,4294,,,BACK-MATTER/NOTES/06-Starting-from-Randomness-Notes.md,10,UNIQUE_DIRECTORY_PAGE_RANGE,UNREFERENCED_PHYSICAL,PENDING,,,,[],NOT_REVIEWED,NOT_APPLICABLE,[],[],,,,
A000608,L001065,BACK-MATTER/NOTES/_page_967_Picture_22.jpeg,7031dde8b41161115352948f9a77c2a6a8cadd0bf2bafd5b8189bc1aeca60aed,113436,BACK-MATTER/NOTES/06-Starting-from-Randomness-Notes.md,U006408,BACK-MATTER/NOTES/06-Starting-from-Randomness-Notes.md,10,LIVE_MARKDOWN_REFERENCE,REFERENCED,PENDING,,,,[],NOT_REVIEWED,NOT_APPLICABLE,[],[],,,,
A000609,L001062,BACK-MATTER/NOTES/_page_967_Picture_4.jpeg,9fe29286c9bc9ce2eded16ca32aab8b300c57e0cf0c1b0f20b96bf1b7bc17cf0,19323,BACK-MATTER/NOTES/06-Starting-from-Randomness-Notes.md,U006396,BACK-MATTER/NOTES/06-Starting-from-Randomness-Notes.md,10,LIVE_MARKDOWN_REFERENCE,REFERENCED,PENDING,,,,[],NOT_REVIEWED,NOT_APPLICABLE,[],[],,,,
A000610,L001064,BACK-MATTER/NOTES/_page_967_Rule_250_Generalized_Additivity_Four_Panel_Row.jpeg,3e13dea59cfe70198743d29e7710f522de531f9e519ee7c080f51387f168bb6e,117613,BACK-MATTER/NOTES/06-Starting-from-Randomness-Notes.md,U006405,BACK-MATTER/NOTES/06-Starting-from-Randomness-Notes.md,10,LIVE_MARKDOWN_REFERENCE,REFERENCED,PENDING,,,,[],NOT_REVIEWED,NOT_APPLICABLE,[],[],,,,
A000611,L001063,BACK-MATTER/NOTES/_page_967_Rule_90_Generalized_Additivity_Four_Panel_Row.jpeg,174774b58b270fdbfd2d3ce50a1612ff07f3e419050366da2a39414409dfc724,93907,BACK-MATTER/NOTES/06-Starting-from-Randomness-Notes.md,U006403,BACK-MATTER/NOTES/06-Starting-from-Randomness-Notes.md,10,LIVE_MARKDOWN_REFERENCE,REFERENCED,PENDING,,,,[],NOT_REVIEWED,NOT_APPLICABLE,[],[],,,,
A000612,L001067,BACK-MATTER/NOTES/_page_968_Figure_10.jpeg,2214a9af083f00230256774ffffb25e159161c05659322883043872ceef365cc,5912,BACK-MATTER/NOTES/06-Starting-from-Randomness-Notes.md,U006420,BACK-MATTER/NOTES/06-Starting-from-Randomness-Notes.md,10,LIVE_MARKDOWN_REFERENCE,REFERENCED,PENDING,,,,[],NOT_REVIEWED,NOT_APPLICABLE,[],[],,,,
A000613,L001066,BACK-MATTER/NOTES/_page_968_Figure_9.jpeg,557d0ad35c61dc1560d5d675d03ce8548e403c38e3f6cfb950f2a99a58c36d3c,5282,BACK-MATTER/NOTES/06-Starting-from-Randomness-Notes.md,U006419,BACK-MATTER/NOTES/06-Starting-from-Randomness-Notes.md,10,LIVE_MARKDOWN_REFERENCE,REFERENCED,PENDING,,,,[],NOT_REVIEWED,NOT_APPLICABLE,[],[],,,,
A000614,L001068,BACK-MATTER/NOTES/_page_969_Figure_2.jpeg,68a74e03ec8389fdcc9c4dd8349efe81b2ffe429dc4466ed52e66836fadc01d3,12820,BACK-MATTER/NOTES/06-Starting-from-Randomness-Notes.md,U006428,BACK-MATTER/NOTES/06-Starting-from-Randomness-Notes.md,10,LIVE_MARKDOWN_REFERENCE,REFERENCED,PENDING,,,,[],NOT_REVIEWED,NOT_APPLICABLE,[],[],,,,
A000615,L001069,BACK-MATTER/NOTES/_page_969_Picture_4.jpeg,44b98d0826b9fcc467094c36e1d3977a3c0f7f7615e4cb1ea2d08b1bb2d0cc8d,35400,BACK-MATTER/NOTES/06-Starting-from-Randomness-Notes.md,U006430,BACK-MATTER/NOTES/06-Starting-from-Randomness-Notes.md,10,LIVE_MARKDOWN_REFERENCE,REFERENCED,PENDING,,,,[],NOT_REVIEWED,NOT_APPLICABLE,[],[],,,,
A000616,L001070,BACK-MATTER/NOTES/_page_969_Picture_7.jpeg,c80b3e4bc0ae53052602c7a19787d568e5aeff5f9a121cccb3a8e54ff41b3ee4,48097,BACK-MATTER/NOTES/06-Starting-from-Randomness-Notes.md,U006433,BACK-MATTER/NOTES/06-Starting-from-Randomness-Notes.md,10,LIVE_MARKDOWN_REFERENCE,REFERENCED,PENDING,,,,[],NOT_REVIEWED,NOT_APPLICABLE,[],[],,,,
A000617,L001071,BACK-MATTER/NOTES/_page_971_Figure_11.jpeg,3189c7b92d9ae9629778170062087acbb95dd29baf8140ee4a16043dba30d19e,32619,BACK-MATTER/NOTES/06-Starting-from-Randomness-Notes.md,U006470,BACK-MATTER/NOTES/06-Starting-from-Randomness-Notes.md,10,LIVE_MARKDOWN_REFERENCE,REFERENCED,PENDING,,,,[],NOT_REVIEWED,NOT_APPLICABLE,[],[],,,,
A000618,L001072,BACK-MATTER/NOTES/_page_971_Nested_Initial_Conditions_Three_Panel_Row.jpeg,bb5b5b5c2a1e547e59d3882380531ab6960739bd3633462bb7c7c0807809d2ef,282694,BACK-MATTER/NOTES/06-Starting-from-Randomness-Notes.md,U006472,BACK-MATTER/NOTES/06-Starting-from-Randomness-Notes.md,10,LIVE_MARKDOWN_REFERENCE,REFERENCED,PENDING,,,,[],NOT_REVIEWED,NOT_APPLICABLE,[],[],,,,
A000619,,BACK-MATTER/NOTES/_page_971_Picture_14.jpeg,094a0e35cb251248390e5d23251a9cdf2de453f875de3623f66fba43af5c45af,6796,,,BACK-MATTER/NOTES/06-Starting-from-Randomness-Notes.md,10,UNIQUE_DIRECTORY_PAGE_RANGE,UNREFERENCED_PHYSICAL,PENDING,,,,[],NOT_REVIEWED,NOT_APPLICABLE,[],[],,,,
A000620,,BACK-MATTER/NOTES/_page_971_Picture_15.jpeg,9a0a43ae1db83282291b34df6e0aa9a488617a18c493fde21d64a433c0f96904,10042,,,BACK-MATTER/NOTES/06-Starting-from-Randomness-Notes.md,10,UNIQUE_DIRECTORY_PAGE_RANGE,UNREFERENCED_PHYSICAL,PENDING,,,,[],NOT_REVIEWED,NOT_APPLICABLE,[],[],,,,
A000621,,BACK-MATTER/NOTES/_page_971_Picture_16.jpeg,d0a49d11334bd72f552c623c0a5de6c2982302e439171400edbd59fb182f6d3a,8985,,,BACK-MATTER/NOTES/06-Starting-from-Randomness-Notes.md,10,UNIQUE_DIRECTORY_PAGE_RANGE,UNREFERENCED_PHYSICAL,PENDING,,,,[],NOT_REVIEWED,NOT_APPLICABLE,[],[],,,,
A000622,L001073,BACK-MATTER/NOTES/_page_975_Picture_7.jpeg,7e60360ce4de6cfe0345e8b234fc4da076e81d03eb3147a19dc3960165ae0efa,6154,BACK-MATTER/NOTES/06-Starting-from-Randomness-Notes.md,U006522,BACK-MATTER/NOTES/06-Starting-from-Randomness-Notes.md,10,LIVE_MARKDOWN_REFERENCE,REFERENCED,PENDING,,,,[],NOT_REVIEWED,NOT_APPLICABLE,[],[],,,,
A000623,L001074,BACK-MATTER/NOTES/_page_976_Figure_10.jpeg,c3537425f2b6c62bdbf4527167bd101e53ac025d6b0d13d870ec8048b6ab4197,21846,BACK-MATTER/NOTES/06-Starting-from-Randomness-Notes.md,U006532,BACK-MATTER/NOTES/06-Starting-from-Randomness-Notes.md,10,LIVE_MARKDOWN_REFERENCE,REFERENCED,PENDING,,,,[],NOT_REVIEWED,NOT_APPLICABLE,[],[],,,,
A000624,L001075,BACK-MATTER/NOTES/_page_977_Figure_1.jpeg,e9377f0f88c929bef1f5f73eedcc7290ca33998d0fb90ecf58f7bee7e0e3b532,53484,BACK-MATTER/NOTES/06-Starting-from-Randomness-Notes.md,U006534,BACK-MATTER/NOTES/06-Starting-from-Randomness-Notes.md,10,LIVE_MARKDOWN_REFERENCE,REFERENCED,PENDING,,,,[],NOT_REVIEWED,NOT_APPLICABLE,[],[],,,,
A000625,L001079,BACK-MATTER/NOTES/_page_977_Figure_10.jpeg,f6b4d8999fd6ed83a0ddca595813c49063b5c0c6f3fc5d951afb4f5749c609bb,73818,BACK-MATTER/NOTES/06-Starting-from-Randomness-Notes.md,U006543,BACK-MATTER/NOTES/06-Starting-from-Randomness-Notes.md,10,LIVE_MARKDOWN_REFERENCE,REFERENCED,PENDING,,,,[],NOT_REVIEWED,NOT_APPLICABLE,[],[],,,,
A000626,L001078,BACK-MATTER/NOTES/_page_977_Figure_8.jpeg,d70fc2c2547d29a524579fd94c122018b14ecd6a6727d0abd0e94112c95e004f,38892,BACK-MATTER/NOTES/06-Starting-from-Randomness-Notes.md,U006541,BACK-MATTER/NOTES/06-Starting-from-Randomness-Notes.md,10,LIVE_MARKDOWN_REFERENCE,REFERENCED,PENDING,,,,[],NOT_REVIEWED,NOT_APPLICABLE,[],[],,,,
A000627,L001076,BACK-MATTER/NOTES/_page_977_Picture_4.jpeg,d479b14ed58471fe8eb35b841bbad0f6c8463b0e5d5e90a5b1db1fba2995e6dd,18154,BACK-MATTER/NOTES/06-Starting-from-Randomness-Notes.md,U006537,BACK-MATTER/NOTES/06-Starting-from-Randomness-Notes.md,10,LIVE_MARKDOWN_REFERENCE,REFERENCED,PENDING,,,,[],NOT_REVIEWED,NOT_APPLICABLE,[],[],,,,
A000628,L001077,BACK-MATTER/NOTES/_page_977_Picture_6.jpeg,7a9e1134d9e9eb69f991814c6c530bd5340508e63f5e24d0bf0e1c5c3583d742,137752,BACK-MATTER/NOTES/06-Starting-from-Randomness-Notes.md,U006539,BACK-MATTER/NOTES/06-Starting-from-Randomness-Notes.md,10,LIVE_MARKDOWN_REFERENCE,REFERENCED,PENDING,,,,[],NOT_REVIEWED,NOT_APPLICABLE,[],[],,,,
A000629,L001082,BACK-MATTER/NOTES/_page_978_Figure_14.jpeg,4a63d0a1b6e1cb884bdc095e0104adcfe89f57bcc5f163983f39a536121d7be0,344319,BACK-MATTER/NOTES/06-Starting-from-Randomness-Notes.md,U006553,BACK-MATTER/NOTES/06-Starting-from-Randomness-Notes.md,10,LIVE_MARKDOWN_REFERENCE,REFERENCED,PENDING,,,,[],NOT_REVIEWED,NOT_APPLICABLE,[],[],,,,
A000630,L001080,BACK-MATTER/NOTES/_page_978_Figure_2.jpeg,a7fc2a3f9c7a5a8dd1894863d0c1b614d7a87cceae3ffd198325330d4b4c2be4,38767,BACK-MATTER/NOTES/06-Starting-from-Randomness-Notes.md,U006544,BACK-MATTER/NOTES/06-Starting-from-Randomness-Notes.md,10,LIVE_MARKDOWN_REFERENCE,REFERENCED,PENDING,,,,[],NOT_REVIEWED,NOT_APPLICABLE,[],[],,,,
A000631,,BACK-MATTER/NOTES/_page_978_Picture_10.jpeg,13f4f14381028eeef7e5b6f5bc6fca8cfea51ca9b241dcdcb917572188c5a268,7017,,,BACK-MATTER/NOTES/06-Starting-from-Randomness-Notes.md,10,UNIQUE_DIRECTORY_PAGE_RANGE,UNREFERENCED_PHYSICAL,PENDING,,,,[],NOT_REVIEWED,NOT_APPLICABLE,[],[],,,,
A000632,,BACK-MATTER/NOTES/_page_978_Picture_11.jpeg,4776e30f06c7aef0d6acca89b38cf6d002ebc7d071398a1ebdaf00a400adcec7,5580,,,BACK-MATTER/NOTES/06-Starting-from-Randomness-Notes.md,10,UNIQUE_DIRECTORY_PAGE_RANGE,UNREFERENCED_PHYSICAL,PENDING,,,,[],NOT_REVIEWED,NOT_APPLICABLE,[],[],,,,
A000633,L001083,BACK-MATTER/NOTES/_page_978_Picture_15.jpeg,1d6c8da946b6f8033a737b88fc52e4766d066d1be2f3192446565fdf9c69d401,612723,BACK-MATTER/NOTES/06-Starting-from-Randomness-Notes.md,U006554,BACK-MATTER/NOTES/06-Starting-from-Randomness-Notes.md,10,LIVE_MARKDOWN_REFERENCE,REFERENCED,PENDING,,,,[],NOT_REVIEWED,NOT_APPLICABLE,[],[],,,,
A000634,,BACK-MATTER/NOTES/_page_978_Picture_8.jpeg,6827f0589451e5bcfbcc2c5c6587ee58d565deb4009e4a14a0e85093f8d43bf9,6679,,,BACK-MATTER/NOTES/06-Starting-from-Randomness-Notes.md,10,UNIQUE_DIRECTORY_PAGE_RANGE,UNREFERENCED_PHYSICAL,PENDING,,,,[],NOT_REVIEWED,NOT_APPLICABLE,[],[],,,,
A000635,,BACK-MATTER/NOTES/_page_978_Picture_9.jpeg,d5788e189bfe156e567ea37d74eafc3f6881cb6b5f52287c5523fb27be5507b4,5077,,,BACK-MATTER/NOTES/06-Starting-from-Randomness-Notes.md,10,UNIQUE_DIRECTORY_PAGE_RANGE,UNREFERENCED_PHYSICAL,PENDING,,,,[],NOT_REVIEWED,NOT_APPLICABLE,[],[],,,,
A000636,L001081,BACK-MATTER/NOTES/_page_978_Shift_Rule_170_Size_4_to_8_Five_Panel_Row.jpeg,1957a65d26376106d0a68a12d28a35000d3be7941a350f7bfd7a462c73672008,152661,BACK-MATTER/NOTES/06-Starting-from-Randomness-Notes.md,U006551,BACK-MATTER/NOTES/06-Starting-from-Randomness-Notes.md,10,LIVE_MARKDOWN_REFERENCE,REFERENCED,PENDING,,,,[],NOT_REVIEWED,NOT_APPLICABLE,[],[],,,,
A000637,L001084,BACK-MATTER/NOTES/_page_979_Figure_1.jpeg,a0a7663ff4e95ad5a1b0ba8b5372ea2ff815859074c42abd2ddb3e9d2c9c0b65,22759,BACK-MATTER/NOTES/06-Starting-from-Randomness-Notes.md,U006556,BACK-MATTER/NOTES/06-Starting-from-Randomness-Notes.md,10,LIVE_MARKDOWN_REFERENCE,REFERENCED,PENDING,,,,[],NOT_REVIEWED,NOT_APPLICABLE,[],[],,,,
A000638,L001085,BACK-MATTER/NOTES/_page_979_Figure_4.jpeg,acbfe15808099d36b2802a8aa10a946bf4f70870241799b795f8b4d1dfcab132,16090,BACK-MATTER/NOTES/06-Starting-from-Randomness-Notes.md,U006559,BACK-MATTER/NOTES/06-Starting-from-Randomness-Notes.md,10,LIVE_MARKDOWN_REFERENCE,REFERENCED,PENDING,,,,[],NOT_REVIEWED,NOT_APPLICABLE,[],[],,,,
A000639,L001087,BACK-MATTER/NOTES/_page_979_Picture_18.jpeg,a92d97d4654acd7dd0d0c52ba4af7d092d67524ff7054273a08a25730f1ecc9e,23273,BACK-MATTER/NOTES/06-Starting-from-Randomness-Notes.md,U006571,BACK-MATTER/NOTES/06-Starting-from-Randomness-Notes.md,10,LIVE_MARKDOWN_REFERENCE,REFERENCED,PENDING,,,,[],NOT_REVIEWED,NOT_APPLICABLE,[],[],,,,
A000640,L001088,BACK-MATTER/NOTES/_page_979_Picture_20.jpeg,891a3a9d3e3c823f463507b164394e7914ff60f2c753411e1d508db9868815fe,10401,BACK-MATTER/NOTES/06-Starting-from-Randomness-Notes.md,U006573,BACK-MATTER/NOTES/06-Starting-from-Randomness-Notes.md,10,LIVE_MARKDOWN_REFERENCE,REFERENCED,PENDING,,,,[],NOT_REVIEWED,NOT_APPLICABLE,[],[],,,,
A000641,L001089,BACK-MATTER/NOTES/_page_979_Picture_22.jpeg,3fbf48b08d926e273073ff2e1610dc628528573156d8265ba2327602bfaed42a,10029,BACK-MATTER/NOTES/06-Starting-from-Randomness-Notes.md,U006575,BACK-MATTER/NOTES/06-Starting-from-Randomness-Notes.md,10,LIVE_MARKDOWN_REFERENCE,REFERENCED,PENDING,,,,[],NOT_REVIEWED,NOT_APPLICABLE,[],[],,,,
A000642,L001090,BACK-MATTER/NOTES/_page_979_Picture_24.jpeg,bfb9bed44848de273d4e625496904d45e4616009fda5e5d0cda0f1b7d1012074,37966,BACK-MATTER/NOTES/06-Starting-from-Randomness-Notes.md,U006577,BACK-MATTER/NOTES/06-Starting-from-Randomness-Notes.md,10,LIVE_MARKDOWN_REFERENCE,REFERENCED,PENDING,,,,[],NOT_REVIEWED,NOT_APPLICABLE,[],[],,,,
A000643,L001086,BACK-MATTER/NOTES/_page_979_Picture_6.jpeg,f9fe6970d82502f70cf371b503160c71047d290954ca19d5d37b4fd65c12fdc1,23347,BACK-MATTER/NOTES/06-Starting-from-Randomness-Notes.md,U006561,BACK-MATTER/NOTES/06-Starting-from-Randomness-Notes.md,10,LIVE_MARKDOWN_REFERENCE,REFERENCED,PENDING,,,,[],NOT_REVIEWED,NOT_APPLICABLE,[],[],,,,
A000644,L001091,BACK-MATTER/NOTES/_page_980_Figure_3.jpeg,819837fecdb7f91c5e142c3efd64fa876e2537fc6ae947b261e6fa2265e9db9d,335157,BACK-MATTER/NOTES/06-Starting-from-Randomness-Notes.md,U006579,BACK-MATTER/NOTES/06-Starting-from-Randomness-Notes.md,10,LIVE_MARKDOWN_REFERENCE,REFERENCED,PENDING,,,,[],NOT_REVIEWED,NOT_APPLICABLE,[],[],,,,
A000645,L001094,BACK-MATTER/NOTES/_page_980_Life_Elaborate_Structures_Four_Panel_Group.jpeg,06a272b83b3eefb5740d6f328db2f03ff1527db625231f388d31a32a71f1cd80,263017,BACK-MATTER/NOTES/06-Starting-from-Randomness-Notes.md,U006585,BACK-MATTER/NOTES/06-Starting-from-Randomness-Notes.md,10,LIVE_MARKDOWN_REFERENCE,REFERENCED,PENDING,,,,[],NOT_REVIEWED,NOT_APPLICABLE,[],[],,,,
A000646,L001096,BACK-MATTER/NOTES/_page_980_Life_Puffer_Train_Four_Panel_Group.jpeg,d63b7a94b59c570c8b6b692a0b372156e94b5fdfc7f4b2b01ec52d215cb41a04,276061,BACK-MATTER/NOTES/06-Starting-from-Randomness-Notes.md,U006590,BACK-MATTER/NOTES/06-Starting-from-Randomness-Notes.md,10,LIVE_MARKDOWN_REFERENCE,REFERENCED,PENDING,,,,[],NOT_REVIEWED,NOT_APPLICABLE,[],[],,,,
A000647,L001095,BACK-MATTER/NOTES/_page_980_Life_Spacefiller_Three_Panel_Row.jpeg,ebd0ba594b0b663e325ecf62007ee84cbc7ecd6f52f994d162c7659da2559c3f,152794,BACK-MATTER/NOTES/06-Starting-from-Randomness-Notes.md,U006588,BACK-MATTER/NOTES/06-Starting-from-Randomness-Notes.md,10,LIVE_MARKDOWN_REFERENCE,REFERENCED,PENDING,,,,[],NOT_REVIEWED,NOT_APPLICABLE,[],[],,,,
A000648,,BACK-MATTER/NOTES/_page_980_Picture_10.jpeg,56c862e4602ab16264c98320c021ffe8b96f0ec4a53018318ce29d8569045377,7274,,,BACK-MATTER/NOTES/06-Starting-from-Randomness-Notes.md,10,UNIQUE_DIRECTORY_PAGE_RANGE,UNREFERENCED_PHYSICAL,PENDING,,,,[],NOT_REVIEWED,NOT_APPLICABLE,[],[],,,,
A000649,,BACK-MATTER/NOTES/_page_980_Picture_11.jpeg,3b93b3e6121fa46b3a0fb9294de1f1938dd0c4b185df2f6b5c35adfafc9ca610,2112,,,BACK-MATTER/NOTES/06-Starting-from-Randomness-Notes.md,10,UNIQUE_DIRECTORY_PAGE_RANGE,UNREFERENCED_PHYSICAL,PENDING,,,,[],NOT_REVIEWED,NOT_APPLICABLE,[],[],,,,
A000650,,BACK-MATTER/NOTES/_page_980_Picture_12.jpeg,54b54c669774773a985633726d959e44facb56df95e650ef2ff8d064e0c7a49a,8399,,,BACK-MATTER/NOTES/06-Starting-from-Randomness-Notes.md,10,UNIQUE_DIRECTORY_PAGE_RANGE,UNREFERENCED_PHYSICAL,PENDING,,,,[],NOT_REVIEWED,NOT_APPLICABLE,[],[],,,,
A000651,,BACK-MATTER/NOTES/_page_980_Picture_15.jpeg,641317f32d429dd61b8353e1ebe65bd80f30950df78f0ebdc3a7f99b6bd26cd9,4385,,,BACK-MATTER/NOTES/06-Starting-from-Randomness-Notes.md,10,UNIQUE_DIRECTORY_PAGE_RANGE,UNREFERENCED_PHYSICAL,PENDING,,,,[],NOT_REVIEWED,NOT_APPLICABLE,[],[],,,,
A000652,,BACK-MATTER/NOTES/_page_980_Picture_16.jpeg,90df3d1e1e99ed74dd1844654ff41b04b23f6fe22552cefa2b72f659cd0c5fda,5858,,,BACK-MATTER/NOTES/06-Starting-from-Randomness-Notes.md,10,UNIQUE_DIRECTORY_PAGE_RANGE,UNREFERENCED_PHYSICAL,PENDING,,,,[],NOT_REVIEWED,NOT_APPLICABLE,[],[],,,,
A000653,,BACK-MATTER/NOTES/_page_980_Picture_17.jpeg,3ad70eb7f740edf7749700ff107f08306830f3e3fd617f2df3f9e7e559178e21,8261,,,BACK-MATTER/NOTES/06-Starting-from-Randomness-Notes.md,10,UNIQUE_DIRECTORY_PAGE_RANGE,UNREFERENCED_PHYSICAL,PENDING,,,,[],NOT_REVIEWED,NOT_APPLICABLE,[],[],,,,
A000654,,BACK-MATTER/NOTES/_page_980_Picture_19.jpeg,d617dda16294c8d1990bd17969400581969e520d634d1ae875ba4ca089c224cf,6540,,,BACK-MATTER/NOTES/06-Starting-from-Randomness-Notes.md,10,UNIQUE_DIRECTORY_PAGE_RANGE,UNREFERENCED_PHYSICAL,PENDING,,,,[],NOT_REVIEWED,NOT_APPLICABLE,[],[],,,,
A000655,,BACK-MATTER/NOTES/_page_980_Picture_20.jpeg,07945edbf25d95acbf95dd4efa9fde72c0c6dfa1fa35236a00d3c66ab892ed18,5861,,,BACK-MATTER/NOTES/06-Starting-from-Randomness-Notes.md,10,UNIQUE_DIRECTORY_PAGE_RANGE,UNREFERENCED_PHYSICAL,PENDING,,,,[],NOT_REVIEWED,NOT_APPLICABLE,[],[],,,,
A000656,,BACK-MATTER/NOTES/_page_980_Picture_21.jpeg,2d75a4dd9e44709b86e3dc020f698fff6f67723834b32dc999da0da9ccf32c93,5084,,,BACK-MATTER/NOTES/06-Starting-from-Randomness-Notes.md,10,UNIQUE_DIRECTORY_PAGE_RANGE,UNREFERENCED_PHYSICAL,PENDING,,,,[],NOT_REVIEWED,NOT_APPLICABLE,[],[],,,,
A000657,,BACK-MATTER/NOTES/_page_980_Picture_22.jpeg,011f95f439762d74f7de6224bc44c02375e3c84f0ff697d254ddcea78f5c6bc5,14964,,,BACK-MATTER/NOTES/06-Starting-from-Randomness-Notes.md,10,UNIQUE_DIRECTORY_PAGE_RANGE,UNREFERENCED_PHYSICAL,PENDING,,,,[],NOT_REVIEWED,NOT_APPLICABLE,[],[],,,,
A000658,L001092,BACK-MATTER/NOTES/_page_980_Picture_5.jpeg,7280a5e657ac3bc24508d45f374d12b1bd2c09a9c7dd2699b6c530fe6e16b0ac,21809,BACK-MATTER/NOTES/06-Starting-from-Randomness-Notes.md,U006581,BACK-MATTER/NOTES/06-Starting-from-Randomness-Notes.md,10,LIVE_MARKDOWN_REFERENCE,REFERENCED,PENDING,,,,[],NOT_REVIEWED,NOT_APPLICABLE,[],[],,,,
A000659,L001093,BACK-MATTER/NOTES/_page_980_Picture_7.jpeg,bb94e4fb24dbd54390fd1b56779852bdd866bf811cba5d1556a22ad2566b5794,17862,BACK-MATTER/NOTES/06-Starting-from-Randomness-Notes.md,U006583,BACK-MATTER/NOTES/06-Starting-from-Randomness-Notes.md,10,LIVE_MARKDOWN_REFERENCE,REFERENCED,PENDING,,,,[],NOT_REVIEWED,NOT_APPLICABLE,[],[],,,,
A000660,,BACK-MATTER/NOTES/_page_980_Picture_9.jpeg,3e6e250bdb467d0c64f9d13c0a9c7d5988f5a5a2ed48410e79ab2523a2c6194d,14706,,,BACK-MATTER/NOTES/06-Starting-from-Randomness-Notes.md,10,UNIQUE_DIRECTORY_PAGE_RANGE,UNREFERENCED_PHYSICAL,PENDING,,,,[],NOT_REVIEWED,NOT_APPLICABLE,[],[],,,,
A000661,,BACK-MATTER/NOTES/_page_984_Figure_5.jpeg,23d95b44cc38057c6c83871fb71d70a2d13f4f0d77f86c2fc81b223e7ff62b6f,2824,,,BACK-MATTER/NOTES/07-Mechanisms-in-Programs-and-Nature-Notes.md,11,UNIQUE_DIRECTORY_PAGE_RANGE,UNREFERENCED_PHYSICAL,PENDING,,,,[],NOT_REVIEWED,NOT_APPLICABLE,[],[],,,,
A000662,,BACK-MATTER/NOTES/_page_984_Figure_9.jpeg,ca45a288b8c6c612ed887ed7b923cbad8c79296cb2696bd624abbfceb684a8a8,2951,,,BACK-MATTER/NOTES/07-Mechanisms-in-Programs-and-Nature-Notes.md,11,UNIQUE_DIRECTORY_PAGE_RANGE,UNREFERENCED_PHYSICAL,PENDING,,,,[],NOT_REVIEWED,NOT_APPLICABLE,[],[],,,,
A000663,,BACK-MATTER/NOTES/_page_984_Picture_6.jpeg,130fbbfe7bf0d3926246f2539aa828a365b3675c2158ba624338a6cb8d928b52,2655,,,BACK-MATTER/NOTES/07-Mechanisms-in-Programs-and-Nature-Notes.md,11,UNIQUE_DIRECTORY_PAGE_RANGE,UNREFERENCED_PHYSICAL,PENDING,,,,[],NOT_REVIEWED,NOT_APPLICABLE,[],[],,,,
A000664,,BACK-MATTER/NOTES/_page_984_Picture_7.jpeg,126fa2a343116b508e018b8ea8ac14e7551f5348fe9f9e8ac6b6cb1c135170c2,2829,,,BACK-MATTER/NOTES/07-Mechanisms-in-Programs-and-Nature-Notes.md,11,UNIQUE_DIRECTORY_PAGE_RANGE,UNREFERENCED_PHYSICAL,PENDING,,,,[],NOT_REVIEWED,NOT_APPLICABLE,[],[],,,,
A000665,,BACK-MATTER/NOTES/_page_984_Picture_8.jpeg,cab2d400733eefa9719f50134e630a30a38f740d7fec4f527c2f479f15e21efe,2801,,,BACK-MATTER/NOTES/07-Mechanisms-in-Programs-and-Nature-Notes.md,11,UNIQUE_DIRECTORY_PAGE_RANGE,UNREFERENCED_PHYSICAL,PENDING,,,,[],NOT_REVIEWED,NOT_APPLICABLE,[],[],,,,
A000666,L001097,BACK-MATTER/NOTES/_page_984_Power_Spectra_Five_Panel_Row.jpeg,5378df8a868fcc6076f54cfe4c415f63aa08922eab8b1d2198a98904adc9b58f,97367,BACK-MATTER/NOTES/07-Mechanisms-in-Programs-and-Nature-Notes.md,U006605,BACK-MATTER/NOTES/07-Mechanisms-in-Programs-and-Nature-Notes.md,11,LIVE_MARKDOWN_REFERENCE,REFERENCED,PENDING,,,,[],NOT_REVIEWED,NOT_APPLICABLE,[],[],,,,
A000667,L001098,BACK-MATTER/NOTES/_page_986_Billiards_Five_Panel_Row.jpeg,9604d7a37c2ed0c4dfc55e471a8d92ca1ccc110266bf9db21f41fce7e525b313,223034,BACK-MATTER/NOTES/07-Mechanisms-in-Programs-and-Nature-Notes.md,U006619,BACK-MATTER/NOTES/07-Mechanisms-in-Programs-and-Nature-Notes.md,11,LIVE_MARKDOWN_REFERENCE,REFERENCED,PENDING,,,,[],NOT_REVIEWED,NOT_APPLICABLE,[],[],,,,
A000668,,BACK-MATTER/NOTES/_page_986_Picture_4.jpeg,dce3420f6ab4b0cda93c35df05fc0f1af1477889fcf988251894fd4c53e94a2f,2185,,,BACK-MATTER/NOTES/07-Mechanisms-in-Programs-and-Nature-Notes.md,11,UNIQUE_DIRECTORY_PAGE_RANGE,UNREFERENCED_PHYSICAL,PENDING,,,,[],NOT_REVIEWED,NOT_APPLICABLE,[],[],,,,
A000669,,BACK-MATTER/NOTES/_page_986_Picture_5.jpeg,0cf2cee6cf4e44d42f09a4116cfd09a5e622fc9799901fcf05cc4a744a17cfe6,2449,,,BACK-MATTER/NOTES/07-Mechanisms-in-Programs-and-Nature-Notes.md,11,UNIQUE_DIRECTORY_PAGE_RANGE,UNREFERENCED_PHYSICAL,PENDING,,,,[],NOT_REVIEWED,NOT_APPLICABLE,[],[],,,,
A000670,,BACK-MATTER/NOTES/_page_986_Picture_6.jpeg,91ccba8bb1c4a855376d1573507072af4ae310e06aaeb751e4a4de912f518234,4105,,,BACK-MATTER/NOTES/07-Mechanisms-in-Programs-and-Nature-Notes.md,11,UNIQUE_DIRECTORY_PAGE_RANGE,UNREFERENCED_PHYSICAL,PENDING,,,,[],NOT_REVIEWED,NOT_APPLICABLE,[],[],,,,
A000671,,BACK-MATTER/NOTES/_page_986_Picture_7.jpeg,5d4ced55b1fed2900320f0f2d61df6dc43e63339726c33bb1bcef528e0497608,5402,,,BACK-MATTER/NOTES/07-Mechanisms-in-Programs-and-Nature-Notes.md,11,UNIQUE_DIRECTORY_PAGE_RANGE,UNREFERENCED_PHYSICAL,PENDING,,,,[],NOT_REVIEWED,NOT_APPLICABLE,[],[],,,,
A000672,,BACK-MATTER/NOTES/_page_986_Picture_8.jpeg,a1983299e03d94a78d251a7116ede9184b32a24bf8e9f9a0402cd18420749b7f,6253,,,BACK-MATTER/NOTES/07-Mechanisms-in-Programs-and-Nature-Notes.md,11,UNIQUE_DIRECTORY_PAGE_RANGE,UNREFERENCED_PHYSICAL,PENDING,,,,[],NOT_REVIEWED,NOT_APPLICABLE,[],[],,,,
A000673,L001099,BACK-MATTER/NOTES/_page_987_Idealized_Planet_Orbits_Five_Panel_Row.jpeg,bad501883a94df91f4de278aef36142983cc7a0e4868b668f9ae875af675c0ec,97133,BACK-MATTER/NOTES/07-Mechanisms-in-Programs-and-Nature-Notes.md,U006623,BACK-MATTER/NOTES/07-Mechanisms-in-Programs-and-Nature-Notes.md,11,LIVE_MARKDOWN_REFERENCE,REFERENCED,PENDING,,,,[],NOT_REVIEWED,NOT_APPLICABLE,[],[],,,,
A000674,,BACK-MATTER/NOTES/_page_987_Picture_10.jpeg,8d0c78746abd8d10d9c541dbbc7c1960e7cc80afd445c5c6250df363511b792f,2107,,,BACK-MATTER/NOTES/07-Mechanisms-in-Programs-and-Nature-Notes.md,11,UNIQUE_DIRECTORY_PAGE_RANGE,UNREFERENCED_PHYSICAL,PENDING,,,,[],NOT_REVIEWED,NOT_APPLICABLE,[],[],,,,
A000675,,BACK-MATTER/NOTES/_page_987_Picture_11.jpeg,653d2ecde84aa115fc09c707605e0b4325e7f7db64572eeaec604d401cba1b66,3035,,,BACK-MATTER/NOTES/07-Mechanisms-in-Programs-and-Nature-Notes.md,11,UNIQUE_DIRECTORY_PAGE_RANGE,UNREFERENCED_PHYSICAL,PENDING,,,,[],NOT_REVIEWED,NOT_APPLICABLE,[],[],,,,
A000676,,BACK-MATTER/NOTES/_page_987_Picture_12.jpeg,500052c1685ff92ef2a694e21fcbf10d72b06fc45c9fc67101e42af06ee4d51b,2996,,,BACK-MATTER/NOTES/07-Mechanisms-in-Programs-and-Nature-Notes.md,11,UNIQUE_DIRECTORY_PAGE_RANGE,UNREFERENCED_PHYSICAL,PENDING,,,,[],NOT_REVIEWED,NOT_APPLICABLE,[],[],,,,
A000677,,BACK-MATTER/NOTES/_page_987_Picture_13.jpeg,f4c202d555bda8bb759a01241943b98be16961ae001fefbd89ebd1c2c41c0b40,3143,,,BACK-MATTER/NOTES/07-Mechanisms-in-Programs-and-Nature-Notes.md,11,UNIQUE_DIRECTORY_PAGE_RANGE,UNREFERENCED_PHYSICAL,PENDING,,,,[],NOT_REVIEWED,NOT_APPLICABLE,[],[],,,,
A000678,,BACK-MATTER/NOTES/_page_987_Picture_9.jpeg,dc9b063a49405f78f798a2b8a4407e37bf8ca1cc6e23e90ada24dd2090dacc21,4203,,,BACK-MATTER/NOTES/07-Mechanisms-in-Programs-and-Nature-Notes.md,11,UNIQUE_DIRECTORY_PAGE_RANGE,UNREFERENCED_PHYSICAL,PENDING,,,,[],NOT_REVIEWED,NOT_APPLICABLE,[],[],,,,
A000679,L001102,BACK-MATTER/NOTES/_page_988_Figure_10.jpeg,74785c2ba5b53ed34fd63ac8a5e13290b7ba8b421a6cf752666547611c34313f,21390,BACK-MATTER/NOTES/07-Mechanisms-in-Programs-and-Nature-Notes.md,U006631,BACK-MATTER/NOTES/07-Mechanisms-in-Programs-and-Nature-Notes.md,11,LIVE_MARKDOWN_REFERENCE,REFERENCED,PENDING,,,,[],NOT_REVIEWED,NOT_APPLICABLE,[],[],,,,
A000680,L001100,BACK-MATTER/NOTES/_page_988_Figure_3.jpeg,d89383d399a94f9901d756afbc0b4e685cd2ff091d4e51a5fc8ad11fcd51fd9d,224583,BACK-MATTER/NOTES/07-Mechanisms-in-Programs-and-Nature-Notes.md,U006625,BACK-MATTER/NOTES/07-Mechanisms-in-Programs-and-Nature-Notes.md,11,LIVE_MARKDOWN_REFERENCE,REFERENCED,PENDING,,,,[],NOT_REVIEWED,NOT_APPLICABLE,[],[],,,,
A000681,L001101,BACK-MATTER/NOTES/_page_988_Figure_7.jpeg,279107283a803707ece0dbc33387bdf9e826c73bcf8fa45b680a6bbf746d019a,14244,BACK-MATTER/NOTES/07-Mechanisms-in-Programs-and-Nature-Notes.md,U006629,BACK-MATTER/NOTES/07-Mechanisms-in-Programs-and-Nature-Notes.md,11,LIVE_MARKDOWN_REFERENCE,REFERENCED,PENDING,,,,[],NOT_REVIEWED,NOT_APPLICABLE,[],[],,,,
A000682,L001103,BACK-MATTER/NOTES/_page_989_Picture_7.jpeg,b6150bfce6c95df3c0e270cd740a9b3f575c76e30b9d00a887facecfd3fe6cc5,25967,BACK-MATTER/NOTES/07-Mechanisms-in-Programs-and-Nature-Notes.md,U006637,BACK-MATTER/NOTES/07-Mechanisms-in-Programs-and-Nature-Notes.md,11,LIVE_MARKDOWN_REFERENCE,REFERENCED,PENDING,,,,[],NOT_REVIEWED,NOT_APPLICABLE,[],[],,,,
A000683,L001104,BACK-MATTER/NOTES/_page_990_Figure_6.jpeg,e447c49c4d30201269dbbb7e632c7ab7d4a928b51dd1a835f504b7ac12f70a61,32478,BACK-MATTER/NOTES/07-Mechanisms-in-Programs-and-Nature-Notes.md,U006653,BACK-MATTER/NOTES/07-Mechanisms-in-Programs-and-Nature-Notes.md,11,LIVE_MARKDOWN_REFERENCE,REFERENCED,PENDING,,,,[],NOT_REVIEWED,NOT_APPLICABLE,[],[],,,,
A000684,L001105,BACK-MATTER/NOTES/_page_992_Picture_2.jpeg,99a58b9f850c44388f9a0b78100b43dbb78cd3d6be5047b1aff8b38da9d5a919,8854,BACK-MATTER/NOTES/07-Mechanisms-in-Programs-and-Nature-Notes.md,U006683,BACK-MATTER/NOTES/07-Mechanisms-in-Programs-and-Nature-Notes.md,11,LIVE_MARKDOWN_REFERENCE,REFERENCED,PENDING,,,,[],NOT_REVIEWED,NOT_APPLICABLE,[],[],,,,
A000685,L001108,BACK-MATTER/NOTES/_page_993_Aggregation_Isotropy_Three_Panels_and_Two_Plots.jpeg,82e37ec9793a58743c25fbc27297dd92abbfb428f838aa4e93b0e138a450534f,88752,BACK-MATTER/NOTES/07-Mechanisms-in-Programs-and-Nature-Notes.md,U006720,BACK-MATTER/NOTES/07-Mechanisms-in-Programs-and-Nature-Notes.md,11,LIVE_MARKDOWN_REFERENCE,REFERENCED,PENDING,,,,[],NOT_REVIEWED,NOT_APPLICABLE,[],[],,,,
A000686,,BACK-MATTER/NOTES/_page_993_Figure_18.jpeg,7cc1c2a8237051280b54d3eed5c8886c271d6a1f5bab446452cac5957f126219,5794,,,BACK-MATTER/NOTES/07-Mechanisms-in-Programs-and-Nature-Notes.md,11,UNIQUE_DIRECTORY_PAGE_RANGE,UNREFERENCED_PHYSICAL,PENDING,,,,[],NOT_REVIEWED,NOT_APPLICABLE,[],[],,,,
A000687,,BACK-MATTER/NOTES/_page_993_Picture_10.jpeg,add9dd490afd7362a9a397bf29e5ceff090399658fdc593462fea31c144c7a24,6373,,,BACK-MATTER/NOTES/07-Mechanisms-in-Programs-and-Nature-Notes.md,11,UNIQUE_DIRECTORY_PAGE_RANGE,UNREFERENCED_PHYSICAL,PENDING,,,,[],NOT_REVIEWED,NOT_APPLICABLE,[],[],,,,
A000688,,BACK-MATTER/NOTES/_page_993_Picture_11.jpeg,d4e47e507b9f22792244a9930c7f77b7b3d2d714ab318720d800985bf39d9a85,4014,,,BACK-MATTER/NOTES/07-Mechanisms-in-Programs-and-Nature-Notes.md,11,UNIQUE_DIRECTORY_PAGE_RANGE,UNREFERENCED_PHYSICAL,PENDING,,,,[],NOT_REVIEWED,NOT_APPLICABLE,[],[],,,,
A000689,,BACK-MATTER/NOTES/_page_993_Picture_12.jpeg,5ede42284a06b1b1e191d2f812c64942d2e3472585c993838e42f3300932184b,4858,,,BACK-MATTER/NOTES/07-Mechanisms-in-Programs-and-Nature-Notes.md,11,UNIQUE_DIRECTORY_PAGE_RANGE,UNREFERENCED_PHYSICAL,PENDING,,,,[],NOT_REVIEWED,NOT_APPLICABLE,[],[],,,,
A000690,,BACK-MATTER/NOTES/_page_993_Picture_15.jpeg,ba35ad5d6f0a2776180e0e71e81752e33e9868509da9a507f88b76498837d243,3180,,,BACK-MATTER/NOTES/07-Mechanisms-in-Programs-and-Nature-Notes.md,11,UNIQUE_DIRECTORY_PAGE_RANGE,UNREFERENCED_PHYSICAL,PENDING,,,,[],NOT_REVIEWED,NOT_APPLICABLE,[],[],,,,
A000691,,BACK-MATTER/NOTES/_page_993_Picture_16.jpeg,a1367e700d0852ce2005e99e756fad311151839b38454b2052637cddb53f4faa,2942,,,BACK-MATTER/NOTES/07-Mechanisms-in-Programs-and-Nature-Notes.md,11,UNIQUE_DIRECTORY_PAGE_RANGE,UNREFERENCED_PHYSICAL,PENDING,,,,[],NOT_REVIEWED,NOT_APPLICABLE,[],[],,,,
A000692,,BACK-MATTER/NOTES/_page_993_Picture_17.jpeg,294e26c668218522967cb62fd7b44b938090a2c7f68c4cf3eb171fe234387887,3172,,,BACK-MATTER/NOTES/07-Mechanisms-in-Programs-and-Nature-Notes.md,11,UNIQUE_DIRECTORY_PAGE_RANGE,UNREFERENCED_PHYSICAL,PENDING,,,,[],NOT_REVIEWED,NOT_APPLICABLE,[],[],,,,
A000693,,BACK-MATTER/NOTES/_page_993_Picture_2.jpeg,2e22d5559807792974f2fe5c6a89183307bf7e778f501e4ef8576e6561bb857b,4736,,,BACK-MATTER/NOTES/07-Mechanisms-in-Programs-and-Nature-Notes.md,11,UNIQUE_DIRECTORY_PAGE_RANGE,UNREFERENCED_PHYSICAL,PENDING,,,,[],NOT_REVIEWED,NOT_APPLICABLE,[],[],,,,
A000694,,BACK-MATTER/NOTES/_page_993_Picture_3.jpeg,ac9fdd1212eda6e1bb61872d98db4438156cd0b5cdb5b7bd8090fd683b94f7fb,6249,,,BACK-MATTER/NOTES/07-Mechanisms-in-Programs-and-Nature-Notes.md,11,UNIQUE_DIRECTORY_PAGE_RANGE,UNREFERENCED_PHYSICAL,PENDING,,,,[],NOT_REVIEWED,NOT_APPLICABLE,[],[],,,,
A000695,,BACK-MATTER/NOTES/_page_993_Picture_4.jpeg,b16a23c3cd660a5432094687bfa601033be746518fc3d96960aaa3037d8165ae,3036,,,BACK-MATTER/NOTES/07-Mechanisms-in-Programs-and-Nature-Notes.md,11,UNIQUE_DIRECTORY_PAGE_RANGE,UNREFERENCED_PHYSICAL,PENDING,,,,[],NOT_REVIEWED,NOT_APPLICABLE,[],[],,,,
A000696,,BACK-MATTER/NOTES/_page_993_Picture_5.jpeg,8d45a79146831f093d2dd164186261dc7add8f6298157a69c8fe8dd6ea39702d,2704,,,BACK-MATTER/NOTES/07-Mechanisms-in-Programs-and-Nature-Notes.md,11,UNIQUE_DIRECTORY_PAGE_RANGE,UNREFERENCED_PHYSICAL,PENDING,,,,[],NOT_REVIEWED,NOT_APPLICABLE,[],[],,,,
A000697,,BACK-MATTER/NOTES/_page_993_Picture_6.jpeg,8b2f4dc5921225f45d5877cf7102cbf2b528a5f540887670e4201a09e209fc13,3222,,,BACK-MATTER/NOTES/07-Mechanisms-in-Programs-and-Nature-Notes.md,11,UNIQUE_DIRECTORY_PAGE_RANGE,UNREFERENCED_PHYSICAL,PENDING,,,,[],NOT_REVIEWED,NOT_APPLICABLE,[],[],,,,
A000698,L001106,BACK-MATTER/NOTES/_page_993_Random_Walk_Extreme_Distributions_Five_Panel_Row.jpeg,75398bc8e62abacf3509b73e768a32be10c0cb93de0fa4ab14b9e4f848588a97,171633,BACK-MATTER/NOTES/07-Mechanisms-in-Programs-and-Nature-Notes.md,U006714,BACK-MATTER/NOTES/07-Mechanisms-in-Programs-and-Nature-Notes.md,11,LIVE_MARKDOWN_REFERENCE,REFERENCED,PENDING,,,,[],NOT_REVIEWED,NOT_APPLICABLE,[],[],,,,
A000699,L001107,BACK-MATTER/NOTES/_page_993_Self_Avoiding_Walks_Three_Panel_Row.jpeg,1642f0240ddfa3f96062ea3c160f6366d681681a6966784ffddc86e0074fee51,114022,BACK-MATTER/NOTES/07-Mechanisms-in-Programs-and-Nature-Notes.md,U006718,BACK-MATTER/NOTES/07-Mechanisms-in-Programs-and-Nature-Notes.md,11,LIVE_MARKDOWN_REFERENCE,REFERENCED,PENDING,,,,[],NOT_REVIEWED,NOT_APPLICABLE,[],[],,,,
A000700,L001111,BACK-MATTER/NOTES/_page_994_Aggregation_Growth_Five_Step_Row.jpeg,d2a1376ce2ea77e1a384daf63da5e8491514d55750abdacb5c7557271b9d64ad,113965,BACK-MATTER/NOTES/07-Mechanisms-in-Programs-and-Nature-Notes.md,U006732,BACK-MATTER/NOTES/07-Mechanisms-in-Programs-and-Nature-Notes.md,11,LIVE_MARKDOWN_REFERENCE,REFERENCED,PENDING,,,,[],NOT_REVIEWED,NOT_APPLICABLE,[],[],,,,
A000701,L001115,BACK-MATTER/NOTES/_page_994_Code_746_Four_Growth_Panels_and_Three_Plots.jpeg,3a121ec2bacbda2272b52ccc9ec3e0213bf4cf3ed2e08de39947e46095c5f283,251183,BACK-MATTER/NOTES/07-Mechanisms-in-Programs-and-Nature-Notes.md,U006741,BACK-MATTER/NOTES/07-Mechanisms-in-Programs-and-Nature-Notes.md,11,LIVE_MARKDOWN_REFERENCE,REFERENCED,PENDING,,,,[],NOT_REVIEWED,NOT_APPLICABLE,[],[],,,,
A000702,L001110,BACK-MATTER/NOTES/_page_994_Constrained_Aggregation_Six_Step_Row.jpeg,1901c5b28f82cdc633be2ca2f6cb99efeb468474b58ea9edc232c7bb22fa2efd,87426,BACK-MATTER/NOTES/07-Mechanisms-in-Programs-and-Nature-Notes.md,U006730,BACK-MATTER/NOTES/07-Mechanisms-in-Programs-and-Nature-Notes.md,11,LIVE_MARKDOWN_REFERENCE,REFERENCED,PENDING,,,,[],NOT_REVIEWED,NOT_APPLICABLE,[],[],,,,
A000703,,BACK-MATTER/NOTES/_page_994_Figure_23.jpeg,ce7995ccf0db6e46d3511a410e94fd3393034a26f163713130f24d5e0ccd0832,2399,,,BACK-MATTER/NOTES/07-Mechanisms-in-Programs-and-Nature-Notes.md,11,UNIQUE_DIRECTORY_PAGE_RANGE,UNREFERENCED_PHYSICAL,PENDING,,,,[],NOT_REVIEWED,NOT_APPLICABLE,[],[],,,,
A000704,,BACK-MATTER/NOTES/_page_994_Figure_24.jpeg,3190842fd85df1b72a0725c849d1f715cbca697080da68846d65423d75dab267,2558,,,BACK-MATTER/NOTES/07-Mechanisms-in-Programs-and-Nature-Notes.md,11,UNIQUE_DIRECTORY_PAGE_RANGE,UNREFERENCED_PHYSICAL,PENDING,,,,[],NOT_REVIEWED,NOT_APPLICABLE,[],[],,,,
A000705,,BACK-MATTER/NOTES/_page_994_Figure_25.jpeg,0f5e5a1552f9ee31713658939ea88b66d088439322622b0a5a135f2c27ed481b,4367,,,BACK-MATTER/NOTES/07-Mechanisms-in-Programs-and-Nature-Notes.md,11,UNIQUE_DIRECTORY_PAGE_RANGE,UNREFERENCED_PHYSICAL,PENDING,,,,[],NOT_REVIEWED,NOT_APPLICABLE,[],[],,,,
A000706,,BACK-MATTER/NOTES/_page_994_Figure_26.jpeg,c1847d72aac806a8da8c955047e0881edc26c12efe39de88a63a7815569e37b2,4699,,,BACK-MATTER/NOTES/07-Mechanisms-in-Programs-and-Nature-Notes.md,11,UNIQUE_DIRECTORY_PAGE_RANGE,UNREFERENCED_PHYSICAL,PENDING,,,,[],NOT_REVIEWED,NOT_APPLICABLE,[],[],,,,
A000707,L001113,BACK-MATTER/NOTES/_page_994_Figure_28.jpeg,3c856378e2820b33a4552c97c0a2b51a4f77e55d9b9c99056695b2b4f1762812,25957,BACK-MATTER/NOTES/07-Mechanisms-in-Programs-and-Nature-Notes.md,U006737,BACK-MATTER/NOTES/07-Mechanisms-in-Programs-and-Nature-Notes.md,11,LIVE_MARKDOWN_REFERENCE,REFERENCED,PENDING,,,,[],NOT_REVIEWED,NOT_APPLICABLE,[],[],,,,
A000708,,BACK-MATTER/NOTES/_page_994_Figure_32.jpeg,725dcd8d7343564874d24f6d2ccc5c029b10183cae1bd2cb4d2833e590b49db2,14459,,,BACK-MATTER/NOTES/07-Mechanisms-in-Programs-and-Nature-Notes.md,11,UNIQUE_DIRECTORY_PAGE_RANGE,UNREFERENCED_PHYSICAL,PENDING,,,,[],NOT_REVIEWED,NOT_APPLICABLE,[],[],,,,
A000709,,BACK-MATTER/NOTES/_page_994_Figure_33.jpeg,901cb8f9e673d2b25d4014b85c3f002d8d276e303404650bc22267c9e94d5047,4883,,,BACK-MATTER/NOTES/07-Mechanisms-in-Programs-and-Nature-Notes.md,11,UNIQUE_DIRECTORY_PAGE_RANGE,UNREFERENCED_PHYSICAL,PENDING,,,,[],NOT_REVIEWED,NOT_APPLICABLE,[],[],,,,
A000710,L001109,BACK-MATTER/NOTES/_page_994_Generalized_Aggregation_Five_Rule_Shapes.jpeg,a9b3eb3573a5dd85274db112e16dec86bfeb4a874fea317ac90082e7e275ffe2,86333,BACK-MATTER/NOTES/07-Mechanisms-in-Programs-and-Nature-Notes.md,U006728,BACK-MATTER/NOTES/07-Mechanisms-in-Programs-and-Nature-Notes.md,11,LIVE_MARKDOWN_REFERENCE,REFERENCED,PENDING,,,,[],NOT_REVIEWED,NOT_APPLICABLE,[],[],,,,
A000711,L001112,BACK-MATTER/NOTES/_page_994_One_Dimensional_Generalized_Aggregation_Four_Panel_Row.jpeg,2c27842741739fb21675cb938588db5f8b580c10e8acba696140b3310efdd79c,58049,BACK-MATTER/NOTES/07-Mechanisms-in-Programs-and-Nature-Notes.md,U006735,BACK-MATTER/NOTES/07-Mechanisms-in-Programs-and-Nature-Notes.md,11,LIVE_MARKDOWN_REFERENCE,REFERENCED,PENDING,,,,[],NOT_REVIEWED,NOT_APPLICABLE,[],[],,,,
A000712,,BACK-MATTER/NOTES/_page_994_Picture_10.jpeg,f75756db8ca610ad57e570a4974f651ba441f87d8221a55a8b849f8f292b2c62,2912,,,BACK-MATTER/NOTES/07-Mechanisms-in-Programs-and-Nature-Notes.md,11,UNIQUE_DIRECTORY_PAGE_RANGE,UNREFERENCED_PHYSICAL,PENDING,,,,[],NOT_REVIEWED,NOT_APPLICABLE,[],[],,,,
A000713,,BACK-MATTER/NOTES/_page_994_Picture_11.jpeg,2494697ab01fc243d1b92a3f4079943780348309e86b7fa250dac67331e3a4cf,4189,,,BACK-MATTER/NOTES/07-Mechanisms-in-Programs-and-Nature-Notes.md,11,UNIQUE_DIRECTORY_PAGE_RANGE,UNREFERENCED_PHYSICAL,PENDING,,,,[],NOT_REVIEWED,NOT_APPLICABLE,[],[],,,,
A000714,,BACK-MATTER/NOTES/_page_994_Picture_12.jpeg,f1a42e9a257ad91313b0093366d9f53237fdbedb5990f262d9d78066defb4eca,2747,,,BACK-MATTER/NOTES/07-Mechanisms-in-Programs-and-Nature-Notes.md,11,UNIQUE_DIRECTORY_PAGE_RANGE,UNREFERENCED_PHYSICAL,PENDING,,,,[],NOT_REVIEWED,NOT_APPLICABLE,[],[],,,,
A000715,,BACK-MATTER/NOTES/_page_994_Picture_13.jpeg,42de6c6c444417416834e76ccf5081d74c39c406e6c69f12744fdab39a87dc4d,1602,,,BACK-MATTER/NOTES/07-Mechanisms-in-Programs-and-Nature-Notes.md,11,UNIQUE_DIRECTORY_PAGE_RANGE,UNREFERENCED_PHYSICAL,PENDING,,,,[],NOT_REVIEWED,NOT_APPLICABLE,[],[],,,,
A000716,,BACK-MATTER/NOTES/_page_994_Picture_15.jpeg,75640a3f1ff18594d23a2c36bc5d80bb88f56efe2f0f1e028ac8609e661c06ff,3434,,,BACK-MATTER/NOTES/07-Mechanisms-in-Programs-and-Nature-Notes.md,11,UNIQUE_DIRECTORY_PAGE_RANGE,UNREFERENCED_PHYSICAL,PENDING,,,,[],NOT_REVIEWED,NOT_APPLICABLE,[],[],,,,
A000717,,BACK-MATTER/NOTES/_page_994_Picture_16.jpeg,11e152c786dfdc81aef5e3712d5313fa83ede32fbc2076162ad39ba9df18d728,2760,,,BACK-MATTER/NOTES/07-Mechanisms-in-Programs-and-Nature-Notes.md,11,UNIQUE_DIRECTORY_PAGE_RANGE,UNREFERENCED_PHYSICAL,PENDING,,,,[],NOT_REVIEWED,NOT_APPLICABLE,[],[],,,,
A000718,,BACK-MATTER/NOTES/_page_994_Picture_17.jpeg,941d67d3a4bc47e7b97e2b484e7cc356c45f0d295b67fe686e18738add871130,3823,,,BACK-MATTER/NOTES/07-Mechanisms-in-Programs-and-Nature-Notes.md,11,UNIQUE_DIRECTORY_PAGE_RANGE,UNREFERENCED_PHYSICAL,PENDING,,,,[],NOT_REVIEWED,NOT_APPLICABLE,[],[],,,,
A000719,,BACK-MATTER/NOTES/_page_994_Picture_18.jpeg,b13beb4041b967b60132de63976f2af13f276564476351c0091002711f4ed37a,3893,,,BACK-MATTER/NOTES/07-Mechanisms-in-Programs-and-Nature-Notes.md,11,UNIQUE_DIRECTORY_PAGE_RANGE,UNREFERENCED_PHYSICAL,PENDING,,,,[],NOT_REVIEWED,NOT_APPLICABLE,[],[],,,,
A000720,,BACK-MATTER/NOTES/_page_994_Picture_19.jpeg,e5b6d42985f1eafaa432f7c346aee085d1b1500b16b899e4f1a869046b94a667,3955,,,BACK-MATTER/NOTES/07-Mechanisms-in-Programs-and-Nature-Notes.md,11,UNIQUE_DIRECTORY_PAGE_RANGE,UNREFERENCED_PHYSICAL,PENDING,,,,[],NOT_REVIEWED,NOT_APPLICABLE,[],[],,,,
A000721,L001114,BACK-MATTER/NOTES/_page_994_Picture_29.jpeg,df8ab4c093952e73ebb3181852bad57cad14073cdb5e2dada1b1565aff035a83,58598,BACK-MATTER/NOTES/07-Mechanisms-in-Programs-and-Nature-Notes.md,U006738,BACK-MATTER/NOTES/07-Mechanisms-in-Programs-and-Nature-Notes.md,11,LIVE_MARKDOWN_REFERENCE,REFERENCED,PENDING,,,,[],NOT_REVIEWED,NOT_APPLICABLE,[],[],,,,
A000722,,BACK-MATTER/NOTES/_page_994_Picture_3.jpeg,bbae1064a5c23d5e9638c8587d33c804de3eb0f7cd907b7d5065d89693831c4d,3818,,,BACK-MATTER/NOTES/07-Mechanisms-in-Programs-and-Nature-Notes.md,11,UNIQUE_DIRECTORY_PAGE_RANGE,UNREFERENCED_PHYSICAL,PENDING,,,,[],NOT_REVIEWED,NOT_APPLICABLE,[],[],,,,
A000723,,BACK-MATTER/NOTES/_page_994_Picture_4.jpeg,b1430c29bed143b063fbc07a34f1b5232d87fc479d90b2beca1afd87df5abd6f,3789,,,BACK-MATTER/NOTES/07-Mechanisms-in-Programs-and-Nature-Notes.md,11,UNIQUE_DIRECTORY_PAGE_RANGE,UNREFERENCED_PHYSICAL,PENDING,,,,[],NOT_REVIEWED,NOT_APPLICABLE,[],[],,,,
A000724,,BACK-MATTER/NOTES/_page_994_Picture_5.jpeg,7d47e459b95d2f9765ab732968f40db589be265d0691f06b267b75aa487962a9,3379,,,BACK-MATTER/NOTES/07-Mechanisms-in-Programs-and-Nature-Notes.md,11,UNIQUE_DIRECTORY_PAGE_RANGE,UNREFERENCED_PHYSICAL,PENDING,,,,[],NOT_REVIEWED,NOT_APPLICABLE,[],[],,,,
A000725,,BACK-MATTER/NOTES/_page_994_Picture_6.jpeg,c7214b5edb00142fdf7b117089a2fa8fe763aafbeac051c0575e9d1a1eb76d5a,2430,,,BACK-MATTER/NOTES/07-Mechanisms-in-Programs-and-Nature-Notes.md,11,UNIQUE_DIRECTORY_PAGE_RANGE,UNREFERENCED_PHYSICAL,PENDING,,,,[],NOT_REVIEWED,NOT_APPLICABLE,[],[],,,,
A000726,,BACK-MATTER/NOTES/_page_994_Picture_7.jpeg,301f9a8a252bfc39f65c0fe450c17ca5a9cd6a961bb020b590f40d4e40c08e31,2528,,,BACK-MATTER/NOTES/07-Mechanisms-in-Programs-and-Nature-Notes.md,11,UNIQUE_DIRECTORY_PAGE_RANGE,UNREFERENCED_PHYSICAL,PENDING,,,,[],NOT_REVIEWED,NOT_APPLICABLE,[],[],,,,
A000727,,BACK-MATTER/NOTES/_page_994_Picture_9.jpeg,cfc169f6a14d82765024f97c4243fba07e701120b4bfda59a010ac6c2bd8d6b6,5035,,,BACK-MATTER/NOTES/07-Mechanisms-in-Programs-and-Nature-Notes.md,11,UNIQUE_DIRECTORY_PAGE_RANGE,UNREFERENCED_PHYSICAL,PENDING,,,,[],NOT_REVIEWED,NOT_APPLICABLE,[],[],,,,
A000728,L001116,BACK-MATTER/NOTES/_page_995_Other_Rules_Four_Panel_Row.jpeg,5958dc9c3922d982d325ae74b75338fa087871f9449442a626a2ce6ce4904de5,92229,BACK-MATTER/NOTES/07-Mechanisms-in-Programs-and-Nature-Notes.md,U006743,BACK-MATTER/NOTES/07-Mechanisms-in-Programs-and-Nature-Notes.md,11,LIVE_MARKDOWN_REFERENCE,REFERENCED,PENDING,,,,[],NOT_REVIEWED,NOT_APPLICABLE,[],[],,,,
A000729,,BACK-MATTER/NOTES/_page_995_Picture_2.jpeg,1f5c48991ddf00ed947dfb3a8a33b2b0aa6b856ad5ffd388a18285588dba0cee,3212,,,BACK-MATTER/NOTES/07-Mechanisms-in-Programs-and-Nature-Notes.md,11,UNIQUE_DIRECTORY_PAGE_RANGE,UNREFERENCED_PHYSICAL,PENDING,,,,[],NOT_REVIEWED,NOT_APPLICABLE,[],[],,,,
A000730,,BACK-MATTER/NOTES/_page_995_Picture_3.jpeg,f4107a4dda2dbc90491e093e5de0b8518d5af98197af354af89c946349d8103d,3405,,,BACK-MATTER/NOTES/07-Mechanisms-in-Programs-and-Nature-Notes.md,11,UNIQUE_DIRECTORY_PAGE_RANGE,UNREFERENCED_PHYSICAL,PENDING,,,,[],NOT_REVIEWED,NOT_APPLICABLE,[],[],,,,
A000731,,BACK-MATTER/NOTES/_page_995_Picture_4.jpeg,7f74f5ecd830709b1996ef44aef1e4396ba8e19b4b6ff8c186e8845a90caf32e,3516,,,BACK-MATTER/NOTES/07-Mechanisms-in-Programs-and-Nature-Notes.md,11,UNIQUE_DIRECTORY_PAGE_RANGE,UNREFERENCED_PHYSICAL,PENDING,,,,[],NOT_REVIEWED,NOT_APPLICABLE,[],[],,,,
A000732,,BACK-MATTER/NOTES/_page_995_Picture_5.jpeg,e97c25030f78bcebb5974670c2bb4a76d9fc59dc8abbf0770cd0030b17d1fc61,5478,,,BACK-MATTER/NOTES/07-Mechanisms-in-Programs-and-Nature-Notes.md,11,UNIQUE_DIRECTORY_PAGE_RANGE,UNREFERENCED_PHYSICAL,PENDING,,,,[],NOT_REVIEWED,NOT_APPLICABLE,[],[],,,,
A000733,L001117,BACK-MATTER/NOTES/_page_996_One_Dimensional_Transitions_Four_Panel_Row.jpeg,02cf33fd54eaca7eda090fe8fb70f49046d57444c532a7788f13c15f5b787c89,272704,BACK-MATTER/NOTES/07-Mechanisms-in-Programs-and-Nature-Notes.md,U006758,BACK-MATTER/NOTES/07-Mechanisms-in-Programs-and-Nature-Notes.md,11,LIVE_MARKDOWN_REFERENCE,REFERENCED,PENDING,,,,[],NOT_REVIEWED,NOT_APPLICABLE,[],[],,,,
A000734,,BACK-MATTER/NOTES/_page_996_Picture_6.jpeg,b6d70c3a060261bb96c276ef158fd7bf7a3c1706b1003f5ab48621760baa299f,9894,,,BACK-MATTER/NOTES/07-Mechanisms-in-Programs-and-Nature-Notes.md,11,UNIQUE_DIRECTORY_PAGE_RANGE,UNREFERENCED_PHYSICAL,PENDING,,,,[],NOT_REVIEWED,NOT_APPLICABLE,[],[],,,,
A000735,,BACK-MATTER/NOTES/_page_996_Picture_7.jpeg,3d14c1bbb64711d9de00fdec771f592203daee10845daf0db519acdcbbe967e4,8413,,,BACK-MATTER/NOTES/07-Mechanisms-in-Programs-and-Nature-Notes.md,11,UNIQUE_DIRECTORY_PAGE_RANGE,UNREFERENCED_PHYSICAL,PENDING,,,,[],NOT_REVIEWED,NOT_APPLICABLE,[],[],,,,
A000736,,BACK-MATTER/NOTES/_page_996_Picture_8.jpeg,6a39699460a0c9e5314801b0de51c7e5f41a41466f10abe9d83edc03dc3e3feb,8414,,,BACK-MATTER/NOTES/07-Mechanisms-in-Programs-and-Nature-Notes.md,11,UNIQUE_DIRECTORY_PAGE_RANGE,UNREFERENCED_PHYSICAL,PENDING,,,,[],NOT_REVIEWED,NOT_APPLICABLE,[],[],,,,
A000737,,BACK-MATTER/NOTES/_page_996_Picture_9.jpeg,7595102ac69dcfab3a9b4817373c9ca2441e99f495b6b4c260e76d6f5da8aa26,11018,,,BACK-MATTER/NOTES/07-Mechanisms-in-Programs-and-Nature-Notes.md,11,UNIQUE_DIRECTORY_PAGE_RANGE,UNREFERENCED_PHYSICAL,PENDING,,,,[],NOT_REVIEWED,NOT_APPLICABLE,[],[],,,,
A000738,L001118,BACK-MATTER/NOTES/_page_997_Figure_3.jpeg,1ad98bcbd2139897abde379582a4128d2516c1e279474f15ac14e2ade77784fa,67052,BACK-MATTER/NOTES/07-Mechanisms-in-Programs-and-Nature-Notes.md,U006767,BACK-MATTER/NOTES/07-Mechanisms-in-Programs-and-Nature-Notes.md,11,LIVE_MARKDOWN_REFERENCE,REFERENCED,PENDING,,,,[],NOT_REVIEWED,NOT_APPLICABLE,[],[],,,,
A000739,L001119,BACK-MATTER/NOTES/_page_998_Figure_3.jpeg,aaf8ddda70b9980e17eb36aed2f9aca8fc7d3bfa6f272e4a216ee6588949f39f,9808,BACK-MATTER/NOTES/07-Mechanisms-in-Programs-and-Nature-Notes.md,U006783,BACK-MATTER/NOTES/07-Mechanisms-in-Programs-and-Nature-Notes.md,11,LIVE_MARKDOWN_REFERENCE,REFERENCED,PENDING,,,,[],NOT_REVIEWED,NOT_APPLICABLE,[],[],,,,
A000740,L001120,BACK-MATTER/NOTES/_page_998_Figure_5.jpeg,e68a3467475a858917d4210b52f1512f4c4e2c8262764689a54b833fe970e2d8,106373,BACK-MATTER/NOTES/07-Mechanisms-in-Programs-and-Nature-Notes.md,U006785,BACK-MATTER/NOTES/07-Mechanisms-in-Programs-and-Nature-Notes.md,11,LIVE_MARKDOWN_REFERENCE,REFERENCED,PENDING,,,,[],NOT_REVIEWED,NOT_APPLICABLE,[],[],,,,
A000741,L001121,BACK-MATTER/NOTES/_page_999_Picture_3.jpeg,0ffec164d443cf3e2fdcaf94fc2d06156a132ca3eaa817a4ad18e1e3651adbda,69296,BACK-MATTER/NOTES/07-Mechanisms-in-Programs-and-Nature-Notes.md,U006793,BACK-MATTER/NOTES/07-Mechanisms-in-Programs-and-Nature-Notes.md,11,LIVE_MARKDOWN_REFERENCE,REFERENCED,PENDING,,,,[],NOT_REVIEWED,NOT_APPLICABLE,[],[],,,,
A000742,L001122,BACK-MATTER/NOTES/_page_999_Picture_5.jpeg,35f3dbf0bd4a93cf05f4a78b37a43eb357844457bc1cd44865f3dc680d787d01,547452,BACK-MATTER/NOTES/07-Mechanisms-in-Programs-and-Nature-Notes.md,U006795,BACK-MATTER/NOTES/07-Mechanisms-in-Programs-and-Nature-Notes.md,11,LIVE_MARKDOWN_REFERENCE,REFERENCED,PENDING,,,,[],NOT_REVIEWED,NOT_APPLICABLE,[],[],,,,
A000743,L001123,BACK-MATTER/NOTES/_page_999_Picture_7.jpeg,9edcdc3e25ec89755608354f6457dd63f6af3485f8b0ac7fd445a91b3c3844e3,11401,BACK-MATTER/NOTES/07-Mechanisms-in-Programs-and-Nature-Notes.md,U006797,BACK-MATTER/NOTES/07-Mechanisms-in-Programs-and-Nature-Notes.md,11,LIVE_MARKDOWN_REFERENCE,REFERENCED,PENDING,,,,[],NOT_REVIEWED,NOT_APPLICABLE,[],[],,,,
A000744,L001124,BACK-MATTER/NOTES/_page_999_Picture_8.jpeg,5f3f0bbc408358061c7f79251bc2e7c1373a96d93dfb334c6e0bd47be4c8bf8a,14751,BACK-MATTER/NOTES/07-Mechanisms-in-Programs-and-Nature-Notes.md,U006798,BACK-MATTER/NOTES/07-Mechanisms-in-Programs-and-Nature-Notes.md,11,LIVE_MARKDOWN_REFERENCE,REFERENCED,PENDING,,,,[],NOT_REVIEWED,NOT_APPLICABLE,[],[],,,,
A000745,L000080,CHAPTERS/_page_100_Picture_3.jpeg,25df45fbfcb5f0f57d18779b2b8af7cb31c9a9400d81b69779663c448882d183,106884,CHAPTERS/03-The-World-of-Simple-Programs.md,U000473,CHAPTERS/03-The-World-of-Simple-Programs.md,7,LIVE_MARKDOWN_REFERENCE,REFERENCED,PENDING,,,,[],NOT_REVIEWED,NOT_APPLICABLE,[],[],,,,
A000746,L000081,CHAPTERS/_page_101_Picture_4.jpeg,669c209eabf0a35d9095bf553b1c959946f72da0b0584de566a3a9032240a50e,33265,CHAPTERS/03-The-World-of-Simple-Programs.md,U000479,CHAPTERS/03-The-World-of-Simple-Programs.md,7,LIVE_MARKDOWN_REFERENCE,REFERENCED,PENDING,,,,[],NOT_REVIEWED,NOT_APPLICABLE,[],[],,,,
A000747,L000082,CHAPTERS/_page_101_Picture_5.jpeg,9390efdb915dfdf78e870f85b0f2964791a00714f8619525e256098b98919c4e,26355,CHAPTERS/03-The-World-of-Simple-Programs.md,U000480,CHAPTERS/03-The-World-of-Simple-Programs.md,7,LIVE_MARKDOWN_REFERENCE,REFERENCED,PENDING,,,,[],NOT_REVIEWED,NOT_APPLICABLE,[],[],,,,
A000748,L000083,CHAPTERS/_page_102_Figure_2.jpeg,cc6b3fdffceecf66543d9f6dbfc1628913eec7356e11e5716473a112b5b728a4,300371,CHAPTERS/03-The-World-of-Simple-Programs.md,U000485,CHAPTERS/03-The-World-of-Simple-Programs.md,7,LIVE_MARKDOWN_REFERENCE,REFERENCED,PENDING,,,,[],NOT_REVIEWED,NOT_APPLICABLE,[],[],,,,
A000749,L000084,CHAPTERS/_page_102_Figure_4.jpeg,77c261cf4c9b83d08aead4601916dbc6ac96f371b00a30549c96586295d18585,22030,CHAPTERS/03-The-World-of-Simple-Programs.md,U000486,CHAPTERS/03-The-World-of-Simple-Programs.md,7,LIVE_MARKDOWN_REFERENCE,REFERENCED,PENDING,,,,[],NOT_REVIEWED,NOT_APPLICABLE,[],[],,,,
A000750,L000085,CHAPTERS/_page_104_Picture_3.jpeg,229c3a6d9e5cb1fa2e86633c549e338442431e3b999cf89d56eaa5db3d1b482e,30638,CHAPTERS/03-The-World-of-Simple-Programs.md,U000496,CHAPTERS/03-The-World-of-Simple-Programs.md,7,LIVE_MARKDOWN_REFERENCE,REFERENCED,PENDING,,,,[],NOT_REVIEWED,NOT_APPLICABLE,[],[],,,,
A000751,L000087,CHAPTERS/_page_105_Figure_4.jpeg,08861040ae1125d9e551395e8c0ea8266a2ac5d5a593fb1d24255f6586643181,59187,CHAPTERS/03-The-World-of-Simple-Programs.md,U000502,CHAPTERS/03-The-World-of-Simple-Programs.md,7,LIVE_MARKDOWN_REFERENCE,REFERENCED,PENDING,,,,[],NOT_REVIEWED,NOT_APPLICABLE,[],[],,,,
A000752,L000086,CHAPTERS/_page_105_Picture_2.jpeg,0e63a5c47153aad39f7504a9beb5517d172ada71af7e28b6d7a7d909ceac609d,3467,CHAPTERS/03-The-World-of-Simple-Programs.md,U000501,CHAPTERS/03-The-World-of-Simple-Programs.md,7,LIVE_MARKDOWN_REFERENCE,REFERENCED,PENDING,,,,[],NOT_REVIEWED,NOT_APPLICABLE,[],[],,,,
A000753,L000088,CHAPTERS/_page_106_Figure_2.jpeg,00e70217b04c690779dac2473e765e5189be3d5cb26f10affd2b7afe7de4ba75,335412,CHAPTERS/03-The-World-of-Simple-Programs.md,U000508,CHAPTERS/03-The-World-of-Simple-Programs.md,7,LIVE_MARKDOWN_REFERENCE,REFERENCED,PENDING,,,,[],NOT_REVIEWED,NOT_APPLICABLE,[],[],,,,
A000754,L000089,CHAPTERS/_page_106_Figure_4.jpeg,c0ef83899a431db186c717daa28c2fef63e2e34a1a7d286446da1922d5b95ec2,13664,CHAPTERS/03-The-World-of-Simple-Programs.md,U000509,CHAPTERS/03-The-World-of-Simple-Programs.md,7,LIVE_MARKDOWN_REFERENCE,REFERENCED,PENDING,,,,[],NOT_REVIEWED,NOT_APPLICABLE,[],[],,,,
A000755,L000090,CHAPTERS/_page_107_Picture_2.jpeg,d519d1609385f11b9e41c1f6b2a5aa451f7cdc0e410f8310ae03dfc9cbe2ac8e,69843,CHAPTERS/03-The-World-of-Simple-Programs.md,U000511,CHAPTERS/03-The-World-of-Simple-Programs.md,7,LIVE_MARKDOWN_REFERENCE,REFERENCED,PENDING,,,,[],NOT_REVIEWED,NOT_APPLICABLE,[],[],,,,
A000756,L000091,CHAPTERS/_page_107_Picture_3.jpeg,5c0b577b833260c126c967c07351df3be3d66eeab9a732932274a00b296c36ed,232957,CHAPTERS/03-The-World-of-Simple-Programs.md,U000512,CHAPTERS/03-The-World-of-Simple-Programs.md,7,LIVE_MARKDOWN_REFERENCE,REFERENCED,PENDING,,,,[],NOT_REVIEWED,NOT_APPLICABLE,[],[],,,,
A000757,L000092,CHAPTERS/_page_107_Picture_4.jpeg,bc8bf4c4c69cfab24e8cc4f09a747485c960d0786fd219c97288c7272d250553,27760,CHAPTERS/03-The-World-of-Simple-Programs.md,U000513,CHAPTERS/03-The-World-of-Simple-Programs.md,7,LIVE_MARKDOWN_REFERENCE,REFERENCED,PENDING,,,,[],NOT_REVIEWED,NOT_APPLICABLE,[],[],,,,
A000758,L000093,CHAPTERS/_page_107_Picture_5.jpeg,f74e4ea73718b855d370f939902878f1b514837bab7b8082e22bced344424a55,4098,CHAPTERS/03-The-World-of-Simple-Programs.md,U000514,CHAPTERS/03-The-World-of-Simple-Programs.md,7,LIVE_MARKDOWN_REFERENCE,REFERENCED,PENDING,,,,[],NOT_REVIEWED,NOT_APPLICABLE,[],[],,,,
A000759,L000094,CHAPTERS/_page_108_Figure_5.jpeg,094ff924d0feae7e0144781ad0eeedf5d15be9d25ff47cd3bb6852a63cf7d0de,13772,CHAPTERS/03-The-World-of-Simple-Programs.md,U000520,CHAPTERS/03-The-World-of-Simple-Programs.md,7,LIVE_MARKDOWN_REFERENCE,REFERENCED,PENDING,,,,[],NOT_REVIEWED,NOT_APPLICABLE,[],[],,,,
A000760,L000095,CHAPTERS/_page_108_Figure_6.jpeg,ae5518c9a6026a3977e7bbb8c250da56e3c1f9cf4ce5e27f9ccecf81f6d3908e,13534,CHAPTERS/03-The-World-of-Simple-Programs.md,U000521,CHAPTERS/03-The-World-of-Simple-Programs.md,7,LIVE_MARKDOWN_REFERENCE,REFERENCED,PENDING,,,,[],NOT_REVIEWED,NOT_APPLICABLE,[],[],,,,
A000761,L000096,CHAPTERS/_page_108_Figure_7.jpeg,db6926c2277267a7f7b2f5fee54809dab70cd57e411ee724d1b68a687a253284,10489,CHAPTERS/03-The-World-of-Simple-Programs.md,U000522,CHAPTERS/03-The-World-of-Simple-Programs.md,7,LIVE_MARKDOWN_REFERENCE,REFERENCED,PENDING,,,,[],NOT_REVIEWED,NOT_APPLICABLE,[],[],,,,
A000762,L000097,CHAPTERS/_page_108_Figure_8.jpeg,64909317278fd6ec5c3ce83555fc8b4892bd413e2cc6ca5bf12f1004fb2bbfb6,11384,CHAPTERS/03-The-World-of-Simple-Programs.md,U000523,CHAPTERS/03-The-World-of-Simple-Programs.md,7,LIVE_MARKDOWN_REFERENCE,REFERENCED,PENDING,,,,[],NOT_REVIEWED,NOT_APPLICABLE,[],[],,,,
A000763,L000098,CHAPTERS/_page_109_Figure_2.jpeg,c20290677d768245bd2a758310c2da590eef4cceb620b4619d68c86a0493bff9,202713,CHAPTERS/03-The-World-of-Simple-Programs.md,U000527,CHAPTERS/03-The-World-of-Simple-Programs.md,7,LIVE_MARKDOWN_REFERENCE,REFERENCED,PENDING,,,,[],NOT_REVIEWED,NOT_APPLICABLE,[],[],,,,
A000764,L000099,CHAPTERS/_page_110_Picture_4.jpeg,b91df18a471d1e3e02e27bcf3a7b95a3f01e295223cf5ff4bd8b8fb2cc592a75,18568,CHAPTERS/03-The-World-of-Simple-Programs.md,U000532,CHAPTERS/03-The-World-of-Simple-Programs.md,7,LIVE_MARKDOWN_REFERENCE,REFERENCED,PENDING,,,,[],NOT_REVIEWED,NOT_APPLICABLE,[],[],,,,
A000765,L000100,CHAPTERS/_page_110_Picture_5.jpeg,c8a203dc1ac1530065eb9372f5757991d22bc3c423b0c0c36041824f0acab222,7515,CHAPTERS/03-The-World-of-Simple-Programs.md,U000533,CHAPTERS/03-The-World-of-Simple-Programs.md,7,LIVE_MARKDOWN_REFERENCE,REFERENCED,PENDING,,,,[],NOT_REVIEWED,NOT_APPLICABLE,[],[],,,,
A000766,L000101,CHAPTERS/_page_110_Picture_7.jpeg,daea1bcb06cb9715295c25a16a0bf33bb3f1ce0188d03e183596479bb1ffa3bb,2558,CHAPTERS/03-The-World-of-Simple-Programs.md,U000534,CHAPTERS/03-The-World-of-Simple-Programs.md,7,LIVE_MARKDOWN_REFERENCE,REFERENCED,PENDING,,,,[],NOT_REVIEWED,NOT_APPLICABLE,[],[],,,,
A000767,L000102,CHAPTERS/_page_111_Figure_1.jpeg,26790ff2416466d111867c85794fd9b66aa18797cfd270f36e5631ccb7c41dee,106271,CHAPTERS/03-The-World-of-Simple-Programs.md,U000538,CHAPTERS/03-The-World-of-Simple-Programs.md,7,LIVE_MARKDOWN_REFERENCE,REFERENCED,PENDING,,,,[],NOT_REVIEWED,NOT_APPLICABLE,[],[],,,,
A000768,L000103,CHAPTERS/_page_111_Figure_3.jpeg,b25c6520aed62856eedb5c0f1abe96d3e13ec3d9fd72306e3cb271fe1d24746a,99927,CHAPTERS/03-The-World-of-Simple-Programs.md,U000540,CHAPTERS/03-The-World-of-Simple-Programs.md,7,LIVE_MARKDOWN_REFERENCE,REFERENCED,PENDING,,,,[],NOT_REVIEWED,NOT_APPLICABLE,[],[],,,,
A000769,L000104,CHAPTERS/_page_113_Figure_1.jpeg,75d1288dd3b21568e68303dfd7a6a3766acdc86d58ef950da1f37e25a93bac2b,60196,CHAPTERS/03-The-World-of-Simple-Programs.md,U000549,CHAPTERS/03-The-World-of-Simple-Programs.md,7,LIVE_MARKDOWN_REFERENCE,REFERENCED,PENDING,,,,[],NOT_REVIEWED,NOT_APPLICABLE,[],[],,,,
A000770,L000105,CHAPTERS/_page_114_Picture_5.jpeg,6ee0109e4946151386ee806f1b52768d2be823063d697b683c7006f6ab962c63,90854,CHAPTERS/03-The-World-of-Simple-Programs.md,U000556,CHAPTERS/03-The-World-of-Simple-Programs.md,7,LIVE_MARKDOWN_REFERENCE,REFERENCED,PENDING,,,,[],NOT_REVIEWED,NOT_APPLICABLE,[],[],,,,
A000771,L000106,CHAPTERS/_page_115_Figure_1.jpeg,937e1c6f6882a107f3d55a85f1c1131f4481170faf0b5b5a8c79c208417597c0,236706,CHAPTERS/03-The-World-of-Simple-Programs.md,U000559,CHAPTERS/03-The-World-of-Simple-Programs.md,7,LIVE_MARKDOWN_REFERENCE,REFERENCED,PENDING,,,,[],NOT_REVIEWED,NOT_APPLICABLE,[],[],,,,
A000772,L000107,CHAPTERS/_page_117_Figure_5.jpeg,ac463215e59a02711f142e56e421a72d7f3c3c764ee04451beea6bea22119b4e,211553,CHAPTERS/03-The-World-of-Simple-Programs.md,U000573,CHAPTERS/03-The-World-of-Simple-Programs.md,7,LIVE_MARKDOWN_REFERENCE,REFERENCED,PENDING,,,,[],NOT_REVIEWED,NOT_APPLICABLE,[],[],,,,
A000773,L000108,CHAPTERS/_page_118_Picture_3.jpeg,e1dd268dcbadfdc54931e778674be0c420eea0195514a0ef2311a315796f4815,121599,CHAPTERS/03-The-World-of-Simple-Programs.md,U000576,CHAPTERS/03-The-World-of-Simple-Programs.md,7,LIVE_MARKDOWN_REFERENCE,REFERENCED,PENDING,,,,[],NOT_REVIEWED,NOT_APPLICABLE,[],[],,,,
A000774,L000109,CHAPTERS/_page_118_Picture_4.jpeg,b2c7dfd7f49c8a9dcd4b11f22de9d3e452e3f61c102b21e52e503b5bc064d1cc,62931,CHAPTERS/03-The-World-of-Simple-Programs.md,U000577,CHAPTERS/03-The-World-of-Simple-Programs.md,7,LIVE_MARKDOWN_REFERENCE,REFERENCED,PENDING,,,,[],NOT_REVIEWED,NOT_APPLICABLE,[],[],,,,
A000775,L000110,CHAPTERS/_page_118_Picture_5.jpeg,e8bef0dce97f9ae4eaa3e5a45e474dddcc84516f90c6a28a09e77807db405c30,17321,CHAPTERS/03-The-World-of-Simple-Programs.md,U000578,CHAPTERS/03-The-World-of-Simple-Programs.md,7,LIVE_MARKDOWN_REFERENCE,REFERENCED,PENDING,,,,[],NOT_REVIEWED,NOT_APPLICABLE,[],[],,,,
A000776,L000111,CHAPTERS/_page_118_Picture_6.jpeg,40b39989b28f7d0e4e54b16751f3bc68f451786cffdce88571b687069c35e045,57768,CHAPTERS/03-The-World-of-Simple-Programs.md,U000579,CHAPTERS/03-The-World-of-Simple-Programs.md,7,LIVE_MARKDOWN_REFERENCE,REFERENCED,PENDING,,,,[],NOT_REVIEWED,NOT_APPLICABLE,[],[],,,,
A000777,L000112,CHAPTERS/_page_119_Figure_3.jpeg,56a39bcd767a9e385137383e15eb0985a4bfe7ac0aa2d1f52953c480528929cd,251570,CHAPTERS/03-The-World-of-Simple-Programs.md,U000583,CHAPTERS/03-The-World-of-Simple-Programs.md,7,LIVE_MARKDOWN_REFERENCE,REFERENCED,PENDING,,,,[],NOT_REVIEWED,NOT_APPLICABLE,[],[],,,,
A000778,L000113,CHAPTERS/_page_122_Figure_2.jpeg,ccd7a43a495d01a22300c4b9abbb3ff1b13a3ef37389e77ca491ec805cbaa822,186914,CHAPTERS/03-The-World-of-Simple-Programs.md,U000601,CHAPTERS/03-The-World-of-Simple-Programs.md,7,LIVE_MARKDOWN_REFERENCE,REFERENCED,PENDING,,,,[],NOT_REVIEWED,NOT_APPLICABLE,[],[],,,,
A000779,L000114,CHAPTERS/_page_130_Chapter_Opener.jpeg,fbc194fef8dd8094f771f49cc3ba99b7b42b6a2803180aa88f35772477c56303,23956,CHAPTERS/04-Systems-Based-on-Numbers.md,U000641,CHAPTERS/04-Systems-Based-on-Numbers.md,8,LIVE_MARKDOWN_REFERENCE,REFERENCED,PENDING,,,,[],NOT_REVIEWED,NOT_APPLICABLE,[],[],,,,
A000780,L000116,CHAPTERS/_page_132_Figure_10.jpeg,396c235b7d5d7881de7a4823778065c557644da9738a61b4052de918e5d2e8b5,56915,CHAPTERS/04-Systems-Based-on-Numbers.md,U000665,CHAPTERS/04-Systems-Based-on-Numbers.md,8,LIVE_MARKDOWN_REFERENCE,REFERENCED,PENDING,,,,[],NOT_REVIEWED,NOT_APPLICABLE,[],[],,,,
A000781,L000115,CHAPTERS/_page_132_Figure_10_Overview.jpeg,eb7f88f8a20b329ce262df9c6d7cd29addea6b946fac7154762a634692593513,46087,CHAPTERS/04-Systems-Based-on-Numbers.md,U000664,CHAPTERS/04-Systems-Based-on-Numbers.md,8,LIVE_MARKDOWN_REFERENCE,REFERENCED,PENDING,,,,[],NOT_REVIEWED,NOT_APPLICABLE,[],[],,,,
A000782,L000117,CHAPTERS/_page_133_Picture_2.jpeg,c58ad8ce64d656841e1f7ab6f6692179b5d662da59a8285c401865fff3ff438c,118982,CHAPTERS/04-Systems-Based-on-Numbers.md,U000668,CHAPTERS/04-Systems-Based-on-Numbers.md,8,LIVE_MARKDOWN_REFERENCE,REFERENCED,PENDING,,,,[],NOT_REVIEWED,NOT_APPLICABLE,[],[],,,,
A000783,L000118,CHAPTERS/_page_134_Figure_2.jpeg,c011a897557eaac9fba56c0c470c74763c3812c0f6bdcb253e1b4ad3a3969dba,46524,CHAPTERS/04-Systems-Based-on-Numbers.md,U000672,CHAPTERS/04-Systems-Based-on-Numbers.md,8,LIVE_MARKDOWN_REFERENCE,REFERENCED,PENDING,,,,[],NOT_REVIEWED,NOT_APPLICABLE,[],[],,,,
A000784,L000119,CHAPTERS/_page_134_Figure_3.jpeg,eaacf39d1a4f8af165ae9ba01756514b205aec56a4729496c0d38adde9b5d109,62569,CHAPTERS/04-Systems-Based-on-Numbers.md,U000673,CHAPTERS/04-Systems-Based-on-Numbers.md,8,LIVE_MARKDOWN_REFERENCE,REFERENCED,PENDING,,,,[],NOT_REVIEWED,NOT_APPLICABLE,[],[],,,,
A000785,L000120,CHAPTERS/_page_135_Figure_2.jpeg,d76cde1ce58580d77777613fc8c4abf3fa05d114c0fedade7152bb660d4d7945,384807,CHAPTERS/04-Systems-Based-on-Numbers.md,U000681,CHAPTERS/04-Systems-Based-on-Numbers.md,8,LIVE_MARKDOWN_REFERENCE,REFERENCED,PENDING,,,,[],NOT_REVIEWED,NOT_APPLICABLE,[],[],,,,
A000786,L000121,CHAPTERS/_page_136_Figure_2.jpeg,d4859c1d1e6f3efcfbe910e4bd6d734ebe4aea19b2189c079851d5dc12fa8e7e,183701,CHAPTERS/04-Systems-Based-on-Numbers.md,U000684,CHAPTERS/04-Systems-Based-on-Numbers.md,8,LIVE_MARKDOWN_REFERENCE,REFERENCED,PENDING,,,,[],NOT_REVIEWED,NOT_APPLICABLE,[],[],,,,
A000787,L000123,CHAPTERS/_page_137_Digit_Matrix.jpeg,0fa01ed522477dd5eca36845e9077b3fbc9d1c7c43bf65a2a33846e9f56bece7,134478,CHAPTERS/04-Systems-Based-on-Numbers.md,U000691,CHAPTERS/04-Systems-Based-on-Numbers.md,8,LIVE_MARKDOWN_REFERENCE,REFERENCED,PENDING,,,,[],NOT_REVIEWED,NOT_APPLICABLE,[],[],,,,
A000788,L000122,CHAPTERS/_page_137_Figure_1.jpeg,31f00bec35b2895c74fea00cb6026073d6075d5d33006f988994edc95c5389c6,34574,CHAPTERS/04-Systems-Based-on-Numbers.md,U000687,CHAPTERS/04-Systems-Based-on-Numbers.md,8,LIVE_MARKDOWN_REFERENCE,REFERENCED,PENDING,,,,[],NOT_REVIEWED,NOT_APPLICABLE,[],[],,,,
A000789,L000124,CHAPTERS/_page_137_Picture_7.jpeg,959a39064c320d7b1b67d38394446622a11faba14b767526cdaa6c52b767c4e7,94903,CHAPTERS/04-Systems-Based-on-Numbers.md,U000692,CHAPTERS/04-Systems-Based-on-Numbers.md,8,LIVE_MARKDOWN_REFERENCE,REFERENCED,PENDING,,,,[],NOT_REVIEWED,NOT_APPLICABLE,[],[],,,,
A000790,L000125,CHAPTERS/_page_138_Figure_6.jpeg,abae36c2d750cbab48c5bea86d0afe80d5d16ffc4f7fc31d225406fcfcef2b60,73976,CHAPTERS/04-Systems-Based-on-Numbers.md,U000699,CHAPTERS/04-Systems-Based-on-Numbers.md,8,LIVE_MARKDOWN_REFERENCE,REFERENCED,PENDING,,,,[],NOT_REVIEWED,NOT_APPLICABLE,[],[],,,,
A000791,L000126,CHAPTERS/_page_139_Figure_1.jpeg,994a1ab97bc3de5aee725d3a7ad222e9c970e8b8f7c454b89b46805159795f2c,50875,CHAPTERS/04-Systems-Based-on-Numbers.md,U000702,CHAPTERS/04-Systems-Based-on-Numbers.md,8,LIVE_MARKDOWN_REFERENCE,REFERENCED,PENDING,,,,[],NOT_REVIEWED,NOT_APPLICABLE,[],[],,,,
A000792,L000127,CHAPTERS/_page_140_Picture_5.jpeg,4adb983dd8fa5ec5a8904cca51dec2d6fef50b3f28924784ee832e4f2d8b5d6c,140714,CHAPTERS/04-Systems-Based-on-Numbers.md,U000711,CHAPTERS/04-Systems-Based-on-Numbers.md,8,LIVE_MARKDOWN_REFERENCE,REFERENCED,PENDING,,,,[],NOT_REVIEWED,NOT_APPLICABLE,[],[],,,,
A000793,L000128,CHAPTERS/_page_141_Picture_2.jpeg,2523481bae71468864a41f08ae0e0dcc1a823bfd49c5efdcc788625b00cd0fba,359405,CHAPTERS/04-Systems-Based-on-Numbers.md,U000713,CHAPTERS/04-Systems-Based-on-Numbers.md,8,LIVE_MARKDOWN_REFERENCE,REFERENCED,PENDING,,,,[],NOT_REVIEWED,NOT_APPLICABLE,[],[],,,,
A000794,L000129,CHAPTERS/_page_142_Picture_2.jpeg,d304e0089d5be1c9662e1645812b78f2d900f009e7805978a142b4f1b741700e,516673,CHAPTERS/04-Systems-Based-on-Numbers.md,U000715,CHAPTERS/04-Systems-Based-on-Numbers.md,8,LIVE_MARKDOWN_REFERENCE,REFERENCED,PENDING,,,,[],NOT_REVIEWED,NOT_APPLICABLE,[],[],,,,
A000795,L000130,CHAPTERS/_page_143_Figure_6.jpeg,731de2a621d5b227026c1b1ac4ed488ce96afc26be0fd5fcb0495297f5ed650b,86025,CHAPTERS/04-Systems-Based-on-Numbers.md,U000722,CHAPTERS/04-Systems-Based-on-Numbers.md,8,LIVE_MARKDOWN_REFERENCE,REFERENCED,PENDING,,,,[],NOT_REVIEWED,NOT_APPLICABLE,[],[],,,,
A000796,L000131,CHAPTERS/_page_144_Figure_3.jpeg,1d42ad7a00174dc8fb589b7d98dcde344264e86dd396a9fce3e88dd737959b77,151577,CHAPTERS/04-Systems-Based-on-Numbers.md,U000726,CHAPTERS/04-Systems-Based-on-Numbers.md,8,LIVE_MARKDOWN_REFERENCE,REFERENCED,PENDING,,,,[],NOT_REVIEWED,NOT_APPLICABLE,[],[],,,,
A000797,L000132,CHAPTERS/_page_145_Figure_1.jpeg,4ecc73da26bd1382d27190f5cc56b687566358d99ae0e92d5dfb2098c0bda6c4,224485,CHAPTERS/04-Systems-Based-on-Numbers.md,U000728,CHAPTERS/04-Systems-Based-on-Numbers.md,8,LIVE_MARKDOWN_REFERENCE,REFERENCED,PENDING,,,,[],NOT_REVIEWED,NOT_APPLICABLE,[],[],,,,
A000798,L000133,CHAPTERS/_page_147_Figure_4.jpeg,d802dac2946c5c80ef031170ab4667a0ef39f1e690fd50a47e1633974440d8f8,101730,CHAPTERS/04-Systems-Based-on-Numbers.md,U000741,CHAPTERS/04-Systems-Based-on-Numbers.md,8,LIVE_MARKDOWN_REFERENCE,REFERENCED,PENDING,,,,[],NOT_REVIEWED,NOT_APPLICABLE,[],[],,,,
A000799,L000134,CHAPTERS/_page_148_Figure_1.jpeg,cd55fb9a4d416c68e76a0b090317788e3cb457118a1df885861ccca78625936d,188350,CHAPTERS/04-Systems-Based-on-Numbers.md,U000744,CHAPTERS/04-Systems-Based-on-Numbers.md,8,LIVE_MARKDOWN_REFERENCE,REFERENCED,PENDING,,,,[],NOT_REVIEWED,NOT_APPLICABLE,[],[],,,,
A000800,L000135,CHAPTERS/_page_150_Figure_1.jpeg,aba1ec87beb6d6b3308ae2bc4e6e46f58592daf0134a715fd4b8a2f2faf6572b,44033,CHAPTERS/04-Systems-Based-on-Numbers.md,U000753,CHAPTERS/04-Systems-Based-on-Numbers.md,8,LIVE_MARKDOWN_REFERENCE,REFERENCED,PENDING,,,,[],NOT_REVIEWED,NOT_APPLICABLE,[],[],,,,
A000801,L000136,CHAPTERS/_page_150_Figure_2.jpeg,6e3dffd17a8a0e806b25fbd3db9b350ef0e217ef9e27c7e8253abdfb1d0ba1e1,41035,CHAPTERS/04-Systems-Based-on-Numbers.md,U000754,CHAPTERS/04-Systems-Based-on-Numbers.md,8,LIVE_MARKDOWN_REFERENCE,REFERENCED,PENDING,,,,[],NOT_REVIEWED,NOT_APPLICABLE,[],[],,,,
A000802,L000137,CHAPTERS/_page_150_Figure_3.jpeg,4a7e843f39f9e629e8c172ee9a8791201d6657519d93e59711d2be37de2a827d,45042,CHAPTERS/04-Systems-Based-on-Numbers.md,U000755,CHAPTERS/04-Systems-Based-on-Numbers.md,8,LIVE_MARKDOWN_REFERENCE,REFERENCED,PENDING,,,,[],NOT_REVIEWED,NOT_APPLICABLE,[],[],,,,
A000803,L000138,CHAPTERS/_page_150_Figure_4.jpeg,18fedd7b593d7c1db04bb4a1d93d8c1fe5bda4975224ec2d5ef7cc75c7f7dee9,36180,CHAPTERS/04-Systems-Based-on-Numbers.md,U000756,CHAPTERS/04-Systems-Based-on-Numbers.md,8,LIVE_MARKDOWN_REFERENCE,REFERENCED,PENDING,,,,[],NOT_REVIEWED,NOT_APPLICABLE,[],[],,,,
A000804,L000139,CHAPTERS/_page_150_Figure_5.jpeg,b7e272b42566d54cdf0b04e98581e4d77783bcd5947912b0edc68f37b613bdfe,36172,CHAPTERS/04-Systems-Based-on-Numbers.md,U000757,CHAPTERS/04-Systems-Based-on-Numbers.md,8,LIVE_MARKDOWN_REFERENCE,REFERENCED,PENDING,,,,[],NOT_REVIEWED,NOT_APPLICABLE,[],[],,,,
A000805,L000140,CHAPTERS/_page_151_Figure_7.jpeg,f70a1bf71c4afb4073ce6f895f93202bd2e4974559d7824cbeefd789544856fc,62314,CHAPTERS/04-Systems-Based-on-Numbers.md,U000767,CHAPTERS/04-Systems-Based-on-Numbers.md,8,LIVE_MARKDOWN_REFERENCE,REFERENCED,PENDING,,,,[],NOT_REVIEWED,NOT_APPLICABLE,[],[],,,,
A000806,L000141,CHAPTERS/_page_152_Pi_Digits.jpeg,199075592a9392a796724234bab78703dacb2412f42a528fbb7d8ffd782136c3,1032527,CHAPTERS/04-Systems-Based-on-Numbers.md,U000769,CHAPTERS/04-Systems-Based-on-Numbers.md,8,LIVE_MARKDOWN_REFERENCE,REFERENCED,PENDING,,,,[],NOT_REVIEWED,NOT_APPLICABLE,[],[],,,,
A000807,L000142,CHAPTERS/_page_154_Figure_2.jpeg,b607ffb9d9b5d4d90108f77d04a2ca808157a98829a4af088c31ae54117f9ecd,102867,CHAPTERS/04-Systems-Based-on-Numbers.md,U000778,CHAPTERS/04-Systems-Based-on-Numbers.md,8,LIVE_MARKDOWN_REFERENCE,REFERENCED,PENDING,,,,[],NOT_REVIEWED,NOT_APPLICABLE,[],[],,,,
A000808,L000143,CHAPTERS/_page_156_Figure_1.jpeg,6774d48ee79161a4abb53235c3c44eec5a877655fd7a82e5eff0ac680efefaa2,139449,CHAPTERS/04-Systems-Based-on-Numbers.md,U000789,CHAPTERS/04-Systems-Based-on-Numbers.md,8,LIVE_MARKDOWN_REFERENCE,REFERENCED,PENDING,,,,[],NOT_REVIEWED,NOT_APPLICABLE,[],[],,,,
A000809,L000144,CHAPTERS/_page_160_Figure_4.jpeg,e80986ddce2b14d7c8498430ac776995354e3d26ffdddbf22195a2410f91926a,67171,CHAPTERS/04-Systems-Based-on-Numbers.md,U000814,CHAPTERS/04-Systems-Based-on-Numbers.md,8,LIVE_MARKDOWN_REFERENCE,REFERENCED,PENDING,,,,[],NOT_REVIEWED,NOT_APPLICABLE,[],[],,,,
A000810,L000145,CHAPTERS/_page_161_Figure_1.jpeg,a478c2818f9c720ae68e528849ef3cda2f904c9a837ef97a8018f151e655e328,156748,CHAPTERS/04-Systems-Based-on-Numbers.md,U000817,CHAPTERS/04-Systems-Based-on-Numbers.md,8,LIVE_MARKDOWN_REFERENCE,REFERENCED,PENDING,,,,[],NOT_REVIEWED,NOT_APPLICABLE,[],[],,,,
A000811,L000146,CHAPTERS/_page_162_Figure_1.jpeg,ab5e7bbab2a14b3d4fb832dad43842ceb4f206653810d7dfcd23238095741cfe,206693,CHAPTERS/04-Systems-Based-on-Numbers.md,U000821,CHAPTERS/04-Systems-Based-on-Numbers.md,8,LIVE_MARKDOWN_REFERENCE,REFERENCED,PENDING,,,,[],NOT_REVIEWED,NOT_APPLICABLE,[],[],,,,
A000812,L000147,CHAPTERS/_page_163_Figure_4.jpeg,3b8879b482cc1bd331e2ac6213fa07bc962aee901564cf42163bbc2a1add4a25,60361,CHAPTERS/04-Systems-Based-on-Numbers.md,U000825,CHAPTERS/04-Systems-Based-on-Numbers.md,8,LIVE_MARKDOWN_REFERENCE,REFERENCED,PENDING,,,,[],NOT_REVIEWED,NOT_APPLICABLE,[],[],,,,
A000813,L000148,CHAPTERS/_page_165_Figure_1.jpeg,4581f6e83f6de80cecf11d98d79239e00248ff77e015f27ed641ca5c848f88bf,283207,CHAPTERS/04-Systems-Based-on-Numbers.md,U000835,CHAPTERS/04-Systems-Based-on-Numbers.md,8,LIVE_MARKDOWN_REFERENCE,REFERENCED,PENDING,,,,[],NOT_REVIEWED,NOT_APPLICABLE,[],[],,,,
A000814,L000149,CHAPTERS/_page_166_Figure_2.jpeg,c64ffe6bfbc61fc16b44f04affd6ab7695e285d0b22990a62e1c27e44c5dd10b,545133,CHAPTERS/04-Systems-Based-on-Numbers.md,U000837,CHAPTERS/04-Systems-Based-on-Numbers.md,8,LIVE_MARKDOWN_REFERENCE,REFERENCED,PENDING,,,,[],NOT_REVIEWED,NOT_APPLICABLE,[],[],,,,
A000815,L000153,CHAPTERS/_page_168_Figure_4.jpeg,9465c4286aff9a4f44196f4573fff7bc05943962a6f16d3be72caecdcce5af24,27579,CHAPTERS/04-Systems-Based-on-Numbers.md,U000848,CHAPTERS/04-Systems-Based-on-Numbers.md,8,LIVE_MARKDOWN_REFERENCE,REFERENCED,PENDING,,,,[],NOT_REVIEWED,NOT_APPLICABLE,[],[],,,,
A000816,L000154,CHAPTERS/_page_168_Figure_5.jpeg,2430931ed5e69d53b533a6f00fa2451655c2391bef476e69ba1b9da82283cc40,11021,CHAPTERS/04-Systems-Based-on-Numbers.md,U000849,CHAPTERS/04-Systems-Based-on-Numbers.md,8,LIVE_MARKDOWN_REFERENCE,REFERENCED,PENDING,,,,[],NOT_REVIEWED,NOT_APPLICABLE,[],[],,,,
A000817,L000150,CHAPTERS/_page_168_Picture_1.jpeg,ca745794f590aa388ca542c1e50c5589825ce78d70c2e90649116e95c49b9fa5,51127,CHAPTERS/04-Systems-Based-on-Numbers.md,U000845,CHAPTERS/04-Systems-Based-on-Numbers.md,8,LIVE_MARKDOWN_REFERENCE,REFERENCED,PENDING,,,,[],NOT_REVIEWED,NOT_APPLICABLE,[],[],,,,
A000818,L000151,CHAPTERS/_page_168_Picture_2.jpeg,d91032209f1a96488ab79fedc187fedc6f473383e87dfcfc5842aa80c729e9c6,51555,CHAPTERS/04-Systems-Based-on-Numbers.md,U000846,CHAPTERS/04-Systems-Based-on-Numbers.md,8,LIVE_MARKDOWN_REFERENCE,REFERENCED,PENDING,,,,[],NOT_REVIEWED,NOT_APPLICABLE,[],[],,,,
A000819,L000152,CHAPTERS/_page_168_Picture_3.jpeg,fd8ff1356ae3b1c5dbabafd4c409680756dcc38424a92a5bcfb2c10040160e2d,46419,CHAPTERS/04-Systems-Based-on-Numbers.md,U000847,CHAPTERS/04-Systems-Based-on-Numbers.md,8,LIVE_MARKDOWN_REFERENCE,REFERENCED,PENDING,,,,[],NOT_REVIEWED,NOT_APPLICABLE,[],[],,,,
A000820,L000002,CHAPTERS/_page_16_Picture_0.jpeg,8a350e9fe82ea74114e8e0bbc174709bf1da7efa831943c9290b747828fd02e2,7485,CHAPTERS/01-The-Foundations-for-a-New-Kind-of-Science.md,U000070,CHAPTERS/01-The-Foundations-for-a-New-Kind-of-Science.md,5,LIVE_MARKDOWN_REFERENCE,REFERENCED,PENDING,,,,[],NOT_REVIEWED,NOT_APPLICABLE,[],[],,,,
A000821,L000155,CHAPTERS/_page_170_Picture_2.jpeg,ba603585ba5ac85a34fe0088ed152036888fe6e85682b9533a657a99b03b9629,166127,CHAPTERS/04-Systems-Based-on-Numbers.md,U000859,CHAPTERS/04-Systems-Based-on-Numbers.md,8,LIVE_MARKDOWN_REFERENCE,REFERENCED,PENDING,,,,[],NOT_REVIEWED,NOT_APPLICABLE,[],[],,,,
A000822,L000156,CHAPTERS/_page_171_Picture_5.jpeg,6695e1c946cf6adaa04a3915f2c720f69de4d18b74a81a01aaab346052119455,4640,CHAPTERS/04-Systems-Based-on-Numbers.md,U000867,CHAPTERS/04-Systems-Based-on-Numbers.md,8,LIVE_MARKDOWN_REFERENCE,REFERENCED,PENDING,,,,[],NOT_REVIEWED,NOT_APPLICABLE,[],[],,,,
A000823,L000157,CHAPTERS/_page_172_Picture_1.jpeg,55990561c9f118ca0cfd6c7818d845b19d027456af491fb036a8867a2dd343b2,137852,CHAPTERS/04-Systems-Based-on-Numbers.md,U000871,CHAPTERS/04-Systems-Based-on-Numbers.md,8,LIVE_MARKDOWN_REFERENCE,REFERENCED,PENDING,,,,[],NOT_REVIEWED,NOT_APPLICABLE,[],[],,,,
A000824,L000158,CHAPTERS/_page_173_Picture_3.jpeg,fe6e23666bf0136fd84d4c3e10f7ebdb716409fa9f2e76b9914ca963cd907459,34836,CHAPTERS/04-Systems-Based-on-Numbers.md,U000877,CHAPTERS/04-Systems-Based-on-Numbers.md,8,LIVE_MARKDOWN_REFERENCE,REFERENCED,PENDING,,,,[],NOT_REVIEWED,NOT_APPLICABLE,[],[],,,,
A000825,L000159,CHAPTERS/_page_173_Picture_4.jpeg,cfd37cb74c6c8d8c35b23b05f0125776536ac9ed20713a2577c7865ca50f44f0,4905,CHAPTERS/04-Systems-Based-on-Numbers.md,U000878,CHAPTERS/04-Systems-Based-on-Numbers.md,8,LIVE_MARKDOWN_REFERENCE,REFERENCED,PENDING,,,,[],NOT_REVIEWED,NOT_APPLICABLE,[],[],,,,
A000826,L000160,CHAPTERS/_page_174_Picture_2.jpeg,8a3262ca6ce522946165605a13dd361cfdf1cba20862467b88d1c925089fcef3,210694,CHAPTERS/04-Systems-Based-on-Numbers.md,U000884,CHAPTERS/04-Systems-Based-on-Numbers.md,8,LIVE_MARKDOWN_REFERENCE,REFERENCED,PENDING,,,,[],NOT_REVIEWED,NOT_APPLICABLE,[],[],,,,
A000827,L000161,CHAPTERS/_page_175_Figure_2.jpeg,e286f430a42f9f5246120012b9bfb6b1e9508f59a63e8bc46ef75d5b7706aa4f,306671,CHAPTERS/04-Systems-Based-on-Numbers.md,U000885,CHAPTERS/04-Systems-Based-on-Numbers.md,8,LIVE_MARKDOWN_REFERENCE,REFERENCED,PENDING,,,,[],NOT_REVIEWED,NOT_APPLICABLE,[],[],,,,
A000828,L000162,CHAPTERS/_page_178_Picture_2.jpeg,f60123dd0a75bc875551128011ad3362cf017f94f7feef79ac7303967a01e5ae,7326,CHAPTERS/04-Systems-Based-on-Numbers.md,U000903,CHAPTERS/04-Systems-Based-on-Numbers.md,8,LIVE_MARKDOWN_REFERENCE,REFERENCED,PENDING,,,,[],NOT_REVIEWED,NOT_APPLICABLE,[],[],,,,
A000829,L000163,CHAPTERS/_page_178_Picture_3.jpeg,033ccf394354e94b8789dae6beb6e9d33a383edcd571fc494ea52c622b2ba651,48568,CHAPTERS/04-Systems-Based-on-Numbers.md,U000904,CHAPTERS/04-Systems-Based-on-Numbers.md,8,LIVE_MARKDOWN_REFERENCE,REFERENCED,PENDING,,,,[],NOT_REVIEWED,NOT_APPLICABLE,[],[],,,,
A000830,L000164,CHAPTERS/_page_178_Picture_5.jpeg,fabf1f0a22967224d9c551aea107fef47bb41d829853d879162eef01a2556f88,8548,CHAPTERS/04-Systems-Based-on-Numbers.md,U000906,CHAPTERS/04-Systems-Based-on-Numbers.md,8,LIVE_MARKDOWN_REFERENCE,REFERENCED,PENDING,,,,[],NOT_REVIEWED,NOT_APPLICABLE,[],[],,,,
A000831,L000165,CHAPTERS/_page_178_Picture_6.jpeg,2fed1687f23f9c0171e12ecb86d60f3cf77a11f60246aca1f10ca1d4e2d865c5,50852,CHAPTERS/04-Systems-Based-on-Numbers.md,U000907,CHAPTERS/04-Systems-Based-on-Numbers.md,8,LIVE_MARKDOWN_REFERENCE,REFERENCED,PENDING,,,,[],NOT_REVIEWED,NOT_APPLICABLE,[],[],,,,
A000832,L000166,CHAPTERS/_page_178_Picture_8.jpeg,39f3612af6b4960ab021cdfe995c7a7f27b8260d6afba3aeab50e631ddef714a,13069,CHAPTERS/04-Systems-Based-on-Numbers.md,U000909,CHAPTERS/04-Systems-Based-on-Numbers.md,8,LIVE_MARKDOWN_REFERENCE,REFERENCED,PENDING,,,,[],NOT_REVIEWED,NOT_APPLICABLE,[],[],,,,
A000833,L000167,CHAPTERS/_page_178_Picture_9.jpeg,3ba2e0953a9ea97015f46fa20661e9909e0cf0cbf0160360dc732756b5e7893e,51046,CHAPTERS/04-Systems-Based-on-Numbers.md,U000910,CHAPTERS/04-Systems-Based-on-Numbers.md,8,LIVE_MARKDOWN_REFERENCE,REFERENCED,PENDING,,,,[],NOT_REVIEWED,NOT_APPLICABLE,[],[],,,,
A000834,L000168,CHAPTERS/_page_180_Picture_2.jpeg,d092202287162ea35a50cf7774e6d1817279292b06d91ebf85f34eb0f6c0f7b3,14869,CHAPTERS/04-Systems-Based-on-Numbers.md,U000920,CHAPTERS/04-Systems-Based-on-Numbers.md,8,LIVE_MARKDOWN_REFERENCE,REFERENCED,PENDING,,,,[],NOT_REVIEWED,NOT_APPLICABLE,[],[],,,,
A000835,L000169,CHAPTERS/_page_180_Picture_3.jpeg,436caa4aef6a304ff02bbf4421b9b437864dc24928552ebded7b9e17c50e8e64,53483,CHAPTERS/04-Systems-Based-on-Numbers.md,U000921,CHAPTERS/04-Systems-Based-on-Numbers.md,8,LIVE_MARKDOWN_REFERENCE,REFERENCED,PENDING,,,,[],NOT_REVIEWED,NOT_APPLICABLE,[],[],,,,
A000836,L000170,CHAPTERS/_page_180_Picture_5.jpeg,20153b0160a33a033ff131c4522ff2b3e96857c425a4c69ae5b6ff8c52806df3,14958,CHAPTERS/04-Systems-Based-on-Numbers.md,U000923,CHAPTERS/04-Systems-Based-on-Numbers.md,8,LIVE_MARKDOWN_REFERENCE,REFERENCED,PENDING,,,,[],NOT_REVIEWED,NOT_APPLICABLE,[],[],,,,
A000837,L000171,CHAPTERS/_page_180_Picture_6.jpeg,55b63bede3bfeefca7d36b2a90092722428b7fcc2273ccc14bb40dfc39d5caf1,54092,CHAPTERS/04-Systems-Based-on-Numbers.md,U000924,CHAPTERS/04-Systems-Based-on-Numbers.md,8,LIVE_MARKDOWN_REFERENCE,REFERENCED,PENDING,,,,[],NOT_REVIEWED,NOT_APPLICABLE,[],[],,,,
A000838,L000172,CHAPTERS/_page_180_Picture_8.jpeg,e8ee6f83dcb3476559500dbc35800a14df58a4b998ae554059b350d3740986a1,16017,CHAPTERS/04-Systems-Based-on-Numbers.md,U000926,CHAPTERS/04-Systems-Based-on-Numbers.md,8,LIVE_MARKDOWN_REFERENCE,REFERENCED,PENDING,,,,[],NOT_REVIEWED,NOT_APPLICABLE,[],[],,,,
A000839,L000173,CHAPTERS/_page_180_Picture_9.jpeg,c4a3901610416f84d5fb2eed156f240d00a2a0dfe7254b580ebd8c7bb798c851,55320,CHAPTERS/04-Systems-Based-on-Numbers.md,U000927,CHAPTERS/04-Systems-Based-on-Numbers.md,8,LIVE_MARKDOWN_REFERENCE,REFERENCED,PENDING,,,,[],NOT_REVIEWED,NOT_APPLICABLE,[],[],,,,
A000840,L000174,CHAPTERS/_page_181_Picture_2.jpeg,1966aff467410e3c22927c2837dda792eb7f2454915a89794b1588b35525342e,41359,CHAPTERS/04-Systems-Based-on-Numbers.md,U000930,CHAPTERS/04-Systems-Based-on-Numbers.md,8,LIVE_MARKDOWN_REFERENCE,REFERENCED,PENDING,,,,[],NOT_REVIEWED,NOT_APPLICABLE,[],[],,,,
A000841,L000175,CHAPTERS/_page_181_Picture_4.jpeg,6f2a70b1a796759ee15be64eaca1394f7a25e90e4e8997e58ab1d564e0388c3a,43183,CHAPTERS/04-Systems-Based-on-Numbers.md,U000932,CHAPTERS/04-Systems-Based-on-Numbers.md,8,LIVE_MARKDOWN_REFERENCE,REFERENCED,PENDING,,,,[],NOT_REVIEWED,NOT_APPLICABLE,[],[],,,,
A000842,L000176,CHAPTERS/_page_181_Picture_6.jpeg,3cdfa78a40cdbfcf446f3e6c4da776eaa7cd0417b5829c93563bad0b7503250e,46085,CHAPTERS/04-Systems-Based-on-Numbers.md,U000934,CHAPTERS/04-Systems-Based-on-Numbers.md,8,LIVE_MARKDOWN_REFERENCE,REFERENCED,PENDING,,,,[],NOT_REVIEWED,NOT_APPLICABLE,[],[],,,,
A000843,L000177,CHAPTERS/_page_184_Picture_0.jpeg,ef7d3e0c2a02c2b15a7e337fcb49e3a8879eb30a96f12f5b67b2d9080d7d6837,10047,CHAPTERS/05-Two-Dimensions-and-Beyond.md,U000947,CHAPTERS/05-Two-Dimensions-and-Beyond.md,9,LIVE_MARKDOWN_REFERENCE,REFERENCED,PENDING,,,,[],NOT_REVIEWED,NOT_APPLICABLE,[],[],,,,
A000844,L000178,CHAPTERS/_page_184_Picture_6.jpeg,fc490b29b4e9bccca63211d15a343bb12f54073324aa3f679694506ce705a151,41417,CHAPTERS/05-Two-Dimensions-and-Beyond.md,U000953,CHAPTERS/05-Two-Dimensions-and-Beyond.md,9,LIVE_MARKDOWN_REFERENCE,REFERENCED,PENDING,,,,[],NOT_REVIEWED,NOT_APPLICABLE,[],[],,,,
A000845,L000179,CHAPTERS/_page_185_Picture_9.jpeg,abfbc90a8bdab839ac452194adf8f7e30258e877967a79ac71db59b1a716df75,3425,CHAPTERS/05-Two-Dimensions-and-Beyond.md,U000961,CHAPTERS/05-Two-Dimensions-and-Beyond.md,9,LIVE_MARKDOWN_REFERENCE,REFERENCED,PENDING,,,,[],NOT_REVIEWED,NOT_APPLICABLE,[],[],,,,
A000846,L000180,CHAPTERS/_page_186_Picture_2.jpeg,27c53f797a1cc47a0a3fc36985fe35108a708c4897ccbd5417b71303e4ccef56,55226,CHAPTERS/05-Two-Dimensions-and-Beyond.md,U000964,CHAPTERS/05-Two-Dimensions-and-Beyond.md,9,LIVE_MARKDOWN_REFERENCE,REFERENCED,PENDING,,,,[],NOT_REVIEWED,NOT_APPLICABLE,[],[],,,,
A000847,L000181,CHAPTERS/_page_186_Picture_5.jpeg,a3116f543fc7325ecd3a47d4594416e8441dfc056f5bc5586ccc43576a2ed530,215987,CHAPTERS/05-Two-Dimensions-and-Beyond.md,U000967,CHAPTERS/05-Two-Dimensions-and-Beyond.md,9,LIVE_MARKDOWN_REFERENCE,REFERENCED,PENDING,,,,[],NOT_REVIEWED,NOT_APPLICABLE,[],[],,,,
A000848,L000182,CHAPTERS/_page_187_Picture_2.jpeg,05110d831a2704d60c2443a204932e52dab30450ec241d00cc5d156c650edad3,1176461,CHAPTERS/05-Two-Dimensions-and-Beyond.md,U000970,CHAPTERS/05-Two-Dimensions-and-Beyond.md,9,LIVE_MARKDOWN_REFERENCE,REFERENCED,PENDING,,,,[],NOT_REVIEWED,NOT_APPLICABLE,[],[],,,,
A000849,L000183,CHAPTERS/_page_188_Figure_1.jpeg,22c5a519118645ad7dbcd7642bb4e655ffe15152e8125104fdb265faa43e2133,163251,CHAPTERS/05-Two-Dimensions-and-Beyond.md,U000973,CHAPTERS/05-Two-Dimensions-and-Beyond.md,9,LIVE_MARKDOWN_REFERENCE,REFERENCED,PENDING,,,,[],NOT_REVIEWED,NOT_APPLICABLE,[],[],,,,
A000850,L000184,CHAPTERS/_page_189_Figure_1.jpeg,c82c50a646122b9265813553a85043cc162f5ed63dc5063bc8b5280d463643e2,233241,CHAPTERS/05-Two-Dimensions-and-Beyond.md,U000975,CHAPTERS/05-Two-Dimensions-and-Beyond.md,9,LIVE_MARKDOWN_REFERENCE,REFERENCED,PENDING,,,,[],NOT_REVIEWED,NOT_APPLICABLE,[],[],,,,
A000851,L000185,CHAPTERS/_page_190_Figure_1.jpeg,97e2f28e497096fd83d4c051ff15a93dc732515fabe1f7db4c8816d609804e8c,261068,CHAPTERS/05-Two-Dimensions-and-Beyond.md,U000977,CHAPTERS/05-Two-Dimensions-and-Beyond.md,9,LIVE_MARKDOWN_REFERENCE,REFERENCED,PENDING,,,,[],NOT_REVIEWED,NOT_APPLICABLE,[],[],,,,
A000852,L000186,CHAPTERS/_page_192_Figure_2.jpeg,bfc32030860d4b0e9d3f836f4a7f9aac65d76780842edb4329dac344a2bfb979,245146,CHAPTERS/05-Two-Dimensions-and-Beyond.md,U000986,CHAPTERS/05-Two-Dimensions-and-Beyond.md,9,LIVE_MARKDOWN_REFERENCE,REFERENCED,PENDING,,,,[],NOT_REVIEWED,NOT_APPLICABLE,[],[],,,,
A000853,L000187,CHAPTERS/_page_192_Picture_4.jpeg,92a1ec8298e4d5e6b673db24d65549f8f197725b1eb5d634ccd489c21596cdf7,2866,CHAPTERS/05-Two-Dimensions-and-Beyond.md,U000988,CHAPTERS/05-Two-Dimensions-and-Beyond.md,9,LIVE_MARKDOWN_REFERENCE,REFERENCED,PENDING,,,,[],NOT_REVIEWED,NOT_APPLICABLE,[],[],,,,
A000854,L000188,CHAPTERS/_page_193_Picture_2.jpeg,619632d2e70821bb87d0e374e15313765e00c20195466e377195d333cfcf64db,349419,CHAPTERS/05-Two-Dimensions-and-Beyond.md,U000990,CHAPTERS/05-Two-Dimensions-and-Beyond.md,9,LIVE_MARKDOWN_REFERENCE,REFERENCED,PENDING,,,,[],NOT_REVIEWED,NOT_APPLICABLE,[],[],,,,
A000855,L000189,CHAPTERS/_page_194_Picture_1.jpeg,a1732422a9a954e5ec89988138fe23dd4b5a1929107298b5664b20a842edaea2,85008,CHAPTERS/05-Two-Dimensions-and-Beyond.md,U000992,CHAPTERS/05-Two-Dimensions-and-Beyond.md,9,LIVE_MARKDOWN_REFERENCE,REFERENCED,PENDING,,,,[],NOT_REVIEWED,NOT_APPLICABLE,[],[],,,,
A000856,L000190,CHAPTERS/_page_195_Picture_2.jpeg,261f34529b5464b80b8fea0194f7fe86bca089e5eb3e755213a4476d63bd2254,153144,CHAPTERS/05-Two-Dimensions-and-Beyond.md,U000996,CHAPTERS/05-Two-Dimensions-and-Beyond.md,9,LIVE_MARKDOWN_REFERENCE,REFERENCED,PENDING,,,,[],NOT_REVIEWED,NOT_APPLICABLE,[],[],,,,
A000857,L000191,CHAPTERS/_page_196_Picture_2.jpeg,3ccec68b36203e94bd506d0b57408cb412b21b59bff908ccf273a50495f44996,29724,CHAPTERS/05-Two-Dimensions-and-Beyond.md,U000998,CHAPTERS/05-Two-Dimensions-and-Beyond.md,9,LIVE_MARKDOWN_REFERENCE,REFERENCED,PENDING,,,,[],NOT_REVIEWED,NOT_APPLICABLE,[],[],,,,
A000858,L000192,CHAPTERS/_page_196_Picture_3.jpeg,75653dc6c95dde22448e892c7bb0a97907361717e02369da8dd5e9a253cbbc90,50316,CHAPTERS/05-Two-Dimensions-and-Beyond.md,U000999,CHAPTERS/05-Two-Dimensions-and-Beyond.md,9,LIVE_MARKDOWN_REFERENCE,REFERENCED,PENDING,,,,[],NOT_REVIEWED,NOT_APPLICABLE,[],[],,,,
A000859,L000193,CHAPTERS/_page_196_Picture_4.jpeg,6d9dcbea90ba98b05cd152450b41ebbb4b9554732b119590692a0b614dccd499,50329,CHAPTERS/05-Two-Dimensions-and-Beyond.md,U001000,CHAPTERS/05-Two-Dimensions-and-Beyond.md,9,LIVE_MARKDOWN_REFERENCE,REFERENCED,PENDING,,,,[],NOT_REVIEWED,NOT_APPLICABLE,[],[],,,,
A000860,L000194,CHAPTERS/_page_196_Picture_5.jpeg,f3b81cfffda71eb9626e4c1a1cc5b9027b135000bd49fd01791c2178afe7d191,70665,CHAPTERS/05-Two-Dimensions-and-Beyond.md,U001001,CHAPTERS/05-Two-Dimensions-and-Beyond.md,9,LIVE_MARKDOWN_REFERENCE,REFERENCED,PENDING,,,,[],NOT_REVIEWED,NOT_APPLICABLE,[],[],,,,
A000861,L000196,CHAPTERS/_page_197_Figure_2.jpeg,cf54b86188b111158c4065435d661bfcaaf0e7afd782647767df6404df772eee,2833,CHAPTERS/05-Two-Dimensions-and-Beyond.md,U001004,CHAPTERS/05-Two-Dimensions-and-Beyond.md,9,LIVE_MARKDOWN_REFERENCE,REFERENCED,PENDING,,,,[],NOT_REVIEWED,NOT_APPLICABLE,[],[],,,,
A000862,L000195,CHAPTERS/_page_197_Picture_1.jpeg,4e5c77f3258b025ee4f8232820701900e2f4548ac2387282c15268106a780f97,162466,CHAPTERS/05-Two-Dimensions-and-Beyond.md,U001003,CHAPTERS/05-Two-Dimensions-and-Beyond.md,9,LIVE_MARKDOWN_REFERENCE,REFERENCED,PENDING,,,,[],NOT_REVIEWED,NOT_APPLICABLE,[],[],,,,
A000863,L000197,CHAPTERS/_page_198_Picture_2.jpeg,ec3e6be95a3104a48259389f10f1101519f985bb3565166ecd212a42f5802d1a,224987,CHAPTERS/05-Two-Dimensions-and-Beyond.md,U001006,CHAPTERS/05-Two-Dimensions-and-Beyond.md,9,LIVE_MARKDOWN_REFERENCE,REFERENCED,PENDING,,,,[],NOT_REVIEWED,NOT_APPLICABLE,[],[],,,,
A000864,L000198,CHAPTERS/_page_198_Picture_3.jpeg,cfa1ecc95b1c19e72f0904b120107b70eb730cb26c80ef74edfbf7e6858ed3be,3582,CHAPTERS/05-Two-Dimensions-and-Beyond.md,U001007,CHAPTERS/05-Two-Dimensions-and-Beyond.md,9,LIVE_MARKDOWN_REFERENCE,REFERENCED,PENDING,,,,[],NOT_REVIEWED,NOT_APPLICABLE,[],[],,,,
A000865,L000199,CHAPTERS/_page_199_Figure_3.jpeg,718e289f093548b0f38f0a628859b4aeef2ec5d11419647bb813f4c10f769fde,100390,CHAPTERS/05-Two-Dimensions-and-Beyond.md,U001011,CHAPTERS/05-Two-Dimensions-and-Beyond.md,9,LIVE_MARKDOWN_REFERENCE,REFERENCED,PENDING,,,,[],NOT_REVIEWED,NOT_APPLICABLE,[],[],,,,
A000866,L000200,CHAPTERS/_page_200_Figure_2.jpeg,b9b06f73d68024fb38f7fd238b1e08cd24e6e78a9e752295fe74494861328e14,34423,CHAPTERS/05-Two-Dimensions-and-Beyond.md,U001017,CHAPTERS/05-Two-Dimensions-and-Beyond.md,9,LIVE_MARKDOWN_REFERENCE,REFERENCED,PENDING,,,,[],NOT_REVIEWED,NOT_APPLICABLE,[],[],,,,
A000867,L000201,CHAPTERS/_page_200_Figure_3.jpeg,3f0504068aa39fb7b38ca21676f0d1d85ba2a8be3fec42d89be39f6b460dd99a,41398,CHAPTERS/05-Two-Dimensions-and-Beyond.md,U001019,CHAPTERS/05-Two-Dimensions-and-Beyond.md,9,LIVE_MARKDOWN_REFERENCE,REFERENCED,PENDING,,,,[],NOT_REVIEWED,NOT_APPLICABLE,[],[],,,,
A000868,L000202,CHAPTERS/_page_200_Figure_4.jpeg,79b8bf7927c0f3297ead40e9a9c3496949d652501e42352d4270a998fe2bce01,46342,CHAPTERS/05-Two-Dimensions-and-Beyond.md,U001020,CHAPTERS/05-Two-Dimensions-and-Beyond.md,9,LIVE_MARKDOWN_REFERENCE,REFERENCED,PENDING,,,,[],NOT_REVIEWED,NOT_APPLICABLE,[],[],,,,
A000869,L000203,CHAPTERS/_page_200_Figure_5.jpeg,1adbd526c2281607fb41f52fcda1cdabba905596060717afb282c2701c438e0c,39684,CHAPTERS/05-Two-Dimensions-and-Beyond.md,U001022,CHAPTERS/05-Two-Dimensions-and-Beyond.md,9,LIVE_MARKDOWN_REFERENCE,REFERENCED,PENDING,,,,[],NOT_REVIEWED,NOT_APPLICABLE,[],[],,,,
A000870,L000205,CHAPTERS/_page_200_Figure_6.jpeg,a9014f2192525ac1a2dd8903bb780bbf37bf4df8be6402b215c9789e5da98e23,28717,CHAPTERS/05-Two-Dimensions-and-Beyond.md,U001025,CHAPTERS/05-Two-Dimensions-and-Beyond.md,9,LIVE_MARKDOWN_REFERENCE,REFERENCED,PENDING,,,,[],NOT_REVIEWED,NOT_APPLICABLE,[],[],,,,
A000871,L000204,CHAPTERS/_page_200_Panel_E.jpeg,8b9903aebdcc8c47b1d8b97c060398dd5f884dd1ecadae91085edb3219a84648,95493,CHAPTERS/05-Two-Dimensions-and-Beyond.md,U001023,CHAPTERS/05-Two-Dimensions-and-Beyond.md,9,LIVE_MARKDOWN_REFERENCE,REFERENCED,PENDING,,,,[],NOT_REVIEWED,NOT_APPLICABLE,[],[],,,,
A000872,L000206,CHAPTERS/_page_201_Figure_2.jpeg,b35ea13802354b9dc87d8040b14bab9430958ac96249ccfaeb8a486f46c89c46,118670,CHAPTERS/05-Two-Dimensions-and-Beyond.md,U001027,CHAPTERS/05-Two-Dimensions-and-Beyond.md,9,LIVE_MARKDOWN_REFERENCE,REFERENCED,PENDING,,,,[],NOT_REVIEWED,NOT_APPLICABLE,[],[],,,,
A000873,L000207,CHAPTERS/_page_201_Figure_4.jpeg,05facf4c932f70bfaeee9ef89d894342bba1aaa2be0027b16c7d8bba8f09770f,36839,CHAPTERS/05-Two-Dimensions-and-Beyond.md,U001029,CHAPTERS/05-Two-Dimensions-and-Beyond.md,9,LIVE_MARKDOWN_REFERENCE,REFERENCED,PENDING,,,,[],NOT_REVIEWED,NOT_APPLICABLE,[],[],,,,
A000874,L000208,CHAPTERS/_page_202_Picture_4.jpeg,ec903a3a52824f3a1e97766dca0eebea857e37e42e6ebc1f0525f19e29f2ca5e,108556,CHAPTERS/05-Two-Dimensions-and-Beyond.md,U001035,CHAPTERS/05-Two-Dimensions-and-Beyond.md,9,LIVE_MARKDOWN_REFERENCE,REFERENCED,PENDING,,,,[],NOT_REVIEWED,NOT_APPLICABLE,[],[],,,,
A000875,L000209,CHAPTERS/_page_202_Rule_Strip.jpeg,b29c3ffcb6beb5d49e8af80f7ae17dde9504c14cc2822941173287f0f2fc9b19,4673,CHAPTERS/05-Two-Dimensions-and-Beyond.md,U001036,CHAPTERS/05-Two-Dimensions-and-Beyond.md,9,LIVE_MARKDOWN_REFERENCE,REFERENCED,PENDING,,,,[],NOT_REVIEWED,NOT_APPLICABLE,[],[],,,,
A000876,L000210,CHAPTERS/_page_203_Figure_2.jpeg,75e29e39338d4a88ea105781fd42b9bf6cd97b3ede4b49f0ff43c2d4440a61fc,337318,CHAPTERS/05-Two-Dimensions-and-Beyond.md,U001040,CHAPTERS/05-Two-Dimensions-and-Beyond.md,9,LIVE_MARKDOWN_REFERENCE,REFERENCED,PENDING,,,,[],NOT_REVIEWED,NOT_APPLICABLE,[],[],,,,
A000877,L000211,CHAPTERS/_page_204_Picture_4.jpeg,dcf7ff457a600fb1d0f1bcf98a427e4eb54ca8cab5ed9aaf2c3fcdc35220a471,87284,CHAPTERS/05-Two-Dimensions-and-Beyond.md,U001043,CHAPTERS/05-Two-Dimensions-and-Beyond.md,9,LIVE_MARKDOWN_REFERENCE,REFERENCED,PENDING,,,,[],NOT_REVIEWED,NOT_APPLICABLE,[],[],,,,
A000878,L000212,CHAPTERS/_page_204_Picture_5.jpeg,7e04c2b7277c015f960e2d42176562a4d6f79ce0643a360a37cc8cc6ac24d29d,3127,CHAPTERS/05-Two-Dimensions-and-Beyond.md,U001044,CHAPTERS/05-Two-Dimensions-and-Beyond.md,9,LIVE_MARKDOWN_REFERENCE,REFERENCED,PENDING,,,,[],NOT_REVIEWED,NOT_APPLICABLE,[],[],,,,
A000879,L000213,CHAPTERS/_page_205_Picture_1.jpeg,2913f51a292f9aa24307696ae4b08817031a292526032bf1b663954437552dbf,71322,CHAPTERS/05-Two-Dimensions-and-Beyond.md,U001047,CHAPTERS/05-Two-Dimensions-and-Beyond.md,9,LIVE_MARKDOWN_REFERENCE,REFERENCED,PENDING,,,,[],NOT_REVIEWED,NOT_APPLICABLE,[],[],,,,
A000880,L000214,CHAPTERS/_page_205_Picture_3.jpeg,5dd9aacee0337c34a929925d189d2558186a6f3728b16828127df61633fc5213,3263,CHAPTERS/05-Two-Dimensions-and-Beyond.md,U001048,CHAPTERS/05-Two-Dimensions-and-Beyond.md,9,LIVE_MARKDOWN_REFERENCE,REFERENCED,PENDING,,,,[],NOT_REVIEWED,NOT_APPLICABLE,[],[],,,,
A000881,L000215,CHAPTERS/_page_206_Picture_1.jpeg,3e71a719ad6b0727b58406dae98fcc21de1d6ad4bc04ed01ceacad827da1ebc5,124310,CHAPTERS/05-Two-Dimensions-and-Beyond.md,U001054,CHAPTERS/05-Two-Dimensions-and-Beyond.md,9,LIVE_MARKDOWN_REFERENCE,REFERENCED,PENDING,,,,[],NOT_REVIEWED,NOT_APPLICABLE,[],[],,,,
A000882,L000216,CHAPTERS/_page_207_Figure_1.jpeg,4f8728cb5a5bc587e6c06a8e931b2c0721ba6ae58f7ab3835a69144bbb7fc458,198491,CHAPTERS/05-Two-Dimensions-and-Beyond.md,U001058,CHAPTERS/05-Two-Dimensions-and-Beyond.md,9,LIVE_MARKDOWN_REFERENCE,REFERENCED,PENDING,,,,[],NOT_REVIEWED,NOT_APPLICABLE,[],[],,,,
A000883,L000217,CHAPTERS/_page_209_Picture_2.jpeg,7e887c3e3df95718663f057b03576d5c1ca8110b689e2d04ce30207fe5ab526c,42659,CHAPTERS/05-Two-Dimensions-and-Beyond.md,U001073,CHAPTERS/05-Two-Dimensions-and-Beyond.md,9,LIVE_MARKDOWN_REFERENCE,REFERENCED,PENDING,,,,[],NOT_REVIEWED,NOT_APPLICABLE,[],[],,,,
A000884,L000218,CHAPTERS/_page_210_Picture_1.jpeg,058e73541aee5472d11100d13a6a1f9ea0e69ea5193a3bdc3a3e927382db1e40,61626,CHAPTERS/05-Two-Dimensions-and-Beyond.md,U001077,CHAPTERS/05-Two-Dimensions-and-Beyond.md,9,LIVE_MARKDOWN_REFERENCE,REFERENCED,PENDING,,,,[],NOT_REVIEWED,NOT_APPLICABLE,[],[],,,,
A000885,L000219,CHAPTERS/_page_211_Picture_3.jpeg,697b325b9e98f50b40aacb17f9f3faaa9ba03dcb80dbede3fb6569c817e762ea,114171,CHAPTERS/05-Two-Dimensions-and-Beyond.md,U001084,CHAPTERS/05-Two-Dimensions-and-Beyond.md,9,LIVE_MARKDOWN_REFERENCE,REFERENCED,PENDING,,,,[],NOT_REVIEWED,NOT_APPLICABLE,[],[],,,,
A000886,L000220,CHAPTERS/_page_212_Picture_2.jpeg,92ff6d41056943bce46467bb15093ae11cdf847df8d25af8c74b273456749a7f,99952,CHAPTERS/05-Two-Dimensions-and-Beyond.md,U001087,CHAPTERS/05-Two-Dimensions-and-Beyond.md,9,LIVE_MARKDOWN_REFERENCE,REFERENCED,PENDING,,,,[],NOT_REVIEWED,NOT_APPLICABLE,[],[],,,,
A000887,L000221,CHAPTERS/_page_213_Picture_1.jpeg,f6dda658647f60f79be0157922ce5fa5279e96141566e761f8e02258629f48a1,45490,CHAPTERS/05-Two-Dimensions-and-Beyond.md,U001092,CHAPTERS/05-Two-Dimensions-and-Beyond.md,9,LIVE_MARKDOWN_REFERENCE,REFERENCED,PENDING,,,,[],NOT_REVIEWED,NOT_APPLICABLE,[],[],,,,
A000888,L000222,CHAPTERS/_page_214_Picture_1.jpeg,3f51d84bb21f1c578435e50c8d97d9e4627248e5dea6d4d7102ea2e6cd7edf97,106671,CHAPTERS/05-Two-Dimensions-and-Beyond.md,U001098,CHAPTERS/05-Two-Dimensions-and-Beyond.md,9,LIVE_MARKDOWN_REFERENCE,REFERENCED,PENDING,,,,[],NOT_REVIEWED,NOT_APPLICABLE,[],[],,,,
A000889,L000223,CHAPTERS/_page_215_Picture_3.jpeg,0d4b45bd105e07f930047488c4aad4607aa8d485d1c07140b14e45af6167e14e,23985,CHAPTERS/05-Two-Dimensions-and-Beyond.md,U001102,CHAPTERS/05-Two-Dimensions-and-Beyond.md,9,LIVE_MARKDOWN_REFERENCE,REFERENCED,PENDING,,,,[],NOT_REVIEWED,NOT_APPLICABLE,[],[],,,,
A000890,L000224,CHAPTERS/_page_215_Picture_4.jpeg,a548ee64096ba32d00c08225ef5a821a7ace672268bdc80a2f7ad25518dfe6bd,24130,CHAPTERS/05-Two-Dimensions-and-Beyond.md,U001103,CHAPTERS/05-Two-Dimensions-and-Beyond.md,9,LIVE_MARKDOWN_REFERENCE,REFERENCED,PENDING,,,,[],NOT_REVIEWED,NOT_APPLICABLE,[],[],,,,
A000891,L000225,CHAPTERS/_page_216_Figure_1.jpeg,29f628af36b747444bbfeef081ea06fa0de1f428fcc0d04f57551610c3ee82c6,121895,CHAPTERS/05-Two-Dimensions-and-Beyond.md,U001109,CHAPTERS/05-Two-Dimensions-and-Beyond.md,9,LIVE_MARKDOWN_REFERENCE,REFERENCED,PENDING,,,,[],NOT_REVIEWED,NOT_APPLICABLE,[],[],,,,
A000892,L000226,CHAPTERS/_page_217_Figure_1.jpeg,91d40a82098a441b9d035e707b29bb310f373da721ca9d10334484b81cf436d9,235089,CHAPTERS/05-Two-Dimensions-and-Beyond.md,U001114,CHAPTERS/05-Two-Dimensions-and-Beyond.md,9,LIVE_MARKDOWN_REFERENCE,REFERENCED,PENDING,,,,[],NOT_REVIEWED,NOT_APPLICABLE,[],[],,,,
A000893,L000227,CHAPTERS/_page_218_Figure_2.jpeg,365d660b70fd0e75635383613e51781628f70be14a7ccc1f9653f2086526a8eb,143498,CHAPTERS/05-Two-Dimensions-and-Beyond.md,U001116,CHAPTERS/05-Two-Dimensions-and-Beyond.md,9,LIVE_MARKDOWN_REFERENCE,REFERENCED,PENDING,,,,[],NOT_REVIEWED,NOT_APPLICABLE,[],[],,,,
A000894,L000228,CHAPTERS/_page_219_Picture_6.jpeg,ea68fd2d80c24038eace1d4b3d5ef477e8012de330fbc4f19c67bce115158f78,22840,CHAPTERS/05-Two-Dimensions-and-Beyond.md,U001126,CHAPTERS/05-Two-Dimensions-and-Beyond.md,9,LIVE_MARKDOWN_REFERENCE,REFERENCED,PENDING,,,,[],NOT_REVIEWED,NOT_APPLICABLE,[],[],,,,
A000895,L000233,CHAPTERS/_page_220_Figure_10.jpeg,6bf06e3e1630dbe4f248c0ac89033f28fa5d97e1d3b803e4d3c37f7b124f4f8b,31135,CHAPTERS/05-Two-Dimensions-and-Beyond.md,U001137,CHAPTERS/05-Two-Dimensions-and-Beyond.md,9,LIVE_MARKDOWN_REFERENCE,REFERENCED,PENDING,,,,[],NOT_REVIEWED,NOT_APPLICABLE,[],[],,,,
A000896,L000234,CHAPTERS/_page_220_Figure_11.jpeg,60ef5a11de210858658c66b87c40f1f38e61ef60a5278fd496c119fc51b605e8,28658,CHAPTERS/05-Two-Dimensions-and-Beyond.md,U001138,CHAPTERS/05-Two-Dimensions-and-Beyond.md,9,LIVE_MARKDOWN_REFERENCE,REFERENCED,PENDING,,,,[],NOT_REVIEWED,NOT_APPLICABLE,[],[],,,,
A000897,L000231,CHAPTERS/_page_220_Figure_6.jpeg,ea6be56a1c8202abfc4ef468ddd13ba0ae8b0756312b24ac782b8b5249f21d4e,21094,CHAPTERS/05-Two-Dimensions-and-Beyond.md,U001133,CHAPTERS/05-Two-Dimensions-and-Beyond.md,9,LIVE_MARKDOWN_REFERENCE,REFERENCED,PENDING,,,,[],NOT_REVIEWED,NOT_APPLICABLE,[],[],,,,
A000898,L000232,CHAPTERS/_page_220_Figure_9.jpeg,3657b66f63d6ec8e644f7785fdab9b3ad0b851cdfb0a98d0df03fd1c036cb6b0,28096,CHAPTERS/05-Two-Dimensions-and-Beyond.md,U001136,CHAPTERS/05-Two-Dimensions-and-Beyond.md,9,LIVE_MARKDOWN_REFERENCE,REFERENCED,PENDING,,,,[],NOT_REVIEWED,NOT_APPLICABLE,[],[],,,,
A000899,L000229,CHAPTERS/_page_220_Picture_4.jpeg,90eb53fc63d0e5fda86e94d7bd9ef8d15558dd7fe9a5ac93b440a7408bfc7170,9851,CHAPTERS/05-Two-Dimensions-and-Beyond.md,U001131,CHAPTERS/05-Two-Dimensions-and-Beyond.md,9,LIVE_MARKDOWN_REFERENCE,REFERENCED,PENDING,,,,[],NOT_REVIEWED,NOT_APPLICABLE,[],[],,,,
A000900,L000230,CHAPTERS/_page_220_Picture_5.jpeg,497d5367d269aeebabc6a2cce6f96afddbc88805968afd5beb1597c6013e4d16,16825,CHAPTERS/05-Two-Dimensions-and-Beyond.md,U001132,CHAPTERS/05-Two-Dimensions-and-Beyond.md,9,LIVE_MARKDOWN_REFERENCE,REFERENCED,PENDING,,,,[],NOT_REVIEWED,NOT_APPLICABLE,[],[],,,,
A000901,L000235,CHAPTERS/_page_221_Figure_2.jpeg,09b7e24d78e1551854394c71d62bf1b2f56d552dccf0926f495dcc3ce59a82f9,218524,CHAPTERS/05-Two-Dimensions-and-Beyond.md,U001141,CHAPTERS/05-Two-Dimensions-and-Beyond.md,9,LIVE_MARKDOWN_REFERENCE,REFERENCED,PENDING,,,,[],NOT_REVIEWED,NOT_APPLICABLE,[],[],,,,
A000902,L000236,CHAPTERS/_page_221_Figure_3.jpeg,d5c3ba1bf31fd24f5e467610a3b1fe75f08add569fb596201509e698440a511d,22515,CHAPTERS/05-Two-Dimensions-and-Beyond.md,U001142,CHAPTERS/05-Two-Dimensions-and-Beyond.md,9,LIVE_MARKDOWN_REFERENCE,REFERENCED,PENDING,,,,[],NOT_REVIEWED,NOT_APPLICABLE,[],[],,,,
A000903,L000237,CHAPTERS/_page_222_Picture_3.jpeg,dc37afff09c2010185c48aeef92dcaf487f41bd71141e4ec76501dcbdbda5f8a,83451,CHAPTERS/05-Two-Dimensions-and-Beyond.md,U001146,CHAPTERS/05-Two-Dimensions-and-Beyond.md,9,LIVE_MARKDOWN_REFERENCE,REFERENCED,PENDING,,,,[],NOT_REVIEWED,NOT_APPLICABLE,[],[],,,,
A000904,L000238,CHAPTERS/_page_223_Figure_1.jpeg,1b0bc5181f40eee841675b8ee0d2fef929ec1122e3e75595a5945eb8edb99a0f,187410,CHAPTERS/05-Two-Dimensions-and-Beyond.md,U001149,CHAPTERS/05-Two-Dimensions-and-Beyond.md,9,LIVE_MARKDOWN_REFERENCE,REFERENCED,PENDING,,,,[],NOT_REVIEWED,NOT_APPLICABLE,[],[],,,,
A000905,L000239,CHAPTERS/_page_224_Picture_2.jpeg,0958f2661e1e6b9328e23f4759e1d5df8216103393e25ac024a79b8b4e6d1265,42668,CHAPTERS/05-Two-Dimensions-and-Beyond.md,U001153,CHAPTERS/05-Two-Dimensions-and-Beyond.md,9,LIVE_MARKDOWN_REFERENCE,REFERENCED,PENDING,,,,[],NOT_REVIEWED,NOT_APPLICABLE,[],[],,,,
A000906,L000240,CHAPTERS/_page_224_Picture_3.jpeg,e44d300b836f66cf75ca589fb82584cd915e7f15e3cfc0288efab70fbb711522,36928,CHAPTERS/05-Two-Dimensions-and-Beyond.md,U001154,CHAPTERS/05-Two-Dimensions-and-Beyond.md,9,LIVE_MARKDOWN_REFERENCE,REFERENCED,PENDING,,,,[],NOT_REVIEWED,NOT_APPLICABLE,[],[],,,,
A000907,L000241,CHAPTERS/_page_224_Picture_6.jpeg,30514015fe7cd07b92512c9f1c42e11ec2655fef8a0635ac1c6edb445af7849e,69499,CHAPTERS/05-Two-Dimensions-and-Beyond.md,U001157,CHAPTERS/05-Two-Dimensions-and-Beyond.md,9,LIVE_MARKDOWN_REFERENCE,REFERENCED,PENDING,,,,[],NOT_REVIEWED,NOT_APPLICABLE,[],[],,,,
A000908,L000242,CHAPTERS/_page_225_Picture_5.jpeg,f17d16990ae3b165d316d52bf3412e28ff3645f56fd5472bbdac36486871df3a,6337,CHAPTERS/05-Two-Dimensions-and-Beyond.md,U001163,CHAPTERS/05-Two-Dimensions-and-Beyond.md,9,LIVE_MARKDOWN_REFERENCE,REFERENCED,PENDING,,,,[],NOT_REVIEWED,NOT_APPLICABLE,[],[],,,,
A000909,L000243,CHAPTERS/_page_226_Picture_2.jpeg,d40d24b2ee67bbb22698755054ab438bdb04809f8ed7332b29765b8709d9eea0,18960,CHAPTERS/05-Two-Dimensions-and-Beyond.md,U001167,CHAPTERS/05-Two-Dimensions-and-Beyond.md,9,LIVE_MARKDOWN_REFERENCE,REFERENCED,PENDING,,,,[],NOT_REVIEWED,NOT_APPLICABLE,[],[],,,,
A000910,L000244,CHAPTERS/_page_226_Picture_9.jpeg,6d25b292bb7a1d01eb7a745fde1eafd36416133e23e7852773abc205a246717b,37372,CHAPTERS/05-Two-Dimensions-and-Beyond.md,U001174,CHAPTERS/05-Two-Dimensions-and-Beyond.md,9,LIVE_MARKDOWN_REFERENCE,REFERENCED,PENDING,,,,[],NOT_REVIEWED,NOT_APPLICABLE,[],[],,,,
A000911,L000245,CHAPTERS/_page_227_Figure_3.jpeg,36beded6e40b45e1007ef8d8b631ed24d492bd8f411ae069eeca2614ced3d682,306964,CHAPTERS/05-Two-Dimensions-and-Beyond.md,U001180,CHAPTERS/05-Two-Dimensions-and-Beyond.md,9,LIVE_MARKDOWN_REFERENCE,REFERENCED,PENDING,,,,[],NOT_REVIEWED,NOT_APPLICABLE,[],[],,,,
A000912,L000246,CHAPTERS/_page_228_Figure_5.jpeg,85384087ad022c63c28840a67dd25d6afca2dcdf2fc02aaec7d64ebbfd66c21e,118339,CHAPTERS/05-Two-Dimensions-and-Beyond.md,U001183,CHAPTERS/05-Two-Dimensions-and-Beyond.md,9,LIVE_MARKDOWN_REFERENCE,REFERENCED,PENDING,,,,[],NOT_REVIEWED,NOT_APPLICABLE,[],[],,,,
A000913,L000247,CHAPTERS/_page_229_Picture_1.jpeg,e9e718444e44af1d3a41a229e44927d65d3691aaf098c8d964f0d88e7e01dc79,528780,CHAPTERS/05-Two-Dimensions-and-Beyond.md,U001186,CHAPTERS/05-Two-Dimensions-and-Beyond.md,9,LIVE_MARKDOWN_REFERENCE,REFERENCED,PENDING,,,,[],NOT_REVIEWED,NOT_APPLICABLE,[],[],,,,
A000914,L000248,CHAPTERS/_page_230_Figure_2.jpeg,2af86815dd48d0c17257587b822add600b9a1736d18f17b20c2dbfcaae7a043b,470834,CHAPTERS/05-Two-Dimensions-and-Beyond.md,U001187,CHAPTERS/05-Two-Dimensions-and-Beyond.md,9,LIVE_MARKDOWN_REFERENCE,REFERENCED,PENDING,,,,[],NOT_REVIEWED,NOT_APPLICABLE,[],[],,,,
A000915,L000249,CHAPTERS/_page_231_Picture_4.jpeg,938db44090a9b4ba5ea13349757d126e7b0c694796bd981227f92c53f9771586,193577,CHAPTERS/05-Two-Dimensions-and-Beyond.md,U001192,CHAPTERS/05-Two-Dimensions-and-Beyond.md,9,LIVE_MARKDOWN_REFERENCE,REFERENCED,PENDING,,,,[],NOT_REVIEWED,NOT_APPLICABLE,[],[],,,,
A000916,L000250,CHAPTERS/_page_233_Figure_1.jpeg,5a1e25b7b903562a6acd946933aa43541e34cc8d07b0b2d4c154e18621f1844c,138025,CHAPTERS/05-Two-Dimensions-and-Beyond.md,U001204,CHAPTERS/05-Two-Dimensions-and-Beyond.md,9,LIVE_MARKDOWN_REFERENCE,REFERENCED,PENDING,,,,[],NOT_REVIEWED,NOT_APPLICABLE,[],[],,,,
A000917,L000251,CHAPTERS/_page_234_Figure_2.jpeg,24e34e823066f1884d8a682d8ad04d13fdc59a0289cd97cb16139b2a33095dba,314108,CHAPTERS/05-Two-Dimensions-and-Beyond.md,U001208,CHAPTERS/05-Two-Dimensions-and-Beyond.md,9,LIVE_MARKDOWN_REFERENCE,REFERENCED,PENDING,,,,[],NOT_REVIEWED,NOT_APPLICABLE,[],[],,,,
A000918,L000252,CHAPTERS/_page_234_Template_Strip.jpeg,4c3b264f02ddbc8b656402401f90e6f27f8b1105ef197a2655f37b120ee93e51,12685,CHAPTERS/05-Two-Dimensions-and-Beyond.md,U001209,CHAPTERS/05-Two-Dimensions-and-Beyond.md,9,LIVE_MARKDOWN_REFERENCE,REFERENCED,PENDING,,,,[],NOT_REVIEWED,NOT_APPLICABLE,[],[],,,,
A000919,L000253,CHAPTERS/_page_235_Picture_4.jpeg,5a9b08141b7d1e281be90b375ca59dc637058350a560d86b3bb585608ce87a29,20869,CHAPTERS/05-Two-Dimensions-and-Beyond.md,U001214,CHAPTERS/05-Two-Dimensions-and-Beyond.md,9,LIVE_MARKDOWN_REFERENCE,REFERENCED,PENDING,,,,[],NOT_REVIEWED,NOT_APPLICABLE,[],[],,,,
A000920,L000254,CHAPTERS/_page_235_Picture_6.jpeg,717a2b642c45c185720ab26ae877f8396b487c7dd344960736a43607146f4cd0,133681,CHAPTERS/05-Two-Dimensions-and-Beyond.md,U001215,CHAPTERS/05-Two-Dimensions-and-Beyond.md,9,LIVE_MARKDOWN_REFERENCE,REFERENCED,PENDING,,,,[],NOT_REVIEWED,NOT_APPLICABLE,[],[],,,,
A000921,L000255,CHAPTERS/_page_236_Picture_1.jpeg,8657ab025bb0e8aaccecf078f0ea5949d177c2eb49dcef65e39febdac7201c3c,193879,CHAPTERS/05-Two-Dimensions-and-Beyond.md,U001218,CHAPTERS/05-Two-Dimensions-and-Beyond.md,9,LIVE_MARKDOWN_REFERENCE,REFERENCED,PENDING,,,,[],NOT_REVIEWED,NOT_APPLICABLE,[],[],,,,
A000922,L000256,CHAPTERS/_page_236_Picture_2.jpeg,9010ea53f9ecf7f45ff84a106e6959f1d30d73045e7de4c3e199acdb7a98acb1,31242,CHAPTERS/05-Two-Dimensions-and-Beyond.md,U001219,CHAPTERS/05-Two-Dimensions-and-Beyond.md,9,LIVE_MARKDOWN_REFERENCE,REFERENCED,PENDING,,,,[],NOT_REVIEWED,NOT_APPLICABLE,[],[],,,,
A000923,L000257,CHAPTERS/_page_238_Chapter_Opener.jpeg,1cd40b08dfadc64428ff0aaccfc065c561f72e143bc874f89ab42daa3ff6149f,76773,CHAPTERS/06-Starting-from-Randomness.md,U001223,CHAPTERS/06-Starting-from-Randomness.md,10,LIVE_MARKDOWN_REFERENCE,REFERENCED,PENDING,,,,[],NOT_REVIEWED,NOT_APPLICABLE,[],[],,,,
A000924,L000258,CHAPTERS/_page_239_Picture_1.jpeg,1deb7b9038593be7ba55e70b84971dde44870415855c4d3f40a26306ad64a554,3942,CHAPTERS/06-Starting-from-Randomness.md,U001231,CHAPTERS/06-Starting-from-Randomness.md,10,LIVE_MARKDOWN_REFERENCE,REFERENCED,PENDING,,,,[],NOT_REVIEWED,NOT_APPLICABLE,[],[],,,,
A000925,L000259,CHAPTERS/_page_239_Picture_2.jpeg,1cd11949b7917044fdaa9016c17b824ff3a829cf6306cbe5393786d7b7357d49,20462,CHAPTERS/06-Starting-from-Randomness.md,U001232,CHAPTERS/06-Starting-from-Randomness.md,10,LIVE_MARKDOWN_REFERENCE,REFERENCED,PENDING,,,,[],NOT_REVIEWED,NOT_APPLICABLE,[],[],,,,
A000926,L000260,CHAPTERS/_page_239_Picture_5.jpeg,71aa61335dcfa8b4d98f2c5f9ea0da38a478ad9dffc4f9622dc0b075de0153d9,106823,CHAPTERS/06-Starting-from-Randomness.md,U001235,CHAPTERS/06-Starting-from-Randomness.md,10,LIVE_MARKDOWN_REFERENCE,REFERENCED,PENDING,,,,[],NOT_REVIEWED,NOT_APPLICABLE,[],[],,,,
A000927,L000261,CHAPTERS/_page_240_Figure_2.jpeg,5ee29923c1db72b296464ee0a8f9f5801c63f4495d1ec330563d42452acfda31,206223,CHAPTERS/06-Starting-from-Randomness.md,U001239,CHAPTERS/06-Starting-from-Randomness.md,10,LIVE_MARKDOWN_REFERENCE,REFERENCED,PENDING,,,,[],NOT_REVIEWED,NOT_APPLICABLE,[],[],,,,
A000928,L000262,CHAPTERS/_page_241_Picture_2.jpeg,8872f27e032f014e91223cd6c8e96e93edee1ac9539505fa248014f67c8a83e0,482546,CHAPTERS/06-Starting-from-Randomness.md,U001242,CHAPTERS/06-Starting-from-Randomness.md,10,LIVE_MARKDOWN_REFERENCE,REFERENCED,PENDING,,,,[],NOT_REVIEWED,NOT_APPLICABLE,[],[],,,,
A000929,L000263,CHAPTERS/_page_241_Picture_3.jpeg,ae44f76734e06f906b42333a0ed63b7fd86056f943b12c3c53f67765af8e3590,3765,CHAPTERS/06-Starting-from-Randomness.md,U001243,CHAPTERS/06-Starting-from-Randomness.md,10,LIVE_MARKDOWN_REFERENCE,REFERENCED,PENDING,,,,[],NOT_REVIEWED,NOT_APPLICABLE,[],[],,,,
A000930,L000264,CHAPTERS/_page_242_Figure_2.jpeg,2b06995c93e9976176e3e446538bcc84841ac74ef9467cf1fe87ce3b0d1e0384,146988,CHAPTERS/06-Starting-from-Randomness.md,U001245,CHAPTERS/06-Starting-from-Randomness.md,10,LIVE_MARKDOWN_REFERENCE,REFERENCED,PENDING,,,,[],NOT_REVIEWED,NOT_APPLICABLE,[],[],,,,
A000931,L000266,CHAPTERS/_page_242_Picture_4.jpeg,5d0d2305aeb15a390515c15df469a99477258031f6493e6bd9c2d9de5e5b303c,819218,CHAPTERS/06-Starting-from-Randomness.md,U001247,CHAPTERS/06-Starting-from-Randomness.md,10,LIVE_MARKDOWN_REFERENCE,REFERENCED,PENDING,,,,[],NOT_REVIEWED,NOT_APPLICABLE,[],[],,,,
A000932,L000267,CHAPTERS/_page_242_Picture_5.jpeg,91292511412e2cbed56cd5700472058f2947682323e1f689d25d849a4caca586,146136,CHAPTERS/06-Starting-from-Randomness.md,U001248,CHAPTERS/06-Starting-from-Randomness.md,10,LIVE_MARKDOWN_REFERENCE,REFERENCED,PENDING,,,,[],NOT_REVIEWED,NOT_APPLICABLE,[],[],,,,
A000933,L000265,CHAPTERS/_page_242_Rule_30.jpeg,0e3bcea83d4e0fcc92f08529784776f91b4c5edb80bf9795fa3828a7c0060a0d,804605,CHAPTERS/06-Starting-from-Randomness.md,U001246,CHAPTERS/06-Starting-from-Randomness.md,10,LIVE_MARKDOWN_REFERENCE,REFERENCED,PENDING,,,,[],NOT_REVIEWED,NOT_APPLICABLE,[],[],,,,
A000934,L000268,CHAPTERS/_page_243_Picture_1.jpeg,2052730f467f854af0243f064c8827d7d604ef6e3c8d5ba0134c2fcca43338b6,270175,CHAPTERS/06-Starting-from-Randomness.md,U001250,CHAPTERS/06-Starting-from-Randomness.md,10,LIVE_MARKDOWN_REFERENCE,REFERENCED,PENDING,,,,[],NOT_REVIEWED,NOT_APPLICABLE,[],[],,,,
A000935,L000269,CHAPTERS/_page_244_Picture_2.jpeg,c75b3dec2dc20286cb124cdcf77dec712baa05720e1be9bb2109c2ae56c5b666,684925,CHAPTERS/06-Starting-from-Randomness.md,U001255,CHAPTERS/06-Starting-from-Randomness.md,10,LIVE_MARKDOWN_REFERENCE,REFERENCED,PENDING,,,,[],NOT_REVIEWED,NOT_APPLICABLE,[],[],,,,
A000936,L000270,CHAPTERS/_page_245_Picture_1.jpeg,92a85b5fbc7efd8126b5d1e45fb59fad4df11618348856a030966ffbfab6357d,688330,CHAPTERS/06-Starting-from-Randomness.md,U001257,CHAPTERS/06-Starting-from-Randomness.md,10,LIVE_MARKDOWN_REFERENCE,REFERENCED,PENDING,,,,[],NOT_REVIEWED,NOT_APPLICABLE,[],[],,,,
A000937,L000273,CHAPTERS/_page_246_Picture_10.jpeg,273f21dcf1e47bc7ce45ab61aa238dd64a75ea239f71d33c3bea62c8bfc1e4bb,27545,CHAPTERS/06-Starting-from-Randomness.md,U001267,CHAPTERS/06-Starting-from-Randomness.md,10,LIVE_MARKDOWN_REFERENCE,REFERENCED,PENDING,,,,[],NOT_REVIEWED,NOT_APPLICABLE,[],[],,,,
A000938,L000274,CHAPTERS/_page_246_Picture_11.jpeg,3a6868e15ad61245797bb4f643c76411af8b3afa426f2e4be84146d56376df63,11989,CHAPTERS/06-Starting-from-Randomness.md,U001268,CHAPTERS/06-Starting-from-Randomness.md,10,LIVE_MARKDOWN_REFERENCE,REFERENCED,PENDING,,,,[],NOT_REVIEWED,NOT_APPLICABLE,[],[],,,,
A000939,L000271,CHAPTERS/_page_246_Picture_8.jpeg,afada8215843e18ad2d2dd9fbc1fe4f7e346105f65b1587f044d409f171ec143,5532,CHAPTERS/06-Starting-from-Randomness.md,U001265,CHAPTERS/06-Starting-from-Randomness.md,10,LIVE_MARKDOWN_REFERENCE,REFERENCED,PENDING,,,,[],NOT_REVIEWED,NOT_APPLICABLE,[],[],,,,
A000940,L000272,CHAPTERS/_page_246_Picture_9.jpeg,0ca74ea450ce582651a26b7c6ff42ad7ffbcf3a296bec697c651cceeb2411e21,16742,CHAPTERS/06-Starting-from-Randomness.md,U001266,CHAPTERS/06-Starting-from-Randomness.md,10,LIVE_MARKDOWN_REFERENCE,REFERENCED,PENDING,,,,[],NOT_REVIEWED,NOT_APPLICABLE,[],[],,,,
A000941,L000275,CHAPTERS/_page_247_Figure_2.jpeg,00f9660bac37681f214cbf4b234dffeab446e3d23e4de2a7c49ff7011f7db6a0,261973,CHAPTERS/06-Starting-from-Randomness.md,U001272,CHAPTERS/06-Starting-from-Randomness.md,10,LIVE_MARKDOWN_REFERENCE,REFERENCED,PENDING,,,,[],NOT_REVIEWED,NOT_APPLICABLE,[],[],,,,
A000942,L000276,CHAPTERS/_page_248_Figure_2.jpeg,b2a20cb8095eb211fedd963d622222ca98fe0428f397b71bef90db8fa6871957,281697,CHAPTERS/06-Starting-from-Randomness.md,U001274,CHAPTERS/06-Starting-from-Randomness.md,10,LIVE_MARKDOWN_REFERENCE,REFERENCED,PENDING,,,,[],NOT_REVIEWED,NOT_APPLICABLE,[],[],,,,
A000943,L000277,CHAPTERS/_page_249_Picture_1.jpeg,f7b2834be41656cff9512b7affdd5fa57640bbbb6ecd93da1440202bf113f7ef,273017,CHAPTERS/06-Starting-from-Randomness.md,U001276,CHAPTERS/06-Starting-from-Randomness.md,10,LIVE_MARKDOWN_REFERENCE,REFERENCED,PENDING,,,,[],NOT_REVIEWED,NOT_APPLICABLE,[],[],,,,
A000944,L000278,CHAPTERS/_page_251_Picture_1.jpeg,41cfc762284fdcd65e5663fb7631aa4c504aea46a746a8a4ed24407b76b89196,429298,CHAPTERS/06-Starting-from-Randomness.md,U001286,CHAPTERS/06-Starting-from-Randomness.md,10,LIVE_MARKDOWN_REFERENCE,REFERENCED,PENDING,,,,[],NOT_REVIEWED,NOT_APPLICABLE,[],[],,,,
A000945,L000279,CHAPTERS/_page_252_Picture_2.jpeg,120e95a57f683744ff3e71981f4fa07ff850d0cad5633bf4d2f27906a76e909f,556865,CHAPTERS/06-Starting-from-Randomness.md,U001288,CHAPTERS/06-Starting-from-Randomness.md,10,LIVE_MARKDOWN_REFERENCE,REFERENCED,PENDING,,,,[],NOT_REVIEWED,NOT_APPLICABLE,[],[],,,,
A000946,L000280,CHAPTERS/_page_253_Picture_1.jpeg,148a433a11b4889c91c1a7be3c6f00172a3961428e6d41c47a06954136245faf,511097,CHAPTERS/06-Starting-from-Randomness.md,U001290,CHAPTERS/06-Starting-from-Randomness.md,10,LIVE_MARKDOWN_REFERENCE,REFERENCED,PENDING,,,,[],NOT_REVIEWED,NOT_APPLICABLE,[],[],,,,
A000947,L000281,CHAPTERS/_page_254_Picture_1.jpeg,d32b7fc3dedc9f262e5a3d3d928d1d7d94d1a219fd75aeeefdb988c74869a168,568496,CHAPTERS/06-Starting-from-Randomness.md,U001291,CHAPTERS/06-Starting-from-Randomness.md,10,LIVE_MARKDOWN_REFERENCE,REFERENCED,PENDING,,,,[],NOT_REVIEWED,NOT_APPLICABLE,[],[],,,,
A000948,L000282,CHAPTERS/_page_255_Picture_2.jpeg,b175f64e60cf41042d8ba6a11ed8d04eec4a8101bef8f9f231aae532eca6ca06,7400,CHAPTERS/06-Starting-from-Randomness.md,U001294,CHAPTERS/06-Starting-from-Randomness.md,10,LIVE_MARKDOWN_REFERENCE,REFERENCED,PENDING,,,,[],NOT_REVIEWED,NOT_APPLICABLE,[],[],,,,
A000949,L000283,CHAPTERS/_page_255_Picture_3.jpeg,00ef0063254d4f75734cd76d8f2d07de4ae1d6b041b9664197c2da99641d8b14,13612,CHAPTERS/06-Starting-from-Randomness.md,U001295,CHAPTERS/06-Starting-from-Randomness.md,10,LIVE_MARKDOWN_REFERENCE,REFERENCED,PENDING,,,,[],NOT_REVIEWED,NOT_APPLICABLE,[],[],,,,
A000950,L000284,CHAPTERS/_page_255_Picture_4.jpeg,700d71a0beb145c953ca87f4d8649aecd7b7d60df69ccd569cba02f6daeb1acc,9310,CHAPTERS/06-Starting-from-Randomness.md,U001296,CHAPTERS/06-Starting-from-Randomness.md,10,LIVE_MARKDOWN_REFERENCE,REFERENCED,PENDING,,,,[],NOT_REVIEWED,NOT_APPLICABLE,[],[],,,,
A000951,L000285,CHAPTERS/_page_255_Picture_5.jpeg,39c0faeec91a67a957966561dfd5e4e8b28b9f4ac72bff23ddc4787925ed3f55,53409,CHAPTERS/06-Starting-from-Randomness.md,U001297,CHAPTERS/06-Starting-from-Randomness.md,10,LIVE_MARKDOWN_REFERENCE,REFERENCED,PENDING,,,,[],NOT_REVIEWED,NOT_APPLICABLE,[],[],,,,
A000952,L000286,CHAPTERS/_page_256_Figure_2.jpeg,1c4967f6967d8e813b2a281e2615dc8bef272eb57789b60e23c950de5e6bc01f,328297,CHAPTERS/06-Starting-from-Randomness.md,U001305,CHAPTERS/06-Starting-from-Randomness.md,10,LIVE_MARKDOWN_REFERENCE,REFERENCED,PENDING,,,,[],NOT_REVIEWED,NOT_APPLICABLE,[],[],,,,
A000953,L000287,CHAPTERS/_page_258_Figure_1.jpeg,6e7bd2166885376ea79dce59500a35ea01bf6e91fd51b6241812ef15e97243c3,264239,CHAPTERS/06-Starting-from-Randomness.md,U001315,CHAPTERS/06-Starting-from-Randomness.md,10,LIVE_MARKDOWN_REFERENCE,REFERENCED,PENDING,,,,[],NOT_REVIEWED,NOT_APPLICABLE,[],[],,,,
A000954,L000288,CHAPTERS/_page_259_Picture_2.jpeg,1797a19a5e12b8fd0f3165ecbdb9a6149646809ed71c6e1d8d8ae6f2414ab443,101531,CHAPTERS/06-Starting-from-Randomness.md,U001317,CHAPTERS/06-Starting-from-Randomness.md,10,LIVE_MARKDOWN_REFERENCE,REFERENCED,PENDING,,,,[],NOT_REVIEWED,NOT_APPLICABLE,[],[],,,,
A000955,L000289,CHAPTERS/_page_259_Picture_4.jpeg,3f138bccbbaedbcfe9865069685819d618234ba9525749dc1c7afaeed695d30f,100962,CHAPTERS/06-Starting-from-Randomness.md,U001319,CHAPTERS/06-Starting-from-Randomness.md,10,LIVE_MARKDOWN_REFERENCE,REFERENCED,PENDING,,,,[],NOT_REVIEWED,NOT_APPLICABLE,[],[],,,,
A000956,L000290,CHAPTERS/_page_259_Picture_6.jpeg,7d9fd822a9dc2cabbdfc4c0030bef8b0f69d14f8ff9f5c8547bc2bf6010c9815,90996,CHAPTERS/06-Starting-from-Randomness.md,U001321,CHAPTERS/06-Starting-from-Randomness.md,10,LIVE_MARKDOWN_REFERENCE,REFERENCED,PENDING,,,,[],NOT_REVIEWED,NOT_APPLICABLE,[],[],,,,
A000957,L000291,CHAPTERS/_page_261_Figure_2.jpeg,49f35fe65202ef7fbfee2da92b7460d36fc329b66a553782ebf8991f237944dd,309273,CHAPTERS/06-Starting-from-Randomness.md,U001330,CHAPTERS/06-Starting-from-Randomness.md,10,LIVE_MARKDOWN_REFERENCE,REFERENCED,PENDING,,,,[],NOT_REVIEWED,NOT_APPLICABLE,[],[],,,,
A000958,L000292,CHAPTERS/_page_262_Figure_2.jpeg,23df7e86bf96a148a17c13847eb53c773a24f86cc5a24f2e1a550f79b94439e3,240733,CHAPTERS/06-Starting-from-Randomness.md,U001332,CHAPTERS/06-Starting-from-Randomness.md,10,LIVE_MARKDOWN_REFERENCE,REFERENCED,PENDING,,,,[],NOT_REVIEWED,NOT_APPLICABLE,[],[],,,,
A000959,L000293,CHAPTERS/_page_263_Figure_2.jpeg,71f5ac8784f493b664a93aff52e157e1ac7bf94a6b2e910f98de9fef663736ec,295433,CHAPTERS/06-Starting-from-Randomness.md,U001334,CHAPTERS/06-Starting-from-Randomness.md,10,LIVE_MARKDOWN_REFERENCE,REFERENCED,PENDING,,,,[],NOT_REVIEWED,NOT_APPLICABLE,[],[],,,,
A000960,L000294,CHAPTERS/_page_264_Picture_2.jpeg,795c798b4c9b2bbd24febea8333176ebd7bc33852a4905894e5bff4a1426a757,171688,CHAPTERS/06-Starting-from-Randomness.md,U001336,CHAPTERS/06-Starting-from-Randomness.md,10,LIVE_MARKDOWN_REFERENCE,REFERENCED,PENDING,,,,[],NOT_REVIEWED,NOT_APPLICABLE,[],[],,,,
A000961,L000295,CHAPTERS/_page_264_Picture_3.jpeg,0689cd062ff648358aaef8ac0fae47cfb64538e5c0ed55a2c5fe660e6943eeb5,50190,CHAPTERS/06-Starting-from-Randomness.md,U001337,CHAPTERS/06-Starting-from-Randomness.md,10,LIVE_MARKDOWN_REFERENCE,REFERENCED,PENDING,,,,[],NOT_REVIEWED,NOT_APPLICABLE,[],[],,,,
A000962,L000296,CHAPTERS/_page_264_Picture_4.jpeg,794ac066a51509a37d4799acc739a6b5f4c59e751ac41c742240e6c89036cfe2,223409,CHAPTERS/06-Starting-from-Randomness.md,U001338,CHAPTERS/06-Starting-from-Randomness.md,10,LIVE_MARKDOWN_REFERENCE,REFERENCED,PENDING,,,,[],NOT_REVIEWED,NOT_APPLICABLE,[],[],,,,
A000963,L000297,CHAPTERS/_page_264_Picture_5.jpeg,6155bdaa297203af55f18c2ff66ae9a99e81f1abdc75713a5f03461f7cb83002,192904,CHAPTERS/06-Starting-from-Randomness.md,U001339,CHAPTERS/06-Starting-from-Randomness.md,10,LIVE_MARKDOWN_REFERENCE,REFERENCED,PENDING,,,,[],NOT_REVIEWED,NOT_APPLICABLE,[],[],,,,
A000964,L000298,CHAPTERS/_page_264_Picture_6.jpeg,36264bbd6814952b8bff6c4c80a7e1d19da57855e65557ccea72b10edebcd075,122280,CHAPTERS/06-Starting-from-Randomness.md,U001340,CHAPTERS/06-Starting-from-Randomness.md,10,LIVE_MARKDOWN_REFERENCE,REFERENCED,PENDING,,,,[],NOT_REVIEWED,NOT_APPLICABLE,[],[],,,,
A000965,L000299,CHAPTERS/_page_265_Picture_4.jpeg,3aa6034fb572da428acfdca0ad712508de8f02f5506149473b70149d1e547d20,179827,CHAPTERS/06-Starting-from-Randomness.md,U001345,CHAPTERS/06-Starting-from-Randomness.md,10,LIVE_MARKDOWN_REFERENCE,REFERENCED,PENDING,,,,[],NOT_REVIEWED,NOT_APPLICABLE,[],[],,,,
A000966,L000300,CHAPTERS/_page_266_Picture_2.jpeg,caa2e578f5e8169198d3ea61b5edc3b889d1e575389e50019654c1b7e90d3287,122471,CHAPTERS/06-Starting-from-Randomness.md,U001349,CHAPTERS/06-Starting-from-Randomness.md,10,LIVE_MARKDOWN_REFERENCE,REFERENCED,PENDING,,,,[],NOT_REVIEWED,NOT_APPLICABLE,[],[],,,,
A000967,L000301,CHAPTERS/_page_266_Picture_3.jpeg,2c96a0d4597d25697eb79b1c19acb898c5338a2788e54d0d25a3bffbdfe8132d,121358,CHAPTERS/06-Starting-from-Randomness.md,U001350,CHAPTERS/06-Starting-from-Randomness.md,10,LIVE_MARKDOWN_REFERENCE,REFERENCED,PENDING,,,,[],NOT_REVIEWED,NOT_APPLICABLE,[],[],,,,
A000968,L000302,CHAPTERS/_page_266_Picture_4.jpeg,d9c0d051febaffe03059d8593acd7a21fde5c2e8a35c3051adb6c36e8ed650ad,118537,CHAPTERS/06-Starting-from-Randomness.md,U001351,CHAPTERS/06-Starting-from-Randomness.md,10,LIVE_MARKDOWN_REFERENCE,REFERENCED,PENDING,,,,[],NOT_REVIEWED,NOT_APPLICABLE,[],[],,,,
A000969,L000303,CHAPTERS/_page_268_Picture_2.jpeg,57776d088da837f1511e49a9f6716e2b72257b3dcd10d855f4428efac94282fd,415105,CHAPTERS/06-Starting-from-Randomness.md,U001360,CHAPTERS/06-Starting-from-Randomness.md,10,LIVE_MARKDOWN_REFERENCE,REFERENCED,PENDING,,,,[],NOT_REVIEWED,NOT_APPLICABLE,[],[],,,,
A000970,L000304,CHAPTERS/_page_269_Picture_1.jpeg,3f75a5508b9e7cd2e06af93619aca5b443121095a77f4f3165d6342ea6ad5fde,454895,CHAPTERS/06-Starting-from-Randomness.md,U001361,CHAPTERS/06-Starting-from-Randomness.md,10,LIVE_MARKDOWN_REFERENCE,REFERENCED,PENDING,,,,[],NOT_REVIEWED,NOT_APPLICABLE,[],[],,,,
A000971,L000305,CHAPTERS/_page_270_Figure_6.jpeg,98ce0d419e31aeae051f846ec4f9ee87d9f8918208326205e9106ad45d5adc34,80390,CHAPTERS/06-Starting-from-Randomness.md,U001368,CHAPTERS/06-Starting-from-Randomness.md,10,LIVE_MARKDOWN_REFERENCE,REFERENCED,PENDING,,,,[],NOT_REVIEWED,NOT_APPLICABLE,[],[],,,,
A000972,L000306,CHAPTERS/_page_271_Figure_5.jpeg,8cd44a83240d6e62e1675bb7aa053d46d8a42b18d84489a0c466b0b9ca94e9d4,212658,CHAPTERS/06-Starting-from-Randomness.md,U001373,CHAPTERS/06-Starting-from-Randomness.md,10,LIVE_MARKDOWN_REFERENCE,REFERENCED,PENDING,,,,[],NOT_REVIEWED,NOT_APPLICABLE,[],[],,,,
A000973,L000307,CHAPTERS/_page_272_Figure_5.jpeg,91a712362e525f2a89398dbdf395c57a16f06b7c1bcd86b431570294fd003a79,148216,CHAPTERS/06-Starting-from-Randomness.md,U001378,CHAPTERS/06-Starting-from-Randomness.md,10,LIVE_MARKDOWN_REFERENCE,REFERENCED,PENDING,,,,[],NOT_REVIEWED,NOT_APPLICABLE,[],[],,,,
A000974,L000308,CHAPTERS/_page_272_Figure_6.jpeg,b8d8ccfd8e6ad54fc3c91380bc0e1dab065cf0e5f3602448a6537335cb6951b7,21110,CHAPTERS/06-Starting-from-Randomness.md,U001379,CHAPTERS/06-Starting-from-Randomness.md,10,LIVE_MARKDOWN_REFERENCE,REFERENCED,PENDING,,,,[],NOT_REVIEWED,NOT_APPLICABLE,[],[],,,,
A000975,L000309,CHAPTERS/_page_274_Figure_2.jpeg,6fabf91f4231a97a1f3d57c44cb9ad4c450bdfb823e5566f515f651e7add47a0,485003,CHAPTERS/06-Starting-from-Randomness.md,U001390,CHAPTERS/06-Starting-from-Randomness.md,10,LIVE_MARKDOWN_REFERENCE,REFERENCED,PENDING,,,,[],NOT_REVIEWED,NOT_APPLICABLE,[],[],,,,
A000976,L000310,CHAPTERS/_page_275_Figure_1.jpeg,6001ddbef97c2d83b1a1383f4b28be0a455f6fb005e0983f6d0b2101bdbc45ce,95508,CHAPTERS/06-Starting-from-Randomness.md,U001392,CHAPTERS/06-Starting-from-Randomness.md,10,LIVE_MARKDOWN_REFERENCE,REFERENCED,PENDING,,,,[],NOT_REVIEWED,NOT_APPLICABLE,[],[],,,,
A000977,L000311,CHAPTERS/_page_276_Picture_6.jpeg,05090de412906c8b694be11867e24f53b8f95c5346d14c6734659e25b2749cce,108089,CHAPTERS/06-Starting-from-Randomness.md,U001400,CHAPTERS/06-Starting-from-Randomness.md,10,LIVE_MARKDOWN_REFERENCE,REFERENCED,PENDING,,,,[],NOT_REVIEWED,NOT_APPLICABLE,[],[],,,,
A000978,L000312,CHAPTERS/_page_276_Picture_7.jpeg,bd33f93f72c5ae5d60de121dbedc0810ce1a286ddf072c206919faf74d2c7dbb,83612,CHAPTERS/06-Starting-from-Randomness.md,U001401,CHAPTERS/06-Starting-from-Randomness.md,10,LIVE_MARKDOWN_REFERENCE,REFERENCED,PENDING,,,,[],NOT_REVIEWED,NOT_APPLICABLE,[],[],,,,
A000979,L000313,CHAPTERS/_page_277_Picture_5.jpeg,d62024416ba5800fb51afdd03dcd2f6564ff15cc09f937beda3a61bb624846a4,139108,CHAPTERS/06-Starting-from-Randomness.md,U001406,CHAPTERS/06-Starting-from-Randomness.md,10,LIVE_MARKDOWN_REFERENCE,REFERENCED,PENDING,,,,[],NOT_REVIEWED,NOT_APPLICABLE,[],[],,,,
A000980,L000314,CHAPTERS/_page_278_Figure_2.jpeg,0e73db6ae7b20a1e9236dd0ba359da12d7e349da4960067203bbb5ad4b54cb40,339815,CHAPTERS/06-Starting-from-Randomness.md,U001409,CHAPTERS/06-Starting-from-Randomness.md,10,LIVE_MARKDOWN_REFERENCE,REFERENCED,PENDING,,,,[],NOT_REVIEWED,NOT_APPLICABLE,[],[],,,,
A000981,L000315,CHAPTERS/_page_279_Picture_4.jpeg,1f7e2bc50d5f9133ace38d1b72334757836bdd5293586c436ce9c052bdf15bf7,124610,CHAPTERS/06-Starting-from-Randomness.md,U001413,CHAPTERS/06-Starting-from-Randomness.md,10,LIVE_MARKDOWN_REFERENCE,REFERENCED,PENDING,,,,[],NOT_REVIEWED,NOT_APPLICABLE,[],[],,,,
A000982,L000316,CHAPTERS/_page_280_Figure_5.jpeg,bf92eff5298ebcfa5383dbdb40501d8be29c5726579da1e030d04e9f818fb0b4,373143,CHAPTERS/06-Starting-from-Randomness.md,U001420,CHAPTERS/06-Starting-from-Randomness.md,10,LIVE_MARKDOWN_REFERENCE,REFERENCED,PENDING,,,,[],NOT_REVIEWED,NOT_APPLICABLE,[],[],,,,
A000983,L000317,CHAPTERS/_page_281_Picture_6.jpeg,707d3732669d57d3aa10cd945671485dd53db3b7bb1dd666293e71ba3e53f7be,40810,CHAPTERS/06-Starting-from-Randomness.md,U001427,CHAPTERS/06-Starting-from-Randomness.md,10,LIVE_MARKDOWN_REFERENCE,REFERENCED,PENDING,,,,[],NOT_REVIEWED,NOT_APPLICABLE,[],[],,,,
A000984,L000318,CHAPTERS/_page_281_Picture_7.jpeg,93e9bfbdb7f040a94074e6f459183fc5e971e7dd57892569df4c99687d8299d0,43369,CHAPTERS/06-Starting-from-Randomness.md,U001428,CHAPTERS/06-Starting-from-Randomness.md,10,LIVE_MARKDOWN_REFERENCE,REFERENCED,PENDING,,,,[],NOT_REVIEWED,NOT_APPLICABLE,[],[],,,,
A000985,L000319,CHAPTERS/_page_281_Picture_8.jpeg,32d4b866d2a0cc3dc60a0099a5a0e4bd93a8f7e010f016e97f9e6222ee54295a,43441,CHAPTERS/06-Starting-from-Randomness.md,U001429,CHAPTERS/06-Starting-from-Randomness.md,10,LIVE_MARKDOWN_REFERENCE,REFERENCED,PENDING,,,,[],NOT_REVIEWED,NOT_APPLICABLE,[],[],,,,
A000986,L000320,CHAPTERS/_page_281_Rule_30_Strip.jpeg,1a8e0497be80cb24c7d741bc965c2198b467f32cb514929284732eb7df410e49,16694,CHAPTERS/06-Starting-from-Randomness.md,U001430,CHAPTERS/06-Starting-from-Randomness.md,10,LIVE_MARKDOWN_REFERENCE,REFERENCED,PENDING,,,,[],NOT_REVIEWED,NOT_APPLICABLE,[],[],,,,
A000987,L000321,CHAPTERS/_page_282_Picture_6.jpeg,b3db2bf1ee560ad4070549fe079286d8f25673552cf6278da4804705f5d22947,54715,CHAPTERS/06-Starting-from-Randomness.md,U001437,CHAPTERS/06-Starting-from-Randomness.md,10,LIVE_MARKDOWN_REFERENCE,REFERENCED,PENDING,,,,[],NOT_REVIEWED,NOT_APPLICABLE,[],[],,,,
A000988,L000322,CHAPTERS/_page_282_Picture_7.jpeg,63ad7824038b9f609a3d1c0c14ef3796eba09cb526670dc2c8344d2d3c8bb131,58499,CHAPTERS/06-Starting-from-Randomness.md,U001438,CHAPTERS/06-Starting-from-Randomness.md,10,LIVE_MARKDOWN_REFERENCE,REFERENCED,PENDING,,,,[],NOT_REVIEWED,NOT_APPLICABLE,[],[],,,,
A000989,L000323,CHAPTERS/_page_283_Picture_2.jpeg,587f62f4a1f8ccc21ebb852f653d62ffa0cda56384701591f322a8837c442534,364383,CHAPTERS/06-Starting-from-Randomness.md,U001440,CHAPTERS/06-Starting-from-Randomness.md,10,LIVE_MARKDOWN_REFERENCE,REFERENCED,PENDING,,,,[],NOT_REVIEWED,NOT_APPLICABLE,[],[],,,,
A000990,L000324,CHAPTERS/_page_284_Figure_6.jpeg,ce3297b87df7171f4956d2b41fa6099bc9f8788f2bfaac20a914eb4e87580d19,181216,CHAPTERS/06-Starting-from-Randomness.md,U001446,CHAPTERS/06-Starting-from-Randomness.md,10,LIVE_MARKDOWN_REFERENCE,REFERENCED,PENDING,,,,[],NOT_REVIEWED,NOT_APPLICABLE,[],[],,,,
A000991,L000325,CHAPTERS/_page_284_Rule_126_Rule_90_Map.jpeg,b103530d0fae6c6aa67e61b9072cc2699b1db22924c77a72bd09bdccbf427360,11269,CHAPTERS/06-Starting-from-Randomness.md,U001447,CHAPTERS/06-Starting-from-Randomness.md,10,LIVE_MARKDOWN_REFERENCE,REFERENCED,PENDING,,,,[],NOT_REVIEWED,NOT_APPLICABLE,[],[],,,,
A000992,L000326,CHAPTERS/_page_285_Figure_7.jpeg,94ede6ec7e8800413e61eb47f630e3650f0ec3bd5ffbfc0f55aa566705f688ef,51028,CHAPTERS/06-Starting-from-Randomness.md,U001455,CHAPTERS/06-Starting-from-Randomness.md,10,LIVE_MARKDOWN_REFERENCE,REFERENCED,PENDING,,,,[],NOT_REVIEWED,NOT_APPLICABLE,[],[],,,,
A000993,L000327,CHAPTERS/_page_285_Figure_8.jpeg,93bb1bb2333513649a193069526b592b0fd309037018df8f7a83cc4ae73526e3,31037,CHAPTERS/06-Starting-from-Randomness.md,U001456,CHAPTERS/06-Starting-from-Randomness.md,10,LIVE_MARKDOWN_REFERENCE,REFERENCED,PENDING,,,,[],NOT_REVIEWED,NOT_APPLICABLE,[],[],,,,
A000994,L000328,CHAPTERS/_page_285_Picture_9.jpeg,96c6b731e1563a70a228a01fcb150d181302a22b361401ecc6a7323aae7af36a,3567,CHAPTERS/06-Starting-from-Randomness.md,U001457,CHAPTERS/06-Starting-from-Randomness.md,10,LIVE_MARKDOWN_REFERENCE,REFERENCED,PENDING,,,,[],NOT_REVIEWED,NOT_APPLICABLE,[],[],,,,
A000995,L000334,CHAPTERS/_page_286_Picture_11.jpeg,163f0a9d87529ece7d18e0037e03600680ac949c9ec0d0f591fcd3cb76493e91,4159,CHAPTERS/06-Starting-from-Randomness.md,U001468,CHAPTERS/06-Starting-from-Randomness.md,10,LIVE_MARKDOWN_REFERENCE,REFERENCED,PENDING,,,,[],NOT_REVIEWED,NOT_APPLICABLE,[],[],,,,
A000996,L000329,CHAPTERS/_page_286_Picture_3.jpeg,20bf65dac9732de8e09eeae537bd465371e00b95e060b800da28a220e67d61e0,47948,CHAPTERS/06-Starting-from-Randomness.md,U001460,CHAPTERS/06-Starting-from-Randomness.md,10,LIVE_MARKDOWN_REFERENCE,REFERENCED,PENDING,,,,[],NOT_REVIEWED,NOT_APPLICABLE,[],[],,,,
A000997,L000330,CHAPTERS/_page_286_Picture_4.jpeg,d6ee243655d758938f588e728e52b8db5d5138576edac2006ddc7e96ee3eea37,32857,CHAPTERS/06-Starting-from-Randomness.md,U001461,CHAPTERS/06-Starting-from-Randomness.md,10,LIVE_MARKDOWN_REFERENCE,REFERENCED,PENDING,,,,[],NOT_REVIEWED,NOT_APPLICABLE,[],[],,,,
A000998,L000331,CHAPTERS/_page_286_Picture_5.jpeg,bc5db678719f6b98d51f4b621a8cb99d710b5bb24e8c47a0c90d92809bedab93,3288,CHAPTERS/06-Starting-from-Randomness.md,U001462,CHAPTERS/06-Starting-from-Randomness.md,10,LIVE_MARKDOWN_REFERENCE,REFERENCED,PENDING,,,,[],NOT_REVIEWED,NOT_APPLICABLE,[],[],,,,
A000999,L000332,CHAPTERS/_page_286_Picture_9.jpeg,a66b8790f0b4aa10ec56a609f35c5a2fbb673710f9cd4f3714927c1645ada5a1,136556,CHAPTERS/06-Starting-from-Randomness.md,U001466,CHAPTERS/06-Starting-from-Randomness.md,10,LIVE_MARKDOWN_REFERENCE,REFERENCED,PENDING,,,,[],NOT_REVIEWED,NOT_APPLICABLE,[],[],,,,
A001000,L000333,CHAPTERS/_page_286_Rule_184_Middle.jpeg,3738b7036adfecc29ae01bcc4f9c5472322cc1e486fccc3b8432c9291837b4ef,53532,CHAPTERS/06-Starting-from-Randomness.md,U001467,CHAPTERS/06-Starting-from-Randomness.md,10,LIVE_MARKDOWN_REFERENCE,REFERENCED,PENDING,,,,[],NOT_REVIEWED,NOT_APPLICABLE,[],[],,,,
A001001,L000335,CHAPTERS/_page_287_Picture_3.jpeg,c860a2c434e1f9185639326259169eb2874227e9dc962df94c811749bb392ea7,332635,CHAPTERS/06-Starting-from-Randomness.md,U001472,CHAPTERS/06-Starting-from-Randomness.md,10,LIVE_MARKDOWN_REFERENCE,REFERENCED,PENDING,,,,[],NOT_REVIEWED,NOT_APPLICABLE,[],[],,,,
A001002,L000336,CHAPTERS/_page_287_Rule_184_Strip.jpeg,9b577aeb6e59caa105bf424b03ee89ffabd79c059d8a7614d39dea54ad8396cf,17918,CHAPTERS/06-Starting-from-Randomness.md,U001473,CHAPTERS/06-Starting-from-Randomness.md,10,LIVE_MARKDOWN_REFERENCE,REFERENCED,PENDING,,,,[],NOT_REVIEWED,NOT_APPLICABLE,[],[],,,,
A001003,L000337,CHAPTERS/_page_288_Picture_2.jpeg,c74d1702d7e1aff535dfb2eb63c328c398546f8fea3721d09b90cfbb69a6432c,334569,CHAPTERS/06-Starting-from-Randomness.md,U001476,CHAPTERS/06-Starting-from-Randomness.md,10,LIVE_MARKDOWN_REFERENCE,REFERENCED,PENDING,,,,[],NOT_REVIEWED,NOT_APPLICABLE,[],[],,,,
A001004,L000338,CHAPTERS/_page_289_Picture_2.jpeg,5b4871df9b700af96ee54614cade3ab23d4ca718b2066a49b2cacb9c5570becb,461640,CHAPTERS/06-Starting-from-Randomness.md,U001479,CHAPTERS/06-Starting-from-Randomness.md,10,LIVE_MARKDOWN_REFERENCE,REFERENCED,PENDING,,,,[],NOT_REVIEWED,NOT_APPLICABLE,[],[],,,,
A001005,L000339,CHAPTERS/_page_290_Picture_6.jpeg,a06b44fad2c3bb2fd08ef12014f5a06339240d513c6c524873f1f203dd4a9c04,57800,CHAPTERS/06-Starting-from-Randomness.md,U001485,CHAPTERS/06-Starting-from-Randomness.md,10,LIVE_MARKDOWN_REFERENCE,REFERENCED,PENDING,,,,[],NOT_REVIEWED,NOT_APPLICABLE,[],[],,,,
A001006,L000340,CHAPTERS/_page_291_Figure_3.jpeg,5c6cef8f5507beff72cd0a08cc7cd76a11d46d1a8e70b84cfb2a37479f5b6921,66025,CHAPTERS/06-Starting-from-Randomness.md,U001490,CHAPTERS/06-Starting-from-Randomness.md,10,LIVE_MARKDOWN_REFERENCE,REFERENCED,PENDING,,,,[],NOT_REVIEWED,NOT_APPLICABLE,[],[],,,,
A001007,L000341,CHAPTERS/_page_292_Figure_2.jpeg,d0b3e6c0b8f634418e067dc520e6c584b2655949812716d892be07c2145eaee2,116991,CHAPTERS/06-Starting-from-Randomness.md,U001497,CHAPTERS/06-Starting-from-Randomness.md,10,LIVE_MARKDOWN_REFERENCE,REFERENCED,PENDING,,,,[],NOT_REVIEWED,NOT_APPLICABLE,[],[],,,,
A001008,L000342,CHAPTERS/_page_293_Picture_1.jpeg,ba0e332ce784d420c39645b99cc51208e5a446d394dc38c4cef2c3b411c00f85,203640,CHAPTERS/06-Starting-from-Randomness.md,U001502,CHAPTERS/06-Starting-from-Randomness.md,10,LIVE_MARKDOWN_REFERENCE,REFERENCED,PENDING,,,,[],NOT_REVIEWED,NOT_APPLICABLE,[],[],,,,
A001009,L000343,CHAPTERS/_page_294_Figure_2.jpeg,162321568d1eb5f7bc3295ddd44ebecda2dfc9d73145bafd6f265629b605eb5a,183713,CHAPTERS/06-Starting-from-Randomness.md,U001505,CHAPTERS/06-Starting-from-Randomness.md,10,LIVE_MARKDOWN_REFERENCE,REFERENCED,PENDING,,,,[],NOT_REVIEWED,NOT_APPLICABLE,[],[],,,,
A001010,L000344,CHAPTERS/_page_295_Picture_2.jpeg,381d3a6c7a9ae1bf73bcfcc80b67606b7788cdfa593beea9f7439e3139818596,83414,CHAPTERS/06-Starting-from-Randomness.md,U001511,CHAPTERS/06-Starting-from-Randomness.md,10,LIVE_MARKDOWN_REFERENCE,REFERENCED,PENDING,,,,[],NOT_REVIEWED,NOT_APPLICABLE,[],[],,,,
A001011,L000345,CHAPTERS/_page_295_Picture_5.jpeg,4b640951cbe16bacabff40ed523f2d7c5da7b6a2da3951ae5368c4601127057a,128493,CHAPTERS/06-Starting-from-Randomness.md,U001514,CHAPTERS/06-Starting-from-Randomness.md,10,LIVE_MARKDOWN_REFERENCE,REFERENCED,PENDING,,,,[],NOT_REVIEWED,NOT_APPLICABLE,[],[],,,,
A001012,L000346,CHAPTERS/_page_297_Picture_2.jpeg,953c15d2e64464aceadb6181639cf36973db9513d6e0b7fc3fb43564efc65be8,50047,CHAPTERS/06-Starting-from-Randomness.md,U001525,CHAPTERS/06-Starting-from-Randomness.md,10,LIVE_MARKDOWN_REFERENCE,REFERENCED,PENDING,,,,[],NOT_REVIEWED,NOT_APPLICABLE,[],[],,,,
A001013,L000347,CHAPTERS/_page_297_Picture_4.jpeg,26b299987a91daf8d15fc226c845c7efa7d55b9aa4221a4e6d41646b8c384204,117894,CHAPTERS/06-Starting-from-Randomness.md,U001527,CHAPTERS/06-Starting-from-Randomness.md,10,LIVE_MARKDOWN_REFERENCE,REFERENCED,PENDING,,,,[],NOT_REVIEWED,NOT_APPLICABLE,[],[],,,,
A001014,L000348,CHAPTERS/_page_297_Picture_6.jpeg,b94ac983e3496b023a1a991b15a701de9a1c4c5cba75a84b16254c497a1c76f1,156786,CHAPTERS/06-Starting-from-Randomness.md,U001529,CHAPTERS/06-Starting-from-Randomness.md,10,LIVE_MARKDOWN_REFERENCE,REFERENCED,PENDING,,,,[],NOT_REVIEWED,NOT_APPLICABLE,[],[],,,,
A001015,L000349,CHAPTERS/_page_298_Figure_2.jpeg,7cacf2667a3f923d35106ec7eff09b9ce551d79dd828f8661458dd121bda09df,209088,CHAPTERS/06-Starting-from-Randomness.md,U001532,CHAPTERS/06-Starting-from-Randomness.md,10,LIVE_MARKDOWN_REFERENCE,REFERENCED,PENDING,,,,[],NOT_REVIEWED,NOT_APPLICABLE,[],[],,,,
A001016,L000350,CHAPTERS/_page_299_Picture_3.jpeg,32d4ed4b16a083fb731c37cc80c64efb9995756808c316a0ced0dea0e9bd5475,127700,CHAPTERS/06-Starting-from-Randomness.md,U001535,CHAPTERS/06-Starting-from-Randomness.md,10,LIVE_MARKDOWN_REFERENCE,REFERENCED,PENDING,,,,[],NOT_REVIEWED,NOT_APPLICABLE,[],[],,,,
A001017,L000351,CHAPTERS/_page_300_Figure_1.jpeg,ee5ea91d3855bf31bd793f02677c0c19d9203ac20532b3b7bb07df838065294c,286267,CHAPTERS/06-Starting-from-Randomness.md,U001539,CHAPTERS/06-Starting-from-Randomness.md,10,LIVE_MARKDOWN_REFERENCE,REFERENCED,PENDING,,,,[],NOT_REVIEWED,NOT_APPLICABLE,[],[],,,,
A001018,L000352,CHAPTERS/_page_301_Picture_2.jpeg,3e9aec2832697e07ea20391c1454e022bc8578fcfb4c126bbb53e6fdfe3f6eb3,134324,CHAPTERS/06-Starting-from-Randomness.md,U001543,CHAPTERS/06-Starting-from-Randomness.md,10,LIVE_MARKDOWN_REFERENCE,REFERENCED,PENDING,,,,[],NOT_REVIEWED,NOT_APPLICABLE,[],[],,,,
A001019,L000353,CHAPTERS/_page_302_Picture_3.jpeg,4ec6db32d4f0b659a8519110b7885e05487e68d0348b390323daa55e7b322fd1,123792,CHAPTERS/06-Starting-from-Randomness.md,U001549,CHAPTERS/06-Starting-from-Randomness.md,10,LIVE_MARKDOWN_REFERENCE,REFERENCED,PENDING,,,,[],NOT_REVIEWED,NOT_APPLICABLE,[],[],,,,
A001020,L000354,CHAPTERS/_page_303_Picture_2.jpeg,b01c795895a35750b33973f7a8014dc31aa01f594de8f0e7a66e5da3ac95ec55,952578,CHAPTERS/06-Starting-from-Randomness.md,U001552,CHAPTERS/06-Starting-from-Randomness.md,10,LIVE_MARKDOWN_REFERENCE,REFERENCED,PENDING,,,,[],NOT_REVIEWED,NOT_APPLICABLE,[],[],,,,
A001021,L000355,CHAPTERS/_page_304_Picture_2.jpeg,21cc5432bcfcc379619d43c076f3102a3e12d64cd724d9fe5709055b72874ecf,179601,CHAPTERS/06-Starting-from-Randomness.md,U001555,CHAPTERS/06-Starting-from-Randomness.md,10,LIVE_MARKDOWN_REFERENCE,REFERENCED,PENDING,,,,[],NOT_REVIEWED,NOT_APPLICABLE,[],[],,,,
A001022,L000356,CHAPTERS/_page_305_Picture_2.jpeg,7e75ba3d0cb57a0b35d5a7b29e803386617e1ede22eefae19ce6e21fc465a9c9,642889,CHAPTERS/06-Starting-from-Randomness.md,U001557,CHAPTERS/06-Starting-from-Randomness.md,10,LIVE_MARKDOWN_REFERENCE,REFERENCED,PENDING,,,,[],NOT_REVIEWED,NOT_APPLICABLE,[],[],,,,
A001023,L000357,CHAPTERS/_page_307_Figure_1.jpeg,03adc22ac26eb2b9a2f98abdce56362c8f7c58dc9352f1c17001aae6d58aefb4,615972,CHAPTERS/06-Starting-from-Randomness.md,U001567,CHAPTERS/06-Starting-from-Randomness.md,10,LIVE_MARKDOWN_REFERENCE,REFERENCED,PENDING,,,,[],NOT_REVIEWED,NOT_APPLICABLE,[],[],,,,
A001024,L000358,CHAPTERS/_page_308_Picture_2.jpeg,3b6d72e1330fee4265fa916149bb841a7ce488d62efda615b129ef23fc53a6f7,629465,CHAPTERS/06-Starting-from-Randomness.md,U001569,CHAPTERS/06-Starting-from-Randomness.md,10,LIVE_MARKDOWN_REFERENCE,REFERENCED,PENDING,,,,[],NOT_REVIEWED,NOT_APPLICABLE,[],[],,,,
A001025,L000359,CHAPTERS/_page_309_Figure_1.jpeg,0ac498fd9a1ecf007f45d45395b580dbd25a3fa7d63eb7cc41b00c829d3fffd6,666143,CHAPTERS/06-Starting-from-Randomness.md,U001571,CHAPTERS/06-Starting-from-Randomness.md,10,LIVE_MARKDOWN_REFERENCE,REFERENCED,PENDING,,,,[],NOT_REVIEWED,NOT_APPLICABLE,[],[],,,,
A001026,L000360,CHAPTERS/_page_310_Picture_1.jpeg,a11ec3ea8e23800557addceef40d60c235dc531e1524202f4d9179f268c42a95,677978,CHAPTERS/06-Starting-from-Randomness.md,U001573,CHAPTERS/06-Starting-from-Randomness.md,10,LIVE_MARKDOWN_REFERENCE,REFERENCED,PENDING,,,,[],NOT_REVIEWED,NOT_APPLICABLE,[],[],,,,
A001027,L000361,CHAPTERS/_page_311_Picture_1.jpeg,5eed2d94a5483b6a1a89df5e71d871d49e870d78be111e3498a38828bdbb66da,657848,CHAPTERS/06-Starting-from-Randomness.md,U001575,CHAPTERS/06-Starting-from-Randomness.md,10,LIVE_MARKDOWN_REFERENCE,REFERENCED,PENDING,,,,[],NOT_REVIEWED,NOT_APPLICABLE,[],[],,,,
A001028,L000362,CHAPTERS/_page_312_Picture_0.jpeg,fe6453326215619ca8bd9aaee1f00e1ec6951af665db126b38cfab7c61c2d135,10394,CHAPTERS/07-Mechanisms-in-Programs-and-Nature.md,U001577,CHAPTERS/07-Mechanisms-in-Programs-and-Nature.md,11,LIVE_MARKDOWN_REFERENCE,REFERENCED,PENDING,,,,[],NOT_REVIEWED,NOT_APPLICABLE,[],[],,,,
A001029,L000363,CHAPTERS/_page_314_Figure_3.jpeg,115a240b2482a84a52f99a7dd4c656ddf1a40be5fa7c2515ac9d292269b3b12c,36915,CHAPTERS/07-Mechanisms-in-Programs-and-Nature.md,U001596,CHAPTERS/07-Mechanisms-in-Programs-and-Nature.md,11,LIVE_MARKDOWN_REFERENCE,REFERENCED,PENDING,,,,[],NOT_REVIEWED,NOT_APPLICABLE,[],[],,,,
A001030,L000364,CHAPTERS/_page_314_Figure_4.jpeg,1ad408f9f4a7c5daeb96496c2712bbe193281d6abd7e6f72846de99c9699e730,25306,CHAPTERS/07-Mechanisms-in-Programs-and-Nature.md,U001597,CHAPTERS/07-Mechanisms-in-Programs-and-Nature.md,11,LIVE_MARKDOWN_REFERENCE,REFERENCED,PENDING,,,,[],NOT_REVIEWED,NOT_APPLICABLE,[],[],,,,
A001031,L000365,CHAPTERS/_page_314_Figure_5.jpeg,175285dcaa8029481553f5de094b9026af6b557c42829bfcf2eddcfea3e9213f,25310,CHAPTERS/07-Mechanisms-in-Programs-and-Nature.md,U001598,CHAPTERS/07-Mechanisms-in-Programs-and-Nature.md,11,LIVE_MARKDOWN_REFERENCE,REFERENCED,PENDING,,,,[],NOT_REVIEWED,NOT_APPLICABLE,[],[],,,,
A001032,L000366,CHAPTERS/_page_320_Picture_7.jpeg,7d13bed1a418d3a655dc4c44c97d5301f8a43237f3e2b3eef00b4b89776a29eb,44448,CHAPTERS/07-Mechanisms-in-Programs-and-Nature.md,U001642,CHAPTERS/07-Mechanisms-in-Programs-and-Nature.md,11,LIVE_MARKDOWN_REFERENCE,REFERENCED,PENDING,,,,[],NOT_REVIEWED,NOT_APPLICABLE,[],[],,,,
A001033,L000367,CHAPTERS/_page_320_Picture_8.jpeg,c02d5b538363fe3297e265fe52a47774b0cc47e7bce011bbd1f44109fe209bad,9057,CHAPTERS/07-Mechanisms-in-Programs-and-Nature.md,U001643,CHAPTERS/07-Mechanisms-in-Programs-and-Nature.md,11,LIVE_MARKDOWN_REFERENCE,REFERENCED,PENDING,,,,[],NOT_REVIEWED,NOT_APPLICABLE,[],[],,,,
A001034,L000368,CHAPTERS/_page_322_Picture_2.jpeg,cf01ec33d21d2427cb192259ac614cabe4e61adbf04a0bc533257faada0b0bc6,61515,CHAPTERS/07-Mechanisms-in-Programs-and-Nature.md,U001652,CHAPTERS/07-Mechanisms-in-Programs-and-Nature.md,11,LIVE_MARKDOWN_REFERENCE,REFERENCED,PENDING,,,,[],NOT_REVIEWED,NOT_APPLICABLE,[],[],,,,
A001035,L000369,CHAPTERS/_page_322_Picture_4.jpeg,7da37d5c0c7a381f3927dd5d4132b3dd762e01fa0f40571c27573d5da47d2b5f,91343,CHAPTERS/07-Mechanisms-in-Programs-and-Nature.md,U001654,CHAPTERS/07-Mechanisms-in-Programs-and-Nature.md,11,LIVE_MARKDOWN_REFERENCE,REFERENCED,PENDING,,,,[],NOT_REVIEWED,NOT_APPLICABLE,[],[],,,,
A001036,L000370,CHAPTERS/_page_323_Figure_4.jpeg,fb266b80c3e47297e443dd651d966527675cb4c199ac7dc4d53fdae6e4fbe2a3,105688,CHAPTERS/07-Mechanisms-in-Programs-and-Nature.md,U001659,CHAPTERS/07-Mechanisms-in-Programs-and-Nature.md,11,LIVE_MARKDOWN_REFERENCE,REFERENCED,PENDING,,,,[],NOT_REVIEWED,NOT_APPLICABLE,[],[],,,,
A001037,L000371,CHAPTERS/_page_326_Picture_2.jpeg,ed137122a85fe2b431a4e92e04e62b0896346565354f86c31cd9a7c8b9fa64b9,61366,CHAPTERS/07-Mechanisms-in-Programs-and-Nature.md,U001676,CHAPTERS/07-Mechanisms-in-Programs-and-Nature.md,11,LIVE_MARKDOWN_REFERENCE,REFERENCED,PENDING,,,,[],NOT_REVIEWED,NOT_APPLICABLE,[],[],,,,
A001038,L000372,CHAPTERS/_page_326_Picture_3.jpeg,edf8a036765152b100937b81d6e6229a11868a5a04c7cba37b87a20436c672ab,96212,CHAPTERS/07-Mechanisms-in-Programs-and-Nature.md,U001677,CHAPTERS/07-Mechanisms-in-Programs-and-Nature.md,11,LIVE_MARKDOWN_REFERENCE,REFERENCED,PENDING,,,,[],NOT_REVIEWED,NOT_APPLICABLE,[],[],,,,
A001039,L000373,CHAPTERS/_page_327_Picture_6.jpeg,664040e7606bf46b5dbace8e4f5d345c9906468fb812631b5dfedef8d16058bc,99734,CHAPTERS/07-Mechanisms-in-Programs-and-Nature.md,U001682,CHAPTERS/07-Mechanisms-in-Programs-and-Nature.md,11,LIVE_MARKDOWN_REFERENCE,REFERENCED,PENDING,,,,[],NOT_REVIEWED,NOT_APPLICABLE,[],[],,,,
A001040,L000374,CHAPTERS/_page_329_Figure_1.jpeg,34ebefa9fcd443d68d46cfd5406b1b0dca6b265bf654d448c55432344a6ddef6,107451,CHAPTERS/07-Mechanisms-in-Programs-and-Nature.md,U001690,CHAPTERS/07-Mechanisms-in-Programs-and-Nature.md,11,LIVE_MARKDOWN_REFERENCE,REFERENCED,PENDING,,,,[],NOT_REVIEWED,NOT_APPLICABLE,[],[],,,,
A001041,L000003,CHAPTERS/_page_32_Picture_8.jpeg,160d35333db7c438657c873c186d842fbac3bcf40587b2265cc9ba93f9b48e8e,14969,CHAPTERS/01-The-Foundations-for-a-New-Kind-of-Science.md,U000137,CHAPTERS/01-The-Foundations-for-a-New-Kind-of-Science.md,5,LIVE_MARKDOWN_REFERENCE,REFERENCED,PENDING,,,,[],NOT_REVIEWED,NOT_APPLICABLE,[],[],,,,
A001042,L000375,CHAPTERS/_page_330_Picture_5.jpeg,19873e847e9c3a995c75389e26943cfcef54bf612bd4063b8944842545563b70,74286,CHAPTERS/07-Mechanisms-in-Programs-and-Nature.md,U001697,CHAPTERS/07-Mechanisms-in-Programs-and-Nature.md,11,LIVE_MARKDOWN_REFERENCE,REFERENCED,PENDING,,,,[],NOT_REVIEWED,NOT_APPLICABLE,[],[],,,,
A001043,L000376,CHAPTERS/_page_334_Picture_2.jpeg,178f9ac921ed2d22a0a16cc2b452499b6f3ce2a6c10d66cab268fcb32713155e,257634,CHAPTERS/07-Mechanisms-in-Programs-and-Nature.md,U001722,CHAPTERS/07-Mechanisms-in-Programs-and-Nature.md,11,LIVE_MARKDOWN_REFERENCE,REFERENCED,PENDING,,,,[],NOT_REVIEWED,NOT_APPLICABLE,[],[],,,,
A001044,L000377,CHAPTERS/_page_335_Figure_1.jpeg,e96801f8d1a344a3f3867d0b01e18821c45bc4ca13e0190d8cb371c841d0a2bc,198362,CHAPTERS/07-Mechanisms-in-Programs-and-Nature.md,U001726,CHAPTERS/07-Mechanisms-in-Programs-and-Nature.md,11,LIVE_MARKDOWN_REFERENCE,REFERENCED,PENDING,,,,[],NOT_REVIEWED,NOT_APPLICABLE,[],[],,,,
A001045,L000378,CHAPTERS/_page_339_Figure_1.jpeg,8f3f13473abc794bc49321891b3c2ed636a9277c3faff84826772b74cd0e7ba9,108161,CHAPTERS/07-Mechanisms-in-Programs-and-Nature.md,U001748,CHAPTERS/07-Mechanisms-in-Programs-and-Nature.md,11,LIVE_MARKDOWN_REFERENCE,REFERENCED,PENDING,,,,[],NOT_REVIEWED,NOT_APPLICABLE,[],[],,,,
A001046,L000379,CHAPTERS/_page_340_Figure_2.jpeg,b9e4ce7d19b3e1697c3b6597c7eb6bc87a51c289e77407b615d05cdae095d429,173739,CHAPTERS/07-Mechanisms-in-Programs-and-Nature.md,U001755,CHAPTERS/07-Mechanisms-in-Programs-and-Nature.md,11,LIVE_MARKDOWN_REFERENCE,REFERENCED,PENDING,,,,[],NOT_REVIEWED,NOT_APPLICABLE,[],[],,,,
A001047,L000380,CHAPTERS/_page_340_Figure_4.jpeg,30e81284df91ba52a7d0a401b868fa9a10a0f73ae5ed8d884a48bca8561a16d5,4761,CHAPTERS/07-Mechanisms-in-Programs-and-Nature.md,U001756,CHAPTERS/07-Mechanisms-in-Programs-and-Nature.md,11,LIVE_MARKDOWN_REFERENCE,REFERENCED,PENDING,,,,[],NOT_REVIEWED,NOT_APPLICABLE,[],[],,,,
A001048,L000381,CHAPTERS/_page_343_Figure_2.jpeg,40b37c3d817f633823865ed7edc8befddf1ac68b4bbeccc1bfc2fa270833905d,310218,CHAPTERS/07-Mechanisms-in-Programs-and-Nature.md,U001775,CHAPTERS/07-Mechanisms-in-Programs-and-Nature.md,11,LIVE_MARKDOWN_REFERENCE,REFERENCED,PENDING,,,,[],NOT_REVIEWED,NOT_APPLICABLE,[],[],,,,
A001049,L000382,CHAPTERS/_page_344_Figure_2.jpeg,bf499cab2be0872e1fd5efc21a080be54e81c6db3810b52a3d469c70561e209a,198648,CHAPTERS/07-Mechanisms-in-Programs-and-Nature.md,U001778,CHAPTERS/07-Mechanisms-in-Programs-and-Nature.md,11,LIVE_MARKDOWN_REFERENCE,REFERENCED,PENDING,,,,[],NOT_REVIEWED,NOT_APPLICABLE,[],[],,,,
A001050,L000383,CHAPTERS/_page_345_Figure_2.jpeg,2d15e58173ccf64b94f553ee102f326a13b47181f29c33e01828a82c1e3b9d92,251092,CHAPTERS/07-Mechanisms-in-Programs-and-Nature.md,U001783,CHAPTERS/07-Mechanisms-in-Programs-and-Nature.md,11,LIVE_MARKDOWN_REFERENCE,REFERENCED,PENDING,,,,[],NOT_REVIEWED,NOT_APPLICABLE,[],[],,,,
A001051,L000384,CHAPTERS/_page_346_Picture_3.jpeg,145c22860c8748b03906c65e83a9f109d2902c94ecc44e231f221fd044a2b1a7,141644,CHAPTERS/07-Mechanisms-in-Programs-and-Nature.md,U001786,CHAPTERS/07-Mechanisms-in-Programs-and-Nature.md,11,LIVE_MARKDOWN_REFERENCE,REFERENCED,PENDING,,,,[],NOT_REVIEWED,NOT_APPLICABLE,[],[],,,,
A001052,L000387,CHAPTERS/_page_347_Figure_8.jpeg,bb5b9ec85c595f56774b60c050068fbbfec8bf73f0ac617c07920f6c952b2edf,33300,CHAPTERS/07-Mechanisms-in-Programs-and-Nature.md,U001793,CHAPTERS/07-Mechanisms-in-Programs-and-Nature.md,11,LIVE_MARKDOWN_REFERENCE,REFERENCED,PENDING,,,,[],NOT_REVIEWED,NOT_APPLICABLE,[],[],,,,
A001053,L000388,CHAPTERS/_page_347_Figure_9.jpeg,260db9f817a4566a5ff23cf417106bc488ebc5ec7235f90dbba31f9d290c20a3,22112,CHAPTERS/07-Mechanisms-in-Programs-and-Nature.md,U001794,CHAPTERS/07-Mechanisms-in-Programs-and-Nature.md,11,LIVE_MARKDOWN_REFERENCE,REFERENCED,PENDING,,,,[],NOT_REVIEWED,NOT_APPLICABLE,[],[],,,,
A001054,L000385,CHAPTERS/_page_347_Picture_5.jpeg,e560afd23dd732be96b0397f36171fc0597052db9df05c6ebdb07bece2f8d0a0,81129,CHAPTERS/07-Mechanisms-in-Programs-and-Nature.md,U001791,CHAPTERS/07-Mechanisms-in-Programs-and-Nature.md,11,LIVE_MARKDOWN_REFERENCE,REFERENCED,PENDING,,,,[],NOT_REVIEWED,NOT_APPLICABLE,[],[],,,,
A001055,L000386,CHAPTERS/_page_347_Picture_7.jpeg,39c1b92dd5ec744a81d3fc5eef2e4cd459eae2e788e61d2522f854f8f437d3f9,72562,CHAPTERS/07-Mechanisms-in-Programs-and-Nature.md,U001792,CHAPTERS/07-Mechanisms-in-Programs-and-Nature.md,11,LIVE_MARKDOWN_REFERENCE,REFERENCED,PENDING,,,,[],NOT_REVIEWED,NOT_APPLICABLE,[],[],,,,
A001056,L000389,CHAPTERS/_page_349_Figure_1.jpeg,318e1b2d307bb11fe72981139b9e27bc9ce2123c95cd79b259cb8f75bebe6f2b,303889,CHAPTERS/07-Mechanisms-in-Programs-and-Nature.md,U001802,CHAPTERS/07-Mechanisms-in-Programs-and-Nature.md,11,LIVE_MARKDOWN_REFERENCE,REFERENCED,PENDING,,,,[],NOT_REVIEWED,NOT_APPLICABLE,[],[],,,,
A001057,L000004,CHAPTERS/_page_34_Figure_9.jpeg,35e7b336807366e5e5bd02cbb6644340b8db76232ebae226e5c427c9419fecc1,30806,CHAPTERS/01-The-Foundations-for-a-New-Kind-of-Science.md,U000151,CHAPTERS/01-The-Foundations-for-a-New-Kind-of-Science.md,5,LIVE_MARKDOWN_REFERENCE,REFERENCED,PENDING,,,,[],NOT_REVIEWED,NOT_APPLICABLE,[],[],,,,
A001058,L000390,CHAPTERS/_page_350_Picture_4.jpeg,83000d21d7b66a38db4198b1340b5106c403df7f60e8d626b3bd00a68becdfa3,85362,CHAPTERS/07-Mechanisms-in-Programs-and-Nature.md,U001806,CHAPTERS/07-Mechanisms-in-Programs-and-Nature.md,11,LIVE_MARKDOWN_REFERENCE,REFERENCED,PENDING,,,,[],NOT_REVIEWED,NOT_APPLICABLE,[],[],,,,
A001059,L000391,CHAPTERS/_page_351_Figure_2.jpeg,f680b7be36592fbb7be42bddf13a7ca5bd7ba682369808e216d54de159f242bc,268142,CHAPTERS/07-Mechanisms-in-Programs-and-Nature.md,U001808,CHAPTERS/07-Mechanisms-in-Programs-and-Nature.md,11,LIVE_MARKDOWN_REFERENCE,REFERENCED,PENDING,,,,[],NOT_REVIEWED,NOT_APPLICABLE,[],[],,,,
A001060,L000392,CHAPTERS/_page_353_Picture_1.jpeg,c9d93faf71029c9383d6ec708b2053d5a9d68fafb906f6432ee40254e44b4442,227936,CHAPTERS/07-Mechanisms-in-Programs-and-Nature.md,U001819,CHAPTERS/07-Mechanisms-in-Programs-and-Nature.md,11,LIVE_MARKDOWN_REFERENCE,REFERENCED,PENDING,,,,[],NOT_REVIEWED,NOT_APPLICABLE,[],[],,,,
A001061,L000393,CHAPTERS/_page_354_Picture_2.jpeg,81ebd51ac98816c63105d46e9cf279dd4450ace2dc1acd9261d87a0a20510695,81505,CHAPTERS/07-Mechanisms-in-Programs-and-Nature.md,U001824,CHAPTERS/07-Mechanisms-in-Programs-and-Nature.md,11,LIVE_MARKDOWN_REFERENCE,REFERENCED,PENDING,,,,[],NOT_REVIEWED,NOT_APPLICABLE,[],[],,,,
A001062,L000394,CHAPTERS/_page_355_Figure_1.jpeg,978ea2b646179f403328044f369d041e9176b325ec303bf8a764ac266ccec216,265941,CHAPTERS/07-Mechanisms-in-Programs-and-Nature.md,U001827,CHAPTERS/07-Mechanisms-in-Programs-and-Nature.md,11,LIVE_MARKDOWN_REFERENCE,REFERENCED,PENDING,,,,[],NOT_REVIEWED,NOT_APPLICABLE,[],[],,,,
A001063,L000395,CHAPTERS/_page_356_Figure_5.jpeg,5ac95943fb1c7d58d4f6fad20cee589b1130cc62724e50e4ce2cd7d8dc8e7dd4,4586,CHAPTERS/07-Mechanisms-in-Programs-and-Nature.md,U001832,CHAPTERS/07-Mechanisms-in-Programs-and-Nature.md,11,LIVE_MARKDOWN_REFERENCE,REFERENCED,PENDING,,,,[],NOT_REVIEWED,NOT_APPLICABLE,[],[],,,,
A001064,L000396,CHAPTERS/_page_356_Figure_6.jpeg,1b9547a9e0b7ad96ca15f32566b0220509bdd7749028c92e8bbbbd7f141c8d13,4836,CHAPTERS/07-Mechanisms-in-Programs-and-Nature.md,U001833,CHAPTERS/07-Mechanisms-in-Programs-and-Nature.md,11,LIVE_MARKDOWN_REFERENCE,REFERENCED,PENDING,,,,[],NOT_REVIEWED,NOT_APPLICABLE,[],[],,,,
A001065,L000397,CHAPTERS/_page_356_Figure_7.jpeg,1a1e40b27d0f884959340b2550de385b1db7814d55f6de401955b1370b8b7fb7,4870,CHAPTERS/07-Mechanisms-in-Programs-and-Nature.md,U001834,CHAPTERS/07-Mechanisms-in-Programs-and-Nature.md,11,LIVE_MARKDOWN_REFERENCE,REFERENCED,PENDING,,,,[],NOT_REVIEWED,NOT_APPLICABLE,[],[],,,,
A001066,L000398,CHAPTERS/_page_356_Figure_8.jpeg,28d53110ad80e44cbe3d8f3d98a76f568cab1de4e549b11d7c2ed582a38c6559,4632,CHAPTERS/07-Mechanisms-in-Programs-and-Nature.md,U001835,CHAPTERS/07-Mechanisms-in-Programs-and-Nature.md,11,LIVE_MARKDOWN_REFERENCE,REFERENCED,PENDING,,,,[],NOT_REVIEWED,NOT_APPLICABLE,[],[],,,,
A001067,L000399,CHAPTERS/_page_358_Figure_4.jpeg,916d7338bc30d0715f28bdc702eb8b892ac1a5af8a70ebc14ed75386596b243f,10310,CHAPTERS/07-Mechanisms-in-Programs-and-Nature.md,U001848,CHAPTERS/07-Mechanisms-in-Programs-and-Nature.md,11,LIVE_MARKDOWN_REFERENCE,REFERENCED,PENDING,,,,[],NOT_REVIEWED,NOT_APPLICABLE,[],[],,,,
A001068,L000400,CHAPTERS/_page_358_Figure_5.jpeg,e14364085b16bdd661b0669c078ad073270c194d010cbbde7d6e15dfd0283046,10632,CHAPTERS/07-Mechanisms-in-Programs-and-Nature.md,U001849,CHAPTERS/07-Mechanisms-in-Programs-and-Nature.md,11,LIVE_MARKDOWN_REFERENCE,REFERENCED,PENDING,,,,[],NOT_REVIEWED,NOT_APPLICABLE,[],[],,,,
A001069,L000401,CHAPTERS/_page_359_Figure_5.jpeg,ad1a1ad5693087a5793271a4d0beb7e14d851d1983f38858417cd7590a26753b,49791,CHAPTERS/07-Mechanisms-in-Programs-and-Nature.md,U001857,CHAPTERS/07-Mechanisms-in-Programs-and-Nature.md,11,LIVE_MARKDOWN_REFERENCE,REFERENCED,PENDING,,,,[],NOT_REVIEWED,NOT_APPLICABLE,[],[],,,,
A001070,L000402,CHAPTERS/_page_360_Figure_2.jpeg,5a833dc9f810ff7781cd1a76b01d3114572368fe97284d79c90a058945d11b2d,201913,CHAPTERS/07-Mechanisms-in-Programs-and-Nature.md,U001859,CHAPTERS/07-Mechanisms-in-Programs-and-Nature.md,11,LIVE_MARKDOWN_REFERENCE,REFERENCED,PENDING,,,,[],NOT_REVIEWED,NOT_APPLICABLE,[],[],,,,
A001071,L000404,CHAPTERS/_page_361_Figure_7.jpeg,0202c6b41b0c506de64b3f9c71c7177114d8fc681ff56720a37fc443663f9efa,5370,CHAPTERS/07-Mechanisms-in-Programs-and-Nature.md,U001867,CHAPTERS/07-Mechanisms-in-Programs-and-Nature.md,11,LIVE_MARKDOWN_REFERENCE,REFERENCED,PENDING,,,,[],NOT_REVIEWED,NOT_APPLICABLE,[],[],,,,
A001072,L000405,CHAPTERS/_page_361_Figure_8.jpeg,e329e90008163ba261920c5ee4f486e6647b661d12b8a2cd4bc980f337d84587,6202,CHAPTERS/07-Mechanisms-in-Programs-and-Nature.md,U001868,CHAPTERS/07-Mechanisms-in-Programs-and-Nature.md,11,LIVE_MARKDOWN_REFERENCE,REFERENCED,PENDING,,,,[],NOT_REVIEWED,NOT_APPLICABLE,[],[],,,,
A001073,L000406,CHAPTERS/_page_361_Figure_9.jpeg,fe01dc70f470ff7724d641f2dc7faaca8fe95c0a3153952196d94d944fca9303,5736,CHAPTERS/07-Mechanisms-in-Programs-and-Nature.md,U001869,CHAPTERS/07-Mechanisms-in-Programs-and-Nature.md,11,LIVE_MARKDOWN_REFERENCE,REFERENCED,PENDING,,,,[],NOT_REVIEWED,NOT_APPLICABLE,[],[],,,,
A001074,L000403,CHAPTERS/_page_361_Picture_2.jpeg,4ee0031733c3b9a5a4cadf3ca3aabeba99347386157c32dad8a374d307ca4bc5,68246,CHAPTERS/07-Mechanisms-in-Programs-and-Nature.md,U001863,CHAPTERS/07-Mechanisms-in-Programs-and-Nature.md,11,LIVE_MARKDOWN_REFERENCE,REFERENCED,PENDING,,,,[],NOT_REVIEWED,NOT_APPLICABLE,[],[],,,,
A001075,L000407,CHAPTERS/_page_362_Picture_7.jpeg,c227e0328d77f8e1e0dee9981f4a852215ec0348f7fa2dd042acac13c9a1ab09,87533,CHAPTERS/07-Mechanisms-in-Programs-and-Nature.md,U001875,CHAPTERS/07-Mechanisms-in-Programs-and-Nature.md,11,LIVE_MARKDOWN_REFERENCE,REFERENCED,PENDING,,,,[],NOT_REVIEWED,NOT_APPLICABLE,[],[],,,,
A001076,L000408,CHAPTERS/_page_363_Picture_7.jpeg,ca511874fffcd5276cca44c7856bdedcf7f56426d2d52664b4faa63ba3244dc1,34850,CHAPTERS/07-Mechanisms-in-Programs-and-Nature.md,U001883,CHAPTERS/07-Mechanisms-in-Programs-and-Nature.md,11,LIVE_MARKDOWN_REFERENCE,REFERENCED,PENDING,,,,[],NOT_REVIEWED,NOT_APPLICABLE,[],[],,,,
A001077,L000409,CHAPTERS/_page_363_Picture_9.jpeg,afc8bbe14ebcf42402b29f865898fc1937d3768e55161540e5cccf2dec582855,50659,CHAPTERS/07-Mechanisms-in-Programs-and-Nature.md,U001884,CHAPTERS/07-Mechanisms-in-Programs-and-Nature.md,11,LIVE_MARKDOWN_REFERENCE,REFERENCED,PENDING,,,,[],NOT_REVIEWED,NOT_APPLICABLE,[],[],,,,
A001078,L000410,CHAPTERS/_page_364_Figure_2.jpeg,81bf29a27913353b89e4e32d4b9ccf8a8af86c863077527b912a773c58c968d2,116597,CHAPTERS/07-Mechanisms-in-Programs-and-Nature.md,U001886,CHAPTERS/07-Mechanisms-in-Programs-and-Nature.md,11,LIVE_MARKDOWN_REFERENCE,REFERENCED,PENDING,,,,[],NOT_REVIEWED,NOT_APPLICABLE,[],[],,,,
A001079,L000412,CHAPTERS/_page_364_Picture_11.jpeg,9429d9efe8b65180ccee066abb0340a57715fe354ac2888f1ab4540215f0095c,10830,CHAPTERS/07-Mechanisms-in-Programs-and-Nature.md,U001893,CHAPTERS/07-Mechanisms-in-Programs-and-Nature.md,11,LIVE_MARKDOWN_REFERENCE,REFERENCED,PENDING,,,,[],NOT_REVIEWED,NOT_APPLICABLE,[],[],,,,
A001080,L000411,CHAPTERS/_page_364_Picture_9.jpeg,f146bbf86441a89f2f261bc59741d9ffe7a60bbee28190ecc9fcb6559ed00937,15769,CHAPTERS/07-Mechanisms-in-Programs-and-Nature.md,U001891,CHAPTERS/07-Mechanisms-in-Programs-and-Nature.md,11,LIVE_MARKDOWN_REFERENCE,REFERENCED,PENDING,,,,[],NOT_REVIEWED,NOT_APPLICABLE,[],[],,,,
A001081,L000413,CHAPTERS/_page_365_Figure_1.jpeg,cbc18bd6fd73fbcd8f1d84cfff508463e0bbab097d3d6d75d0db6624fa180b0f,428081,CHAPTERS/07-Mechanisms-in-Programs-and-Nature.md,U001895,CHAPTERS/07-Mechanisms-in-Programs-and-Nature.md,11,LIVE_MARKDOWN_REFERENCE,REFERENCED,PENDING,,,,[],NOT_REVIEWED,NOT_APPLICABLE,[],[],,,,
A001082,L000414,CHAPTERS/_page_367_Figure_3.jpeg,873ae9f324d62fcbdf0bb792b04fb2b5b143454595e9d9dceb2fcd2a1705e577,69025,CHAPTERS/07-Mechanisms-in-Programs-and-Nature.md,U001906,CHAPTERS/07-Mechanisms-in-Programs-and-Nature.md,11,LIVE_MARKDOWN_REFERENCE,REFERENCED,PENDING,,,,[],NOT_REVIEWED,NOT_APPLICABLE,[],[],,,,
A001083,L000418,CHAPTERS/_page_368_Picture_10.jpeg,e587ca740623f157686c0162097904afe30126517d2eac1afc2448d277148bf5,18134,CHAPTERS/07-Mechanisms-in-Programs-and-Nature.md,U001919,CHAPTERS/07-Mechanisms-in-Programs-and-Nature.md,11,LIVE_MARKDOWN_REFERENCE,REFERENCED,PENDING,,,,[],NOT_REVIEWED,NOT_APPLICABLE,[],[],,,,
A001084,L000419,CHAPTERS/_page_368_Picture_11.jpeg,28db7bac60808ac25231693e4b45d8e50698d94401f6bd5ba2c23280d2656555,6347,CHAPTERS/07-Mechanisms-in-Programs-and-Nature.md,U001920,CHAPTERS/07-Mechanisms-in-Programs-and-Nature.md,11,LIVE_MARKDOWN_REFERENCE,REFERENCED,PENDING,,,,[],NOT_REVIEWED,NOT_APPLICABLE,[],[],,,,
A001085,L000420,CHAPTERS/_page_368_Picture_14.jpeg,19dd016835d4f6a05d11a7f7d2aa039ced8ed5a973eb90ed1d1fb1e832d9af22,11542,CHAPTERS/07-Mechanisms-in-Programs-and-Nature.md,U001923,CHAPTERS/07-Mechanisms-in-Programs-and-Nature.md,11,LIVE_MARKDOWN_REFERENCE,REFERENCED,PENDING,,,,[],NOT_REVIEWED,NOT_APPLICABLE,[],[],,,,
A001086,L000421,CHAPTERS/_page_368_Picture_15.jpeg,cc1d2fb0c980f1d4c2b9e7b4547c20114e91b31770a7ba798028f7d55b192102,6506,CHAPTERS/07-Mechanisms-in-Programs-and-Nature.md,U001924,CHAPTERS/07-Mechanisms-in-Programs-and-Nature.md,11,LIVE_MARKDOWN_REFERENCE,REFERENCED,PENDING,,,,[],NOT_REVIEWED,NOT_APPLICABLE,[],[],,,,
A001087,L000422,CHAPTERS/_page_368_Picture_16.jpeg,ae917b81e1b46322311b919c8e91a2a8881ee6b20b52642ccea9d63dd1a53eda,5432,CHAPTERS/07-Mechanisms-in-Programs-and-Nature.md,U001925,CHAPTERS/07-Mechanisms-in-Programs-and-Nature.md,11,LIVE_MARKDOWN_REFERENCE,REFERENCED,PENDING,,,,[],NOT_REVIEWED,NOT_APPLICABLE,[],[],,,,
A001088,L000415,CHAPTERS/_page_368_Picture_3.jpeg,03f73ec39a1f110309a6d0d21ac6080e66700b7a792f5cb335f457c33eddeba6,17987,CHAPTERS/07-Mechanisms-in-Programs-and-Nature.md,U001912,CHAPTERS/07-Mechanisms-in-Programs-and-Nature.md,11,LIVE_MARKDOWN_REFERENCE,REFERENCED,PENDING,,,,[],NOT_REVIEWED,NOT_APPLICABLE,[],[],,,,
A001089,L000416,CHAPTERS/_page_368_Picture_6.jpeg,200f432e58a61dce0026f3f2a69f5fc83bbe16783e1fd030cdba682d3a9d68c1,23918,CHAPTERS/07-Mechanisms-in-Programs-and-Nature.md,U001915,CHAPTERS/07-Mechanisms-in-Programs-and-Nature.md,11,LIVE_MARKDOWN_REFERENCE,REFERENCED,PENDING,,,,[],NOT_REVIEWED,NOT_APPLICABLE,[],[],,,,
A001090,L000417,CHAPTERS/_page_368_Picture_9.jpeg,afd8f4864039c9859310fecab9dce0144e8891f2ed3cd7df93d56f70aa690602,18154,CHAPTERS/07-Mechanisms-in-Programs-and-Nature.md,U001918,CHAPTERS/07-Mechanisms-in-Programs-and-Nature.md,11,LIVE_MARKDOWN_REFERENCE,REFERENCED,PENDING,,,,[],NOT_REVIEWED,NOT_APPLICABLE,[],[],,,,
A001091,L000423,CHAPTERS/_page_369_Picture_4.jpeg,2648b7a00fddf8cb0ec7a3d9fa9012006a67e86c0652d7a0dff83054dbfeeae2,21395,CHAPTERS/07-Mechanisms-in-Programs-and-Nature.md,U001930,CHAPTERS/07-Mechanisms-in-Programs-and-Nature.md,11,LIVE_MARKDOWN_REFERENCE,REFERENCED,PENDING,,,,[],NOT_REVIEWED,NOT_APPLICABLE,[],[],,,,
A001092,L000424,CHAPTERS/_page_369_Picture_6.jpeg,d1a0e734fc7ebb8474a3cfc93c626e7d082f51418939236214b2e71d05a6c621,15663,CHAPTERS/07-Mechanisms-in-Programs-and-Nature.md,U001932,CHAPTERS/07-Mechanisms-in-Programs-and-Nature.md,11,LIVE_MARKDOWN_REFERENCE,REFERENCED,PENDING,,,,[],NOT_REVIEWED,NOT_APPLICABLE,[],[],,,,
A001093,L000426,CHAPTERS/_page_370_Figure_7.jpeg,88c2b7070a921f66312fed8e56a9699f8042e01257b1cd54b0e5ad0ef76e6d9e,27138,CHAPTERS/07-Mechanisms-in-Programs-and-Nature.md,U001941,CHAPTERS/07-Mechanisms-in-Programs-and-Nature.md,11,LIVE_MARKDOWN_REFERENCE,REFERENCED,PENDING,,,,[],NOT_REVIEWED,NOT_APPLICABLE,[],[],,,,
A001094,L000427,CHAPTERS/_page_370_Picture_10.jpeg,4d07860102dcfc5ac04ba76377f3e2fc7212c3281e72fb425e4d983cd983e88d,4137,CHAPTERS/07-Mechanisms-in-Programs-and-Nature.md,U001944,CHAPTERS/07-Mechanisms-in-Programs-and-Nature.md,11,LIVE_MARKDOWN_REFERENCE,REFERENCED,PENDING,,,,[],NOT_REVIEWED,NOT_APPLICABLE,[],[],,,,
A001095,L000428,CHAPTERS/_page_370_Picture_11.jpeg,7eb5b44d4958b1bad307b30639758ccc1194f63be22e606cc041b02a61cb4e01,15807,CHAPTERS/07-Mechanisms-in-Programs-and-Nature.md,U001945,CHAPTERS/07-Mechanisms-in-Programs-and-Nature.md,11,LIVE_MARKDOWN_REFERENCE,REFERENCED,PENDING,,,,[],NOT_REVIEWED,NOT_APPLICABLE,[],[],,,,
A001096,L000429,CHAPTERS/_page_370_Picture_14.jpeg,15ee519610fc19bec6e3b7ebcc8371933af84ae439adb5839087b27e48fcda61,10360,CHAPTERS/07-Mechanisms-in-Programs-and-Nature.md,U001948,CHAPTERS/07-Mechanisms-in-Programs-and-Nature.md,11,LIVE_MARKDOWN_REFERENCE,REFERENCED,PENDING,,,,[],NOT_REVIEWED,NOT_APPLICABLE,[],[],,,,
A001097,L000430,CHAPTERS/_page_370_Picture_15.jpeg,14565ecba3d47108d450e894e52950e78e18f0d4b0f4f64bda0fee160da2f8b9,10370,CHAPTERS/07-Mechanisms-in-Programs-and-Nature.md,U001949,CHAPTERS/07-Mechanisms-in-Programs-and-Nature.md,11,LIVE_MARKDOWN_REFERENCE,REFERENCED,PENDING,,,,[],NOT_REVIEWED,NOT_APPLICABLE,[],[],,,,
A001098,L000431,CHAPTERS/_page_370_Picture_16.jpeg,e2fe86ebaa44fd87e0b6b980a54966813099f7721d336a7dac8b2a1fc5584db2,10861,CHAPTERS/07-Mechanisms-in-Programs-and-Nature.md,U001950,CHAPTERS/07-Mechanisms-in-Programs-and-Nature.md,11,LIVE_MARKDOWN_REFERENCE,REFERENCED,PENDING,,,,[],NOT_REVIEWED,NOT_APPLICABLE,[],[],,,,
A001099,L000425,CHAPTERS/_page_370_Picture_2.jpeg,b8726e07a7e2cda60faa3ae802abc7c2264455230af2864c8c28860d0d6d39b6,4912,CHAPTERS/07-Mechanisms-in-Programs-and-Nature.md,U001937,CHAPTERS/07-Mechanisms-in-Programs-and-Nature.md,11,LIVE_MARKDOWN_REFERENCE,REFERENCED,PENDING,,,,[],NOT_REVIEWED,NOT_APPLICABLE,[],[],,,,
A001100,L000436,CHAPTERS/_page_371_Picture_11.jpeg,423c6214cc23d17b297eafac874f2c319dbc0c276bfe0386c16151a03bf81e18,32572,CHAPTERS/07-Mechanisms-in-Programs-and-Nature.md,U001962,CHAPTERS/07-Mechanisms-in-Programs-and-Nature.md,11,LIVE_MARKDOWN_REFERENCE,REFERENCED,PENDING,,,,[],NOT_REVIEWED,NOT_APPLICABLE,[],[],,,,
A001101,L000437,CHAPTERS/_page_371_Picture_12.jpeg,ec43ac3f33c998db69205fc41a531358ddef1cf17dcbc02eed55faecfc38ced0,29211,CHAPTERS/07-Mechanisms-in-Programs-and-Nature.md,U001963,CHAPTERS/07-Mechanisms-in-Programs-and-Nature.md,11,LIVE_MARKDOWN_REFERENCE,REFERENCED,PENDING,,,,[],NOT_REVIEWED,NOT_APPLICABLE,[],[],,,,
A001102,L000438,CHAPTERS/_page_371_Picture_13.jpeg,3f37a875eca63ea5177a11d895118c10ea43f80dffecf0cf1792f6c477aca2dd,29143,CHAPTERS/07-Mechanisms-in-Programs-and-Nature.md,U001964,CHAPTERS/07-Mechanisms-in-Programs-and-Nature.md,11,LIVE_MARKDOWN_REFERENCE,REFERENCED,PENDING,,,,[],NOT_REVIEWED,NOT_APPLICABLE,[],[],,,,
A001103,L000432,CHAPTERS/_page_371_Picture_3.jpeg,911670de79717928314f916b8fa87aad9f8a9f330c7a44b50b8c6e8eddf371a6,22567,CHAPTERS/07-Mechanisms-in-Programs-and-Nature.md,U001954,CHAPTERS/07-Mechanisms-in-Programs-and-Nature.md,11,LIVE_MARKDOWN_REFERENCE,REFERENCED,PENDING,,,,[],NOT_REVIEWED,NOT_APPLICABLE,[],[],,,,
A001104,L000433,CHAPTERS/_page_371_Picture_4.jpeg,cd5811dad67e84d484801cce70eacefd1a4604f12adcd05ac84f7ac7c27f45ca,25608,CHAPTERS/07-Mechanisms-in-Programs-and-Nature.md,U001955,CHAPTERS/07-Mechanisms-in-Programs-and-Nature.md,11,LIVE_MARKDOWN_REFERENCE,REFERENCED,PENDING,,,,[],NOT_REVIEWED,NOT_APPLICABLE,[],[],,,,
A001105,L000434,CHAPTERS/_page_371_Picture_5.jpeg,f500356da80023af2ebd6d27b1d6fac0211892e4d7a920880991e4dc18b36d92,25504,CHAPTERS/07-Mechanisms-in-Programs-and-Nature.md,U001956,CHAPTERS/07-Mechanisms-in-Programs-and-Nature.md,11,LIVE_MARKDOWN_REFERENCE,REFERENCED,PENDING,,,,[],NOT_REVIEWED,NOT_APPLICABLE,[],[],,,,
A001106,L000435,CHAPTERS/_page_371_Picture_7.jpeg,2fb443a495f41f77978ed262c63123aaeb35464d7cc20f142dec17ca1d9be6a3,13532,CHAPTERS/07-Mechanisms-in-Programs-and-Nature.md,U001958,CHAPTERS/07-Mechanisms-in-Programs-and-Nature.md,11,LIVE_MARKDOWN_REFERENCE,REFERENCED,PENDING,,,,[],NOT_REVIEWED,NOT_APPLICABLE,[],[],,,,
A001107,L000439,CHAPTERS/_page_372_Figure_4.jpeg,7369f22f93d6072ee7ff690fbf4ca807a778d1128583ce40854618dd084ea90d,30729,CHAPTERS/07-Mechanisms-in-Programs-and-Nature.md,U001969,CHAPTERS/07-Mechanisms-in-Programs-and-Nature.md,11,LIVE_MARKDOWN_REFERENCE,REFERENCED,PENDING,,,,[],NOT_REVIEWED,NOT_APPLICABLE,[],[],,,,
A001108,L000440,CHAPTERS/_page_372_Figure_6.jpeg,c947a0ef73de7a74bb0c282e8c7f4084cbe1b82e6a578733591288c224baa4b6,118327,CHAPTERS/07-Mechanisms-in-Programs-and-Nature.md,U001972,CHAPTERS/07-Mechanisms-in-Programs-and-Nature.md,11,LIVE_MARKDOWN_REFERENCE,REFERENCED,PENDING,,,,[],NOT_REVIEWED,NOT_APPLICABLE,[],[],,,,
A001109,L000445,CHAPTERS/_page_373_Picture_10.jpeg,befdd29adc8d4acf057c8360170b8002d98442bda4ed33dca3c56674e677c973,22703,CHAPTERS/07-Mechanisms-in-Programs-and-Nature.md,U001984,CHAPTERS/07-Mechanisms-in-Programs-and-Nature.md,11,LIVE_MARKDOWN_REFERENCE,REFERENCED,PENDING,,,,[],NOT_REVIEWED,NOT_APPLICABLE,[],[],,,,
A001110,L000446,CHAPTERS/_page_373_Picture_11.jpeg,b7a0431ff42a126070bc417018ef8d63a0b8e58904502d92678ef5bbeaa7fb5c,25261,CHAPTERS/07-Mechanisms-in-Programs-and-Nature.md,U001985,CHAPTERS/07-Mechanisms-in-Programs-and-Nature.md,11,LIVE_MARKDOWN_REFERENCE,REFERENCED,PENDING,,,,[],NOT_REVIEWED,NOT_APPLICABLE,[],[],,,,
A001111,L000441,CHAPTERS/_page_373_Picture_4.jpeg,5b574a7496eebd1da6717b58c20ca894c3599de713b5cf51ee0ede515ca4aae7,9260,CHAPTERS/07-Mechanisms-in-Programs-and-Nature.md,U001978,CHAPTERS/07-Mechanisms-in-Programs-and-Nature.md,11,LIVE_MARKDOWN_REFERENCE,REFERENCED,PENDING,,,,[],NOT_REVIEWED,NOT_APPLICABLE,[],[],,,,
A001112,L000442,CHAPTERS/_page_373_Picture_5.jpeg,c35772b52b76ab2241d19c8745f8762cca816670fe62d9c26f7ec1632f4948e2,6788,CHAPTERS/07-Mechanisms-in-Programs-and-Nature.md,U001979,CHAPTERS/07-Mechanisms-in-Programs-and-Nature.md,11,LIVE_MARKDOWN_REFERENCE,REFERENCED,PENDING,,,,[],NOT_REVIEWED,NOT_APPLICABLE,[],[],,,,
A001113,L000443,CHAPTERS/_page_373_Picture_6.jpeg,59e4cd74922feb65f5198433d1f393d2b6cd87b3e51a8e274f816b492038a6fd,8921,CHAPTERS/07-Mechanisms-in-Programs-and-Nature.md,U001980,CHAPTERS/07-Mechanisms-in-Programs-and-Nature.md,11,LIVE_MARKDOWN_REFERENCE,REFERENCED,PENDING,,,,[],NOT_REVIEWED,NOT_APPLICABLE,[],[],,,,
A001114,L000444,CHAPTERS/_page_373_Picture_7.jpeg,75cbef97654e8ff5e6c2aee72ba619ebf5214f002f8495e22f5b91559a70fa8f,7850,CHAPTERS/07-Mechanisms-in-Programs-and-Nature.md,U001981,CHAPTERS/07-Mechanisms-in-Programs-and-Nature.md,11,LIVE_MARKDOWN_REFERENCE,REFERENCED,PENDING,,,,[],NOT_REVIEWED,NOT_APPLICABLE,[],[],,,,
A001115,L000450,CHAPTERS/_page_374_Picture_10.jpeg,fb85e813b5f1c70a15c54bff800eb050c5418eb0ba903a395fa18e00fc4990fa,73650,CHAPTERS/07-Mechanisms-in-Programs-and-Nature.md,U001996,CHAPTERS/07-Mechanisms-in-Programs-and-Nature.md,11,LIVE_MARKDOWN_REFERENCE,REFERENCED,PENDING,,,,[],NOT_REVIEWED,NOT_APPLICABLE,[],[],,,,
A001116,L000447,CHAPTERS/_page_374_Picture_3.jpeg,287c3aac228b01edf6dc96aa595eb924e5aa0b798e19a013d4195782db3e28ae,31220,CHAPTERS/07-Mechanisms-in-Programs-and-Nature.md,U001989,CHAPTERS/07-Mechanisms-in-Programs-and-Nature.md,11,LIVE_MARKDOWN_REFERENCE,REFERENCED,PENDING,,,,[],NOT_REVIEWED,NOT_APPLICABLE,[],[],,,,
A001117,L000448,CHAPTERS/_page_374_Picture_4.jpeg,21fd785ced6f852c9bb641dfcd5030b5530a589c635d1ed45649873d6c944366,12095,CHAPTERS/07-Mechanisms-in-Programs-and-Nature.md,U001990,CHAPTERS/07-Mechanisms-in-Programs-and-Nature.md,11,LIVE_MARKDOWN_REFERENCE,REFERENCED,PENDING,,,,[],NOT_REVIEWED,NOT_APPLICABLE,[],[],,,,
A001118,L000449,CHAPTERS/_page_374_Picture_5.jpeg,462fea0d724bc30834251d3ee6ee7ec61e283f78837778e48c35152c08aa3c2e,10548,CHAPTERS/07-Mechanisms-in-Programs-and-Nature.md,U001991,CHAPTERS/07-Mechanisms-in-Programs-and-Nature.md,11,LIVE_MARKDOWN_REFERENCE,REFERENCED,PENDING,,,,[],NOT_REVIEWED,NOT_APPLICABLE,[],[],,,,
A001119,L000451,CHAPTERS/_page_375_Picture_4.jpeg,37b9b36a39c49892b38507617e383f73d39ab9e7b6116721771ac2e69d437220,62015,CHAPTERS/07-Mechanisms-in-Programs-and-Nature.md,U002000,CHAPTERS/07-Mechanisms-in-Programs-and-Nature.md,11,LIVE_MARKDOWN_REFERENCE,REFERENCED,PENDING,,,,[],NOT_REVIEWED,NOT_APPLICABLE,[],[],,,,
A001120,L000452,CHAPTERS/_page_375_Picture_5.jpeg,3bbc09a30fce62189ba5d60398cb57c7e9304b2513ae4ae19dfd60c9b730b25a,2071,CHAPTERS/07-Mechanisms-in-Programs-and-Nature.md,U002002,CHAPTERS/07-Mechanisms-in-Programs-and-Nature.md,11,LIVE_MARKDOWN_REFERENCE,REFERENCED,PENDING,,,,[],NOT_REVIEWED,NOT_APPLICABLE,[],[],,,,
A001121,L000453,CHAPTERS/_page_375_Picture_6.jpeg,c4c9d168f208bd95c1a166d512bbc9a15212ae05ae01d9d21e50073c0cb9b101,62946,CHAPTERS/07-Mechanisms-in-Programs-and-Nature.md,U002003,CHAPTERS/07-Mechanisms-in-Programs-and-Nature.md,11,LIVE_MARKDOWN_REFERENCE,REFERENCED,PENDING,,,,[],NOT_REVIEWED,NOT_APPLICABLE,[],[],,,,
A001122,L000454,CHAPTERS/_page_378_Picture_0.jpeg,896b044256097fcc6e00285b5b1fdafd97148bc786acf71535de2dfb982bc121,13420,CHAPTERS/08-Implications-for-Everyday-Systems.md,U002012,CHAPTERS/08-Implications-for-Everyday-Systems.md,12,LIVE_MARKDOWN_REFERENCE,REFERENCED,PENDING,,,,[],NOT_REVIEWED,NOT_APPLICABLE,[],[],,,,
A001123,L000455,CHAPTERS/_page_384_Picture_8.jpeg,b3abd7c2f4f658cb3e405eb31dfba25f7b4ddde8de513f3f9cf8788e8d36f7b1,59518,CHAPTERS/08-Implications-for-Everyday-Systems.md,U002047,CHAPTERS/08-Implications-for-Everyday-Systems.md,12,LIVE_MARKDOWN_REFERENCE,REFERENCED,PENDING,,,,[],NOT_REVIEWED,NOT_APPLICABLE,[],[],,,,
A001124,L000456,CHAPTERS/_page_385_Picture_2.jpeg,1fb4c22a34260fdfd050a7cacee9d9b4efa3bd8af60c35c4110a082881fcf739,87360,CHAPTERS/08-Implications-for-Everyday-Systems.md,U002050,CHAPTERS/08-Implications-for-Everyday-Systems.md,12,LIVE_MARKDOWN_REFERENCE,REFERENCED,PENDING,,,,[],NOT_REVIEWED,NOT_APPLICABLE,[],[],,,,
A001125,L000457,CHAPTERS/_page_386_Figure_1.jpeg,8c110e0b3fd53ff59a60dc9f2522a6bbdeef920ea46494d1a4dd18004fb94060,203762,CHAPTERS/08-Implications-for-Everyday-Systems.md,U002055,CHAPTERS/08-Implications-for-Everyday-Systems.md,12,LIVE_MARKDOWN_REFERENCE,REFERENCED,PENDING,,,,[],NOT_REVIEWED,NOT_APPLICABLE,[],[],,,,
A001126,L000458,CHAPTERS/_page_388_Picture_2.jpeg,b5ebccf9ab6482bcb2e6718f975eeefb2fa8e416ea264be856101f9aa2e8f18d,145284,CHAPTERS/08-Implications-for-Everyday-Systems.md,U002065,CHAPTERS/08-Implications-for-Everyday-Systems.md,12,LIVE_MARKDOWN_REFERENCE,REFERENCED,PENDING,,,,[],NOT_REVIEWED,NOT_APPLICABLE,[],[],,,,
A001127,L000005,CHAPTERS/_page_38_Chapter_Opener.jpeg,0a78f582ac67a861dc64c70ea8905beebd95de3622e4e19949d7ec2002f51d79,7650,CHAPTERS/02-The-Crucial-Experiment.md,U000174,CHAPTERS/02-The-Crucial-Experiment.md,6,LIVE_MARKDOWN_REFERENCE,REFERENCED,PENDING,,,,[],NOT_REVIEWED,NOT_APPLICABLE,[],[],,,,
A001128,L000459,CHAPTERS/_page_390_Figure_4.jpeg,103a58db0b521a1f0f181fec11884898ed8d6b6d9889b7b53ee2a804f26c04ac,111097,CHAPTERS/08-Implications-for-Everyday-Systems.md,U002079,CHAPTERS/08-Implications-for-Everyday-Systems.md,12,LIVE_MARKDOWN_REFERENCE,REFERENCED,PENDING,,,,[],NOT_REVIEWED,NOT_APPLICABLE,[],[],,,,
A001129,L000460,CHAPTERS/_page_392_Figure_1.jpeg,3677fb11a794089c6dfe486e369d21ef639a25b9a757cea38b4c3efd279f0333,272573,CHAPTERS/08-Implications-for-Everyday-Systems.md,U002090,CHAPTERS/08-Implications-for-Everyday-Systems.md,12,LIVE_MARKDOWN_REFERENCE,REFERENCED,PENDING,,,,[],NOT_REVIEWED,NOT_APPLICABLE,[],[],,,,
A001130,L000461,CHAPTERS/_page_393_Figure_2.jpeg,45030dec7d6bd185fcdbb0ce3c75ec2bfa2d221226c9d87d31fcf82ec6d88be8,784257,CHAPTERS/08-Implications-for-Everyday-Systems.md,U002093,CHAPTERS/08-Implications-for-Everyday-Systems.md,12,LIVE_MARKDOWN_REFERENCE,REFERENCED,PENDING,,,,[],NOT_REVIEWED,NOT_APPLICABLE,[],[],,,,
A001131,L000462,CHAPTERS/_page_395_Figure_1.jpeg,8cf85214348282e24b2815de28ece5d3f68b509156503da479375661b7c67243,40947,CHAPTERS/08-Implications-for-Everyday-Systems.md,U002103,CHAPTERS/08-Implications-for-Everyday-Systems.md,12,LIVE_MARKDOWN_REFERENCE,REFERENCED,PENDING,,,,[],NOT_REVIEWED,NOT_APPLICABLE,[],[],,,,
A001132,L000463,CHAPTERS/_page_395_Figure_2.jpeg,8ce5654a67e41789da1c1a8b105befc2f1b662bdfb71b9ab0366b27ff6b5652a,99793,CHAPTERS/08-Implications-for-Everyday-Systems.md,U002104,CHAPTERS/08-Implications-for-Everyday-Systems.md,12,LIVE_MARKDOWN_REFERENCE,REFERENCED,PENDING,,,,[],NOT_REVIEWED,NOT_APPLICABLE,[],[],,,,
A001133,L000465,CHAPTERS/_page_395_Picture_4.jpeg,fe24bb6d4b2bee4fe1da04ea25a0f3b72e387cf39182a7aa1c02e6d32e568df2,103652,CHAPTERS/08-Implications-for-Everyday-Systems.md,U002106,CHAPTERS/08-Implications-for-Everyday-Systems.md,12,LIVE_MARKDOWN_REFERENCE,REFERENCED,PENDING,,,,[],NOT_REVIEWED,NOT_APPLICABLE,[],[],,,,
A001134,L000467,CHAPTERS/_page_395_Picture_6.jpeg,a5fb015b7a038f876fe91efbef74503935e69574d492503335af21230586db7c,206773,CHAPTERS/08-Implications-for-Everyday-Systems.md,U002108,CHAPTERS/08-Implications-for-Everyday-Systems.md,12,LIVE_MARKDOWN_REFERENCE,REFERENCED,PENDING,,,,[],NOT_REVIEWED,NOT_APPLICABLE,[],[],,,,
A001135,L000468,CHAPTERS/_page_395_Picture_7.jpeg,c64c38f5ebce894e285d134e65d6297fe6469e5e5b4a107214246416be144a02,212839,CHAPTERS/08-Implications-for-Everyday-Systems.md,U002109,CHAPTERS/08-Implications-for-Everyday-Systems.md,12,LIVE_MARKDOWN_REFERENCE,REFERENCED,PENDING,,,,[],NOT_REVIEWED,NOT_APPLICABLE,[],[],,,,
A001136,L000464,CHAPTERS/_page_395_Step_30000.jpeg,663e21e9721ae560465a89dd91d1f4aaaed2e41291e8900b16e4fb68756f9471,99954,CHAPTERS/08-Implications-for-Everyday-Systems.md,U002105,CHAPTERS/08-Implications-for-Everyday-Systems.md,12,LIVE_MARKDOWN_REFERENCE,REFERENCED,PENDING,,,,[],NOT_REVIEWED,NOT_APPLICABLE,[],[],,,,
A001137,L000466,CHAPTERS/_page_395_Step_50000.jpeg,12240c5524ea922d68b3ec647c6d45a88d47ce0dceb48d143fca665457e27f22,199270,CHAPTERS/08-Implications-for-Everyday-Systems.md,U002107,CHAPTERS/08-Implications-for-Everyday-Systems.md,12,LIVE_MARKDOWN_REFERENCE,REFERENCED,PENDING,,,,[],NOT_REVIEWED,NOT_APPLICABLE,[],[],,,,
A001138,L000469,CHAPTERS/_page_397_Picture_1.jpeg,6ba87562f18a13460fe97fe6dfbc0816d1f95d0f4726b88dcf188065bcc90f65,162686,CHAPTERS/08-Implications-for-Everyday-Systems.md,U002117,CHAPTERS/08-Implications-for-Everyday-Systems.md,12,LIVE_MARKDOWN_REFERENCE,REFERENCED,PENDING,,,,[],NOT_REVIEWED,NOT_APPLICABLE,[],[],,,,
A001139,L000006,CHAPTERS/_page_39_Figure_2.jpeg,725c76e82bcd5a4cf594425c1d31e11813cd34923c254588ef529a46e7cc5d6a,12129,CHAPTERS/02-The-Crucial-Experiment.md,U000182,CHAPTERS/02-The-Crucial-Experiment.md,6,LIVE_MARKDOWN_REFERENCE,REFERENCED,PENDING,,,,[],NOT_REVIEWED,NOT_APPLICABLE,[],[],,,,
A001140,L000007,CHAPTERS/_page_39_Figure_4.jpeg,963f42fd10431c0b0d68cb1d90a4d6d176e95d36ca161fe77ee93a8520acc508,22126,CHAPTERS/02-The-Crucial-Experiment.md,U000184,CHAPTERS/02-The-Crucial-Experiment.md,6,LIVE_MARKDOWN_REFERENCE,REFERENCED,PENDING,,,,[],NOT_REVIEWED,NOT_APPLICABLE,[],[],,,,
A001141,L000008,CHAPTERS/_page_39_Picture_7.jpeg,0e41cdf7f5cafb0e02863440bb77b1485870a48954654222fb01f8b10891ed92,6984,CHAPTERS/02-The-Crucial-Experiment.md,U000187,CHAPTERS/02-The-Crucial-Experiment.md,6,LIVE_MARKDOWN_REFERENCE,REFERENCED,PENDING,,,,[],NOT_REVIEWED,NOT_APPLICABLE,[],[],,,,
A001142,L000470,CHAPTERS/_page_400_Picture_2.jpeg,3deb4e9dfc5d9ba26832405aa264b9c7f5329f50830c385eab6ca21c4a061e7b,356844,CHAPTERS/08-Implications-for-Everyday-Systems.md,U002139,CHAPTERS/08-Implications-for-Everyday-Systems.md,12,LIVE_MARKDOWN_REFERENCE,REFERENCED,PENDING,,,,[],NOT_REVIEWED,NOT_APPLICABLE,[],[],,,,
A001143,L000471,CHAPTERS/_page_406_Picture_1.jpeg,8919a6aa4ec0977b4a367eccd40c06541461aeab272ab0f68d7f6338f0ef7681,379490,CHAPTERS/08-Implications-for-Everyday-Systems.md,U002175,CHAPTERS/08-Implications-for-Everyday-Systems.md,12,LIVE_MARKDOWN_REFERENCE,REFERENCED,PENDING,,,,[],NOT_REVIEWED,NOT_APPLICABLE,[],[],,,,
A001144,L000009,CHAPTERS/_page_40_Picture_1.jpeg,c09329d50079d28646c5bf62f56b2344119e2a2b3094df9959bf9604dfa4529c,38030,CHAPTERS/02-The-Crucial-Experiment.md,U000191,CHAPTERS/02-The-Crucial-Experiment.md,6,LIVE_MARKDOWN_REFERENCE,REFERENCED,PENDING,,,,[],NOT_REVIEWED,NOT_APPLICABLE,[],[],,,,
A001145,L000010,CHAPTERS/_page_40_Picture_2.jpeg,99d012a5a8f8ea26b808391899816e3cd49e6826555dc83cfa0c6193e6a7ff01,5757,CHAPTERS/02-The-Crucial-Experiment.md,U000192,CHAPTERS/02-The-Crucial-Experiment.md,6,LIVE_MARKDOWN_REFERENCE,REFERENCED,PENDING,,,,[],NOT_REVIEWED,NOT_APPLICABLE,[],[],,,,
A001146,L000011,CHAPTERS/_page_40_Picture_6.jpeg,ae24018d6b40274777bb8740e78e14e536a63d9728bc9e38d9a878144da407d2,214147,CHAPTERS/02-The-Crucial-Experiment.md,U000196,CHAPTERS/02-The-Crucial-Experiment.md,6,LIVE_MARKDOWN_REFERENCE,REFERENCED,PENDING,,,,[],NOT_REVIEWED,NOT_APPLICABLE,[],[],,,,
A001147,L000012,CHAPTERS/_page_40_Rule_90.jpeg,fe3574d9b23b76d477752ab6aca234b3f9872d1f1f4f5f4eb96b973c52fe3b1e,5731,CHAPTERS/02-The-Crucial-Experiment.md,U000197,CHAPTERS/02-The-Crucial-Experiment.md,6,LIVE_MARKDOWN_REFERENCE,REFERENCED,PENDING,,,,[],NOT_REVIEWED,NOT_APPLICABLE,[],[],,,,
A001148,L000472,CHAPTERS/_page_413_Picture_1.jpeg,029720c8047d287cd08afbc90992b8219d6adab3681fa64778b7a5e69eddf9f0,11216,CHAPTERS/08-Implications-for-Everyday-Systems.md,U002222,CHAPTERS/08-Implications-for-Everyday-Systems.md,12,LIVE_MARKDOWN_REFERENCE,REFERENCED,PENDING,,,,[],NOT_REVIEWED,NOT_APPLICABLE,[],[],,,,
A001149,L000473,CHAPTERS/_page_415_Figure_6.jpeg,ea35ac05ace47a0704f65dddd1daf3fff9c659393830ccd7a65848dcd0028b80,44789,CHAPTERS/08-Implications-for-Everyday-Systems.md,U002240,CHAPTERS/08-Implications-for-Everyday-Systems.md,12,LIVE_MARKDOWN_REFERENCE,REFERENCED,PENDING,,,,[],NOT_REVIEWED,NOT_APPLICABLE,[],[],,,,
A001150,L000474,CHAPTERS/_page_417_Figure_1.jpeg,4fb30a1f184ad9e827d1f10622fb67d014ab2d8271c6db5f671681b597c3b077,306916,CHAPTERS/08-Implications-for-Everyday-Systems.md,U002249,CHAPTERS/08-Implications-for-Everyday-Systems.md,12,LIVE_MARKDOWN_REFERENCE,REFERENCED,PENDING,,,,[],NOT_REVIEWED,NOT_APPLICABLE,[],[],,,,
A001151,L000475,CHAPTERS/_page_418_Picture_2.jpeg,80e747f09e26d5dd4afa7bef4b5e58a7c35d2b5d91293aefefa4a73f9ea22750,228978,CHAPTERS/08-Implications-for-Everyday-Systems.md,U002251,CHAPTERS/08-Implications-for-Everyday-Systems.md,12,LIVE_MARKDOWN_REFERENCE,REFERENCED,PENDING,,,,[],NOT_REVIEWED,NOT_APPLICABLE,[],[],,,,
A001152,L000013,CHAPTERS/_page_41_Picture_4.jpeg,81c086a4607251d00fd5bbca4a60039f16a29c00f57b4e31da2ff3db7b1e836a,92160,CHAPTERS/02-The-Crucial-Experiment.md,U000200,CHAPTERS/02-The-Crucial-Experiment.md,6,LIVE_MARKDOWN_REFERENCE,REFERENCED,PENDING,,,,[],NOT_REVIEWED,NOT_APPLICABLE,[],[],,,,
A001153,L000476,CHAPTERS/_page_421_Picture_1.jpeg,129d6f282602ae5b999e67eca8d90b86393258f5c47896464e515823d7c42e02,311729,CHAPTERS/08-Implications-for-Everyday-Systems.md,U002265,CHAPTERS/08-Implications-for-Everyday-Systems.md,12,LIVE_MARKDOWN_REFERENCE,REFERENCED,PENDING,,,,[],NOT_REVIEWED,NOT_APPLICABLE,[],[],,,,
A001154,L000477,CHAPTERS/_page_422_Picture_2.jpeg,0f9caa5833f94f89fbf1a67902114649889fcaa2a3b3e5eccd7d68321e771ed2,105264,CHAPTERS/08-Implications-for-Everyday-Systems.md,U002267,CHAPTERS/08-Implications-for-Everyday-Systems.md,12,LIVE_MARKDOWN_REFERENCE,REFERENCED,PENDING,,,,[],NOT_REVIEWED,NOT_APPLICABLE,[],[],,,,
A001155,L000478,CHAPTERS/_page_424_Picture_2.jpeg,971f41bc2b6a6c6b978cab15ea093d933c4f746f3ac67fd8d6f18f6c7c3aec7e,117905,CHAPTERS/08-Implications-for-Everyday-Systems.md,U002275,CHAPTERS/08-Implications-for-Everyday-Systems.md,12,LIVE_MARKDOWN_REFERENCE,REFERENCED,PENDING,,,,[],NOT_REVIEWED,NOT_APPLICABLE,[],[],,,,
A001156,L000479,CHAPTERS/_page_425_Picture_1.jpeg,ac8efdb772af00f3f308ef7e47e96e5f56e6d21e9c757ca6f5651d71604997f2,50107,CHAPTERS/08-Implications-for-Everyday-Systems.md,U002279,CHAPTERS/08-Implications-for-Everyday-Systems.md,12,LIVE_MARKDOWN_REFERENCE,REFERENCED,PENDING,,,,[],NOT_REVIEWED,NOT_APPLICABLE,[],[],,,,
A001157,L000480,CHAPTERS/_page_426_Figure_2.jpeg,408c8d3300a809b49a950b0ce0b8c9cde0c94df17db54e482e77adb85a6dcd2c,49160,CHAPTERS/08-Implications-for-Everyday-Systems.md,U002284,CHAPTERS/08-Implications-for-Everyday-Systems.md,12,LIVE_MARKDOWN_REFERENCE,REFERENCED,PENDING,,,,[],NOT_REVIEWED,NOT_APPLICABLE,[],[],,,,
A001158,L000481,CHAPTERS/_page_426_Picture_5.jpeg,bf859ea98df6ebb8c8a23ed717e34dde9903820c0395e75f2553d98a51473540,84847,CHAPTERS/08-Implications-for-Everyday-Systems.md,U002287,CHAPTERS/08-Implications-for-Everyday-Systems.md,12,LIVE_MARKDOWN_REFERENCE,REFERENCED,PENDING,,,,[],NOT_REVIEWED,NOT_APPLICABLE,[],[],,,,
A001159,L000482,CHAPTERS/_page_426_Picture_7.jpeg,8070cd762a9bc4e6a3b5a7402795555ea4a0b638d99dc1477fa7050e40f1047f,37646,CHAPTERS/08-Implications-for-Everyday-Systems.md,U002289,CHAPTERS/08-Implications-for-Everyday-Systems.md,12,LIVE_MARKDOWN_REFERENCE,REFERENCED,PENDING,,,,[],NOT_REVIEWED,NOT_APPLICABLE,[],[],,,,
A001160,L000483,CHAPTERS/_page_427_Picture_6.jpeg,af588eff089ab26fbe5221c319361730705a8507f8456d15cb484801f6a5fa71,115729,CHAPTERS/08-Implications-for-Everyday-Systems.md,U002295,CHAPTERS/08-Implications-for-Everyday-Systems.md,12,LIVE_MARKDOWN_REFERENCE,REFERENCED,PENDING,,,,[],NOT_REVIEWED,NOT_APPLICABLE,[],[],,,,
A001161,L000484,CHAPTERS/_page_428_Picture_6.jpeg,73c758f6ab9e7bb8385f842a28e0be3ed894245bfe6488196461d62ab19f293c,17685,CHAPTERS/08-Implications-for-Everyday-Systems.md,U002300,CHAPTERS/08-Implications-for-Everyday-Systems.md,12,LIVE_MARKDOWN_REFERENCE,REFERENCED,PENDING,,,,[],NOT_REVIEWED,NOT_APPLICABLE,[],[],,,,
A001162,L000485,CHAPTERS/_page_429_Picture_4.jpeg,676fb96598ec8e37b02813edacaa3bec72fcc7ecb0af4e17e64d6831836c10d9,88192,CHAPTERS/08-Implications-for-Everyday-Systems.md,U002304,CHAPTERS/08-Implications-for-Everyday-Systems.md,12,LIVE_MARKDOWN_REFERENCE,REFERENCED,PENDING,,,,[],NOT_REVIEWED,NOT_APPLICABLE,[],[],,,,
A001163,L000014,CHAPTERS/_page_42_Figure_4.jpeg,55d8fb7a29304c719f79dc147fca6eb6e5a73fb6bec54abf297191c0206b886f,194861,CHAPTERS/02-The-Crucial-Experiment.md,U000205,CHAPTERS/02-The-Crucial-Experiment.md,6,LIVE_MARKDOWN_REFERENCE,REFERENCED,PENDING,,,,[],NOT_REVIEWED,NOT_APPLICABLE,[],[],,,,
A001164,L000015,CHAPTERS/_page_42_Rule_30.jpeg,e2b626682ac2c02fbff5eb5eb91e0ebd1f1f1e8b38eaf8b36ed572c45417f1b8,5779,CHAPTERS/02-The-Crucial-Experiment.md,U000206,CHAPTERS/02-The-Crucial-Experiment.md,6,LIVE_MARKDOWN_REFERENCE,REFERENCED,PENDING,,,,[],NOT_REVIEWED,NOT_APPLICABLE,[],[],,,,
A001165,L000486,CHAPTERS/_page_430_Picture_2.jpeg,cc57cb977872025f8afc61dbff45de45de9c1d84bb89bf865d1d04a539257db3,145996,CHAPTERS/08-Implications-for-Everyday-Systems.md,U002306,CHAPTERS/08-Implications-for-Everyday-Systems.md,12,LIVE_MARKDOWN_REFERENCE,REFERENCED,PENDING,,,,[],NOT_REVIEWED,NOT_APPLICABLE,[],[],,,,
A001166,L000487,CHAPTERS/_page_431_Picture_2.jpeg,66ce091540c8330e1e765c8db4a4ec1d4c0c8e7079db49453506f2c35147a90f,423135,CHAPTERS/08-Implications-for-Everyday-Systems.md,U002310,CHAPTERS/08-Implications-for-Everyday-Systems.md,12,LIVE_MARKDOWN_REFERENCE,REFERENCED,PENDING,,,,[],NOT_REVIEWED,NOT_APPLICABLE,[],[],,,,
A001167,L000488,CHAPTERS/_page_433_Picture_1.jpeg,26eb08f887d8ab01275d6a2353d46a07468d678ffd3bf73e07af54295619e24b,85880,CHAPTERS/08-Implications-for-Everyday-Systems.md,U002318,CHAPTERS/08-Implications-for-Everyday-Systems.md,12,LIVE_MARKDOWN_REFERENCE,REFERENCED,PENDING,,,,[],NOT_REVIEWED,NOT_APPLICABLE,[],[],,,,
A001168,L000489,CHAPTERS/_page_435_Picture_5.jpeg,7bcf3107c19ce5806546434d06561f7c21fbdaca15294e4d3ae7a3244c100c33,13622,CHAPTERS/08-Implications-for-Everyday-Systems.md,U002330,CHAPTERS/08-Implications-for-Everyday-Systems.md,12,LIVE_MARKDOWN_REFERENCE,REFERENCED,PENDING,,,,[],NOT_REVIEWED,NOT_APPLICABLE,[],[],,,,
A001169,L000490,CHAPTERS/_page_438_Picture_4.jpeg,a92c126136d688e34e3c4f04b7484a197438db7a6a1cec85adf48372f7196e6c,95546,CHAPTERS/08-Implications-for-Everyday-Systems.md,U002347,CHAPTERS/08-Implications-for-Everyday-Systems.md,12,LIVE_MARKDOWN_REFERENCE,REFERENCED,PENDING,,,,[],NOT_REVIEWED,NOT_APPLICABLE,[],[],,,,
A001170,L000491,CHAPTERS/_page_439_Figure_3.jpeg,6bb82abcca21ce0ffbf44e3a4eb5976f83f296494ec8bc51c9c54544be756f9b,214555,CHAPTERS/08-Implications-for-Everyday-Systems.md,U002350,CHAPTERS/08-Implications-for-Everyday-Systems.md,12,LIVE_MARKDOWN_REFERENCE,REFERENCED,PENDING,,,,[],NOT_REVIEWED,NOT_APPLICABLE,[],[],,,,
A001171,L000492,CHAPTERS/_page_441_Picture_2.jpeg,a6a7f46d286fe8cb5336dde543ece957fcc107d2156d388bf7eeededac78e453,269640,CHAPTERS/08-Implications-for-Everyday-Systems.md,U002357,CHAPTERS/08-Implications-for-Everyday-Systems.md,12,LIVE_MARKDOWN_REFERENCE,REFERENCED,PENDING,,,,[],NOT_REVIEWED,NOT_APPLICABLE,[],[],,,,
A001172,L000493,CHAPTERS/_page_442_Figure_5.jpeg,2c78e0ade6f15b54c6f693aeccc052a0aea3a326fc4c28c73988fb712e7c0d59,86047,CHAPTERS/08-Implications-for-Everyday-Systems.md,U002362,CHAPTERS/08-Implications-for-Everyday-Systems.md,12,LIVE_MARKDOWN_REFERENCE,REFERENCED,PENDING,,,,[],NOT_REVIEWED,NOT_APPLICABLE,[],[],,,,
A001173,L000494,CHAPTERS/_page_443_Picture_1.jpeg,9c82adac1ac31b45d85e3228a2000d06bf84edc6afc1a84bedf036e51b3d78c8,254542,CHAPTERS/08-Implications-for-Everyday-Systems.md,U002365,CHAPTERS/08-Implications-for-Everyday-Systems.md,12,LIVE_MARKDOWN_REFERENCE,REFERENCED,PENDING,,,,[],NOT_REVIEWED,NOT_APPLICABLE,[],[],,,,
A001174,L000495,CHAPTERS/_page_444_Picture_1.jpeg,a655b6d5a01428cafbde4a2326e4b8c4a6db78647c2549b82fe126237ed6c9f3,97394,CHAPTERS/08-Implications-for-Everyday-Systems.md,U002368,CHAPTERS/08-Implications-for-Everyday-Systems.md,12,LIVE_MARKDOWN_REFERENCE,REFERENCED,PENDING,,,,[],NOT_REVIEWED,NOT_APPLICABLE,[],[],,,,
A001175,L000497,CHAPTERS/_page_447_Figure_4.jpeg,98e44caf334919f196c8cbd4c8fb2983ad222ea942eae9d60c4193b14dc5c243,2705,CHAPTERS/08-Implications-for-Everyday-Systems.md,U002391,CHAPTERS/08-Implications-for-Everyday-Systems.md,12,LIVE_MARKDOWN_REFERENCE,REFERENCED,PENDING,,,,[],NOT_REVIEWED,NOT_APPLICABLE,[],[],,,,
A001176,L000498,CHAPTERS/_page_447_Figure_8.jpeg,26741970f48cd3ed3fb6a9cfa60a85a5e04158231bc326cf6024659f42abeee9,4929,CHAPTERS/08-Implications-for-Everyday-Systems.md,U002392,CHAPTERS/08-Implications-for-Everyday-Systems.md,12,LIVE_MARKDOWN_REFERENCE,REFERENCED,PENDING,,,,[],NOT_REVIEWED,NOT_APPLICABLE,[],[],,,,
A001177,L000496,CHAPTERS/_page_447_Picture_3.jpeg,81c697e29033a72350ee6ab702b8580e05a53310f4b06c36afef81326f6acda2,33730,CHAPTERS/08-Implications-for-Everyday-Systems.md,U002390,CHAPTERS/08-Implications-for-Everyday-Systems.md,12,LIVE_MARKDOWN_REFERENCE,REFERENCED,PENDING,,,,[],NOT_REVIEWED,NOT_APPLICABLE,[],[],,,,
A001178,L000499,CHAPTERS/_page_448_Picture_0.jpeg,0e6b4888221df3d9d6879027f8c67cd839a8b71782ebc57547b65fa019088d44,13234,CHAPTERS/09-Fundamental-Physics.md,U002397,CHAPTERS/09-Fundamental-Physics.md,13,LIVE_MARKDOWN_REFERENCE,REFERENCED,PENDING,,,,[],NOT_REVIEWED,NOT_APPLICABLE,[],[],,,,
A001179,L000016,CHAPTERS/_page_44_Picture_1.jpeg,8c185b67ff67a82145f6657b9767df10b5c5d234358d0187bbae21166ef32aa8,450259,CHAPTERS/02-The-Crucial-Experiment.md,U000215,CHAPTERS/02-The-Crucial-Experiment.md,6,LIVE_MARKDOWN_REFERENCE,REFERENCED,PENDING,,,,[],NOT_REVIEWED,NOT_APPLICABLE,[],[],,,,
A001180,L000500,CHAPTERS/_page_450_Picture_5.jpeg,865140ea1fefd2b552b46744c30306ffd1dbba9fb0de0c4cf0e02ae3bd632927,39832,CHAPTERS/09-Fundamental-Physics.md,U002416,CHAPTERS/09-Fundamental-Physics.md,13,LIVE_MARKDOWN_REFERENCE,REFERENCED,PENDING,,,,[],NOT_REVIEWED,NOT_APPLICABLE,[],[],,,,
A001181,L000501,CHAPTERS/_page_450_Picture_6.jpeg,2f5f2f85fda429743311da82e072431763b5706c1e735b99124e551d8ef7e31e,19837,CHAPTERS/09-Fundamental-Physics.md,U002417,CHAPTERS/09-Fundamental-Physics.md,13,LIVE_MARKDOWN_REFERENCE,REFERENCED,PENDING,,,,[],NOT_REVIEWED,NOT_APPLICABLE,[],[],,,,
A001182,L000502,CHAPTERS/_page_451_Picture_3.jpeg,30d4530ce1b31370c216dfadb69404d82009e3186a051fdc9610368c9a149799,72801,CHAPTERS/09-Fundamental-Physics.md,U002422,CHAPTERS/09-Fundamental-Physics.md,13,LIVE_MARKDOWN_REFERENCE,REFERENCED,PENDING,,,,[],NOT_REVIEWED,NOT_APPLICABLE,[],[],,,,
A001183,L000503,CHAPTERS/_page_451_Picture_6.jpeg,e7bbbefb729e76dd5d080d0b841a485ece898d9c3197780b4871c742d61a4e89,187275,CHAPTERS/09-Fundamental-Physics.md,U002425,CHAPTERS/09-Fundamental-Physics.md,13,LIVE_MARKDOWN_REFERENCE,REFERENCED,PENDING,,,,[],NOT_REVIEWED,NOT_APPLICABLE,[],[],,,,
A001184,L000504,CHAPTERS/_page_452_Picture_4.jpeg,365753664b1cdd2986ec00f64a92b429f4bc93105369e92dc5aa22e39a73c3f8,89094,CHAPTERS/09-Fundamental-Physics.md,U002429,CHAPTERS/09-Fundamental-Physics.md,13,LIVE_MARKDOWN_REFERENCE,REFERENCED,PENDING,,,,[],NOT_REVIEWED,NOT_APPLICABLE,[],[],,,,
A001185,L000505,CHAPTERS/_page_452_Picture_5.jpeg,57c79f317b3da8160530be0f30a0ff86716fe50dc4642982e5bc9a66b199a4e5,11256,CHAPTERS/09-Fundamental-Physics.md,U002430,CHAPTERS/09-Fundamental-Physics.md,13,LIVE_MARKDOWN_REFERENCE,REFERENCED,PENDING,,,,[],NOT_REVIEWED,NOT_APPLICABLE,[],[],,,,
A001186,L000506,CHAPTERS/_page_453_Figure_2.jpeg,8b3edd7f6f2f0605b7a9abb7bb677b999ff8b8648893af08ad1413d953afd9d6,388754,CHAPTERS/09-Fundamental-Physics.md,U002435,CHAPTERS/09-Fundamental-Physics.md,13,LIVE_MARKDOWN_REFERENCE,REFERENCED,PENDING,,,,[],NOT_REVIEWED,NOT_APPLICABLE,[],[],,,,
A001187,L000507,CHAPTERS/_page_454_Picture_2.jpeg,d3f2b484e580e06bed9b991fc36a73ddbc0f0a0473a514de86dcbd26a40b3023,74790,CHAPTERS/09-Fundamental-Physics.md,U002437,CHAPTERS/09-Fundamental-Physics.md,13,LIVE_MARKDOWN_REFERENCE,REFERENCED,PENDING,,,,[],NOT_REVIEWED,NOT_APPLICABLE,[],[],,,,
A001188,L000508,CHAPTERS/_page_454_Picture_4.jpeg,a238d834656fedf5e563239fa5a60d984cb333edc9e0e1af2981b488fc1e96d0,82054,CHAPTERS/09-Fundamental-Physics.md,U002438,CHAPTERS/09-Fundamental-Physics.md,13,LIVE_MARKDOWN_REFERENCE,REFERENCED,PENDING,,,,[],NOT_REVIEWED,NOT_APPLICABLE,[],[],,,,
A001189,L000509,CHAPTERS/_page_454_Picture_6.jpeg,354f191042830f16bd872cb844e6ea75ef562f9cd356d0b9fe3969402ecdc633,89904,CHAPTERS/09-Fundamental-Physics.md,U002440,CHAPTERS/09-Fundamental-Physics.md,13,LIVE_MARKDOWN_REFERENCE,REFERENCED,PENDING,,,,[],NOT_REVIEWED,NOT_APPLICABLE,[],[],,,,
A001190,L000510,CHAPTERS/_page_455_Picture_1.jpeg,78419d22933980437c3f168043e10d9de921fcd952f67b663e35b5eb7eb9ada1,518466,CHAPTERS/09-Fundamental-Physics.md,U002443,CHAPTERS/09-Fundamental-Physics.md,13,LIVE_MARKDOWN_REFERENCE,REFERENCED,PENDING,,,,[],NOT_REVIEWED,NOT_APPLICABLE,[],[],,,,
A001191,L000511,CHAPTERS/_page_457_Picture_1.jpeg,e66493cd432732c71fe8e255a7c26729bb1e57e62f815a7c1a097ad9f82e6b66,286910,CHAPTERS/09-Fundamental-Physics.md,U002454,CHAPTERS/09-Fundamental-Physics.md,13,LIVE_MARKDOWN_REFERENCE,REFERENCED,PENDING,,,,[],NOT_REVIEWED,NOT_APPLICABLE,[],[],,,,
A001192,L000512,CHAPTERS/_page_458_Picture_1.jpeg,a934adeccc3c509835fae7415fc50fd1d2b4a31b551ca9e7f03faece116b0ddf,359085,CHAPTERS/09-Fundamental-Physics.md,U002459,CHAPTERS/09-Fundamental-Physics.md,13,LIVE_MARKDOWN_REFERENCE,REFERENCED,PENDING,,,,[],NOT_REVIEWED,NOT_APPLICABLE,[],[],,,,
A001193,L000017,CHAPTERS/_page_45_Picture_2.jpeg,38c21447f1c5b75b73df305959ac6925f9af9ff146a28569100d972fb3f6c723,614964,CHAPTERS/02-The-Crucial-Experiment.md,U000217,CHAPTERS/02-The-Crucial-Experiment.md,6,LIVE_MARKDOWN_REFERENCE,REFERENCED,PENDING,,,,[],NOT_REVIEWED,NOT_APPLICABLE,[],[],,,,
A001194,L000513,CHAPTERS/_page_461_Figure_2.jpeg,1430e12c91c740cb6fac97b925a3d39f7af18e1a5945596f82d85e9cb515693d,297058,CHAPTERS/09-Fundamental-Physics.md,U002476,CHAPTERS/09-Fundamental-Physics.md,13,LIVE_MARKDOWN_REFERENCE,REFERENCED,PENDING,,,,[],NOT_REVIEWED,NOT_APPLICABLE,[],[],,,,
A001195,L000516,CHAPTERS/_page_462_Figure_6.jpeg,4a823b5becc1c04fd8231240e97222df64a85fa60cd2a5cc5c94f93939cdb0e6,49337,CHAPTERS/09-Fundamental-Physics.md,U002484,CHAPTERS/09-Fundamental-Physics.md,13,LIVE_MARKDOWN_REFERENCE,REFERENCED,PENDING,,,,[],NOT_REVIEWED,NOT_APPLICABLE,[],[],,,,
A001196,L000514,CHAPTERS/_page_462_Picture_2.jpeg,c75a61ef29396cab0e25bc6f37a6320bce45c2bae1ff7fa5bbd3168333170789,44690,CHAPTERS/09-Fundamental-Physics.md,U002480,CHAPTERS/09-Fundamental-Physics.md,13,LIVE_MARKDOWN_REFERENCE,REFERENCED,PENDING,,,,[],NOT_REVIEWED,NOT_APPLICABLE,[],[],,,,
A001197,L000515,CHAPTERS/_page_462_Picture_3.jpeg,8c9a21ae92dd0f03d2457f6780ef0b583d8537af98a1835984b99ac2e856bd87,100204,CHAPTERS/09-Fundamental-Physics.md,U002481,CHAPTERS/09-Fundamental-Physics.md,13,LIVE_MARKDOWN_REFERENCE,REFERENCED,PENDING,,,,[],NOT_REVIEWED,NOT_APPLICABLE,[],[],,,,
A001198,L000517,CHAPTERS/_page_464_Figure_3.jpeg,5cc32efdb0f61bd4f84f122d599ab9c9a25794bdf2632cd4e6e6ba9561fcbc48,42210,CHAPTERS/09-Fundamental-Physics.md,U002494,CHAPTERS/09-Fundamental-Physics.md,13,LIVE_MARKDOWN_REFERENCE,REFERENCED,PENDING,,,,[],NOT_REVIEWED,NOT_APPLICABLE,[],[],,,,
A001199,L000518,CHAPTERS/_page_466_Picture_1.jpeg,eaa20e4d7b47f0fcbb785137a2ae780bd00d42be86ff81b44f4b58f67dafe6f6,241004,CHAPTERS/09-Fundamental-Physics.md,U002506,CHAPTERS/09-Fundamental-Physics.md,13,LIVE_MARKDOWN_REFERENCE,REFERENCED,PENDING,,,,[],NOT_REVIEWED,NOT_APPLICABLE,[],[],,,,
A001200,L000519,CHAPTERS/_page_467_Picture_2.jpeg,c411ac33a23f061c18cd1c981304442649f0090e940336e300267596e135fd30,450208,CHAPTERS/09-Fundamental-Physics.md,U002511,CHAPTERS/09-Fundamental-Physics.md,13,LIVE_MARKDOWN_REFERENCE,REFERENCED,PENDING,,,,[],NOT_REVIEWED,NOT_APPLICABLE,[],[],,,,
A001201,L000520,CHAPTERS/_page_469_Figure_2.jpeg,2fbd48782c2b418292d7e19f48dd76d1e7e619894d1df0473285050061d7ad2e,585817,CHAPTERS/09-Fundamental-Physics.md,U002521,CHAPTERS/09-Fundamental-Physics.md,13,LIVE_MARKDOWN_REFERENCE,REFERENCED,PENDING,,,,[],NOT_REVIEWED,NOT_APPLICABLE,[],[],,,,
A001202,L000521,CHAPTERS/_page_471_Picture_2.jpeg,37194763a69112218cf8ffda57e3331ea52e3c50efb3b1a00ee475dd28d2548b,313741,CHAPTERS/09-Fundamental-Physics.md,U002530,CHAPTERS/09-Fundamental-Physics.md,13,LIVE_MARKDOWN_REFERENCE,REFERENCED,PENDING,,,,[],NOT_REVIEWED,NOT_APPLICABLE,[],[],,,,
A001203,L000522,CHAPTERS/_page_473_Picture_5.jpeg,cc90fd6dec4a5ad5785c6ed140c7dceb265f39d6fb0cb1b0457e92f575137449,182372,CHAPTERS/09-Fundamental-Physics.md,U002543,CHAPTERS/09-Fundamental-Physics.md,13,LIVE_MARKDOWN_REFERENCE,REFERENCED,PENDING,,,,[],NOT_REVIEWED,NOT_APPLICABLE,[],[],,,,
A001204,L000523,CHAPTERS/_page_474_Picture_2.jpeg,a00193214207453e4450dfc472d94a3906a1d1676e3cfd399c1afb53e0256110,283744,CHAPTERS/09-Fundamental-Physics.md,U002546,CHAPTERS/09-Fundamental-Physics.md,13,LIVE_MARKDOWN_REFERENCE,REFERENCED,PENDING,,,,[],NOT_REVIEWED,NOT_APPLICABLE,[],[],,,,
A001205,L000524,CHAPTERS/_page_475_Figure_2.jpeg,2ea162e7d062f642fda8b3c34410eb2345bc319127a9ccdb1712fd134f414f58,181426,CHAPTERS/09-Fundamental-Physics.md,U002549,CHAPTERS/09-Fundamental-Physics.md,13,LIVE_MARKDOWN_REFERENCE,REFERENCED,PENDING,,,,[],NOT_REVIEWED,NOT_APPLICABLE,[],[],,,,
A001206,L000525,CHAPTERS/_page_475_Picture_6.jpeg,0525361be2a55d2f5c02104970de24fa6777f1ad6bfa0ca326acd873860a4d13,80035,CHAPTERS/09-Fundamental-Physics.md,U002553,CHAPTERS/09-Fundamental-Physics.md,13,LIVE_MARKDOWN_REFERENCE,REFERENCED,PENDING,,,,[],NOT_REVIEWED,NOT_APPLICABLE,[],[],,,,
A001207,L000526,CHAPTERS/_page_476_Figure_3.jpeg,e661d9c28572ba62f75cf4b8a085e1580caf88b7c1c88bdd3c60a018e32ab108,295434,CHAPTERS/09-Fundamental-Physics.md,U002556,CHAPTERS/09-Fundamental-Physics.md,13,LIVE_MARKDOWN_REFERENCE,REFERENCED,PENDING,,,,[],NOT_REVIEWED,NOT_APPLICABLE,[],[],,,,
A001208,L000527,CHAPTERS/_page_477_Figure_2.jpeg,7e23717717760de743fec99ed82db78cf4421d2c7adcbe7cbbd10bd995b65cc6,600144,CHAPTERS/09-Fundamental-Physics.md,U002559,CHAPTERS/09-Fundamental-Physics.md,13,LIVE_MARKDOWN_REFERENCE,REFERENCED,PENDING,,,,[],NOT_REVIEWED,NOT_APPLICABLE,[],[],,,,
A001209,L000528,CHAPTERS/_page_478_Picture_5.jpeg,09a5af411fa216de12bb270b2cbc844a0ee7fe7b635cd9ac0e3aa1aadc5b827d,47066,CHAPTERS/09-Fundamental-Physics.md,U002564,CHAPTERS/09-Fundamental-Physics.md,13,LIVE_MARKDOWN_REFERENCE,REFERENCED,PENDING,,,,[],NOT_REVIEWED,NOT_APPLICABLE,[],[],,,,
A001210,L000529,CHAPTERS/_page_478_Picture_6.jpeg,60f4a7ce3e357e52626445ad52dbdb88a2a1368d5681a1f18d016fc35b1b6e67,58571,CHAPTERS/09-Fundamental-Physics.md,U002565,CHAPTERS/09-Fundamental-Physics.md,13,LIVE_MARKDOWN_REFERENCE,REFERENCED,PENDING,,,,[],NOT_REVIEWED,NOT_APPLICABLE,[],[],,,,
A001211,L000530,CHAPTERS/_page_478_Picture_7.jpeg,08847e766f6933f04aeba6888d678cb5440396c9006209cb7a5f6a5e026b8be1,57644,CHAPTERS/09-Fundamental-Physics.md,U002566,CHAPTERS/09-Fundamental-Physics.md,13,LIVE_MARKDOWN_REFERENCE,REFERENCED,PENDING,,,,[],NOT_REVIEWED,NOT_APPLICABLE,[],[],,,,
A001212,L000531,CHAPTERS/_page_478_Picture_8.jpeg,863c18c54b4444f986b4033fcbc489b741c2d89cbb3c7c5996d646e5bf475667,58091,CHAPTERS/09-Fundamental-Physics.md,U002567,CHAPTERS/09-Fundamental-Physics.md,13,LIVE_MARKDOWN_REFERENCE,REFERENCED,PENDING,,,,[],NOT_REVIEWED,NOT_APPLICABLE,[],[],,,,
A001213,L000532,CHAPTERS/_page_479_Picture_1.jpeg,bb9893bf37b4edfb37980bb82ae6391be14088636b9afdaa575cb72124809df6,145671,CHAPTERS/09-Fundamental-Physics.md,U002569,CHAPTERS/09-Fundamental-Physics.md,13,LIVE_MARKDOWN_REFERENCE,REFERENCED,PENDING,,,,[],NOT_REVIEWED,NOT_APPLICABLE,[],[],,,,
A001214,L000018,CHAPTERS/_page_47_Figure_1.jpeg,cba94acd9b0c17d21581e00a6b42b9950ffa0b6c6abecce3a212c9e5c22ce513,497994,CHAPTERS/02-The-Crucial-Experiment.md,U000227,CHAPTERS/02-The-Crucial-Experiment.md,6,LIVE_MARKDOWN_REFERENCE,REFERENCED,PENDING,,,,[],NOT_REVIEWED,NOT_APPLICABLE,[],[],,,,
A001215,L000019,CHAPTERS/_page_47_Figure_2.jpeg,63eed5f51fc308929ac8c29a057a46155243b02fceda5b93701f196079792787,5938,CHAPTERS/02-The-Crucial-Experiment.md,U000228,CHAPTERS/02-The-Crucial-Experiment.md,6,LIVE_MARKDOWN_REFERENCE,REFERENCED,PENDING,,,,[],NOT_REVIEWED,NOT_APPLICABLE,[],[],,,,
A001216,L000533,CHAPTERS/_page_482_Figure_1.jpeg,fe32a0cfffa8a4d30383e2d8c8c0e46a7661e81638d6fe14ad2cbac87ec93ffc,87279,CHAPTERS/09-Fundamental-Physics.md,U002588,CHAPTERS/09-Fundamental-Physics.md,13,LIVE_MARKDOWN_REFERENCE,REFERENCED,PENDING,,,,[],NOT_REVIEWED,NOT_APPLICABLE,[],[],,,,
A001217,L000534,CHAPTERS/_page_488_Figure_2.jpeg,3589b325d67688d05fe0d9daa22eb1d0894fc119eff367426b00f08b509c0640,119358,CHAPTERS/09-Fundamental-Physics.md,U002629,CHAPTERS/09-Fundamental-Physics.md,13,LIVE_MARKDOWN_REFERENCE,REFERENCED,PENDING,,,,[],NOT_REVIEWED,NOT_APPLICABLE,[],[],,,,
A001218,L000020,CHAPTERS/_page_48_Picture_2.jpeg,e1940f4bfb4f5b05bbf2d33f0211d70e9ff9f4fe295374770045e38c68d42f5a,435265,CHAPTERS/02-The-Crucial-Experiment.md,U000231,CHAPTERS/02-The-Crucial-Experiment.md,6,LIVE_MARKDOWN_REFERENCE,REFERENCED,PENDING,,,,[],NOT_REVIEWED,NOT_APPLICABLE,[],[],,,,
A001219,L000535,CHAPTERS/_page_491_Picture_1.jpeg,8dcab801db1f79c49e46414687199e4888e7830f6705582d3932ac00382a1c39,4262,CHAPTERS/09-Fundamental-Physics.md,U002648,CHAPTERS/09-Fundamental-Physics.md,13,LIVE_MARKDOWN_REFERENCE,REFERENCED,PENDING,,,,[],NOT_REVIEWED,NOT_APPLICABLE,[],[],,,,
A001220,L000536,CHAPTERS/_page_491_Picture_6.jpeg,9e3102bc36ccf0c5c4df49861c43b41690bef3d5d395fc7337030257ff1e4a42,42744,CHAPTERS/09-Fundamental-Physics.md,U002652,CHAPTERS/09-Fundamental-Physics.md,13,LIVE_MARKDOWN_REFERENCE,REFERENCED,PENDING,,,,[],NOT_REVIEWED,NOT_APPLICABLE,[],[],,,,
A001221,L000541,CHAPTERS/_page_492_Picture_10.jpeg,a5aa00ba33fad0da42d4f2aca5d41b903552adc62a82cf6ff215c6d7d971bbf0,3797,CHAPTERS/09-Fundamental-Physics.md,U002663,CHAPTERS/09-Fundamental-Physics.md,13,LIVE_MARKDOWN_REFERENCE,REFERENCED,PENDING,,,,[],NOT_REVIEWED,NOT_APPLICABLE,[],[],,,,
A001222,L000542,CHAPTERS/_page_492_Picture_11.jpeg,89306b42bf3498a6a95a370b4173fb18ccf8f40182f3e78dda52999de56d8877,3967,CHAPTERS/09-Fundamental-Physics.md,U002664,CHAPTERS/09-Fundamental-Physics.md,13,LIVE_MARKDOWN_REFERENCE,REFERENCED,PENDING,,,,[],NOT_REVIEWED,NOT_APPLICABLE,[],[],,,,
A001223,L000543,CHAPTERS/_page_492_Picture_12.jpeg,37a0f103c4179610ce894b109dd957ca685424847ec0134c28e01146cc83cf2c,3845,CHAPTERS/09-Fundamental-Physics.md,U002665,CHAPTERS/09-Fundamental-Physics.md,13,LIVE_MARKDOWN_REFERENCE,REFERENCED,PENDING,,,,[],NOT_REVIEWED,NOT_APPLICABLE,[],[],,,,
A001224,L000537,CHAPTERS/_page_492_Picture_2.jpeg,b0a63b1213ae79615935cd298ef25c551f3ff0e954be16463d1618985a462112,61681,CHAPTERS/09-Fundamental-Physics.md,U002655,CHAPTERS/09-Fundamental-Physics.md,13,LIVE_MARKDOWN_REFERENCE,REFERENCED,PENDING,,,,[],NOT_REVIEWED,NOT_APPLICABLE,[],[],,,,
A001225,L000538,CHAPTERS/_page_492_Picture_7.jpeg,6533e1990d9316443a56a037efb980db7b99caa3d71d855a413a1fbfc2c8c978,4772,CHAPTERS/09-Fundamental-Physics.md,U002660,CHAPTERS/09-Fundamental-Physics.md,13,LIVE_MARKDOWN_REFERENCE,REFERENCED,PENDING,,,,[],NOT_REVIEWED,NOT_APPLICABLE,[],[],,,,
A001226,L000539,CHAPTERS/_page_492_Picture_8.jpeg,6d6e8a572b330bd82e0f1dd05e7d222ebb74635f662200c3373c916dab0ded8c,17109,CHAPTERS/09-Fundamental-Physics.md,U002661,CHAPTERS/09-Fundamental-Physics.md,13,LIVE_MARKDOWN_REFERENCE,REFERENCED,PENDING,,,,[],NOT_REVIEWED,NOT_APPLICABLE,[],[],,,,
A001227,L000540,CHAPTERS/_page_492_Picture_9.jpeg,38f1acc1f901cf157bc67b4540091487b58815ff97d8ba1308cb5567da2eeb69,4232,CHAPTERS/09-Fundamental-Physics.md,U002662,CHAPTERS/09-Fundamental-Physics.md,13,LIVE_MARKDOWN_REFERENCE,REFERENCED,PENDING,,,,[],NOT_REVIEWED,NOT_APPLICABLE,[],[],,,,
A001228,L000544,CHAPTERS/_page_494_Picture_4.jpeg,a59e3d31014704a1dff1edde5036a50813283def791f985c5dffc00457107c7e,203320,CHAPTERS/09-Fundamental-Physics.md,U002675,CHAPTERS/09-Fundamental-Physics.md,13,LIVE_MARKDOWN_REFERENCE,REFERENCED,PENDING,,,,[],NOT_REVIEWED,NOT_APPLICABLE,[],[],,,,
A001229,L000545,CHAPTERS/_page_498_Picture_1.jpeg,093b64cd96ee2dc310aac0ed471e881f4bf63705b4d0f2ddf53ac849c6b5ad30,151593,CHAPTERS/09-Fundamental-Physics.md,U002701,CHAPTERS/09-Fundamental-Physics.md,13,LIVE_MARKDOWN_REFERENCE,REFERENCED,PENDING,,,,[],NOT_REVIEWED,NOT_APPLICABLE,[],[],,,,
A001230,L000021,CHAPTERS/_page_49_Picture_1.jpeg,d4c9a8c3ada60e7a1a905fcda423b72fcbe7a4c2a3c41359bf35897579ef6a96,693467,CHAPTERS/02-The-Crucial-Experiment.md,U000232,CHAPTERS/02-The-Crucial-Experiment.md,6,LIVE_MARKDOWN_REFERENCE,REFERENCED,PENDING,,,,[],NOT_REVIEWED,NOT_APPLICABLE,[],[],,,,
A001231,L000546,CHAPTERS/_page_500_Figure_3.jpeg,bcacb0823dbd5f4d883ec53e87d7a61229d4c39baba4916c0fe0948c34d07c7a,244257,CHAPTERS/09-Fundamental-Physics.md,U002710,CHAPTERS/09-Fundamental-Physics.md,13,LIVE_MARKDOWN_REFERENCE,REFERENCED,PENDING,,,,[],NOT_REVIEWED,NOT_APPLICABLE,[],[],,,,
A001232,L000547,CHAPTERS/_page_502_Picture_8.jpeg,418cb81f5b2c305b338a10e2fc121c3dd33eb9901d51028c744dc43be1ceb472,23671,CHAPTERS/09-Fundamental-Physics.md,U002725,CHAPTERS/09-Fundamental-Physics.md,13,LIVE_MARKDOWN_REFERENCE,REFERENCED,PENDING,,,,[],NOT_REVIEWED,NOT_APPLICABLE,[],[],,,,
A001233,L000548,CHAPTERS/_page_504_Picture_1.jpeg,8c421cfadba7f4dabb02fa4241d5c89243fdf2e5c4b83a4be396a7bdcc6c89ec,215795,CHAPTERS/09-Fundamental-Physics.md,U002732,CHAPTERS/09-Fundamental-Physics.md,13,LIVE_MARKDOWN_REFERENCE,REFERENCED,PENDING,,,,[],NOT_REVIEWED,NOT_APPLICABLE,[],[],,,,
A001234,L000549,CHAPTERS/_page_507_Figure_1.jpeg,af76198eee340a42e367ac06db227772d1dbd3b34c3e824667e62b1ddde5edde,230907,CHAPTERS/09-Fundamental-Physics.md,U002746,CHAPTERS/09-Fundamental-Physics.md,13,LIVE_MARKDOWN_REFERENCE,REFERENCED,PENDING,,,,[],NOT_REVIEWED,NOT_APPLICABLE,[],[],,,,
A001235,L000550,CHAPTERS/_page_508_Figure_2.jpeg,dcfdfccc121e88478ae283c941d68393961d381752b60fd473576e0cc96bc3fe,250635,CHAPTERS/09-Fundamental-Physics.md,U002748,CHAPTERS/09-Fundamental-Physics.md,13,LIVE_MARKDOWN_REFERENCE,REFERENCED,PENDING,,,,[],NOT_REVIEWED,NOT_APPLICABLE,[],[],,,,
A001236,L000551,CHAPTERS/_page_508_Figure_4.jpeg,47d6a771309faf8a14f8f5e0b49ecd683f68d845c7d2cfe1e8d18cf0434dd6e4,15025,CHAPTERS/09-Fundamental-Physics.md,U002749,CHAPTERS/09-Fundamental-Physics.md,13,LIVE_MARKDOWN_REFERENCE,REFERENCED,PENDING,,,,[],NOT_REVIEWED,NOT_APPLICABLE,[],[],,,,
A001237,L000022,CHAPTERS/_page_50_Picture_1.jpeg,dc15ba7fa141a6d6f2f687b914e7c1baf90df061d5d076d7b4729dfd303a15af,698058,CHAPTERS/02-The-Crucial-Experiment.md,U000233,CHAPTERS/02-The-Crucial-Experiment.md,6,LIVE_MARKDOWN_REFERENCE,REFERENCED,PENDING,,,,[],NOT_REVIEWED,NOT_APPLICABLE,[],[],,,,
A001238,L000552,CHAPTERS/_page_510_Picture_1.jpeg,835218ce941907a22967b6124f4585cee7b27560dbd1891b450baa352c3cb573,58496,CHAPTERS/09-Fundamental-Physics.md,U002756,CHAPTERS/09-Fundamental-Physics.md,13,LIVE_MARKDOWN_REFERENCE,REFERENCED,PENDING,,,,[],NOT_REVIEWED,NOT_APPLICABLE,[],[],,,,
A001239,L000553,CHAPTERS/_page_511_Picture_3.jpeg,8283361db9f2be0c04a311a185d45256c4cff07799c135d115caf3ed2827c510,84154,CHAPTERS/09-Fundamental-Physics.md,U002762,CHAPTERS/09-Fundamental-Physics.md,13,LIVE_MARKDOWN_REFERENCE,REFERENCED,PENDING,,,,[],NOT_REVIEWED,NOT_APPLICABLE,[],[],,,,
A001240,L000554,CHAPTERS/_page_512_Figure_5.jpeg,080ad730840dd6a843d4d30c75ba62b861698d7df3b78c5c87bf90ed86faf9f0,133776,CHAPTERS/09-Fundamental-Physics.md,U002771,CHAPTERS/09-Fundamental-Physics.md,13,LIVE_MARKDOWN_REFERENCE,REFERENCED,PENDING,,,,[],NOT_REVIEWED,NOT_APPLICABLE,[],[],,,,
A001241,L000555,CHAPTERS/_page_513_Figure_1.jpeg,eb7fe66bca2a731071a36f7be37bfe5f1fa2185052af4fbb31cd1164bc3663a3,172038,CHAPTERS/09-Fundamental-Physics.md,U002772,CHAPTERS/09-Fundamental-Physics.md,13,LIVE_MARKDOWN_REFERENCE,REFERENCED,PENDING,,,,[],NOT_REVIEWED,NOT_APPLICABLE,[],[],,,,
A001242,L000556,CHAPTERS/_page_515_Figure_1.jpeg,e3e0b00e628e2578ffb8c4cac792d82e5c12a253d6c0495bdb647cf13628c880,189446,CHAPTERS/09-Fundamental-Physics.md,U002780,CHAPTERS/09-Fundamental-Physics.md,13,LIVE_MARKDOWN_REFERENCE,REFERENCED,PENDING,,,,[],NOT_REVIEWED,NOT_APPLICABLE,[],[],,,,
A001243,L000557,CHAPTERS/_page_516_Figure_4.jpeg,ab0d6db45ecf678493d29fd283f549a64ca573b821849d57479957b4893bf43a,32344,CHAPTERS/09-Fundamental-Physics.md,U002784,CHAPTERS/09-Fundamental-Physics.md,13,LIVE_MARKDOWN_REFERENCE,REFERENCED,PENDING,,,,[],NOT_REVIEWED,NOT_APPLICABLE,[],[],,,,
A001244,L000558,CHAPTERS/_page_516_Picture_9.jpeg,a7d3cfd320b1b999736beb7e276afc29a149d6457ee01de0b63cd038c6b13317,9719,CHAPTERS/09-Fundamental-Physics.md,U002789,CHAPTERS/09-Fundamental-Physics.md,13,LIVE_MARKDOWN_REFERENCE,REFERENCED,PENDING,,,,[],NOT_REVIEWED,NOT_APPLICABLE,[],[],,,,
A001245,L000559,CHAPTERS/_page_517_Picture_4.jpeg,5f20effc2eb470792e483fb0d603292970b98d49b88baed4dcf7c75adcc14527,12914,CHAPTERS/09-Fundamental-Physics.md,U002793,CHAPTERS/09-Fundamental-Physics.md,13,LIVE_MARKDOWN_REFERENCE,REFERENCED,PENDING,,,,[],NOT_REVIEWED,NOT_APPLICABLE,[],[],,,,
A001246,L000560,CHAPTERS/_page_517_Picture_5.jpeg,dbf5065b3ad961067610daab1e23633ac207f8909d5ae49784ea5146e8da19c1,11705,CHAPTERS/09-Fundamental-Physics.md,U002794,CHAPTERS/09-Fundamental-Physics.md,13,LIVE_MARKDOWN_REFERENCE,REFERENCED,PENDING,,,,[],NOT_REVIEWED,NOT_APPLICABLE,[],[],,,,
A001247,L000561,CHAPTERS/_page_517_Picture_6.jpeg,6233e7a44fcb102c1a624d6fa6d2ec9ceca20d3e2c4fe7c23b054c6f83b70118,13045,CHAPTERS/09-Fundamental-Physics.md,U002795,CHAPTERS/09-Fundamental-Physics.md,13,LIVE_MARKDOWN_REFERENCE,REFERENCED,PENDING,,,,[],NOT_REVIEWED,NOT_APPLICABLE,[],[],,,,
A001248,L000562,CHAPTERS/_page_517_Picture_7.jpeg,8b26734db4acbaf02c5df551c3d5114b007439e934e0eb56bd8ae963629bda30,19269,CHAPTERS/09-Fundamental-Physics.md,U002796,CHAPTERS/09-Fundamental-Physics.md,13,LIVE_MARKDOWN_REFERENCE,REFERENCED,PENDING,,,,[],NOT_REVIEWED,NOT_APPLICABLE,[],[],,,,
A001249,L000563,CHAPTERS/_page_517_Picture_8.jpeg,35827df06754ee521c0723e81928db4246524d340b22af583a8a3f8a92d1b8d7,1797,CHAPTERS/09-Fundamental-Physics.md,U002797,CHAPTERS/09-Fundamental-Physics.md,13,LIVE_MARKDOWN_REFERENCE,REFERENCED,PENDING,,,,[],NOT_REVIEWED,NOT_APPLICABLE,[],[],,,,
A001250,L000564,CHAPTERS/_page_517_Picture_9.jpeg,9dac733bf28c347e0be4e5f87e2eeffeb301a00c6c590a4d336a54e9f5a64b28,1756,CHAPTERS/09-Fundamental-Physics.md,U002798,CHAPTERS/09-Fundamental-Physics.md,13,LIVE_MARKDOWN_REFERENCE,REFERENCED,PENDING,,,,[],NOT_REVIEWED,NOT_APPLICABLE,[],[],,,,
A001251,L000565,CHAPTERS/_page_519_Picture_8.jpeg,31bb70175308e9a07f7a8b354236d1f17ec1b05db4b1eb9252ad74c2e75d2f52,20077,CHAPTERS/09-Fundamental-Physics.md,U002814,CHAPTERS/09-Fundamental-Physics.md,13,LIVE_MARKDOWN_REFERENCE,REFERENCED,PENDING,,,,[],NOT_REVIEWED,NOT_APPLICABLE,[],[],,,,
A001252,L000023,CHAPTERS/_page_51_Picture_1.jpeg,0c425c89bfc3d5e3570b9b36fcabe357778350cb21d8aa7b2644016fca8254fc,695418,CHAPTERS/02-The-Crucial-Experiment.md,U000234,CHAPTERS/02-The-Crucial-Experiment.md,6,LIVE_MARKDOWN_REFERENCE,REFERENCED,PENDING,,,,[],NOT_REVIEWED,NOT_APPLICABLE,[],[],,,,
A001253,L000566,CHAPTERS/_page_521_Figure_7.jpeg,ef5858c40ad606a55c862642fc61cb4ff0abc18cdd6cb77d851dadc40ff54ab0,15988,CHAPTERS/09-Fundamental-Physics.md,U002827,CHAPTERS/09-Fundamental-Physics.md,13,LIVE_MARKDOWN_REFERENCE,REFERENCED,PENDING,,,,[],NOT_REVIEWED,NOT_APPLICABLE,[],[],,,,
A001254,L000567,CHAPTERS/_page_522_Picture_4.jpeg,879dbd662cd83c096ddfd6e276532f65dacff4fd760968fec387969dccc086af,8954,CHAPTERS/09-Fundamental-Physics.md,U002830,CHAPTERS/09-Fundamental-Physics.md,13,LIVE_MARKDOWN_REFERENCE,REFERENCED,PENDING,,,,[],NOT_REVIEWED,NOT_APPLICABLE,[],[],,,,
A001255,L000568,CHAPTERS/_page_522_Picture_5.jpeg,0578272c30d8a0c0a00b65da651785466d940aa1ce8b90e1c6892c93fa780985,13500,CHAPTERS/09-Fundamental-Physics.md,U002831,CHAPTERS/09-Fundamental-Physics.md,13,LIVE_MARKDOWN_REFERENCE,REFERENCED,PENDING,,,,[],NOT_REVIEWED,NOT_APPLICABLE,[],[],,,,
A001256,L000569,CHAPTERS/_page_522_Picture_7.jpeg,7b9f678b608223e3e4e1d6e14d8973672a598475ab159f282ddadb20361bd499,12498,CHAPTERS/09-Fundamental-Physics.md,U002833,CHAPTERS/09-Fundamental-Physics.md,13,LIVE_MARKDOWN_REFERENCE,REFERENCED,PENDING,,,,[],NOT_REVIEWED,NOT_APPLICABLE,[],[],,,,
A001257,L000570,CHAPTERS/_page_522_Picture_8.jpeg,bd90bd4a5913bc3cd1ef730f126f10e86b3f15480a59c18b0b42eeabcbdfa9df,8668,CHAPTERS/09-Fundamental-Physics.md,U002834,CHAPTERS/09-Fundamental-Physics.md,13,LIVE_MARKDOWN_REFERENCE,REFERENCED,PENDING,,,,[],NOT_REVIEWED,NOT_APPLICABLE,[],[],,,,
A001258,L000571,CHAPTERS/_page_524_Picture_1.jpeg,2beec66f53721344957bc56bca04ece397a54c4f3d6460b4ae13abc4d06f7c6d,50010,CHAPTERS/09-Fundamental-Physics.md,U002845,CHAPTERS/09-Fundamental-Physics.md,13,LIVE_MARKDOWN_REFERENCE,REFERENCED,PENDING,,,,[],NOT_REVIEWED,NOT_APPLICABLE,[],[],,,,
A001259,L000572,CHAPTERS/_page_524_Picture_4.jpeg,0970a5faea88f4627eee24132666956f5143359752fb07d1d423d84fbbf6f82d,34116,CHAPTERS/09-Fundamental-Physics.md,U002848,CHAPTERS/09-Fundamental-Physics.md,13,LIVE_MARKDOWN_REFERENCE,REFERENCED,PENDING,,,,[],NOT_REVIEWED,NOT_APPLICABLE,[],[],,,,
A001260,L000573,CHAPTERS/_page_525_Picture_1.jpeg,e108c722e1df77120b090db7558809994bf62a5d29956e7aa57e1c1b6ee61ce7,3404,CHAPTERS/09-Fundamental-Physics.md,U002851,CHAPTERS/09-Fundamental-Physics.md,13,LIVE_MARKDOWN_REFERENCE,REFERENCED,PENDING,,,,[],NOT_REVIEWED,NOT_APPLICABLE,[],[],,,,
A001261,L000574,CHAPTERS/_page_525_Picture_7.jpeg,6e060a1bd5fed54cc603cec8eb39a0e00ec69955dc3ad5729cd4cd901048d051,15801,CHAPTERS/09-Fundamental-Physics.md,U002856,CHAPTERS/09-Fundamental-Physics.md,13,LIVE_MARKDOWN_REFERENCE,REFERENCED,PENDING,,,,[],NOT_REVIEWED,NOT_APPLICABLE,[],[],,,,
A001262,L000575,CHAPTERS/_page_525_Picture_8.jpeg,bd56413e3eecdced6e89875761a846f0d7985269c88d1e068ea290655322280f,1321,CHAPTERS/09-Fundamental-Physics.md,U002857,CHAPTERS/09-Fundamental-Physics.md,13,LIVE_MARKDOWN_REFERENCE,REFERENCED,PENDING,,,,[],NOT_REVIEWED,NOT_APPLICABLE,[],[],,,,
A001263,L000576,CHAPTERS/_page_526_Picture_2.jpeg,b591788d742b597cf38b5d2b22bc9244ff6f421ee95554d081d9932d0c007c55,215006,CHAPTERS/09-Fundamental-Physics.md,U002862,CHAPTERS/09-Fundamental-Physics.md,13,LIVE_MARKDOWN_REFERENCE,REFERENCED,PENDING,,,,[],NOT_REVIEWED,NOT_APPLICABLE,[],[],,,,
A001264,L000577,CHAPTERS/_page_526_Picture_3.jpeg,4b5cdc6b7c8d89a678938025c29fdf452c95b30433d97a2e82dce50bbece4e11,166204,CHAPTERS/09-Fundamental-Physics.md,U002863,CHAPTERS/09-Fundamental-Physics.md,13,LIVE_MARKDOWN_REFERENCE,REFERENCED,PENDING,,,,[],NOT_REVIEWED,NOT_APPLICABLE,[],[],,,,
A001265,L000578,CHAPTERS/_page_526_Picture_4.jpeg,cc0c3d4e36c30467024b57562029e1df31363e0ab22851bec6f24be409da32a8,22625,CHAPTERS/09-Fundamental-Physics.md,U002864,CHAPTERS/09-Fundamental-Physics.md,13,LIVE_MARKDOWN_REFERENCE,REFERENCED,PENDING,,,,[],NOT_REVIEWED,NOT_APPLICABLE,[],[],,,,
A001266,L000579,CHAPTERS/_page_527_Picture_5.jpeg,e19d6008a15edfe3107a11b4f6b6be0618fd6125760ddb9b3790dbf237918397,71205,CHAPTERS/09-Fundamental-Physics.md,U002870,CHAPTERS/09-Fundamental-Physics.md,13,LIVE_MARKDOWN_REFERENCE,REFERENCED,PENDING,,,,[],NOT_REVIEWED,NOT_APPLICABLE,[],[],,,,
A001267,L000580,CHAPTERS/_page_528_Figure_1.jpeg,4bfed7b1796e8fdb277c6ff4e04c5f86fb8aee3f6ef0eecd57f5d4cca2b618cc,195666,CHAPTERS/09-Fundamental-Physics.md,U002874,CHAPTERS/09-Fundamental-Physics.md,13,LIVE_MARKDOWN_REFERENCE,REFERENCED,PENDING,,,,[],NOT_REVIEWED,NOT_APPLICABLE,[],[],,,,
A001268,L000581,CHAPTERS/_page_529_Picture_2.jpeg,32b7779dcb9af09c1bd8504f8effc867bd1e56265cb2e8773de1b7f77da67a55,32044,CHAPTERS/09-Fundamental-Physics.md,U002876,CHAPTERS/09-Fundamental-Physics.md,13,LIVE_MARKDOWN_REFERENCE,REFERENCED,PENDING,,,,[],NOT_REVIEWED,NOT_APPLICABLE,[],[],,,,
A001269,L000582,CHAPTERS/_page_529_Picture_3.jpeg,43e6d4d5da71e53365ce5f219655e3ea155eba6a21bb958ae48299ff23dec969,18552,CHAPTERS/09-Fundamental-Physics.md,U002877,CHAPTERS/09-Fundamental-Physics.md,13,LIVE_MARKDOWN_REFERENCE,REFERENCED,PENDING,,,,[],NOT_REVIEWED,NOT_APPLICABLE,[],[],,,,
A001270,L000583,CHAPTERS/_page_529_Picture_8.jpeg,aec81d378dd903f1f2342d4bb1fc40266268d596dee63a63bb8c393f83bbbefe,26599,CHAPTERS/09-Fundamental-Physics.md,U002882,CHAPTERS/09-Fundamental-Physics.md,13,LIVE_MARKDOWN_REFERENCE,REFERENCED,PENDING,,,,[],NOT_REVIEWED,NOT_APPLICABLE,[],[],,,,
A001271,L000024,CHAPTERS/_page_52_Picture_1.jpeg,ae71ba9ae77c3bc96bd198974eee8e4959251e6768138e1a256edd7ecc489588,694754,CHAPTERS/02-The-Crucial-Experiment.md,U000235,CHAPTERS/02-The-Crucial-Experiment.md,6,LIVE_MARKDOWN_REFERENCE,REFERENCED,PENDING,,,,[],NOT_REVIEWED,NOT_APPLICABLE,[],[],,,,
A001272,L000584,CHAPTERS/_page_530_Picture_3.jpeg,cf9ef988343575ad2fa46b9d74f636133ccca47da79b6361ffa4f5e7ef554f5f,38900,CHAPTERS/09-Fundamental-Physics.md,U002886,CHAPTERS/09-Fundamental-Physics.md,13,LIVE_MARKDOWN_REFERENCE,REFERENCED,PENDING,,,,[],NOT_REVIEWED,NOT_APPLICABLE,[],[],,,,
A001273,L000585,CHAPTERS/_page_531_Picture_6.jpeg,13d1934f13c30498b1e8c4fcc1d75241023fc194110bf3992047cee96baf0b16,56807,CHAPTERS/09-Fundamental-Physics.md,U002896,CHAPTERS/09-Fundamental-Physics.md,13,LIVE_MARKDOWN_REFERENCE,REFERENCED,PENDING,,,,[],NOT_REVIEWED,NOT_APPLICABLE,[],[],,,,
A001274,L000586,CHAPTERS/_page_533_Picture_1.jpeg,e64bad494401ff3851b6d29e9f31c74bffea6ce5a80cc0792aac472c355c97a3,1983,CHAPTERS/09-Fundamental-Physics.md,U002903,CHAPTERS/09-Fundamental-Physics.md,13,LIVE_MARKDOWN_REFERENCE,REFERENCED,PENDING,,,,[],NOT_REVIEWED,NOT_APPLICABLE,[],[],,,,
A001275,L000592,CHAPTERS/_page_533_Picture_10.jpeg,d80242d74e7922ba6daac234af025f96a4aa73fc4b507b20f4250dc84205a3fa,6218,CHAPTERS/09-Fundamental-Physics.md,U002912,CHAPTERS/09-Fundamental-Physics.md,13,LIVE_MARKDOWN_REFERENCE,REFERENCED,PENDING,,,,[],NOT_REVIEWED,NOT_APPLICABLE,[],[],,,,
A001276,L000593,CHAPTERS/_page_533_Picture_11.jpeg,01adaa068fecf5c0915512a45bd64f1270b04cb759534b7f2e1b25076df9e68d,6420,CHAPTERS/09-Fundamental-Physics.md,U002913,CHAPTERS/09-Fundamental-Physics.md,13,LIVE_MARKDOWN_REFERENCE,REFERENCED,PENDING,,,,[],NOT_REVIEWED,NOT_APPLICABLE,[],[],,,,
A001277,L000587,CHAPTERS/_page_533_Picture_2.jpeg,9923882db2f6187cd54aa5970cf2f73cc91dff8805d901ae8f748185cd313ae1,20564,CHAPTERS/09-Fundamental-Physics.md,U002904,CHAPTERS/09-Fundamental-Physics.md,13,LIVE_MARKDOWN_REFERENCE,REFERENCED,PENDING,,,,[],NOT_REVIEWED,NOT_APPLICABLE,[],[],,,,
A001278,L000588,CHAPTERS/_page_533_Picture_3.jpeg,34372fbb216fdce21dfd48be4115a42050aaaa1376a6c68967de988584382188,45849,CHAPTERS/09-Fundamental-Physics.md,U002905,CHAPTERS/09-Fundamental-Physics.md,13,LIVE_MARKDOWN_REFERENCE,REFERENCED,PENDING,,,,[],NOT_REVIEWED,NOT_APPLICABLE,[],[],,,,
A001279,L000589,CHAPTERS/_page_533_Picture_4.jpeg,b3df4846d29243ff6ee133a965ced3512ddc19918a099859484ff1ea85798d77,43372,CHAPTERS/09-Fundamental-Physics.md,U002906,CHAPTERS/09-Fundamental-Physics.md,13,LIVE_MARKDOWN_REFERENCE,REFERENCED,PENDING,,,,[],NOT_REVIEWED,NOT_APPLICABLE,[],[],,,,
A001280,L000590,CHAPTERS/_page_533_Picture_8.jpeg,0cc714721442b8be8864517e6f56ee88ad830686f3ff23776b997ee0d3cc3344,6146,CHAPTERS/09-Fundamental-Physics.md,U002910,CHAPTERS/09-Fundamental-Physics.md,13,LIVE_MARKDOWN_REFERENCE,REFERENCED,PENDING,,,,[],NOT_REVIEWED,NOT_APPLICABLE,[],[],,,,
A001281,L000591,CHAPTERS/_page_533_Picture_9.jpeg,c6ba923bd59e44d04f571bc45dab2d5d9591378c4acf29a2ee7822ec2df787e2,3014,CHAPTERS/09-Fundamental-Physics.md,U002911,CHAPTERS/09-Fundamental-Physics.md,13,LIVE_MARKDOWN_REFERENCE,REFERENCED,PENDING,,,,[],NOT_REVIEWED,NOT_APPLICABLE,[],[],,,,
A001282,L000594,CHAPTERS/_page_534_Picture_9.jpeg,dcbc75a5a44b5d88b58294a51bc3d06e7f414cec8b4dd462a6f862623f1d3f7d,1884,CHAPTERS/09-Fundamental-Physics.md,U002922,CHAPTERS/09-Fundamental-Physics.md,13,LIVE_MARKDOWN_REFERENCE,REFERENCED,PENDING,,,,[],NOT_REVIEWED,NOT_APPLICABLE,[],[],,,,
A001283,L000595,CHAPTERS/_page_536_Picture_9.jpeg,283e2fb58ca7616e9d691beb0c88e7147b0a57e4d3666ac34a2b355754883747,6692,CHAPTERS/09-Fundamental-Physics.md,U002936,CHAPTERS/09-Fundamental-Physics.md,13,LIVE_MARKDOWN_REFERENCE,REFERENCED,PENDING,,,,[],NOT_REVIEWED,NOT_APPLICABLE,[],[],,,,
A001284,L000596,CHAPTERS/_page_539_Picture_2.jpeg,a19274fe5ccbc83881913dfe427681b1340e25d39e05c51994e0edf1f26eea97,124319,CHAPTERS/09-Fundamental-Physics.md,U002949,CHAPTERS/09-Fundamental-Physics.md,13,LIVE_MARKDOWN_REFERENCE,REFERENCED,PENDING,,,,[],NOT_REVIEWED,NOT_APPLICABLE,[],[],,,,
A001285,L000025,CHAPTERS/_page_53_Picture_2.jpeg,9378231478f70240c74e2202bd434f331349524f0df2d264ad2d28dfe6292df5,744845,CHAPTERS/02-The-Crucial-Experiment.md,U000236,CHAPTERS/02-The-Crucial-Experiment.md,6,LIVE_MARKDOWN_REFERENCE,REFERENCED,PENDING,,,,[],NOT_REVIEWED,NOT_APPLICABLE,[],[],,,,
A001286,L000598,CHAPTERS/_page_540_Picture_11.jpeg,77d8b0009212e73e94b1a0bc8692e5d911c0f40b70994c0b0a7eff21575c64c4,49234,CHAPTERS/09-Fundamental-Physics.md,U002960,CHAPTERS/09-Fundamental-Physics.md,13,LIVE_MARKDOWN_REFERENCE,REFERENCED,PENDING,,,,[],NOT_REVIEWED,NOT_APPLICABLE,[],[],,,,
A001287,L000599,CHAPTERS/_page_540_Picture_12.jpeg,badb3630a0e0bd1a3351c2e9c656a4ef1d4be401deb4734e45dfe43006a382de,7276,CHAPTERS/09-Fundamental-Physics.md,U002961,CHAPTERS/09-Fundamental-Physics.md,13,LIVE_MARKDOWN_REFERENCE,REFERENCED,PENDING,,,,[],NOT_REVIEWED,NOT_APPLICABLE,[],[],,,,
A001288,L000597,CHAPTERS/_page_540_Picture_9.jpeg,a8cbdddc3465ff33883f770df42a6327a02c4e3a75c3db42452d4682cf82f55d,28433,CHAPTERS/09-Fundamental-Physics.md,U002958,CHAPTERS/09-Fundamental-Physics.md,13,LIVE_MARKDOWN_REFERENCE,REFERENCED,PENDING,,,,[],NOT_REVIEWED,NOT_APPLICABLE,[],[],,,,
A001289,L000600,CHAPTERS/_page_541_Picture_3.jpeg,83d828ba45f3f3e7390bf66183643a32c3c7b83646cc3880aedf099a49284c1e,37411,CHAPTERS/09-Fundamental-Physics.md,U002964,CHAPTERS/09-Fundamental-Physics.md,13,LIVE_MARKDOWN_REFERENCE,REFERENCED,PENDING,,,,[],NOT_REVIEWED,NOT_APPLICABLE,[],[],,,,
A001290,L000601,CHAPTERS/_page_541_Picture_4.jpeg,d96c865b43b912ce4e2d6f0c2ddf659eed32f17db48c151161c364187fcc7a1f,43238,CHAPTERS/09-Fundamental-Physics.md,U002965,CHAPTERS/09-Fundamental-Physics.md,13,LIVE_MARKDOWN_REFERENCE,REFERENCED,PENDING,,,,[],NOT_REVIEWED,NOT_APPLICABLE,[],[],,,,
A001291,L000602,CHAPTERS/_page_541_Picture_9.jpeg,8287ea4cfa7fa5eb5da425d4004fd94b9f770f2c0a19985f9549c846f622b883,14659,CHAPTERS/09-Fundamental-Physics.md,U002970,CHAPTERS/09-Fundamental-Physics.md,13,LIVE_MARKDOWN_REFERENCE,REFERENCED,PENDING,,,,[],NOT_REVIEWED,NOT_APPLICABLE,[],[],,,,
A001292,L000603,CHAPTERS/_page_542_Picture_10.jpeg,d04c94cb1f3e5f06688849b3b8c1638dee24dc7e27e759d9075daeb24b7067bf,4158,CHAPTERS/09-Fundamental-Physics.md,U002980,CHAPTERS/09-Fundamental-Physics.md,13,LIVE_MARKDOWN_REFERENCE,REFERENCED,PENDING,,,,[],NOT_REVIEWED,NOT_APPLICABLE,[],[],,,,
A001293,L000604,CHAPTERS/_page_542_Picture_11.jpeg,2ae7206a0689ca84f29b5e0517afe6c3d9d3a1d6ef7addfc330bad4010f28cbc,4295,CHAPTERS/09-Fundamental-Physics.md,U002981,CHAPTERS/09-Fundamental-Physics.md,13,LIVE_MARKDOWN_REFERENCE,REFERENCED,PENDING,,,,[],NOT_REVIEWED,NOT_APPLICABLE,[],[],,,,
A001294,L000605,CHAPTERS/_page_542_Picture_13.jpeg,71ec846d9b285fded9d3ee086f36a7dc3d4257f8f50c522be1eb6d75ce6c2c08,14665,CHAPTERS/09-Fundamental-Physics.md,U002983,CHAPTERS/09-Fundamental-Physics.md,13,LIVE_MARKDOWN_REFERENCE,REFERENCED,PENDING,,,,[],NOT_REVIEWED,NOT_APPLICABLE,[],[],,,,
A001295,L000606,CHAPTERS/_page_546_Picture_3.jpeg,970282866ae6ec9a790dd75ceca65833b943fc4b7010055ceef1efa1115678e4,139431,CHAPTERS/09-Fundamental-Physics.md,U003000,CHAPTERS/09-Fundamental-Physics.md,13,LIVE_MARKDOWN_REFERENCE,REFERENCED,PENDING,,,,[],NOT_REVIEWED,NOT_APPLICABLE,[],[],,,,
A001296,L000607,CHAPTERS/_page_547_Picture_5.jpeg,967bfe147b88030b8530e53d55ab98727436b69b61268fd33fa109c1638a9896,20231,CHAPTERS/09-Fundamental-Physics.md,U003006,CHAPTERS/09-Fundamental-Physics.md,13,LIVE_MARKDOWN_REFERENCE,REFERENCED,PENDING,,,,[],NOT_REVIEWED,NOT_APPLICABLE,[],[],,,,
A001297,L000608,CHAPTERS/_page_547_Picture_6.jpeg,98a83f893f3e484b1af712a09a63d8aa1e61333b845c1986a4b31da590b47747,8582,CHAPTERS/09-Fundamental-Physics.md,U003007,CHAPTERS/09-Fundamental-Physics.md,13,LIVE_MARKDOWN_REFERENCE,REFERENCED,PENDING,,,,[],NOT_REVIEWED,NOT_APPLICABLE,[],[],,,,
A001298,L000609,CHAPTERS/_page_547_Picture_8.jpeg,08e080c7c866363071e1b664a2ac5afcb545a43c0c0ff9c12109171f8de57949,123206,CHAPTERS/09-Fundamental-Physics.md,U003009,CHAPTERS/09-Fundamental-Physics.md,13,LIVE_MARKDOWN_REFERENCE,REFERENCED,PENDING,,,,[],NOT_REVIEWED,NOT_APPLICABLE,[],[],,,,
A001299,L000610,CHAPTERS/_page_548_Picture_7.jpeg,ef6a7086bbc61faad713ef2ac8bf6933b51da417f12631bbd91e62329af0697b,17757,CHAPTERS/09-Fundamental-Physics.md,U003016,CHAPTERS/09-Fundamental-Physics.md,13,LIVE_MARKDOWN_REFERENCE,REFERENCED,PENDING,,,,[],NOT_REVIEWED,NOT_APPLICABLE,[],[],,,,
A001300,L000611,CHAPTERS/_page_555_Picture_1.jpeg,e2f00b0d5e43e03472dcba4f96beebd7afa43a2d993134196d004d57b2e9369d,52576,CHAPTERS/09-Fundamental-Physics.md,U003050,CHAPTERS/09-Fundamental-Physics.md,13,LIVE_MARKDOWN_REFERENCE,REFERENCED,PENDING,,,,[],NOT_REVIEWED,NOT_APPLICABLE,[],[],,,,
A001301,L000612,CHAPTERS/_page_562_Chapter_Opener.jpeg,0688a1a13f5d8facb7f54e86a014952db8f40fe31f85d5bfce55b8f5608e4dea,46540,CHAPTERS/10-Processes-of-Perception-and-Analysis.md,U003084,CHAPTERS/10-Processes-of-Perception-and-Analysis.md,14,LIVE_MARKDOWN_REFERENCE,REFERENCED,PENDING,,,,[],NOT_REVIEWED,NOT_APPLICABLE,[],[],,,,
A001302,L000613,CHAPTERS/_page_564_Picture_2.jpeg,b0e8ee36df5e7596eca2eaf35d476ac6df7a1942e108e74277e875ccf9bd5bd3,23000,CHAPTERS/10-Processes-of-Perception-and-Analysis.md,U003098,CHAPTERS/10-Processes-of-Perception-and-Analysis.md,14,LIVE_MARKDOWN_REFERENCE,REFERENCED,PENDING,,,,[],NOT_REVIEWED,NOT_APPLICABLE,[],[],,,,
A001303,L000614,CHAPTERS/_page_566_Figure_2.jpeg,6d66d95c8e3c286272cded005d60557ce7a075ffebfd268486c23abe13a29a1e,140400,CHAPTERS/10-Processes-of-Perception-and-Analysis.md,U003111,CHAPTERS/10-Processes-of-Perception-and-Analysis.md,14,LIVE_MARKDOWN_REFERENCE,REFERENCED,PENDING,,,,[],NOT_REVIEWED,NOT_APPLICABLE,[],[],,,,
A001304,L000615,CHAPTERS/_page_568_Picture_2.jpeg,294844205dc6647865ccf7c9e17ffb03564456ed95d8582c46282cfcfab4f315,36404,CHAPTERS/10-Processes-of-Perception-and-Analysis.md,U003122,CHAPTERS/10-Processes-of-Perception-and-Analysis.md,14,LIVE_MARKDOWN_REFERENCE,REFERENCED,PENDING,,,,[],NOT_REVIEWED,NOT_APPLICABLE,[],[],,,,
A001305,L000616,CHAPTERS/_page_568_Picture_3.jpeg,725fe614093c0cdfbfbb3eb5fd0ee61139c823fb14a46f5284b5ed612a951ec8,25044,CHAPTERS/10-Processes-of-Perception-and-Analysis.md,U003123,CHAPTERS/10-Processes-of-Perception-and-Analysis.md,14,LIVE_MARKDOWN_REFERENCE,REFERENCED,PENDING,,,,[],NOT_REVIEWED,NOT_APPLICABLE,[],[],,,,
A001306,L000617,CHAPTERS/_page_568_Picture_4.jpeg,394ad070bda95f50d42e1a530158245c0d1c1ca58ab3c9f80fa7876012d5829d,36370,CHAPTERS/10-Processes-of-Perception-and-Analysis.md,U003124,CHAPTERS/10-Processes-of-Perception-and-Analysis.md,14,LIVE_MARKDOWN_REFERENCE,REFERENCED,PENDING,,,,[],NOT_REVIEWED,NOT_APPLICABLE,[],[],,,,
A001307,L000618,CHAPTERS/_page_573_Picture_3.jpeg,df7972f5adc01db0173e3b8db0b852aac09ae15c0c6dd7bb9be0b1f02e60a196,53781,CHAPTERS/10-Processes-of-Perception-and-Analysis.md,U003150,CHAPTERS/10-Processes-of-Perception-and-Analysis.md,14,LIVE_MARKDOWN_REFERENCE,REFERENCED,PENDING,,,,[],NOT_REVIEWED,NOT_APPLICABLE,[],[],,,,
A001308,L000619,CHAPTERS/_page_573_Picture_4.jpeg,8ed0fc873e2c0cc22c69cdd6c692dac90b1c5712e036d8626fa0b16224568e14,51377,CHAPTERS/10-Processes-of-Perception-and-Analysis.md,U003151,CHAPTERS/10-Processes-of-Perception-and-Analysis.md,14,LIVE_MARKDOWN_REFERENCE,REFERENCED,PENDING,,,,[],NOT_REVIEWED,NOT_APPLICABLE,[],[],,,,
A001309,L000620,CHAPTERS/_page_573_Picture_5.jpeg,d9130858306c8c75e26c60cbf936978baeec3cc7da4ffef321684a0e86eccb4e,51837,CHAPTERS/10-Processes-of-Perception-and-Analysis.md,U003152,CHAPTERS/10-Processes-of-Perception-and-Analysis.md,14,LIVE_MARKDOWN_REFERENCE,REFERENCED,PENDING,,,,[],NOT_REVIEWED,NOT_APPLICABLE,[],[],,,,
A001310,L000621,CHAPTERS/_page_575_Figure_5.jpeg,3f81679d8812332b34c6f907dbb4fa0cf85bf512b0b56a856d77fb5874a6cdb7,58746,CHAPTERS/10-Processes-of-Perception-and-Analysis.md,U003167,CHAPTERS/10-Processes-of-Perception-and-Analysis.md,14,LIVE_MARKDOWN_REFERENCE,REFERENCED,PENDING,,,,[],NOT_REVIEWED,NOT_APPLICABLE,[],[],,,,
A001311,L000622,CHAPTERS/_page_576_Figure_4.jpeg,af6f0c64170d7ec290ff508bed88e6e6d5c01fb0bfe3d30131d7408d63c38efa,82301,CHAPTERS/10-Processes-of-Perception-and-Analysis.md,U003171,CHAPTERS/10-Processes-of-Perception-and-Analysis.md,14,LIVE_MARKDOWN_REFERENCE,REFERENCED,PENDING,,,,[],NOT_REVIEWED,NOT_APPLICABLE,[],[],,,,
A001312,L000623,CHAPTERS/_page_577_Picture_4.jpeg,c07ec16718a80ad1f34d59b89fa44273ca2090a09e9a9c42e34b09df4306bfbd,165050,CHAPTERS/10-Processes-of-Perception-and-Analysis.md,U003176,CHAPTERS/10-Processes-of-Perception-and-Analysis.md,14,LIVE_MARKDOWN_REFERENCE,REFERENCED,PENDING,,,,[],NOT_REVIEWED,NOT_APPLICABLE,[],[],,,,
A001313,L000624,CHAPTERS/_page_578_Figure_4.jpeg,0960b1bf18e40c33841266eaee958a0cfb9d47d97c168dd6157ce9794445adb2,116692,CHAPTERS/10-Processes-of-Perception-and-Analysis.md,U003180,CHAPTERS/10-Processes-of-Perception-and-Analysis.md,14,LIVE_MARKDOWN_REFERENCE,REFERENCED,PENDING,,,,[],NOT_REVIEWED,NOT_APPLICABLE,[],[],,,,
A001314,L000625,CHAPTERS/_page_579_Figure_4.jpeg,11afa9d027f2fec85dbf7f1e17e4e7d02980b27d16294a5e8cca5c1810e26cbc,152352,CHAPTERS/10-Processes-of-Perception-and-Analysis.md,U003185,CHAPTERS/10-Processes-of-Perception-and-Analysis.md,14,LIVE_MARKDOWN_REFERENCE,REFERENCED,PENDING,,,,[],NOT_REVIEWED,NOT_APPLICABLE,[],[],,,,
A001315,L000626,CHAPTERS/_page_580_Picture_5.jpeg,914f19f3d8aae9add4bfc0c3d2963d13f52908f40f80e4cf10449c21ec96601d,54750,CHAPTERS/10-Processes-of-Perception-and-Analysis.md,U003190,CHAPTERS/10-Processes-of-Perception-and-Analysis.md,14,LIVE_MARKDOWN_REFERENCE,REFERENCED,PENDING,,,,[],NOT_REVIEWED,NOT_APPLICABLE,[],[],,,,
A001316,L000627,CHAPTERS/_page_581_Picture_4.jpeg,60e2e09fecf894d52aa7963ad893de3d16d8948fdd71d552d0089711e68d18aa,62099,CHAPTERS/10-Processes-of-Perception-and-Analysis.md,U003194,CHAPTERS/10-Processes-of-Perception-and-Analysis.md,14,LIVE_MARKDOWN_REFERENCE,REFERENCED,PENDING,,,,[],NOT_REVIEWED,NOT_APPLICABLE,[],[],,,,
A001317,L000628,CHAPTERS/_page_582_Figure_3.jpeg,e92a8e02c3f7d603df892ffd75c1071cfb6447a475db549605ac6183d69fac7b,167532,CHAPTERS/10-Processes-of-Perception-and-Analysis.md,U003197,CHAPTERS/10-Processes-of-Perception-and-Analysis.md,14,LIVE_MARKDOWN_REFERENCE,REFERENCED,PENDING,,,,[],NOT_REVIEWED,NOT_APPLICABLE,[],[],,,,
A001318,L000629,CHAPTERS/_page_583_Figure_2.jpeg,e5f2a52133f632cf93a188df668d7148999c8b664a698607dd6e9f8b1df4ebf5,194507,CHAPTERS/10-Processes-of-Perception-and-Analysis.md,U003202,CHAPTERS/10-Processes-of-Perception-and-Analysis.md,14,LIVE_MARKDOWN_REFERENCE,REFERENCED,PENDING,,,,[],NOT_REVIEWED,NOT_APPLICABLE,[],[],,,,
A001319,L000630,CHAPTERS/_page_584_Figure_1.jpeg,bca18726a49525d35555871a4819e45dac5ec1fbe04c6a57253af8b8af9a5100,108582,CHAPTERS/10-Processes-of-Perception-and-Analysis.md,U003204,CHAPTERS/10-Processes-of-Perception-and-Analysis.md,14,LIVE_MARKDOWN_REFERENCE,REFERENCED,PENDING,,,,[],NOT_REVIEWED,NOT_APPLICABLE,[],[],,,,
A001320,L000631,CHAPTERS/_page_584_Figure_4.jpeg,e6ac3726debce6d7596e6496ef849c380cb1e743629bf40685e4cf6de97c3816,16819,CHAPTERS/10-Processes-of-Perception-and-Analysis.md,U003207,CHAPTERS/10-Processes-of-Perception-and-Analysis.md,14,LIVE_MARKDOWN_REFERENCE,REFERENCED,PENDING,,,,[],NOT_REVIEWED,NOT_APPLICABLE,[],[],,,,
A001321,L000632,CHAPTERS/_page_586_Figure_1.jpeg,aa8feba9dd3f97d6fa3e09555e0166dbdc89d25703239876989c136ba21d1689,323764,CHAPTERS/10-Processes-of-Perception-and-Analysis.md,U003216,CHAPTERS/10-Processes-of-Perception-and-Analysis.md,14,LIVE_MARKDOWN_REFERENCE,REFERENCED,PENDING,,,,[],NOT_REVIEWED,NOT_APPLICABLE,[],[],,,,
A001322,L000633,CHAPTERS/_page_587_Figure_6.jpeg,4593068b703d9bd4e1360ca935ae3c0667159f706cee025c5505221a0c788345,106545,CHAPTERS/10-Processes-of-Perception-and-Analysis.md,U003221,CHAPTERS/10-Processes-of-Perception-and-Analysis.md,14,LIVE_MARKDOWN_REFERENCE,REFERENCED,PENDING,,,,[],NOT_REVIEWED,NOT_APPLICABLE,[],[],,,,
A001323,L000634,CHAPTERS/_page_587_Figure_7.jpeg,52dc7bec727a7af83d2d5634e1bd1fc71dd588c9d2163637f06ecde220fb682b,51948,CHAPTERS/10-Processes-of-Perception-and-Analysis.md,U003222,CHAPTERS/10-Processes-of-Perception-and-Analysis.md,14,LIVE_MARKDOWN_REFERENCE,REFERENCED,PENDING,,,,[],NOT_REVIEWED,NOT_APPLICABLE,[],[],,,,
A001324,L000635,CHAPTERS/_page_588_Figure_1.jpeg,195a7dd4b85a954e0f76798410958823be983ed232fb5001f84bc07f0f7fff15,343437,CHAPTERS/10-Processes-of-Perception-and-Analysis.md,U003224,CHAPTERS/10-Processes-of-Perception-and-Analysis.md,14,LIVE_MARKDOWN_REFERENCE,REFERENCED,PENDING,,,,[],NOT_REVIEWED,NOT_APPLICABLE,[],[],,,,
A001325,L000026,CHAPTERS/_page_58_Picture_2.jpeg,85543c52675bd8f1b78560594013918324ff98fa18544ee47e99bce55ccd29c4,380044,CHAPTERS/02-The-Crucial-Experiment.md,U000264,CHAPTERS/02-The-Crucial-Experiment.md,6,LIVE_MARKDOWN_REFERENCE,REFERENCED,PENDING,,,,[],NOT_REVIEWED,NOT_APPLICABLE,[],[],,,,
A001326,L000636,CHAPTERS/_page_590_Figure_2.jpeg,9db688aff72e39526a3253654eb6c40c842441605e96eced72be47c565d37c03,165536,CHAPTERS/10-Processes-of-Perception-and-Analysis.md,U003232,CHAPTERS/10-Processes-of-Perception-and-Analysis.md,14,LIVE_MARKDOWN_REFERENCE,REFERENCED,PENDING,,,,[],NOT_REVIEWED,NOT_APPLICABLE,[],[],,,,
A001327,L000637,CHAPTERS/_page_591_Picture_2.jpeg,6e8922b56593d17d139120f86251c4d19755c5ded6d90c08d918fe0147562ff4,480065,CHAPTERS/10-Processes-of-Perception-and-Analysis.md,U003235,CHAPTERS/10-Processes-of-Perception-and-Analysis.md,14,LIVE_MARKDOWN_REFERENCE,REFERENCED,PENDING,,,,[],NOT_REVIEWED,NOT_APPLICABLE,[],[],,,,
A001328,L000638,CHAPTERS/_page_593_Picture_1.jpeg,056893064c7fc2a23890aae2b7012eaf24289d11a2dd8082c2cf7e32f74a0d43,391590,CHAPTERS/10-Processes-of-Perception-and-Analysis.md,U003243,CHAPTERS/10-Processes-of-Perception-and-Analysis.md,14,LIVE_MARKDOWN_REFERENCE,REFERENCED,PENDING,,,,[],NOT_REVIEWED,NOT_APPLICABLE,[],[],,,,
A001329,L000639,CHAPTERS/_page_594_Picture_5.jpeg,a45e5167bdcb769d5c8fac3d2598515f45c88a7f8f9873bb0d8e7bae12a84e14,28460,CHAPTERS/10-Processes-of-Perception-and-Analysis.md,U003249,CHAPTERS/10-Processes-of-Perception-and-Analysis.md,14,LIVE_MARKDOWN_REFERENCE,REFERENCED,PENDING,,,,[],NOT_REVIEWED,NOT_APPLICABLE,[],[],,,,
A001330,L000640,CHAPTERS/_page_594_Picture_6.jpeg,42d56967b498077397ef788fd3919d4b1b448cd44cffffd0366270ee5db25af0,27326,CHAPTERS/10-Processes-of-Perception-and-Analysis.md,U003250,CHAPTERS/10-Processes-of-Perception-and-Analysis.md,14,LIVE_MARKDOWN_REFERENCE,REFERENCED,PENDING,,,,[],NOT_REVIEWED,NOT_APPLICABLE,[],[],,,,
A001331,L000641,CHAPTERS/_page_594_Picture_7.jpeg,af08e1c6ec6f8a1192dc68ffa9a0aee9fed1c0400b2a514e8b845db0773930d1,28041,CHAPTERS/10-Processes-of-Perception-and-Analysis.md,U003251,CHAPTERS/10-Processes-of-Perception-and-Analysis.md,14,LIVE_MARKDOWN_REFERENCE,REFERENCED,PENDING,,,,[],NOT_REVIEWED,NOT_APPLICABLE,[],[],,,,
A001332,L000642,CHAPTERS/_page_594_Picture_8.jpeg,8bfc57a4dcab2c648754f7dfc014777bd7b3dc830b2535ffe3c2701164d407c9,26618,CHAPTERS/10-Processes-of-Perception-and-Analysis.md,U003252,CHAPTERS/10-Processes-of-Perception-and-Analysis.md,14,LIVE_MARKDOWN_REFERENCE,REFERENCED,PENDING,,,,[],NOT_REVIEWED,NOT_APPLICABLE,[],[],,,,
A001333,L000643,CHAPTERS/_page_595_Picture_1.jpeg,efd5824bb28ac18945972094ca82d1f5c7cfc210f112347cf83ea4a7fde6743b,100629,CHAPTERS/10-Processes-of-Perception-and-Analysis.md,U003255,CHAPTERS/10-Processes-of-Perception-and-Analysis.md,14,LIVE_MARKDOWN_REFERENCE,REFERENCED,PENDING,,,,[],NOT_REVIEWED,NOT_APPLICABLE,[],[],,,,
A001334,L000644,CHAPTERS/_page_595_Picture_2.jpeg,61d2475d963617ed497775e8ed6d125bd7d68dea9c751b88b6beacad52874687,100800,CHAPTERS/10-Processes-of-Perception-and-Analysis.md,U003256,CHAPTERS/10-Processes-of-Perception-and-Analysis.md,14,LIVE_MARKDOWN_REFERENCE,REFERENCED,PENDING,,,,[],NOT_REVIEWED,NOT_APPLICABLE,[],[],,,,
A001335,L000645,CHAPTERS/_page_596_Figure_2.jpeg,6ecbfc6df07925d36b3714d57cf5342afd12f874eb258089668272f3034f8c5f,265903,CHAPTERS/10-Processes-of-Perception-and-Analysis.md,U003261,CHAPTERS/10-Processes-of-Perception-and-Analysis.md,14,LIVE_MARKDOWN_REFERENCE,REFERENCED,PENDING,,,,[],NOT_REVIEWED,NOT_APPLICABLE,[],[],,,,
A001336,L000646,CHAPTERS/_page_597_Picture_4.jpeg,af141871d07013cbc96cc7668acf1f54d903ae3f2f1f87f2933435b165780cc6,117732,CHAPTERS/10-Processes-of-Perception-and-Analysis.md,U003265,CHAPTERS/10-Processes-of-Perception-and-Analysis.md,14,LIVE_MARKDOWN_REFERENCE,REFERENCED,PENDING,,,,[],NOT_REVIEWED,NOT_APPLICABLE,[],[],,,,
A001337,L000647,CHAPTERS/_page_598_Figure_2.jpeg,f5bc4bb286bf303dfd249053941a86aa4c6e6c08403b5f67cfa4f29db587c380,251707,CHAPTERS/10-Processes-of-Perception-and-Analysis.md,U003269,CHAPTERS/10-Processes-of-Perception-and-Analysis.md,14,LIVE_MARKDOWN_REFERENCE,REFERENCED,PENDING,,,,[],NOT_REVIEWED,NOT_APPLICABLE,[],[],,,,
A001338,L000648,CHAPTERS/_page_599_Figure_1.jpeg,ed9f0e0653f2b7afd93de59cc95aa907d04414db51bda70c4d2e1de29865af90,201821,CHAPTERS/10-Processes-of-Perception-and-Analysis.md,U003274,CHAPTERS/10-Processes-of-Perception-and-Analysis.md,14,LIVE_MARKDOWN_REFERENCE,REFERENCED,PENDING,,,,[],NOT_REVIEWED,NOT_APPLICABLE,[],[],,,,
A001339,L000649,CHAPTERS/_page_600_Picture_9.jpeg,6f024aa00a268dc7ab324cc312b69bac459eaa25e88fbc6344967e4d1bed7cb3,4654,CHAPTERS/10-Processes-of-Perception-and-Analysis.md,U003285,CHAPTERS/10-Processes-of-Perception-and-Analysis.md,14,LIVE_MARKDOWN_REFERENCE,REFERENCED,PENDING,,,,[],NOT_REVIEWED,NOT_APPLICABLE,[],[],,,,
A001340,L000650,CHAPTERS/_page_601_Figure_3.jpeg,b399a348775c19e83066455f68d8be869e4b8b446f1d9231b1525afa6b2cc0f5,137817,CHAPTERS/10-Processes-of-Perception-and-Analysis.md,U003289,CHAPTERS/10-Processes-of-Perception-and-Analysis.md,14,LIVE_MARKDOWN_REFERENCE,REFERENCED,PENDING,,,,[],NOT_REVIEWED,NOT_APPLICABLE,[],[],,,,
A001341,L000651,CHAPTERS/_page_602_Figure_5.jpeg,439e71b80ca2645b97f249490308e436db49b69afd97781cb5bd5e22119325da,26204,CHAPTERS/10-Processes-of-Perception-and-Analysis.md,U003294,CHAPTERS/10-Processes-of-Perception-and-Analysis.md,14,LIVE_MARKDOWN_REFERENCE,REFERENCED,PENDING,,,,[],NOT_REVIEWED,NOT_APPLICABLE,[],[],,,,
A001342,L000652,CHAPTERS/_page_605_Picture_4.jpeg,1f4ed7e245f42f73d39346dad7e3641087cc8a9c5756edd0fbd3e9620e1e8dcf,13085,CHAPTERS/10-Processes-of-Perception-and-Analysis.md,U003311,CHAPTERS/10-Processes-of-Perception-and-Analysis.md,14,LIVE_MARKDOWN_REFERENCE,REFERENCED,PENDING,,,,[],NOT_REVIEWED,NOT_APPLICABLE,[],[],,,,
A001343,L000653,CHAPTERS/_page_606_Picture_4.jpeg,638eb85891ec4c136378ed0f4998fce2ce81187eb4825fc62fdeb88540aa4ba7,217453,CHAPTERS/10-Processes-of-Perception-and-Analysis.md,U003315,CHAPTERS/10-Processes-of-Perception-and-Analysis.md,14,LIVE_MARKDOWN_REFERENCE,REFERENCED,PENDING,,,,[],NOT_REVIEWED,NOT_APPLICABLE,[],[],,,,
A001344,L000654,CHAPTERS/_page_607_Figure_4.jpeg,2c00c052151af2955a40adbc15ab3d1d843c62ff76d84114c0151d2779d40a88,81933,CHAPTERS/10-Processes-of-Perception-and-Analysis.md,U003319,CHAPTERS/10-Processes-of-Perception-and-Analysis.md,14,LIVE_MARKDOWN_REFERENCE,REFERENCED,PENDING,,,,[],NOT_REVIEWED,NOT_APPLICABLE,[],[],,,,
A001345,L000655,CHAPTERS/_page_609_Block_Frequency_Panels.jpeg,2eae3f22577a012d78ff23500d0909dbda9f9bb1f7488794c57fa9450ccfd5f4,124607,CHAPTERS/10-Processes-of-Perception-and-Analysis.md,U003331,CHAPTERS/10-Processes-of-Perception-and-Analysis.md,14,LIVE_MARKDOWN_REFERENCE,REFERENCED,PENDING,,,,[],NOT_REVIEWED,NOT_APPLICABLE,[],[],,,,
A001346,L000656,CHAPTERS/_page_609_Picture_2.jpeg,a701cd6cd935009250ba7bd269517ffe382f60ddb4cb364b98fb5a2c1dd2eb37,7463,CHAPTERS/10-Processes-of-Perception-and-Analysis.md,U003332,CHAPTERS/10-Processes-of-Perception-and-Analysis.md,14,LIVE_MARKDOWN_REFERENCE,REFERENCED,PENDING,,,,[],NOT_REVIEWED,NOT_APPLICABLE,[],[],,,,
A001347,L000657,CHAPTERS/_page_612_Picture_2.jpeg,4c8698d6a3e201c7580b2b57382e75fcbff6c0cdfebff78db56678a285a55a2e,455367,CHAPTERS/10-Processes-of-Perception-and-Analysis.md,U003349,CHAPTERS/10-Processes-of-Perception-and-Analysis.md,14,LIVE_MARKDOWN_REFERENCE,REFERENCED,PENDING,,,,[],NOT_REVIEWED,NOT_APPLICABLE,[],[],,,,
A001348,L000658,CHAPTERS/_page_613_Picture_8.jpeg,a940debcae16f6f62c81f23ffae689a051bfd0ef85c89225972c8cee3d3d6a18,9170,CHAPTERS/10-Processes-of-Perception-and-Analysis.md,U003358,CHAPTERS/10-Processes-of-Perception-and-Analysis.md,14,LIVE_MARKDOWN_REFERENCE,REFERENCED,PENDING,,,,[],NOT_REVIEWED,NOT_APPLICABLE,[],[],,,,
A001349,L000659,CHAPTERS/_page_614_Vigenere_Example.jpeg,d70b0800e74e8b3e0fad54fce53882b01c503d542d4bf0421098c19779d883e5,154509,CHAPTERS/10-Processes-of-Perception-and-Analysis.md,U003360,CHAPTERS/10-Processes-of-Perception-and-Analysis.md,14,LIVE_MARKDOWN_REFERENCE,REFERENCED,PENDING,,,,[],NOT_REVIEWED,NOT_APPLICABLE,[],[],,,,
A001350,L000660,CHAPTERS/_page_615_Figure_6.jpeg,66ea888a0cf1d97ce51106d0484f777f1fa420f99057d7d94c6157f10c164a5d,29873,CHAPTERS/10-Processes-of-Perception-and-Analysis.md,U003367,CHAPTERS/10-Processes-of-Perception-and-Analysis.md,14,LIVE_MARKDOWN_REFERENCE,REFERENCED,PENDING,,,,[],NOT_REVIEWED,NOT_APPLICABLE,[],[],,,,
A001351,L000661,CHAPTERS/_page_615_Figure_7.jpeg,ad2e8458c178fbda320d91b7623426268fc10fa019a146f8266449fee1b57ab9,28710,CHAPTERS/10-Processes-of-Perception-and-Analysis.md,U003368,CHAPTERS/10-Processes-of-Perception-and-Analysis.md,14,LIVE_MARKDOWN_REFERENCE,REFERENCED,PENDING,,,,[],NOT_REVIEWED,NOT_APPLICABLE,[],[],,,,
A001352,L000662,CHAPTERS/_page_615_Figure_8.jpeg,186d149e16069f21e42ce8baaa69f475b5ebdb7c70b880b56d148208417814ee,29235,CHAPTERS/10-Processes-of-Perception-and-Analysis.md,U003369,CHAPTERS/10-Processes-of-Perception-and-Analysis.md,14,LIVE_MARKDOWN_REFERENCE,REFERENCED,PENDING,,,,[],NOT_REVIEWED,NOT_APPLICABLE,[],[],,,,
A001353,L000663,CHAPTERS/_page_616_Figure_4.jpeg,a3e50859768c7f1414640999ea59b0632fa901c6975652424825d57eb9b2a9aa,36961,CHAPTERS/10-Processes-of-Perception-and-Analysis.md,U003373,CHAPTERS/10-Processes-of-Perception-and-Analysis.md,14,LIVE_MARKDOWN_REFERENCE,REFERENCED,PENDING,,,,[],NOT_REVIEWED,NOT_APPLICABLE,[],[],,,,
A001354,L000664,CHAPTERS/_page_617_Figure_3.jpeg,0a909cfa5b0be0e02e51e630bf1f1e938051ffd7db6c24e01ca37ccf610a89e3,71431,CHAPTERS/10-Processes-of-Perception-and-Analysis.md,U003377,CHAPTERS/10-Processes-of-Perception-and-Analysis.md,14,LIVE_MARKDOWN_REFERENCE,REFERENCED,PENDING,,,,[],NOT_REVIEWED,NOT_APPLICABLE,[],[],,,,
A001355,L000665,CHAPTERS/_page_617_Figure_5.jpeg,0950f2f74e265aef2f5839b18fb54a08e3077800e3abe89c6c5fa80224fff66b,19775,CHAPTERS/10-Processes-of-Perception-and-Analysis.md,U003378,CHAPTERS/10-Processes-of-Perception-and-Analysis.md,14,LIVE_MARKDOWN_REFERENCE,REFERENCED,PENDING,,,,[],NOT_REVIEWED,NOT_APPLICABLE,[],[],,,,
A001356,L000666,CHAPTERS/_page_618_Figure_4.jpeg,bd1b6d90dfc2bb4748bca652186fe1f7d50eb7b797515c7131c781d30643f554,84271,CHAPTERS/10-Processes-of-Perception-and-Analysis.md,U003385,CHAPTERS/10-Processes-of-Perception-and-Analysis.md,14,LIVE_MARKDOWN_REFERENCE,REFERENCED,PENDING,,,,[],NOT_REVIEWED,NOT_APPLICABLE,[],[],,,,
A001357,L000667,CHAPTERS/_page_619_Figure_3.jpeg,f4ea4b4ebf2f6372f0357e7050f16e5a956eb01e1749e658ae77c55cdce075f0,67110,CHAPTERS/10-Processes-of-Perception-and-Analysis.md,U003391,CHAPTERS/10-Processes-of-Perception-and-Analysis.md,14,LIVE_MARKDOWN_REFERENCE,REFERENCED,PENDING,,,,[],NOT_REVIEWED,NOT_APPLICABLE,[],[],,,,
A001358,L000668,CHAPTERS/_page_619_Figure_4.jpeg,9302fa6e81fa797ad5614dc4b3cbd16c4a3a0416240ace6ca7182a44fedc8cde,35946,CHAPTERS/10-Processes-of-Perception-and-Analysis.md,U003392,CHAPTERS/10-Processes-of-Perception-and-Analysis.md,14,LIVE_MARKDOWN_REFERENCE,REFERENCED,PENDING,,,,[],NOT_REVIEWED,NOT_APPLICABLE,[],[],,,,
A001359,L000669,CHAPTERS/_page_620_Picture_4.jpeg,3b6faa3559925d881d0c9f127c56f1478a87b4a27ce6b3d9f481527d2a055937,64313,CHAPTERS/10-Processes-of-Perception-and-Analysis.md,U003397,CHAPTERS/10-Processes-of-Perception-and-Analysis.md,14,LIVE_MARKDOWN_REFERENCE,REFERENCED,PENDING,,,,[],NOT_REVIEWED,NOT_APPLICABLE,[],[],,,,
A001360,L000670,CHAPTERS/_page_621_Figure_5.jpeg,bf4f680253e387df81a948c63499f3d6c0c28b4e8d14cd0d1b1cc8799705cbda,126379,CHAPTERS/10-Processes-of-Perception-and-Analysis.md,U003404,CHAPTERS/10-Processes-of-Perception-and-Analysis.md,14,LIVE_MARKDOWN_REFERENCE,REFERENCED,PENDING,,,,[],NOT_REVIEWED,NOT_APPLICABLE,[],[],,,,
A001361,L000671,CHAPTERS/_page_622_Repetitive_Lookup.jpeg,eafe84c58f407037018b40e793df5a4e91c63a3cbb05450c9eaef8205e8e24a3,5938,CHAPTERS/10-Processes-of-Perception-and-Analysis.md,U003411,CHAPTERS/10-Processes-of-Perception-and-Analysis.md,14,LIVE_MARKDOWN_REFERENCE,REFERENCED,PENDING,,,,[],NOT_REVIEWED,NOT_APPLICABLE,[],[],,,,
A001362,L000673,CHAPTERS/_page_623_Coordinate_Grid.jpeg,2e0cc562508e2ba3848d57594a7df8da163c8558592c8dcfc3890edfa0ec52b6,432103,CHAPTERS/10-Processes-of-Perception-and-Analysis.md,U003414,CHAPTERS/10-Processes-of-Perception-and-Analysis.md,14,LIVE_MARKDOWN_REFERENCE,REFERENCED,PENDING,,,,[],NOT_REVIEWED,NOT_APPLICABLE,[],[],,,,
A001363,L000672,CHAPTERS/_page_623_Picture_1.jpeg,6b32debc0a3ae9ce898ac103f882137cce41c2ad91330e6dc92a6cc21849c618,37741,CHAPTERS/10-Processes-of-Perception-and-Analysis.md,U003413,CHAPTERS/10-Processes-of-Perception-and-Analysis.md,14,LIVE_MARKDOWN_REFERENCE,REFERENCED,PENDING,,,,[],NOT_REVIEWED,NOT_APPLICABLE,[],[],,,,
A001364,L000675,CHAPTERS/_page_623_Picture_3.jpeg,46077b731213938dc4838ff79baf87410e6ef521e586b77f99596300f7b61a1b,7901,CHAPTERS/10-Processes-of-Perception-and-Analysis.md,U003416,CHAPTERS/10-Processes-of-Perception-and-Analysis.md,14,LIVE_MARKDOWN_REFERENCE,REFERENCED,PENDING,,,,[],NOT_REVIEWED,NOT_APPLICABLE,[],[],,,,
A001365,L000674,CHAPTERS/_page_623_Substitution_Rules.jpeg,4a73df48897bf2c1fc18b705a567efa6b2f15d444fe61a1c53891888a8445eeb,7333,CHAPTERS/10-Processes-of-Perception-and-Analysis.md,U003415,CHAPTERS/10-Processes-of-Perception-and-Analysis.md,14,LIVE_MARKDOWN_REFERENCE,REFERENCED,PENDING,,,,[],NOT_REVIEWED,NOT_APPLICABLE,[],[],,,,
A001366,L000676,CHAPTERS/_page_624_Figure_3.jpeg,ac4c0b912be1c737915abc8497a3c8a2a5878bfd5140cf1066df4b1efdccbef7,208974,CHAPTERS/10-Processes-of-Perception-and-Analysis.md,U003419,CHAPTERS/10-Processes-of-Perception-and-Analysis.md,14,LIVE_MARKDOWN_REFERENCE,REFERENCED,PENDING,,,,[],NOT_REVIEWED,NOT_APPLICABLE,[],[],,,,
A001367,L000677,CHAPTERS/_page_626_Figure_2.jpeg,13dc9963c22b91d2dc2b7e5f644e10ed095a79b30f3750862b666c2b5751f807,52856,CHAPTERS/10-Processes-of-Perception-and-Analysis.md,U003430,CHAPTERS/10-Processes-of-Perception-and-Analysis.md,14,LIVE_MARKDOWN_REFERENCE,REFERENCED,PENDING,,,,[],NOT_REVIEWED,NOT_APPLICABLE,[],[],,,,
A001368,L000678,CHAPTERS/_page_626_Figure_3.jpeg,0d67fe1613ead4fba4efc0e40c5518358cff58263a6246172a06a2acbc987d46,62717,CHAPTERS/10-Processes-of-Perception-and-Analysis.md,U003431,CHAPTERS/10-Processes-of-Perception-and-Analysis.md,14,LIVE_MARKDOWN_REFERENCE,REFERENCED,PENDING,,,,[],NOT_REVIEWED,NOT_APPLICABLE,[],[],,,,
A001369,L000679,CHAPTERS/_page_628_Picture_1.jpeg,3dd2b3b3664a317e42ea7ff88da71aa7593bfaa15ea2fc7f3615f8a70c4c2f1b,240031,CHAPTERS/10-Processes-of-Perception-and-Analysis.md,U003439,CHAPTERS/10-Processes-of-Perception-and-Analysis.md,14,LIVE_MARKDOWN_REFERENCE,REFERENCED,PENDING,,,,[],NOT_REVIEWED,NOT_APPLICABLE,[],[],,,,
A001370,L000680,CHAPTERS/_page_629_Figure_1.jpeg,9f0c1bf2f9af5226d6d4170e5a03f31301c1119061f659fe7944f2d83abd7278,90125,CHAPTERS/10-Processes-of-Perception-and-Analysis.md,U003444,CHAPTERS/10-Processes-of-Perception-and-Analysis.md,14,LIVE_MARKDOWN_REFERENCE,REFERENCED,PENDING,,,,[],NOT_REVIEWED,NOT_APPLICABLE,[],[],,,,
A001371,L000681,CHAPTERS/_page_629_Multiplication_Rules.jpeg,f5ae6b30c235ba7d3f50e2efe06e289ecab08ce5030c3f8d2d19a216332ba671,138910,CHAPTERS/10-Processes-of-Perception-and-Analysis.md,U003446,CHAPTERS/10-Processes-of-Perception-and-Analysis.md,14,LIVE_MARKDOWN_REFERENCE,REFERENCED,PENDING,,,,[],NOT_REVIEWED,NOT_APPLICABLE,[],[],,,,
A001372,L000682,CHAPTERS/_page_631_Picture_4.jpeg,a6af8c6071e287d15f7257daa089ffa9321cd09e27ae4661c7f8554c20abfe7f,31267,CHAPTERS/10-Processes-of-Perception-and-Analysis.md,U003454,CHAPTERS/10-Processes-of-Perception-and-Analysis.md,14,LIVE_MARKDOWN_REFERENCE,REFERENCED,PENDING,,,,[],NOT_REVIEWED,NOT_APPLICABLE,[],[],,,,
A001373,L000683,CHAPTERS/_page_631_Picture_5.jpeg,d24ce5cc45a9a4e5693af17dda0a19eb8e03a2fd5dcf372c8a79a94e157a9024,25259,CHAPTERS/10-Processes-of-Perception-and-Analysis.md,U003455,CHAPTERS/10-Processes-of-Perception-and-Analysis.md,14,LIVE_MARKDOWN_REFERENCE,REFERENCED,PENDING,,,,[],NOT_REVIEWED,NOT_APPLICABLE,[],[],,,,
A001374,L000684,CHAPTERS/_page_631_Picture_7.jpeg,66252aab9bcbced1f65ed65a7625858f5e6ad71d4fa1548bf648f57988ba0ea9,16804,CHAPTERS/10-Processes-of-Perception-and-Analysis.md,U003456,CHAPTERS/10-Processes-of-Perception-and-Analysis.md,14,LIVE_MARKDOWN_REFERENCE,REFERENCED,PENDING,,,,[],NOT_REVIEWED,NOT_APPLICABLE,[],[],,,,
A001375,L000686,CHAPTERS/_page_632_Two_Step_Boolean_Rule_30.jpeg,107b5d8c30d67b0fb1703e92ca568f65bd7dc0879da19d62c0f71cbb79deb076,78509,CHAPTERS/10-Processes-of-Perception-and-Analysis.md,U003461,CHAPTERS/10-Processes-of-Perception-and-Analysis.md,14,LIVE_MARKDOWN_REFERENCE,REFERENCED,PENDING,,,,[],NOT_REVIEWED,NOT_APPLICABLE,[],[],,,,
A001376,L000685,CHAPTERS/_page_632_Two_Step_Boolean_Top.jpeg,61a9830e53f03b24364ff5a181489a0047f9d5e932d0ca415b5d65b105ff3f70,173012,CHAPTERS/10-Processes-of-Perception-and-Analysis.md,U003460,CHAPTERS/10-Processes-of-Perception-and-Analysis.md,14,LIVE_MARKDOWN_REFERENCE,REFERENCED,PENDING,,,,[],NOT_REVIEWED,NOT_APPLICABLE,[],[],,,,
A001377,L000687,CHAPTERS/_page_633_Figure_2.jpeg,227e2cd3e0473d1220af95d2a9283fff03f000485cc9c6bd84709766ee1be45a,301423,CHAPTERS/10-Processes-of-Perception-and-Analysis.md,U003467,CHAPTERS/10-Processes-of-Perception-and-Analysis.md,14,LIVE_MARKDOWN_REFERENCE,REFERENCED,PENDING,,,,[],NOT_REVIEWED,NOT_APPLICABLE,[],[],,,,
A001378,L000688,CHAPTERS/_page_634_Figure_3.jpeg,6a03e9c7010aab31ea33016ce278ad123088e7debbf90a74d3f52ebf6f8fe15c,175908,CHAPTERS/10-Processes-of-Perception-and-Analysis.md,U003470,CHAPTERS/10-Processes-of-Perception-and-Analysis.md,14,LIVE_MARKDOWN_REFERENCE,REFERENCED,PENDING,,,,[],NOT_REVIEWED,NOT_APPLICABLE,[],[],,,,
A001379,L000689,CHAPTERS/_page_639_Picture_7.jpeg,497d2ee497e3da006956dd0ffff84259dca3702d3b9f3c1c6d6ca5c0a0c6cc25,66952,CHAPTERS/10-Processes-of-Perception-and-Analysis.md,U003506,CHAPTERS/10-Processes-of-Perception-and-Analysis.md,14,LIVE_MARKDOWN_REFERENCE,REFERENCED,PENDING,,,,[],NOT_REVIEWED,NOT_APPLICABLE,[],[],,,,
A001380,L000690,CHAPTERS/_page_652_Picture_0.jpeg,2c8e8786086d845c76b22be879139d0a2513d81337c203b4abce733e86e33aa6,12786,CHAPTERS/11-The-Notion-of-Computation.md,U003580,CHAPTERS/11-The-Notion-of-Computation.md,15,LIVE_MARKDOWN_REFERENCE,REFERENCED,PENDING,,,,[],NOT_REVIEWED,NOT_APPLICABLE,[],[],,,,
A001381,L000692,CHAPTERS/_page_653_Picture_10.jpeg,ea83cd5a37f60261431542a9a4135152ad1e98b8e5bfc3fcb40a4d43f3e942f2,4787,CHAPTERS/11-The-Notion-of-Computation.md,U003596,CHAPTERS/11-The-Notion-of-Computation.md,15,LIVE_MARKDOWN_REFERENCE,REFERENCED,PENDING,,,,[],NOT_REVIEWED,NOT_APPLICABLE,[],[],,,,
A001382,L000691,CHAPTERS/_page_653_Picture_9.jpeg,1d3731e0ab851505dd84ee6932ec9c9c73eeb3a961a973d0f403d8cb95df2594,46258,CHAPTERS/11-The-Notion-of-Computation.md,U003595,CHAPTERS/11-The-Notion-of-Computation.md,15,LIVE_MARKDOWN_REFERENCE,REFERENCED,PENDING,,,,[],NOT_REVIEWED,NOT_APPLICABLE,[],[],,,,
A001383,L000693,CHAPTERS/_page_654_Figure_3.jpeg,f7656b466108f348f56b68de36d7cf0c56f322f493947254c2d98c9df01c03c8,145529,CHAPTERS/11-The-Notion-of-Computation.md,U003600,CHAPTERS/11-The-Notion-of-Computation.md,15,LIVE_MARKDOWN_REFERENCE,REFERENCED,PENDING,,,,[],NOT_REVIEWED,NOT_APPLICABLE,[],[],,,,
A001384,L000694,CHAPTERS/_page_655_Picture_2.jpeg,dab813a83346cb454e431045292306dcafbfc75e99f4c8301db2086ff1e6eed9,223092,CHAPTERS/11-The-Notion-of-Computation.md,U003604,CHAPTERS/11-The-Notion-of-Computation.md,15,LIVE_MARKDOWN_REFERENCE,REFERENCED,PENDING,,,,[],NOT_REVIEWED,NOT_APPLICABLE,[],[],,,,
A001385,L000695,CHAPTERS/_page_656_Figure_5.jpeg,798dc7b5d0f91cdf447b1b619b8d798b1f85dd2189b7d0a0cd8aff3878a7e13d,15070,CHAPTERS/11-The-Notion-of-Computation.md,U003610,CHAPTERS/11-The-Notion-of-Computation.md,15,LIVE_MARKDOWN_REFERENCE,REFERENCED,PENDING,,,,[],NOT_REVIEWED,NOT_APPLICABLE,[],[],,,,
A001386,L000696,CHAPTERS/_page_656_Figure_6.jpeg,abda0f2c4742048bc00b5a6f6373ebf5898b4735693272c27b04e07eb4f84457,15772,CHAPTERS/11-The-Notion-of-Computation.md,U003611,CHAPTERS/11-The-Notion-of-Computation.md,15,LIVE_MARKDOWN_REFERENCE,REFERENCED,PENDING,,,,[],NOT_REVIEWED,NOT_APPLICABLE,[],[],,,,
A001387,L000697,CHAPTERS/_page_656_Figure_7.jpeg,5ce54fc503579c6c2ca46de984b9c06333291c1a80647ee1587f403328727914,14740,CHAPTERS/11-The-Notion-of-Computation.md,U003612,CHAPTERS/11-The-Notion-of-Computation.md,15,LIVE_MARKDOWN_REFERENCE,REFERENCED,PENDING,,,,[],NOT_REVIEWED,NOT_APPLICABLE,[],[],,,,
A001388,L000698,CHAPTERS/_page_656_Figure_8.jpeg,b0e7ab4fe80380b4cb34138ab509f223ce8aa7db56603efc91804e0ffe563732,12211,CHAPTERS/11-The-Notion-of-Computation.md,U003613,CHAPTERS/11-The-Notion-of-Computation.md,15,LIVE_MARKDOWN_REFERENCE,REFERENCED,PENDING,,,,[],NOT_REVIEWED,NOT_APPLICABLE,[],[],,,,
A001389,L000699,CHAPTERS/_page_656_Picture_13.jpeg,4101e591ef034f1952c57bb5ff69e9f06ee2978ed002e9765d8c7ec475dc8712,10411,CHAPTERS/11-The-Notion-of-Computation.md,U003618,CHAPTERS/11-The-Notion-of-Computation.md,15,LIVE_MARKDOWN_REFERENCE,REFERENCED,PENDING,,,,[],NOT_REVIEWED,NOT_APPLICABLE,[],[],,,,
A001390,L000700,CHAPTERS/_page_656_Picture_14.jpeg,843302d0735ffcb57ab97723c7a35bccbfb75334c0a770f3986eb32b89af21f2,11207,CHAPTERS/11-The-Notion-of-Computation.md,U003619,CHAPTERS/11-The-Notion-of-Computation.md,15,LIVE_MARKDOWN_REFERENCE,REFERENCED,PENDING,,,,[],NOT_REVIEWED,NOT_APPLICABLE,[],[],,,,
A001391,L000701,CHAPTERS/_page_656_Picture_16.jpeg,6ecf7decd6bfb7dac5774c43a31a03d9fe826d58b9ecf767b687a33b4fb2b3af,11572,CHAPTERS/11-The-Notion-of-Computation.md,U003621,CHAPTERS/11-The-Notion-of-Computation.md,15,LIVE_MARKDOWN_REFERENCE,REFERENCED,PENDING,,,,[],NOT_REVIEWED,NOT_APPLICABLE,[],[],,,,
A001392,L000704,CHAPTERS/_page_660_Figure_4.jpeg,c4e50c9439f005ddf7399b41390f0760eda09de3e4fc7677b5d108009026fbd0,5767,CHAPTERS/11-The-Notion-of-Computation.md,U003650,CHAPTERS/11-The-Notion-of-Computation.md,15,LIVE_MARKDOWN_REFERENCE,REFERENCED,PENDING,,,,[],NOT_REVIEWED,NOT_APPLICABLE,[],[],,,,
A001393,L000702,CHAPTERS/_page_660_Picture_1.jpeg,9483f4ba260e94760dd5259cf2acd61947031f7e999a914b8ee00b0318a3901b,367101,CHAPTERS/11-The-Notion-of-Computation.md,U003647,CHAPTERS/11-The-Notion-of-Computation.md,15,LIVE_MARKDOWN_REFERENCE,REFERENCED,PENDING,,,,[],NOT_REVIEWED,NOT_APPLICABLE,[],[],,,,
A001394,L000703,CHAPTERS/_page_660_Picture_2.jpeg,4bbe65f8e0e63494ae10ca1d00db9f971bda2cf7e9bc0f426f620046d5156555,17530,CHAPTERS/11-The-Notion-of-Computation.md,U003648,CHAPTERS/11-The-Notion-of-Computation.md,15,LIVE_MARKDOWN_REFERENCE,REFERENCED,PENDING,,,,[],NOT_REVIEWED,NOT_APPLICABLE,[],[],,,,
A001395,L000705,CHAPTERS/_page_661_Picture_2.jpeg,4b4e8ac41ddead68ab3ee60444410eb850d6f56667a54bd078933582885bc267,376244,CHAPTERS/11-The-Notion-of-Computation.md,U003651,CHAPTERS/11-The-Notion-of-Computation.md,15,LIVE_MARKDOWN_REFERENCE,REFERENCED,PENDING,,,,[],NOT_REVIEWED,NOT_APPLICABLE,[],[],,,,
A001396,L000706,CHAPTERS/_page_661_Picture_4.jpeg,4f9b4611222a79061c5df6029e4497b10edc0b732b4a30f7740093df0d3b7577,7383,CHAPTERS/11-The-Notion-of-Computation.md,U003653,CHAPTERS/11-The-Notion-of-Computation.md,15,LIVE_MARKDOWN_REFERENCE,REFERENCED,PENDING,,,,[],NOT_REVIEWED,NOT_APPLICABLE,[],[],,,,
A001397,L000707,CHAPTERS/_page_661_Picture_5.jpeg,6c09d914af363ed21360f250a47cee027c76de15e34076100e6d3b2c33c69209,23838,CHAPTERS/11-The-Notion-of-Computation.md,U003654,CHAPTERS/11-The-Notion-of-Computation.md,15,LIVE_MARKDOWN_REFERENCE,REFERENCED,PENDING,,,,[],NOT_REVIEWED,NOT_APPLICABLE,[],[],,,,
A001398,L000708,CHAPTERS/_page_662_Picture_1.jpeg,aeecccaedcda879a9b6f5de4f173f977e06cae439de661fda857f1326f306a7b,373433,CHAPTERS/11-The-Notion-of-Computation.md,U003655,CHAPTERS/11-The-Notion-of-Computation.md,15,LIVE_MARKDOWN_REFERENCE,REFERENCED,PENDING,,,,[],NOT_REVIEWED,NOT_APPLICABLE,[],[],,,,
A001399,L000709,CHAPTERS/_page_662_Picture_2.jpeg,f44a638e3ffb2f922be801eb11dcc74b05d84c8efccf426e02f62f47abab70f5,22396,CHAPTERS/11-The-Notion-of-Computation.md,U003656,CHAPTERS/11-The-Notion-of-Computation.md,15,LIVE_MARKDOWN_REFERENCE,REFERENCED,PENDING,,,,[],NOT_REVIEWED,NOT_APPLICABLE,[],[],,,,
A001400,L000710,CHAPTERS/_page_662_Picture_4.jpeg,7e36bf96e254609d50681d194bcb9a88889bf08fd0a4429466416d7bafc85564,7321,CHAPTERS/11-The-Notion-of-Computation.md,U003658,CHAPTERS/11-The-Notion-of-Computation.md,15,LIVE_MARKDOWN_REFERENCE,REFERENCED,PENDING,,,,[],NOT_REVIEWED,NOT_APPLICABLE,[],[],,,,
A001401,L000711,CHAPTERS/_page_663_Picture_3.jpeg,7332d36ff9db7abbe06ddee443cdfa7145ceb553194e5daecdbd8875e08803f0,246020,CHAPTERS/11-The-Notion-of-Computation.md,U003661,CHAPTERS/11-The-Notion-of-Computation.md,15,LIVE_MARKDOWN_REFERENCE,REFERENCED,PENDING,,,,[],NOT_REVIEWED,NOT_APPLICABLE,[],[],,,,
A001402,L000712,CHAPTERS/_page_664_Picture_1.jpeg,40caeb84a05bfb8b4b50c5ff72127463c1bac2b63aa54d69322320cbb4362c3a,212251,CHAPTERS/11-The-Notion-of-Computation.md,U003663,CHAPTERS/11-The-Notion-of-Computation.md,15,LIVE_MARKDOWN_REFERENCE,REFERENCED,PENDING,,,,[],NOT_REVIEWED,NOT_APPLICABLE,[],[],,,,
A001403,L000713,CHAPTERS/_page_664_Picture_3.jpeg,b78bf610653b2db43a54ba7b67469df3ab208f4ec2073fa04820b1b0c35ca6d0,6797,CHAPTERS/11-The-Notion-of-Computation.md,U003665,CHAPTERS/11-The-Notion-of-Computation.md,15,LIVE_MARKDOWN_REFERENCE,REFERENCED,PENDING,,,,[],NOT_REVIEWED,NOT_APPLICABLE,[],[],,,,
A001404,L000714,CHAPTERS/_page_665_Figure_1.jpeg,5d1199c0501bfe2a818c8b74eab7c1138840639f60dfc33eb5b2f6e46d197385,219963,CHAPTERS/11-The-Notion-of-Computation.md,U003666,CHAPTERS/11-The-Notion-of-Computation.md,15,LIVE_MARKDOWN_REFERENCE,REFERENCED,PENDING,,,,[],NOT_REVIEWED,NOT_APPLICABLE,[],[],,,,
A001405,L000715,CHAPTERS/_page_665_Figure_3.jpeg,25ad7df37536d3e634967e6ddd999e6ba5507b3ab004367d729f5676ec234967,6796,CHAPTERS/11-The-Notion-of-Computation.md,U003668,CHAPTERS/11-The-Notion-of-Computation.md,15,LIVE_MARKDOWN_REFERENCE,REFERENCED,PENDING,,,,[],NOT_REVIEWED,NOT_APPLICABLE,[],[],,,,
A001406,L000716,CHAPTERS/_page_666_Figure_1.jpeg,fa5c3b439e1f865e27ba3e5d5a591ce8787eb6dbb0445f174351fc21b74f7c14,221924,CHAPTERS/11-The-Notion-of-Computation.md,U003669,CHAPTERS/11-The-Notion-of-Computation.md,15,LIVE_MARKDOWN_REFERENCE,REFERENCED,PENDING,,,,[],NOT_REVIEWED,NOT_APPLICABLE,[],[],,,,
A001407,L000717,CHAPTERS/_page_666_Figure_3.jpeg,75e70db6c53ab85b7df34d21d42f00cf0618516b54ac3f425b77eaa27cc293e2,5972,CHAPTERS/11-The-Notion-of-Computation.md,U003671,CHAPTERS/11-The-Notion-of-Computation.md,15,LIVE_MARKDOWN_REFERENCE,REFERENCED,PENDING,,,,[],NOT_REVIEWED,NOT_APPLICABLE,[],[],,,,
A001408,L000718,CHAPTERS/_page_668_Figure_2.jpeg,7b208695f232f0b8394b8c0c6166cfc4fcf5af78d6abccdfbe99a662a27b6f93,734136,CHAPTERS/11-The-Notion-of-Computation.md,U003677,CHAPTERS/11-The-Notion-of-Computation.md,15,LIVE_MARKDOWN_REFERENCE,REFERENCED,PENDING,,,,[],NOT_REVIEWED,NOT_APPLICABLE,[],[],,,,
A001409,L000027,CHAPTERS/_page_66_Picture_0.jpeg,56e3e0c5d2b0edceab5b66908427267ad4857adb31041fe3615bcee9568dc100,13673,CHAPTERS/03-The-World-of-Simple-Programs.md,U000306,CHAPTERS/03-The-World-of-Simple-Programs.md,7,LIVE_MARKDOWN_REFERENCE,REFERENCED,PENDING,,,,[],NOT_REVIEWED,NOT_APPLICABLE,[],[],,,,
A001410,L000719,CHAPTERS/_page_670_Figure_1.jpeg,a1a2a5c04b509ecc0357273387b2950d179478c65406427751904987ec9e8d3e,281966,CHAPTERS/11-The-Notion-of-Computation.md,U003685,CHAPTERS/11-The-Notion-of-Computation.md,15,LIVE_MARKDOWN_REFERENCE,REFERENCED,PENDING,,,,[],NOT_REVIEWED,NOT_APPLICABLE,[],[],,,,
A001411,L000720,CHAPTERS/_page_672_Picture_1.jpeg,c9300f944d5146fad2d5b86909857001ff9632d58d06c4a9e8e90118c1c16fd7,64401,CHAPTERS/11-The-Notion-of-Computation.md,U003693,CHAPTERS/11-The-Notion-of-Computation.md,15,LIVE_MARKDOWN_REFERENCE,REFERENCED,PENDING,,,,[],NOT_REVIEWED,NOT_APPLICABLE,[],[],,,,
A001412,L000721,CHAPTERS/_page_672_Picture_3.jpeg,9a6eeba3b31aa9d265993d036bea9f1febef1427a989f7a4154438300393ee39,6676,CHAPTERS/11-The-Notion-of-Computation.md,U003695,CHAPTERS/11-The-Notion-of-Computation.md,15,LIVE_MARKDOWN_REFERENCE,REFERENCED,PENDING,,,,[],NOT_REVIEWED,NOT_APPLICABLE,[],[],,,,
A001413,L000722,CHAPTERS/_page_672_Picture_4.jpeg,91b2a78cc9bfc00cdef4408a8db23ed252b5aae4e3cfd34eebfa5341bc50fcd2,13036,CHAPTERS/11-The-Notion-of-Computation.md,U003696,CHAPTERS/11-The-Notion-of-Computation.md,15,LIVE_MARKDOWN_REFERENCE,REFERENCED,PENDING,,,,[],NOT_REVIEWED,NOT_APPLICABLE,[],[],,,,
A001414,L000723,CHAPTERS/_page_673_Figure_1.jpeg,eb21c4ab3390fc061d3d0903a7955a1d741857c2760b5b2fca514c28ce37332c,34128,CHAPTERS/11-The-Notion-of-Computation.md,U003700,CHAPTERS/11-The-Notion-of-Computation.md,15,LIVE_MARKDOWN_REFERENCE,REFERENCED,PENDING,,,,[],NOT_REVIEWED,NOT_APPLICABLE,[],[],,,,
A001415,L000724,CHAPTERS/_page_673_Figure_2.jpeg,235c5cdab8a148120faf1c70d3f086f7cb3fafe55060f423095793a59eb45e43,48054,CHAPTERS/11-The-Notion-of-Computation.md,U003701,CHAPTERS/11-The-Notion-of-Computation.md,15,LIVE_MARKDOWN_REFERENCE,REFERENCED,PENDING,,,,[],NOT_REVIEWED,NOT_APPLICABLE,[],[],,,,
A001416,L000725,CHAPTERS/_page_673_Figure_3.jpeg,3031ee5733642c968d4cad1194852670741c8efe3a5401e95b9481f3afde4c54,42934,CHAPTERS/11-The-Notion-of-Computation.md,U003702,CHAPTERS/11-The-Notion-of-Computation.md,15,LIVE_MARKDOWN_REFERENCE,REFERENCED,PENDING,,,,[],NOT_REVIEWED,NOT_APPLICABLE,[],[],,,,
A001417,L000726,CHAPTERS/_page_674_Picture_2.jpeg,635708348afe87aad418e8baee43a36dbd4dad7bc9cb90287294621f7dc5f07d,608421,CHAPTERS/11-The-Notion-of-Computation.md,U003707,CHAPTERS/11-The-Notion-of-Computation.md,15,LIVE_MARKDOWN_REFERENCE,REFERENCED,PENDING,,,,[],NOT_REVIEWED,NOT_APPLICABLE,[],[],,,,
A001418,L000727,CHAPTERS/_page_675_Figure_1.jpeg,fd5d18341f9bb6067319739ea18d34467bc3ef5a568a280ecbc8cb693204f38b,231351,CHAPTERS/11-The-Notion-of-Computation.md,U003709,CHAPTERS/11-The-Notion-of-Computation.md,15,LIVE_MARKDOWN_REFERENCE,REFERENCED,PENDING,,,,[],NOT_REVIEWED,NOT_APPLICABLE,[],[],,,,
A001419,L000730,CHAPTERS/_page_676_Figure_7.jpeg,5bdd3f62c3ea0b9e3e115b84cdcfc5c9604af1bab5ea218125ea40c1b3634471,35816,CHAPTERS/11-The-Notion-of-Computation.md,U003718,CHAPTERS/11-The-Notion-of-Computation.md,15,LIVE_MARKDOWN_REFERENCE,REFERENCED,PENDING,,,,[],NOT_REVIEWED,NOT_APPLICABLE,[],[],,,,
A001420,L000728,CHAPTERS/_page_676_Picture_1.jpeg,5a73a9c6a7fa9475af982543a0537aa5f6306f75d35aefe3b17d58575d3f8db4,69882,CHAPTERS/11-The-Notion-of-Computation.md,U003713,CHAPTERS/11-The-Notion-of-Computation.md,15,LIVE_MARKDOWN_REFERENCE,REFERENCED,PENDING,,,,[],NOT_REVIEWED,NOT_APPLICABLE,[],[],,,,
A001421,L000729,CHAPTERS/_page_676_Picture_2.jpeg,6be58cc0166e6361a2066a3339f0e2aaa6e8964f3bd7ad9000b8933ba2f8a22d,5379,CHAPTERS/11-The-Notion-of-Computation.md,U003714,CHAPTERS/11-The-Notion-of-Computation.md,15,LIVE_MARKDOWN_REFERENCE,REFERENCED,PENDING,,,,[],NOT_REVIEWED,NOT_APPLICABLE,[],[],,,,
A001422,L000731,CHAPTERS/_page_677_Figure_2.jpeg,8a59e423d080cdcfd5fbeb61170c099dc6ec904702e27385627427d56373f543,173594,CHAPTERS/11-The-Notion-of-Computation.md,U003721,CHAPTERS/11-The-Notion-of-Computation.md,15,LIVE_MARKDOWN_REFERENCE,REFERENCED,PENDING,,,,[],NOT_REVIEWED,NOT_APPLICABLE,[],[],,,,
A001423,L000732,CHAPTERS/_page_678_Figure_1.jpeg,9314399130b46e0e5723314c2f5760910bf70dfd1ca2827d61a69e37872a322c,149355,CHAPTERS/11-The-Notion-of-Computation.md,U003723,CHAPTERS/11-The-Notion-of-Computation.md,15,LIVE_MARKDOWN_REFERENCE,REFERENCED,PENDING,,,,[],NOT_REVIEWED,NOT_APPLICABLE,[],[],,,,
A001424,L000733,CHAPTERS/_page_679_Figure_5.jpeg,ce5b4313a59c7674d0d3b42f71695a50f0d5e8b30ac3bfeb66e60d6ead6c831a,152274,CHAPTERS/11-The-Notion-of-Computation.md,U003732,CHAPTERS/11-The-Notion-of-Computation.md,15,LIVE_MARKDOWN_REFERENCE,REFERENCED,PENDING,,,,[],NOT_REVIEWED,NOT_APPLICABLE,[],[],,,,
A001425,L000028,CHAPTERS/_page_67_Picture_1.jpeg,55ad7d72196028133e7e555329a045d256ca9093341537fc0716eaef3b563134,111090,CHAPTERS/03-The-World-of-Simple-Programs.md,U000314,CHAPTERS/03-The-World-of-Simple-Programs.md,7,LIVE_MARKDOWN_REFERENCE,REFERENCED,PENDING,,,,[],NOT_REVIEWED,NOT_APPLICABLE,[],[],,,,
A001426,L000734,CHAPTERS/_page_680_Figure_5.jpeg,7ff4c8c8909c322afb2b0b92fd05aac5c40d195b6495830a1cb4a278c4725a7b,148435,CHAPTERS/11-The-Notion-of-Computation.md,U003738,CHAPTERS/11-The-Notion-of-Computation.md,15,LIVE_MARKDOWN_REFERENCE,REFERENCED,PENDING,,,,[],NOT_REVIEWED,NOT_APPLICABLE,[],[],,,,
A001427,L000735,CHAPTERS/_page_681_Figure_3.jpeg,66295968a40bcb9140d67e3fba6ec15420849d298afac6ddf6583b5108f9c51a,116784,CHAPTERS/11-The-Notion-of-Computation.md,U003742,CHAPTERS/11-The-Notion-of-Computation.md,15,LIVE_MARKDOWN_REFERENCE,REFERENCED,PENDING,,,,[],NOT_REVIEWED,NOT_APPLICABLE,[],[],,,,
A001428,L000736,CHAPTERS/_page_682_Figure_2.jpeg,e17a5e7f215ad06ee30433178c5fe529657d90c941eb6df9eb0afd4e0f23aeb6,55480,CHAPTERS/11-The-Notion-of-Computation.md,U003747,CHAPTERS/11-The-Notion-of-Computation.md,15,LIVE_MARKDOWN_REFERENCE,REFERENCED,PENDING,,,,[],NOT_REVIEWED,NOT_APPLICABLE,[],[],,,,
A001429,L000737,CHAPTERS/_page_682_Figure_3.jpeg,5d4e5e9e7621f3f9c0eb340514a8426c5d86bcbdf11e66e8172139d550b0a01f,64932,CHAPTERS/11-The-Notion-of-Computation.md,U003748,CHAPTERS/11-The-Notion-of-Computation.md,15,LIVE_MARKDOWN_REFERENCE,REFERENCED,PENDING,,,,[],NOT_REVIEWED,NOT_APPLICABLE,[],[],,,,
A001430,L000738,CHAPTERS/_page_682_Figure_5.jpeg,b1f6dbe1caadd05326b7396ed543db6b01405b4a249f5dfc0f318f2ecf35bb48,53552,CHAPTERS/11-The-Notion-of-Computation.md,U003750,CHAPTERS/11-The-Notion-of-Computation.md,15,LIVE_MARKDOWN_REFERENCE,REFERENCED,PENDING,,,,[],NOT_REVIEWED,NOT_APPLICABLE,[],[],,,,
A001431,L000739,CHAPTERS/_page_682_Figure_6.jpeg,61e8cb19105aaf887e2251c7caa7c7dd2ed8b5008ed7b2eef29ad63c8832a9e0,91615,CHAPTERS/11-The-Notion-of-Computation.md,U003751,CHAPTERS/11-The-Notion-of-Computation.md,15,LIVE_MARKDOWN_REFERENCE,REFERENCED,PENDING,,,,[],NOT_REVIEWED,NOT_APPLICABLE,[],[],,,,
A001432,L000740,CHAPTERS/_page_683_Figure_1.jpeg,d6be63efd859968863f811ecf438c02c1ef9899059a8113c1eecd76c2789e9cd,625334,CHAPTERS/11-The-Notion-of-Computation.md,U003753,CHAPTERS/11-The-Notion-of-Computation.md,15,LIVE_MARKDOWN_REFERENCE,REFERENCED,PENDING,,,,[],NOT_REVIEWED,NOT_APPLICABLE,[],[],,,,
A001433,L000741,CHAPTERS/_page_684_Figure_1.jpeg,662a4bf8ab973430f08cb1e6af390ae25e4636f19f91723ef6dfad63e0b170d8,86276,CHAPTERS/11-The-Notion-of-Computation.md,U003758,CHAPTERS/11-The-Notion-of-Computation.md,15,LIVE_MARKDOWN_REFERENCE,REFERENCED,PENDING,,,,[],NOT_REVIEWED,NOT_APPLICABLE,[],[],,,,
A001434,L000742,CHAPTERS/_page_684_Figure_4.jpeg,35050123f896fc82447dc54e2b6ff7a28b2d2d2d7a6a758ca2af48df4d6faf88,58393,CHAPTERS/11-The-Notion-of-Computation.md,U003761,CHAPTERS/11-The-Notion-of-Computation.md,15,LIVE_MARKDOWN_REFERENCE,REFERENCED,PENDING,,,,[],NOT_REVIEWED,NOT_APPLICABLE,[],[],,,,
A001435,L000743,CHAPTERS/_page_684_Picture_5.jpeg,08110706652488ffbd77b81d821ff1bb8a4d05c2dffe9343a891fa889dccf1d0,65212,CHAPTERS/11-The-Notion-of-Computation.md,U003762,CHAPTERS/11-The-Notion-of-Computation.md,15,LIVE_MARKDOWN_REFERENCE,REFERENCED,PENDING,,,,[],NOT_REVIEWED,NOT_APPLICABLE,[],[],,,,
A001436,L000744,CHAPTERS/_page_685_Figure_2.jpeg,db82a1412b4083ab3881190e798ae9f40f934edf5c123242d71f3c4155367f9a,634236,CHAPTERS/11-The-Notion-of-Computation.md,U003764,CHAPTERS/11-The-Notion-of-Computation.md,15,LIVE_MARKDOWN_REFERENCE,REFERENCED,PENDING,,,,[],NOT_REVIEWED,NOT_APPLICABLE,[],[],,,,
A001437,L000745,CHAPTERS/_page_686_Picture_3.jpeg,02b138de740a795f685cd70e25d8a99d3c21e3b1a45ff557afba112646c0107f,384778,CHAPTERS/11-The-Notion-of-Computation.md,U003767,CHAPTERS/11-The-Notion-of-Computation.md,15,LIVE_MARKDOWN_REFERENCE,REFERENCED,PENDING,,,,[],NOT_REVIEWED,NOT_APPLICABLE,[],[],,,,
A001438,L000746,CHAPTERS/_page_687_Figure_1.jpeg,c68f2e12fbff35606cfa79279f4def45585431c7a8c5c9ed899a3bc354b445b9,231175,CHAPTERS/11-The-Notion-of-Computation.md,U003769,CHAPTERS/11-The-Notion-of-Computation.md,15,LIVE_MARKDOWN_REFERENCE,REFERENCED,PENDING,,,,[],NOT_REVIEWED,NOT_APPLICABLE,[],[],,,,
A001439,L000747,CHAPTERS/_page_688_Figure_4.jpeg,68fade069ee73569e798de272d65f52b585002fef79a286e89d68f058206ec68,115324,CHAPTERS/11-The-Notion-of-Computation.md,U003774,CHAPTERS/11-The-Notion-of-Computation.md,15,LIVE_MARKDOWN_REFERENCE,REFERENCED,PENDING,,,,[],NOT_REVIEWED,NOT_APPLICABLE,[],[],,,,
A001440,L000748,CHAPTERS/_page_688_Picture_5.jpeg,666d4850858d260b59bbcf972761c5dc08dcd1abeb4575adb8cd8dae816476f3,4133,CHAPTERS/11-The-Notion-of-Computation.md,U003775,CHAPTERS/11-The-Notion-of-Computation.md,15,LIVE_MARKDOWN_REFERENCE,REFERENCED,PENDING,,,,[],NOT_REVIEWED,NOT_APPLICABLE,[],[],,,,
A001441,L000030,CHAPTERS/_page_68_Figure_7.jpeg,9162bcba5feca6f6fc5a0fa69cbe63dcf6c94b2cd92a3e61be0d16a755119761,26359,CHAPTERS/03-The-World-of-Simple-Programs.md,U000324,CHAPTERS/03-The-World-of-Simple-Programs.md,7,LIVE_MARKDOWN_REFERENCE,REFERENCED,PENDING,,,,[],NOT_REVIEWED,NOT_APPLICABLE,[],[],,,,
A001442,L000029,CHAPTERS/_page_68_Picture_3.jpeg,6ab4494443e5f87dd17028739906955cd7ec80d4693ea5c261d784c35880ba55,23261,CHAPTERS/03-The-World-of-Simple-Programs.md,U000321,CHAPTERS/03-The-World-of-Simple-Programs.md,7,LIVE_MARKDOWN_REFERENCE,REFERENCED,PENDING,,,,[],NOT_REVIEWED,NOT_APPLICABLE,[],[],,,,
A001443,L000749,CHAPTERS/_page_691_Picture_5.jpeg,3b6fe084b49027df243fdff5a8466eae1fce554c361537a9ad0294e518a79bf7,7275,CHAPTERS/11-The-Notion-of-Computation.md,U003795,CHAPTERS/11-The-Notion-of-Computation.md,15,LIVE_MARKDOWN_REFERENCE,REFERENCED,PENDING,,,,[],NOT_REVIEWED,NOT_APPLICABLE,[],[],,,,
A001444,L000750,CHAPTERS/_page_692_Picture_1.jpeg,add1d823a76adc9ad1f021349416e68e4c5b9090df35056ade27e7b5490fe52c,425178,CHAPTERS/11-The-Notion-of-Computation.md,U003798,CHAPTERS/11-The-Notion-of-Computation.md,15,LIVE_MARKDOWN_REFERENCE,REFERENCED,PENDING,,,,[],NOT_REVIEWED,NOT_APPLICABLE,[],[],,,,
A001445,L000751,CHAPTERS/_page_694_Picture_1.jpeg,702935eac6c7ce04c159fa811e7ebe91ffa3eb7153cf26d3291769602f6d3e2e,19710,CHAPTERS/11-The-Notion-of-Computation.md,U003810,CHAPTERS/11-The-Notion-of-Computation.md,15,LIVE_MARKDOWN_REFERENCE,REFERENCED,PENDING,,,,[],NOT_REVIEWED,NOT_APPLICABLE,[],[],,,,
A001446,L000752,CHAPTERS/_page_694_Picture_2.jpeg,8050a012ca7cbdf1df77d8b5032855923efc4a2890e896875e5de85c59715b36,36685,CHAPTERS/11-The-Notion-of-Computation.md,U003811,CHAPTERS/11-The-Notion-of-Computation.md,15,LIVE_MARKDOWN_REFERENCE,REFERENCED,PENDING,,,,[],NOT_REVIEWED,NOT_APPLICABLE,[],[],,,,
A001447,L000753,CHAPTERS/_page_694_Picture_3.jpeg,b5b26dbe04d6b2fd9de42dec8380d04585c1f1bc443752bdcf87ac00e265357c,8581,CHAPTERS/11-The-Notion-of-Computation.md,U003812,CHAPTERS/11-The-Notion-of-Computation.md,15,LIVE_MARKDOWN_REFERENCE,REFERENCED,PENDING,,,,[],NOT_REVIEWED,NOT_APPLICABLE,[],[],,,,
A001448,L000754,CHAPTERS/_page_694_Picture_4.jpeg,e07ca6fa4cf0ce1ccd2bdda9b3df19cc35beb08d6138e97e98a75733f5da9fc1,45527,CHAPTERS/11-The-Notion-of-Computation.md,U003813,CHAPTERS/11-The-Notion-of-Computation.md,15,LIVE_MARKDOWN_REFERENCE,REFERENCED,PENDING,,,,[],NOT_REVIEWED,NOT_APPLICABLE,[],[],,,,
A001449,L000755,CHAPTERS/_page_694_Picture_6.jpeg,ee3fa137a09081758a34a582b80c32a6c62b72d0a73539ce0ce51cedbcb13e42,83131,CHAPTERS/11-The-Notion-of-Computation.md,U003815,CHAPTERS/11-The-Notion-of-Computation.md,15,LIVE_MARKDOWN_REFERENCE,REFERENCED,PENDING,,,,[],NOT_REVIEWED,NOT_APPLICABLE,[],[],,,,
A001450,L000756,CHAPTERS/_page_696_Picture_2.jpeg,1f525dab46619a2782a7275d179fd3e27f28fe67ac9e84e949af058c52edd38f,545148,CHAPTERS/11-The-Notion-of-Computation.md,U003823,CHAPTERS/11-The-Notion-of-Computation.md,15,LIVE_MARKDOWN_REFERENCE,REFERENCED,PENDING,,,,[],NOT_REVIEWED,NOT_APPLICABLE,[],[],,,,
A001451,L000757,CHAPTERS/_page_698_Picture_1.jpeg,97c3cd4084cbf4adfb3c554405ea5b405a09fae212d5780dcb587f5064a37588,260831,CHAPTERS/11-The-Notion-of-Computation.md,U003833,CHAPTERS/11-The-Notion-of-Computation.md,15,LIVE_MARKDOWN_REFERENCE,REFERENCED,PENDING,,,,[],NOT_REVIEWED,NOT_APPLICABLE,[],[],,,,
A001452,L000758,CHAPTERS/_page_699_Picture_1.jpeg,fe48644a17dcc6c388411517822da3129d080a1397cd42785100f539a14c9502,962923,CHAPTERS/11-The-Notion-of-Computation.md,U003835,CHAPTERS/11-The-Notion-of-Computation.md,15,LIVE_MARKDOWN_REFERENCE,REFERENCED,PENDING,,,,[],NOT_REVIEWED,NOT_APPLICABLE,[],[],,,,
A001453,L000031,CHAPTERS/_page_69_Rules_100_139.jpeg,bd3e7c463e043e2bd5d578d48bbbaa9739b70a0da6af99d45469b531a3528abf,763074,CHAPTERS/03-The-World-of-Simple-Programs.md,U000329,CHAPTERS/03-The-World-of-Simple-Programs.md,7,LIVE_MARKDOWN_REFERENCE,REFERENCED,PENDING,,,,[],NOT_REVIEWED,NOT_APPLICABLE,[],[],,,,
A001454,L000759,CHAPTERS/_page_700_Picture_1.jpeg,8d33d9061d8e6a48bb513929419ea72354d06ea43f6e669e2a33571154c7bb30,677025,CHAPTERS/11-The-Notion-of-Computation.md,U003837,CHAPTERS/11-The-Notion-of-Computation.md,15,LIVE_MARKDOWN_REFERENCE,REFERENCED,PENDING,,,,[],NOT_REVIEWED,NOT_APPLICABLE,[],[],,,,
A001455,L000760,CHAPTERS/_page_701_Picture_1.jpeg,c08b60c7888eb6ea9ccf82e25ee50ad003909965402d1f2596107d003590000c,964026,CHAPTERS/11-The-Notion-of-Computation.md,U003839,CHAPTERS/11-The-Notion-of-Computation.md,15,LIVE_MARKDOWN_REFERENCE,REFERENCED,PENDING,,,,[],NOT_REVIEWED,NOT_APPLICABLE,[],[],,,,
A001456,L000761,CHAPTERS/_page_703_Picture_5.jpeg,25038e925ec8affb18c2c9fab235dea4b6808a8f386d0d56b94298f0bf2c0783,228945,CHAPTERS/11-The-Notion-of-Computation.md,U003849,CHAPTERS/11-The-Notion-of-Computation.md,15,LIVE_MARKDOWN_REFERENCE,REFERENCED,PENDING,,,,[],NOT_REVIEWED,NOT_APPLICABLE,[],[],,,,
A001457,L000762,CHAPTERS/_page_707_Figure_1.jpeg,0d4d66ff1de567571c444bd22eeaeb7f97bb7797bd618828cd13ed9796b231e2,456234,CHAPTERS/11-The-Notion-of-Computation.md,U003870,CHAPTERS/11-The-Notion-of-Computation.md,15,LIVE_MARKDOWN_REFERENCE,REFERENCED,PENDING,,,,[],NOT_REVIEWED,NOT_APPLICABLE,[],[],,,,
A001458,L000763,CHAPTERS/_page_709_Picture_4.jpeg,ca08c79b2b308797864e179958f98b731a36185d18909261530ca960ca96691c,6669,CHAPTERS/11-The-Notion-of-Computation.md,U003885,CHAPTERS/11-The-Notion-of-Computation.md,15,LIVE_MARKDOWN_REFERENCE,REFERENCED,PENDING,,,,[],NOT_REVIEWED,NOT_APPLICABLE,[],[],,,,
A001459,L000764,CHAPTERS/_page_709_Picture_5.jpeg,0cfe9f07c1becda72028f19a9272bd8d87078444e63eff705a2f2404dd1b4c03,19987,CHAPTERS/11-The-Notion-of-Computation.md,U003886,CHAPTERS/11-The-Notion-of-Computation.md,15,LIVE_MARKDOWN_REFERENCE,REFERENCED,PENDING,,,,[],NOT_REVIEWED,NOT_APPLICABLE,[],[],,,,
A001460,L000765,CHAPTERS/_page_709_Picture_6.jpeg,b0df59a971784d29bccf401d4b1342dd5b48436dc85bfbf99e39c984639f6759,11190,CHAPTERS/11-The-Notion-of-Computation.md,U003887,CHAPTERS/11-The-Notion-of-Computation.md,15,LIVE_MARKDOWN_REFERENCE,REFERENCED,PENDING,,,,[],NOT_REVIEWED,NOT_APPLICABLE,[],[],,,,
A001461,L000766,CHAPTERS/_page_709_Picture_7.jpeg,52236a0c8552a9c1e41039e80509ab97de95828187a25450c5da12dba3610171,5268,CHAPTERS/11-The-Notion-of-Computation.md,U003888,CHAPTERS/11-The-Notion-of-Computation.md,15,LIVE_MARKDOWN_REFERENCE,REFERENCED,PENDING,,,,[],NOT_REVIEWED,NOT_APPLICABLE,[],[],,,,
A001462,L000032,CHAPTERS/_page_70_Picture_2.jpeg,9827975022d3b4b9b0eab40a00cd3b8e9e6fc562541169a894d898838a45d811,305792,CHAPTERS/03-The-World-of-Simple-Programs.md,U000331,CHAPTERS/03-The-World-of-Simple-Programs.md,7,LIVE_MARKDOWN_REFERENCE,REFERENCED,PENDING,,,,[],NOT_REVIEWED,NOT_APPLICABLE,[],[],,,,
A001463,L000767,CHAPTERS/_page_710_Picture_1.jpeg,6220229b59f2e24361d6bb97b2bfc8140cebbab909cc5556b0ab64e6fb397fd9,210089,CHAPTERS/11-The-Notion-of-Computation.md,U003892,CHAPTERS/11-The-Notion-of-Computation.md,15,LIVE_MARKDOWN_REFERENCE,REFERENCED,PENDING,,,,[],NOT_REVIEWED,NOT_APPLICABLE,[],[],,,,
A001464,L000768,CHAPTERS/_page_710_Picture_4.jpeg,31e8ad004dac5dc3c7b1fb8d707a26d4d893b5f985f41318a2dad821164a2e7d,96662,CHAPTERS/11-The-Notion-of-Computation.md,U003896,CHAPTERS/11-The-Notion-of-Computation.md,15,LIVE_MARKDOWN_REFERENCE,REFERENCED,PENDING,,,,[],NOT_REVIEWED,NOT_APPLICABLE,[],[],,,,
A001465,L000769,CHAPTERS/_page_711_Picture_4.jpeg,a651a210384d33dc622ae7f10c722594d3e2828b0874f2fe00882dcd49a3c198,215702,CHAPTERS/11-The-Notion-of-Computation.md,U003900,CHAPTERS/11-The-Notion-of-Computation.md,15,LIVE_MARKDOWN_REFERENCE,REFERENCED,PENDING,,,,[],NOT_REVIEWED,NOT_APPLICABLE,[],[],,,,
A001466,L000770,CHAPTERS/_page_711_Picture_5.jpeg,c0ad5c138fc94c6d7d740247f4b4d5d248eb3a6e862951d46b375885ce97ec60,173350,CHAPTERS/11-The-Notion-of-Computation.md,U003901,CHAPTERS/11-The-Notion-of-Computation.md,15,LIVE_MARKDOWN_REFERENCE,REFERENCED,PENDING,,,,[],NOT_REVIEWED,NOT_APPLICABLE,[],[],,,,
A001467,L000771,CHAPTERS/_page_711_Picture_6.jpeg,77e770fcf73d0ba01e4b5482e0f10381ce99dfcd936b330bba16fad48ba37458,4514,CHAPTERS/11-The-Notion-of-Computation.md,U003902,CHAPTERS/11-The-Notion-of-Computation.md,15,LIVE_MARKDOWN_REFERENCE,REFERENCED,PENDING,,,,[],NOT_REVIEWED,NOT_APPLICABLE,[],[],,,,
A001468,L000772,CHAPTERS/_page_712_Picture_2.jpeg,e2d0032605b285262988d97c143ac323313faf432c0dd96391e5fb35369c98b5,169628,CHAPTERS/11-The-Notion-of-Computation.md,U003905,CHAPTERS/11-The-Notion-of-Computation.md,15,LIVE_MARKDOWN_REFERENCE,REFERENCED,PENDING,,,,[],NOT_REVIEWED,NOT_APPLICABLE,[],[],,,,
A001469,L000773,CHAPTERS/_page_714_Picture_2.jpeg,59cbb66e36c07907baff0fa2689711d65a506c02b795792d6a440c3fad9b5294,148268,CHAPTERS/11-The-Notion-of-Computation.md,U003916,CHAPTERS/11-The-Notion-of-Computation.md,15,LIVE_MARKDOWN_REFERENCE,REFERENCED,PENDING,,,,[],NOT_REVIEWED,NOT_APPLICABLE,[],[],,,,
A001470,L000774,CHAPTERS/_page_715_Figure_1.jpeg,534b1e558bce374329e94da6ec9626bad2e7b67fb181a3322f691d8727a549d9,201204,CHAPTERS/11-The-Notion-of-Computation.md,U003921,CHAPTERS/11-The-Notion-of-Computation.md,15,LIVE_MARKDOWN_REFERENCE,REFERENCED,PENDING,,,,[],NOT_REVIEWED,NOT_APPLICABLE,[],[],,,,
A001471,L000775,CHAPTERS/_page_715_Figure_4.jpeg,1ce3e584535e776132894ff1b5ade249cf1fcf4ffcf5cff8141e1985af0221a1,171594,CHAPTERS/11-The-Notion-of-Computation.md,U003924,CHAPTERS/11-The-Notion-of-Computation.md,15,LIVE_MARKDOWN_REFERENCE,REFERENCED,PENDING,,,,[],NOT_REVIEWED,NOT_APPLICABLE,[],[],,,,
A001472,L000776,CHAPTERS/_page_716_Figure_3.jpeg,41c871441d4ab2abefb4ae972e36bf1b3e1e821c3d358d2cb955a1f510f95c47,13052,CHAPTERS/11-The-Notion-of-Computation.md,U003928,CHAPTERS/11-The-Notion-of-Computation.md,15,LIVE_MARKDOWN_REFERENCE,REFERENCED,PENDING,,,,[],NOT_REVIEWED,NOT_APPLICABLE,[],[],,,,
A001473,L000777,CHAPTERS/_page_716_Figure_4.jpeg,28c9cc1cb7e240b9c1c6a2a966a1b1e7903f1de3681cfb9abbb5bf503b9454a4,11490,CHAPTERS/11-The-Notion-of-Computation.md,U003929,CHAPTERS/11-The-Notion-of-Computation.md,15,LIVE_MARKDOWN_REFERENCE,REFERENCED,PENDING,,,,[],NOT_REVIEWED,NOT_APPLICABLE,[],[],,,,
A001474,L000778,CHAPTERS/_page_716_Figure_5.jpeg,17759a82a16ed73b521a03b89ca58f23d8a3b4098e12201aebef2793d31677b9,29336,CHAPTERS/11-The-Notion-of-Computation.md,U003930,CHAPTERS/11-The-Notion-of-Computation.md,15,LIVE_MARKDOWN_REFERENCE,REFERENCED,PENDING,,,,[],NOT_REVIEWED,NOT_APPLICABLE,[],[],,,,
A001475,L000779,CHAPTERS/_page_716_Figure_6.jpeg,fe3234b0b04fda8749d1305999b1fc8f1c4783a085d09d0c69db23183d3075b4,22703,CHAPTERS/11-The-Notion-of-Computation.md,U003931,CHAPTERS/11-The-Notion-of-Computation.md,15,LIVE_MARKDOWN_REFERENCE,REFERENCED,PENDING,,,,[],NOT_REVIEWED,NOT_APPLICABLE,[],[],,,,
A001476,L000780,CHAPTERS/_page_717_Figure_1.jpeg,fcef153b9c49813d03d3789858625332f5dbdef14facd9b213976d8a2b2aceae,699933,CHAPTERS/11-The-Notion-of-Computation.md,U003937,CHAPTERS/11-The-Notion-of-Computation.md,15,LIVE_MARKDOWN_REFERENCE,REFERENCED,PENDING,,,,[],NOT_REVIEWED,NOT_APPLICABLE,[],[],,,,
A001477,L000781,CHAPTERS/_page_718_Figure_6.jpeg,0386cb517f1ac934356abd1fa0b79918775e6c16f81ce9acbc984c18d4213c71,12532,CHAPTERS/11-The-Notion-of-Computation.md,U003944,CHAPTERS/11-The-Notion-of-Computation.md,15,LIVE_MARKDOWN_REFERENCE,REFERENCED,PENDING,,,,[],NOT_REVIEWED,NOT_APPLICABLE,[],[],,,,
A001478,L000782,CHAPTERS/_page_718_Figure_7.jpeg,bbfb8e45ea89d74b2d6bb5e90ffff4cde7305ae576f73496ca7cdd415a6fd87d,3919,CHAPTERS/11-The-Notion-of-Computation.md,U003945,CHAPTERS/11-The-Notion-of-Computation.md,15,LIVE_MARKDOWN_REFERENCE,REFERENCED,PENDING,,,,[],NOT_REVIEWED,NOT_APPLICABLE,[],[],,,,
A001479,L000783,CHAPTERS/_page_719_Figure_1.jpeg,0119f1cabc5d3c475e676cce3423083e164e40bcd800426fa08a0f852445f546,192363,CHAPTERS/11-The-Notion-of-Computation.md,U003949,CHAPTERS/11-The-Notion-of-Computation.md,15,LIVE_MARKDOWN_REFERENCE,REFERENCED,PENDING,,,,[],NOT_REVIEWED,NOT_APPLICABLE,[],[],,,,
A001480,L000033,CHAPTERS/_page_71_Picture_2.jpeg,b55c911ef358b73a04f59a5c090f49f4527729eed0e00c09d9c9bb99659c66ca,254855,CHAPTERS/03-The-World-of-Simple-Programs.md,U000332,CHAPTERS/03-The-World-of-Simple-Programs.md,7,LIVE_MARKDOWN_REFERENCE,REFERENCED,PENDING,,,,[],NOT_REVIEWED,NOT_APPLICABLE,[],[],,,,
A001481,L000784,CHAPTERS/_page_720_Figure_2.jpeg,701abd6e98e7ef381c9b89cce89597d76c6de124935ae94baaca16c5231f31c9,229923,CHAPTERS/11-The-Notion-of-Computation.md,U003953,CHAPTERS/11-The-Notion-of-Computation.md,15,LIVE_MARKDOWN_REFERENCE,REFERENCED,PENDING,,,,[],NOT_REVIEWED,NOT_APPLICABLE,[],[],,,,
A001482,L000786,CHAPTERS/_page_721_Figure_6.jpeg,065503af2e1a741e5077436065647d67ea49c96e5c54a7351b2697460c016e9f,171978,CHAPTERS/11-The-Notion-of-Computation.md,U003962,CHAPTERS/11-The-Notion-of-Computation.md,15,LIVE_MARKDOWN_REFERENCE,REFERENCED,PENDING,,,,[],NOT_REVIEWED,NOT_APPLICABLE,[],[],,,,
A001483,L000785,CHAPTERS/_page_721_Picture_4.jpeg,06ce6a3a2569aa8b85eadc88a2c4bedf701aa47535bf71d924714e084d482912,15424,CHAPTERS/11-The-Notion-of-Computation.md,U003960,CHAPTERS/11-The-Notion-of-Computation.md,15,LIVE_MARKDOWN_REFERENCE,REFERENCED,PENDING,,,,[],NOT_REVIEWED,NOT_APPLICABLE,[],[],,,,
A001484,L000788,CHAPTERS/_page_722_Figure_6.jpeg,edf62f9e6f9e8269a6c8de9309e27f5252db7d3ba73490f7bea7a44a72798253,27547,CHAPTERS/11-The-Notion-of-Computation.md,U003969,CHAPTERS/11-The-Notion-of-Computation.md,15,LIVE_MARKDOWN_REFERENCE,REFERENCED,PENDING,,,,[],NOT_REVIEWED,NOT_APPLICABLE,[],[],,,,
A001485,L000789,CHAPTERS/_page_722_Figure_7.jpeg,b23bf1438db86127cf77655a1a55141b1ce565c8660f90a8569fdbe8c70a1381,88956,CHAPTERS/11-The-Notion-of-Computation.md,U003970,CHAPTERS/11-The-Notion-of-Computation.md,15,LIVE_MARKDOWN_REFERENCE,REFERENCED,PENDING,,,,[],NOT_REVIEWED,NOT_APPLICABLE,[],[],,,,
A001486,L000787,CHAPTERS/_page_722_Turing_Rule.jpeg,d0ca97ecfe190b85dbb5273f8b7feece40b0ed208e504e33e714b32c0bc3a033,24355,CHAPTERS/11-The-Notion-of-Computation.md,U003967,CHAPTERS/11-The-Notion-of-Computation.md,15,LIVE_MARKDOWN_REFERENCE,REFERENCED,PENDING,,,,[],NOT_REVIEWED,NOT_APPLICABLE,[],[],,,,
A001487,L000790,CHAPTERS/_page_723_Figure_6.jpeg,1d660229e6daca3bec276b36a68bce31fdbdb0e3f2bbdb8d708d34650f0918d5,364570,CHAPTERS/11-The-Notion-of-Computation.md,U003976,CHAPTERS/11-The-Notion-of-Computation.md,15,LIVE_MARKDOWN_REFERENCE,REFERENCED,PENDING,,,,[],NOT_REVIEWED,NOT_APPLICABLE,[],[],,,,
A001488,L000791,CHAPTERS/_page_724_Picture_5.jpeg,2df90002c143d91e1fe4efb1ac24af274c2f7bfbe1f84d4720400a9613149ee8,12473,CHAPTERS/11-The-Notion-of-Computation.md,U003982,CHAPTERS/11-The-Notion-of-Computation.md,15,LIVE_MARKDOWN_REFERENCE,REFERENCED,PENDING,,,,[],NOT_REVIEWED,NOT_APPLICABLE,[],[],,,,
A001489,L000792,CHAPTERS/_page_724_Picture_6.jpeg,ca83be7de25329b41a2aa716abdf22bbb2db444b97f2f1cacb9900bb312ccad9,42447,CHAPTERS/11-The-Notion-of-Computation.md,U003983,CHAPTERS/11-The-Notion-of-Computation.md,15,LIVE_MARKDOWN_REFERENCE,REFERENCED,PENDING,,,,[],NOT_REVIEWED,NOT_APPLICABLE,[],[],,,,
A001490,L000793,CHAPTERS/_page_724_Picture_7.jpeg,a2ac8f5120c731d4a1c18eaeae1e507224f2d8c17bb522e3236f923d86d66753,5146,CHAPTERS/11-The-Notion-of-Computation.md,U003984,CHAPTERS/11-The-Notion-of-Computation.md,15,LIVE_MARKDOWN_REFERENCE,REFERENCED,PENDING,,,,[],NOT_REVIEWED,NOT_APPLICABLE,[],[],,,,
A001491,L000794,CHAPTERS/_page_725_Figure_2.jpeg,9cca4b3d3e5aeb589032d706b40ceaa18d08c1018648ad09102c43c1593e78b7,58874,CHAPTERS/11-The-Notion-of-Computation.md,U003988,CHAPTERS/11-The-Notion-of-Computation.md,15,LIVE_MARKDOWN_REFERENCE,REFERENCED,PENDING,,,,[],NOT_REVIEWED,NOT_APPLICABLE,[],[],,,,
A001492,L000795,CHAPTERS/_page_726_Picture_8.jpeg,8a3f1b6906d7080d817ca75649b72dfa2dc2a8725243b22a2d1a8218b8d785ab,4534,CHAPTERS/11-The-Notion-of-Computation.md,U003998,CHAPTERS/11-The-Notion-of-Computation.md,15,LIVE_MARKDOWN_REFERENCE,REFERENCED,PENDING,,,,[],NOT_REVIEWED,NOT_APPLICABLE,[],[],,,,
A001493,L000796,CHAPTERS/_page_727_Figure_1.jpeg,c82c8d3499c0bec245a8ee70e33766ce9a210bc5afbb4b8077a346f905735907,352608,CHAPTERS/11-The-Notion-of-Computation.md,U004001,CHAPTERS/11-The-Notion-of-Computation.md,15,LIVE_MARKDOWN_REFERENCE,REFERENCED,PENDING,,,,[],NOT_REVIEWED,NOT_APPLICABLE,[],[],,,,
A001494,L000797,CHAPTERS/_page_729_Figure_1.jpeg,2f3380d31ed46db753a69bf9ce80e83a9fd2bb02acd37a4ad94f85e0589ea2ab,307603,CHAPTERS/11-The-Notion-of-Computation.md,U004012,CHAPTERS/11-The-Notion-of-Computation.md,15,LIVE_MARKDOWN_REFERENCE,REFERENCED,PENDING,,,,[],NOT_REVIEWED,NOT_APPLICABLE,[],[],,,,
A001495,L000798,CHAPTERS/_page_730_Picture_0.jpeg,e78b8eb0ae87e9228c954968db9b533613ad89941bac5904db9dbc336f72fde9,14111,CHAPTERS/12-The-Principle-of-Computational-Equivalence.md,U004014,CHAPTERS/12-The-Principle-of-Computational-Equivalence.md,16,LIVE_MARKDOWN_REFERENCE,REFERENCED,PENDING,,,,[],NOT_REVIEWED,NOT_APPLICABLE,[],[],,,,
A001496,L000034,CHAPTERS/_page_73_Figure_1.jpeg,f3eb6b029f208043f572df79a5e5de8877939888bb6baf6958322560c932da57,156812,CHAPTERS/03-The-World-of-Simple-Programs.md,U000338,CHAPTERS/03-The-World-of-Simple-Programs.md,7,LIVE_MARKDOWN_REFERENCE,REFERENCED,PENDING,,,,[],NOT_REVIEWED,NOT_APPLICABLE,[],[],,,,
A001497,L000799,CHAPTERS/_page_740_Figure_2.jpeg,54f585d3172162b31d8b5c77ad40ff4e5d8dc3933dfa1d0d44192f589ac99b1d,241913,CHAPTERS/12-The-Principle-of-Computational-Equivalence.md,U004083,CHAPTERS/12-The-Principle-of-Computational-Equivalence.md,16,LIVE_MARKDOWN_REFERENCE,REFERENCED,PENDING,,,,[],NOT_REVIEWED,NOT_APPLICABLE,[],[],,,,
A001498,L000800,CHAPTERS/_page_746_Figure_2.jpeg,8af0313269cc4c7f629da69cf91544782bbeab839fdb6634a8d92a77f483bd00,153719,CHAPTERS/12-The-Principle-of-Computational-Equivalence.md,U004121,CHAPTERS/12-The-Principle-of-Computational-Equivalence.md,16,LIVE_MARKDOWN_REFERENCE,REFERENCED,PENDING,,,,[],NOT_REVIEWED,NOT_APPLICABLE,[],[],,,,
A001499,L000801,CHAPTERS/_page_747_Picture_5.jpeg,3b44fa2ec5c558e76c321963e1c8799b675f87486db67980d20fd413c5650482,60802,CHAPTERS/12-The-Principle-of-Computational-Equivalence.md,U004129,CHAPTERS/12-The-Principle-of-Computational-Equivalence.md,16,LIVE_MARKDOWN_REFERENCE,REFERENCED,PENDING,,,,[],NOT_REVIEWED,NOT_APPLICABLE,[],[],,,,
A001500,L000035,CHAPTERS/_page_74_Picture_1.jpeg,730d6c9b06c7ab1abf6546bf9c57075e1a7a628384797a4217f54f371d90066f,106128,CHAPTERS/03-The-World-of-Simple-Programs.md,U000342,CHAPTERS/03-The-World-of-Simple-Programs.md,7,LIVE_MARKDOWN_REFERENCE,REFERENCED,PENDING,,,,[],NOT_REVIEWED,NOT_APPLICABLE,[],[],,,,
A001501,L000036,CHAPTERS/_page_74_Picture_2.jpeg,7c1d18485eae9354d4df61f5c1f05431a5bb7123525c9194688d042309027900,825,CHAPTERS/03-The-World-of-Simple-Programs.md,U000343,CHAPTERS/03-The-World-of-Simple-Programs.md,7,LIVE_MARKDOWN_REFERENCE,REFERENCED,PENDING,,,,[],NOT_REVIEWED,NOT_APPLICABLE,[],[],,,,
A001502,L000037,CHAPTERS/_page_74_Picture_3.jpeg,e395c1fe4a8cdcbd45d7049c9f89bca8c6e17056b3582d3c1ad2e4c133e49679,128084,CHAPTERS/03-The-World-of-Simple-Programs.md,U000344,CHAPTERS/03-The-World-of-Simple-Programs.md,7,LIVE_MARKDOWN_REFERENCE,REFERENCED,PENDING,,,,[],NOT_REVIEWED,NOT_APPLICABLE,[],[],,,,
A001503,L000038,CHAPTERS/_page_74_Picture_5.jpeg,713c4c55c6a004d76c5e47f1f39513bb1656f35feb0fe9aa72c4503ca311cdc6,134131,CHAPTERS/03-The-World-of-Simple-Programs.md,U000346,CHAPTERS/03-The-World-of-Simple-Programs.md,7,LIVE_MARKDOWN_REFERENCE,REFERENCED,PENDING,,,,[],NOT_REVIEWED,NOT_APPLICABLE,[],[],,,,
A001504,L000802,CHAPTERS/_page_753_Picture_3.jpeg,8cfad05d53abb9791d37dd6d8262ec12dbc08bb1d72866ce34c46ecb99a94a88,164036,CHAPTERS/12-The-Principle-of-Computational-Equivalence.md,U004167,CHAPTERS/12-The-Principle-of-Computational-Equivalence.md,16,LIVE_MARKDOWN_REFERENCE,REFERENCED,PENDING,,,,[],NOT_REVIEWED,NOT_APPLICABLE,[],[],,,,
A001505,L000803,CHAPTERS/_page_755_Picture_2.jpeg,17e6a2c651b508763c4493cabf1a8ada5cc8ef2a97589b39be6beed2a45d4c50,228919,CHAPTERS/12-The-Principle-of-Computational-Equivalence.md,U004178,CHAPTERS/12-The-Principle-of-Computational-Equivalence.md,16,LIVE_MARKDOWN_REFERENCE,REFERENCED,PENDING,,,,[],NOT_REVIEWED,NOT_APPLICABLE,[],[],,,,
A001506,L000804,CHAPTERS/_page_759_Figure_1.jpeg,924ce6ce1c6dde23d6d7966f0c0aa63571d07f4941da5b339a520345ede70f35,255297,CHAPTERS/12-The-Principle-of-Computational-Equivalence.md,U004202,CHAPTERS/12-The-Principle-of-Computational-Equivalence.md,16,LIVE_MARKDOWN_REFERENCE,REFERENCED,PENDING,,,,[],NOT_REVIEWED,NOT_APPLICABLE,[],[],,,,
A001507,L000039,CHAPTERS/_page_75_Figure_6.jpeg,acb13963632286960ca61b616ff2f45a940750f3ab7deb5e6fbf696543015c15,51178,CHAPTERS/03-The-World-of-Simple-Programs.md,U000352,CHAPTERS/03-The-World-of-Simple-Programs.md,7,LIVE_MARKDOWN_REFERENCE,REFERENCED,PENDING,,,,[],NOT_REVIEWED,NOT_APPLICABLE,[],[],,,,
A001508,L000805,CHAPTERS/_page_760_Picture_11.jpeg,66176ea356450188f5181e4c1ec7972214089aa282a298d32621fb950d4ae0f9,7256,CHAPTERS/12-The-Principle-of-Computational-Equivalence.md,U004215,CHAPTERS/12-The-Principle-of-Computational-Equivalence.md,16,LIVE_MARKDOWN_REFERENCE,REFERENCED,PENDING,,,,[],NOT_REVIEWED,NOT_APPLICABLE,[],[],,,,
A001509,L000806,CHAPTERS/_page_762_Figure_2.jpeg,1a11dc35c18bbfb27073fa89e21b8105017d0c3eb096e34ee9dbb891d7eca296,432682,CHAPTERS/12-The-Principle-of-Computational-Equivalence.md,U004224,CHAPTERS/12-The-Principle-of-Computational-Equivalence.md,16,LIVE_MARKDOWN_REFERENCE,REFERENCED,PENDING,,,,[],NOT_REVIEWED,NOT_APPLICABLE,[],[],,,,
A001510,L000807,CHAPTERS/_page_764_Figure_1.jpeg,93ae1f4943073fdb431973eca8dfd4f84572d3f932661149621813560eed94b5,100035,CHAPTERS/12-The-Principle-of-Computational-Equivalence.md,U004234,CHAPTERS/12-The-Principle-of-Computational-Equivalence.md,16,LIVE_MARKDOWN_REFERENCE,REFERENCED,PENDING,,,,[],NOT_REVIEWED,NOT_APPLICABLE,[],[],,,,
A001511,L000808,CHAPTERS/_page_765_Picture_1.jpeg,ee0342195bf24ae8b1e33c002ab6958b86739f380dee731fc5a2486c3301e54d,39330,CHAPTERS/12-The-Principle-of-Computational-Equivalence.md,U004240,CHAPTERS/12-The-Principle-of-Computational-Equivalence.md,16,LIVE_MARKDOWN_REFERENCE,REFERENCED,PENDING,,,,[],NOT_REVIEWED,NOT_APPLICABLE,[],[],,,,
A001512,L000809,CHAPTERS/_page_769_Figure_1.jpeg,a980effe214906d991e8ca9180cb9f9d6eade2f978a8358487a60bb1728058f3,298516,CHAPTERS/12-The-Principle-of-Computational-Equivalence.md,U004275,CHAPTERS/12-The-Principle-of-Computational-Equivalence.md,16,LIVE_MARKDOWN_REFERENCE,REFERENCED,PENDING,,,,[],NOT_REVIEWED,NOT_APPLICABLE,[],[],,,,
A001513,L000040,CHAPTERS/_page_76_Figure_2.jpeg,8c11659c8bd63d37a972c5ffab376b62948f7c4e05f9fd10f239e51464f4084d,174691,CHAPTERS/03-The-World-of-Simple-Programs.md,U000355,CHAPTERS/03-The-World-of-Simple-Programs.md,7,LIVE_MARKDOWN_REFERENCE,REFERENCED,PENDING,,,,[],NOT_REVIEWED,NOT_APPLICABLE,[],[],,,,
A001514,L000810,CHAPTERS/_page_772_Figure_1.jpeg,68caf1950bd8f4080643c76dd2ad3c3898d17e90072c20b5f1e14ef227be6eb8,245096,CHAPTERS/12-The-Principle-of-Computational-Equivalence.md,U004290,CHAPTERS/12-The-Principle-of-Computational-Equivalence.md,16,LIVE_MARKDOWN_REFERENCE,REFERENCED,PENDING,,,,[],NOT_REVIEWED,NOT_APPLICABLE,[],[],,,,
A001515,L000811,CHAPTERS/_page_774_Figure_1.jpeg,9d5a512b570aa592badeb2e617d9ece361808a012e579fdc2d9ec24351c6c0ba,76089,CHAPTERS/12-The-Principle-of-Computational-Equivalence.md,U004300,CHAPTERS/12-The-Principle-of-Computational-Equivalence.md,16,LIVE_MARKDOWN_REFERENCE,REFERENCED,PENDING,,,,[],NOT_REVIEWED,NOT_APPLICABLE,[],[],,,,
A001516,L000812,CHAPTERS/_page_775_Figure_1.jpeg,efe3fb2690c171fbedc9d16ce04b709c411a0736961ed7262788265e28c66d36,48753,CHAPTERS/12-The-Principle-of-Computational-Equivalence.md,U004307,CHAPTERS/12-The-Principle-of-Computational-Equivalence.md,16,LIVE_MARKDOWN_REFERENCE,REFERENCED,PENDING,,,,[],NOT_REVIEWED,NOT_APPLICABLE,[],[],,,,
A001517,L000813,CHAPTERS/_page_776_Figure_2.jpeg,77a6940d63479c1d9affe067bcee9cecdb6a17c032615cdcdfe5c87e01019ee0,205466,CHAPTERS/12-The-Principle-of-Computational-Equivalence.md,U004312,CHAPTERS/12-The-Principle-of-Computational-Equivalence.md,16,LIVE_MARKDOWN_REFERENCE,REFERENCED,PENDING,,,,[],NOT_REVIEWED,NOT_APPLICABLE,[],[],,,,
A001518,L000814,CHAPTERS/_page_778_Figure_2.jpeg,ce5d8c066c0e03a25464978de3f30e5fdacca7f71862cc68cf38698797da728d,221581,CHAPTERS/12-The-Principle-of-Computational-Equivalence.md,U004322,CHAPTERS/12-The-Principle-of-Computational-Equivalence.md,16,LIVE_MARKDOWN_REFERENCE,REFERENCED,PENDING,,,,[],NOT_REVIEWED,NOT_APPLICABLE,[],[],,,,
A001519,L000041,CHAPTERS/_page_77_Figure_6.jpeg,4c1f8894016156dc4d473e911e0fa5c7db16711a8c2873fa493fb7854ad41c66,128836,CHAPTERS/03-The-World-of-Simple-Programs.md,U000359,CHAPTERS/03-The-World-of-Simple-Programs.md,7,LIVE_MARKDOWN_REFERENCE,REFERENCED,PENDING,,,,[],NOT_REVIEWED,NOT_APPLICABLE,[],[],,,,
A001520,L000815,CHAPTERS/_page_780_Picture_10.jpeg,65bd63168d03f66985df3e2f18398ca7ed08209a0adcce2b853d7c179678a1c3,20614,CHAPTERS/12-The-Principle-of-Computational-Equivalence.md,U004340,CHAPTERS/12-The-Principle-of-Computational-Equivalence.md,16,LIVE_MARKDOWN_REFERENCE,REFERENCED,PENDING,,,,[],NOT_REVIEWED,NOT_APPLICABLE,[],[],,,,
A001521,L000816,CHAPTERS/_page_780_Picture_12.jpeg,54704c53a1ba94b90b54a03cc13edd0d4fbeb8f93e119852eeae823ff47e53fa,21244,CHAPTERS/12-The-Principle-of-Computational-Equivalence.md,U004342,CHAPTERS/12-The-Principle-of-Computational-Equivalence.md,16,LIVE_MARKDOWN_REFERENCE,REFERENCED,PENDING,,,,[],NOT_REVIEWED,NOT_APPLICABLE,[],[],,,,
A001522,L000817,CHAPTERS/_page_782_Figure_2.jpeg,c79e42d4cff6005c8b4db95533fb0e14d64389d5ce30fc5ef305827441d0ded4,186077,CHAPTERS/12-The-Principle-of-Computational-Equivalence.md,U004351,CHAPTERS/12-The-Principle-of-Computational-Equivalence.md,16,LIVE_MARKDOWN_REFERENCE,REFERENCED,PENDING,,,,[],NOT_REVIEWED,NOT_APPLICABLE,[],[],,,,
A001523,L000818,CHAPTERS/_page_783_Figure_2.jpeg,2cc6f2b8a0b6835e68fb25d7d6b1dc1f78102a28edca917aaa6caee752647c6e,130168,CHAPTERS/12-The-Principle-of-Computational-Equivalence.md,U004356,CHAPTERS/12-The-Principle-of-Computational-Equivalence.md,16,LIVE_MARKDOWN_REFERENCE,REFERENCED,PENDING,,,,[],NOT_REVIEWED,NOT_APPLICABLE,[],[],,,,
A001524,L000819,CHAPTERS/_page_785_Figure_2.jpeg,2816c7a99bf6cd6ccd0f3715db86a2da8b72688f42d4cf7a881e24740d15be28,109164,CHAPTERS/12-The-Principle-of-Computational-Equivalence.md,U004364,CHAPTERS/12-The-Principle-of-Computational-Equivalence.md,16,LIVE_MARKDOWN_REFERENCE,REFERENCED,PENDING,,,,[],NOT_REVIEWED,NOT_APPLICABLE,[],[],,,,
A001525,L000820,CHAPTERS/_page_788_Figure_2.jpeg,ef2f42f599f92ece7508b9a090243eed263dfdcc3a9721fa50ef37421328c74a,206287,CHAPTERS/12-The-Principle-of-Computational-Equivalence.md,U004383,CHAPTERS/12-The-Principle-of-Computational-Equivalence.md,16,LIVE_MARKDOWN_REFERENCE,REFERENCED,PENDING,,,,[],NOT_REVIEWED,NOT_APPLICABLE,[],[],,,,
A001526,L000821,CHAPTERS/_page_789_Further_Axiom_Systems.jpeg,2faa5666ec052f5d2a93dd9b9a417fa5f3f1e27f7cddf1ab9225d5bece60b8e5,902801,CHAPTERS/12-The-Principle-of-Computational-Equivalence.md,U004385,CHAPTERS/12-The-Principle-of-Computational-Equivalence.md,16,LIVE_MARKDOWN_REFERENCE,REFERENCED,PENDING,,,,[],NOT_REVIEWED,NOT_APPLICABLE,[],[],,,,
A001527,L000042,CHAPTERS/_page_78_Figure_2.jpeg,5c5ca56f3e8141c3aa4d7648f3ebe34a911515bf9dfc9118795135736f69b879,90930,CHAPTERS/03-The-World-of-Simple-Programs.md,U000361,CHAPTERS/03-The-World-of-Simple-Programs.md,7,LIVE_MARKDOWN_REFERENCE,REFERENCED,PENDING,,,,[],NOT_REVIEWED,NOT_APPLICABLE,[],[],,,,
A001528,L000043,CHAPTERS/_page_78_Figure_4.jpeg,088016843cb7d74ad621ebed323401dfb9783ce061ece275ba36b0815c7dfa28,81348,CHAPTERS/03-The-World-of-Simple-Programs.md,U000363,CHAPTERS/03-The-World-of-Simple-Programs.md,7,LIVE_MARKDOWN_REFERENCE,REFERENCED,PENDING,,,,[],NOT_REVIEWED,NOT_APPLICABLE,[],[],,,,
A001529,L000822,CHAPTERS/_page_790_Figure_7.jpeg,ee2e22cce9b013a795935bde40339dece53ab7cc005138c4e729d5ac04e75a25,150724,CHAPTERS/12-The-Principle-of-Computational-Equivalence.md,U004391,CHAPTERS/12-The-Principle-of-Computational-Equivalence.md,16,LIVE_MARKDOWN_REFERENCE,REFERENCED,PENDING,,,,[],NOT_REVIEWED,NOT_APPLICABLE,[],[],,,,
A001530,L000823,CHAPTERS/_page_791_Picture_4.jpeg,3c7cb93d8d75a1f63b558797d01210f9ac98770bde521ad0bab0bc22e095cee3,43524,CHAPTERS/12-The-Principle-of-Computational-Equivalence.md,U004395,CHAPTERS/12-The-Principle-of-Computational-Equivalence.md,16,LIVE_MARKDOWN_REFERENCE,REFERENCED,PENDING,,,,[],NOT_REVIEWED,NOT_APPLICABLE,[],[],,,,
A001531,L000824,CHAPTERS/_page_792_Picture_3.jpeg,27872f8dc77ec58f35cda4760c107f2f0b605b836bd00c1630677b62fd5b84ad,53661,CHAPTERS/12-The-Principle-of-Computational-Equivalence.md,U004398,CHAPTERS/12-The-Principle-of-Computational-Equivalence.md,16,LIVE_MARKDOWN_REFERENCE,REFERENCED,PENDING,,,,[],NOT_REVIEWED,NOT_APPLICABLE,[],[],,,,
A001532,L000825,CHAPTERS/_page_792_Picture_4.jpeg,7c9d3a3d8b9bc2d35961d532c0ca526b94cbc9e5017cb9abc5c8f1a7efe15135,54550,CHAPTERS/12-The-Principle-of-Computational-Equivalence.md,U004399,CHAPTERS/12-The-Principle-of-Computational-Equivalence.md,16,LIVE_MARKDOWN_REFERENCE,REFERENCED,PENDING,,,,[],NOT_REVIEWED,NOT_APPLICABLE,[],[],,,,
A001533,L000826,CHAPTERS/_page_793_Picture_2.jpeg,3fcfa4f3451c70741191ccc0ded30f581c41eb51ea4c335da111394db85604a3,80458,CHAPTERS/12-The-Principle-of-Computational-Equivalence.md,U004405,CHAPTERS/12-The-Principle-of-Computational-Equivalence.md,16,LIVE_MARKDOWN_REFERENCE,REFERENCED,PENDING,,,,[],NOT_REVIEWED,NOT_APPLICABLE,[],[],,,,
A001534,L000827,CHAPTERS/_page_793_Picture_3.jpeg,3f8e7edd50b967d25100d4b41edfe69f377e0c594daabfab56087c9204cfeb42,1873,CHAPTERS/12-The-Principle-of-Computational-Equivalence.md,U004406,CHAPTERS/12-The-Principle-of-Computational-Equivalence.md,16,LIVE_MARKDOWN_REFERENCE,REFERENCED,PENDING,,,,[],NOT_REVIEWED,NOT_APPLICABLE,[],[],,,,
A001535,L000828,CHAPTERS/_page_793_Picture_5.jpeg,5bab3d78cf953fd50f05182c4fd5c4763eee4f5db54fe3695394c97a0a91553f,89432,CHAPTERS/12-The-Principle-of-Computational-Equivalence.md,U004408,CHAPTERS/12-The-Principle-of-Computational-Equivalence.md,16,LIVE_MARKDOWN_REFERENCE,REFERENCED,PENDING,,,,[],NOT_REVIEWED,NOT_APPLICABLE,[],[],,,,
A001536,L000829,CHAPTERS/_page_793_Picture_6.jpeg,4a8b4426a181e4811ba7cbc20f6212828f466ffe6e28811187729fb35986fd87,137822,CHAPTERS/12-The-Principle-of-Computational-Equivalence.md,U004409,CHAPTERS/12-The-Principle-of-Computational-Equivalence.md,16,LIVE_MARKDOWN_REFERENCE,REFERENCED,PENDING,,,,[],NOT_REVIEWED,NOT_APPLICABLE,[],[],,,,
A001537,L000830,CHAPTERS/_page_793_Picture_7.jpeg,e514f85da70bd68166c5c6fc24012d7eaaa26a4d38362afd4b2b44e6b8242cef,2406,CHAPTERS/12-The-Principle-of-Computational-Equivalence.md,U004410,CHAPTERS/12-The-Principle-of-Computational-Equivalence.md,16,LIVE_MARKDOWN_REFERENCE,REFERENCED,PENDING,,,,[],NOT_REVIEWED,NOT_APPLICABLE,[],[],,,,
A001538,L000831,CHAPTERS/_page_793_Picture_8.jpeg,2750a14fd8d64343816c685c5f99099ced060b62fff6abc3650d6a971d448903,2461,CHAPTERS/12-The-Principle-of-Computational-Equivalence.md,U004411,CHAPTERS/12-The-Principle-of-Computational-Equivalence.md,16,LIVE_MARKDOWN_REFERENCE,REFERENCED,PENDING,,,,[],NOT_REVIEWED,NOT_APPLICABLE,[],[],,,,
A001539,L000832,CHAPTERS/_page_795_Picture_7.jpeg,30aa42c3494ee288b0b44a2b9e379cc27eb5a0eca5f2aed14cd4c9c8903151ba,57974,CHAPTERS/12-The-Principle-of-Computational-Equivalence.md,U004422,CHAPTERS/12-The-Principle-of-Computational-Equivalence.md,16,LIVE_MARKDOWN_REFERENCE,REFERENCED,PENDING,,,,[],NOT_REVIEWED,NOT_APPLICABLE,[],[],,,,
A001540,L000833,CHAPTERS/_page_796_Figure_2.jpeg,ef2933f7002919ebd358d2e77e6a544b4ca7bcaea21a0044a752a10f3eb0d251,159139,CHAPTERS/12-The-Principle-of-Computational-Equivalence.md,U004426,CHAPTERS/12-The-Principle-of-Computational-Equivalence.md,16,LIVE_MARKDOWN_REFERENCE,REFERENCED,PENDING,,,,[],NOT_REVIEWED,NOT_APPLICABLE,[],[],,,,
A001541,L000834,CHAPTERS/_page_798_Picture_2.jpeg,2b6b755747255a82f5b3b6d62ad731ee1d70db409391888b6c781ac1ee303823,63565,CHAPTERS/12-The-Principle-of-Computational-Equivalence.md,U004438,CHAPTERS/12-The-Principle-of-Computational-Equivalence.md,16,LIVE_MARKDOWN_REFERENCE,REFERENCED,PENDING,,,,[],NOT_REVIEWED,NOT_APPLICABLE,[],[],,,,
A001542,L000044,CHAPTERS/_page_79_Picture_2.jpeg,355d13fde85b89c2e3e26d1ae199e30ad2191b0bcbd3d4c89ac76785fa1ebc86,278065,CHAPTERS/03-The-World-of-Simple-Programs.md,U000365,CHAPTERS/03-The-World-of-Simple-Programs.md,7,LIVE_MARKDOWN_REFERENCE,REFERENCED,PENDING,,,,[],NOT_REVIEWED,NOT_APPLICABLE,[],[],,,,
A001543,L000835,CHAPTERS/_page_801_Arithmetic_Universality.jpeg,59f9e51f16ee92f5c4aab8119ac5bdfb5358abce7faab457f213a03e7c391638,878230,CHAPTERS/12-The-Principle-of-Computational-Equivalence.md,U004465,CHAPTERS/12-The-Principle-of-Computational-Equivalence.md,16,LIVE_MARKDOWN_REFERENCE,REFERENCED,PENDING,,,,[],NOT_REVIEWED,NOT_APPLICABLE,[],[],,,,
A001544,L000836,CHAPTERS/_page_805_Diophantine_Equation_Table.jpeg,5e4e219e85018464917e6074568383cb77c8640e8bf732aa4141ec688b40a347,1312913,CHAPTERS/12-The-Principle-of-Computational-Equivalence.md,U004491,CHAPTERS/12-The-Principle-of-Computational-Equivalence.md,16,LIVE_MARKDOWN_REFERENCE,REFERENCED,PENDING,,,,[],NOT_REVIEWED,NOT_APPLICABLE,[],[],,,,
A001545,L000837,CHAPTERS/_page_809_Figure_1.jpeg,d4de45b7b02d5d6617b23770f02ed90ec399d58bb2a29e8be2a69a27a6e2f98b,113768,CHAPTERS/12-The-Principle-of-Computational-Equivalence.md,U004515,CHAPTERS/12-The-Principle-of-Computational-Equivalence.md,16,LIVE_MARKDOWN_REFERENCE,REFERENCED,PENDING,,,,[],NOT_REVIEWED,NOT_APPLICABLE,[],[],,,,
A001546,L000838,CHAPTERS/_page_811_Figure_2.jpeg,e02bec746f4f3bf90d9baec69e6114a1d7836080510f044d7b2109e02802a8b7,237613,CHAPTERS/12-The-Principle-of-Computational-Equivalence.md,U004526,CHAPTERS/12-The-Principle-of-Computational-Equivalence.md,16,LIVE_MARKDOWN_REFERENCE,REFERENCED,PENDING,,,,[],NOT_REVIEWED,NOT_APPLICABLE,[],[],,,,
A001547,L000839,CHAPTERS/_page_813_Figure_2.jpeg,17006f5fd670191897c15e1a5bf73b5b3aef685463f0a422709071ff210b9c27,268161,CHAPTERS/12-The-Principle-of-Computational-Equivalence.md,U004537,CHAPTERS/12-The-Principle-of-Computational-Equivalence.md,16,LIVE_MARKDOWN_REFERENCE,REFERENCED,PENDING,,,,[],NOT_REVIEWED,NOT_APPLICABLE,[],[],,,,
A001548,L000840,CHAPTERS/_page_817_Figure_1.jpeg,94e6f0c63e6b22a8fd138f3be37cd884a7b7a11afaa4593a361652f99778427b,132055,CHAPTERS/12-The-Principle-of-Computational-Equivalence.md,U004555,CHAPTERS/12-The-Principle-of-Computational-Equivalence.md,16,LIVE_MARKDOWN_REFERENCE,REFERENCED,PENDING,,,,[],NOT_REVIEWED,NOT_APPLICABLE,[],[],,,,
A001549,L000841,CHAPTERS/_page_818_Figure_2.jpeg,c5915fde8057d29e2ce11e69861a0e82f287e7004089daebbaef9f2f61dedb67,20255,CHAPTERS/12-The-Principle-of-Computational-Equivalence.md,U004560,CHAPTERS/12-The-Principle-of-Computational-Equivalence.md,16,LIVE_MARKDOWN_REFERENCE,REFERENCED,PENDING,,,,[],NOT_REVIEWED,NOT_APPLICABLE,[],[],,,,
A001550,L000842,CHAPTERS/_page_819_Figure_2.jpeg,c4ff67d9f7fb59a2fdab975fec5ccfa8ae2367f322747060f716c53920b882cf,224060,CHAPTERS/12-The-Principle-of-Computational-Equivalence.md,U004568,CHAPTERS/12-The-Principle-of-Computational-Equivalence.md,16,LIVE_MARKDOWN_REFERENCE,REFERENCED,PENDING,,,,[],NOT_REVIEWED,NOT_APPLICABLE,[],[],,,,
A001551,L000045,CHAPTERS/_page_81_Picture_1.jpeg,0617e6b01a1faa43e968051ff8716171b665e79d087c8c13a47811c0520f3014,75030,CHAPTERS/03-The-World-of-Simple-Programs.md,U000373,CHAPTERS/03-The-World-of-Simple-Programs.md,7,LIVE_MARKDOWN_REFERENCE,REFERENCED,PENDING,,,,[],NOT_REVIEWED,NOT_APPLICABLE,[],[],,,,
A001552,L000046,CHAPTERS/_page_81_Picture_2.jpeg,6efe4dc8703a3045bd6189f930a0cdb44e59dc71f38dc91a52e8faa84e801a7e,86949,CHAPTERS/03-The-World-of-Simple-Programs.md,U000374,CHAPTERS/03-The-World-of-Simple-Programs.md,7,LIVE_MARKDOWN_REFERENCE,REFERENCED,PENDING,,,,[],NOT_REVIEWED,NOT_APPLICABLE,[],[],,,,
A001553,L000047,CHAPTERS/_page_81_Picture_3.jpeg,b3812f8742bf08299270512de2cdffa57ac14be5b10a6cdefa60d4878173553c,75408,CHAPTERS/03-The-World-of-Simple-Programs.md,U000375,CHAPTERS/03-The-World-of-Simple-Programs.md,7,LIVE_MARKDOWN_REFERENCE,REFERENCED,PENDING,,,,[],NOT_REVIEWED,NOT_APPLICABLE,[],[],,,,
A001554,L000843,CHAPTERS/_page_820_Figure_1.jpeg,034e7735401a22cc4c9ada23726943059bb63f87809c8c1954258c1766a5568c,198099,CHAPTERS/12-The-Principle-of-Computational-Equivalence.md,U004569,CHAPTERS/12-The-Principle-of-Computational-Equivalence.md,16,LIVE_MARKDOWN_REFERENCE,REFERENCED,PENDING,,,,[],NOT_REVIEWED,NOT_APPLICABLE,[],[],,,,
A001555,L000844,CHAPTERS/_page_821_Picture_8.jpeg,6f2b997c8d54d931dcb5a2af6ba3e78a903bbab2ad657b1334233fd8d203a297,24369,CHAPTERS/12-The-Principle-of-Computational-Equivalence.md,U004578,CHAPTERS/12-The-Principle-of-Computational-Equivalence.md,16,LIVE_MARKDOWN_REFERENCE,REFERENCED,PENDING,,,,[],NOT_REVIEWED,NOT_APPLICABLE,[],[],,,,
A001556,L000845,CHAPTERS/_page_822_Logic_Primitive_Functions.jpeg,5929e2daa8f623d9c695579e81347caa4d546264a7d02b4d534a14d9026e1751,668424,CHAPTERS/12-The-Principle-of-Computational-Equivalence.md,U004581,CHAPTERS/12-The-Principle-of-Computational-Equivalence.md,16,LIVE_MARKDOWN_REFERENCE,REFERENCED,PENDING,,,,[],NOT_REVIEWED,NOT_APPLICABLE,[],[],,,,
A001557,L000846,CHAPTERS/_page_823_Figure_2.jpeg,c4b330f80f61af97a9757605908e53d9698abc6150c6f5a8655b52b2b4aabcb5,108447,CHAPTERS/12-The-Principle-of-Computational-Equivalence.md,U004584,CHAPTERS/12-The-Principle-of-Computational-Equivalence.md,16,LIVE_MARKDOWN_REFERENCE,REFERENCED,PENDING,,,,[],NOT_REVIEWED,NOT_APPLICABLE,[],[],,,,
A001558,L000847,CHAPTERS/_page_824_Figure_9.jpeg,9e2e491f5331453dbac794e14625eff76d7ca5cd0b4a213d3761a2d0776ef27d,3343,CHAPTERS/12-The-Principle-of-Computational-Equivalence.md,U004595,CHAPTERS/12-The-Principle-of-Computational-Equivalence.md,16,LIVE_MARKDOWN_REFERENCE,REFERENCED,PENDING,,,,[],NOT_REVIEWED,NOT_APPLICABLE,[],[],,,,
A001559,L000848,CHAPTERS/_page_825_Figure_1.jpeg,38c1d27a68c4344e0c7e0ea6048f63a63dcb28cd7e371a0a618ad59845bbe453,371370,CHAPTERS/12-The-Principle-of-Computational-Equivalence.md,U004597,CHAPTERS/12-The-Principle-of-Computational-Equivalence.md,16,LIVE_MARKDOWN_REFERENCE,REFERENCED,PENDING,,,,[],NOT_REVIEWED,NOT_APPLICABLE,[],[],,,,
A001560,L000849,CHAPTERS/_page_826_Figure_1.jpeg,1706bafd3cb0d884ffdd5a3775fe3c7fa97c9b575f96012ca12bfb0668a25b2e,251170,CHAPTERS/12-The-Principle-of-Computational-Equivalence.md,U004598,CHAPTERS/12-The-Principle-of-Computational-Equivalence.md,16,LIVE_MARKDOWN_REFERENCE,REFERENCED,PENDING,,,,[],NOT_REVIEWED,NOT_APPLICABLE,[],[],,,,
A001561,L000850,CHAPTERS/_page_827_Figure_3.jpeg,062247dc5a8f5ea97e1535ba698d9621ae921e6dd0b1a6fa7e67a170d280c76e,395161,CHAPTERS/12-The-Principle-of-Computational-Equivalence.md,U004602,CHAPTERS/12-The-Principle-of-Computational-Equivalence.md,16,LIVE_MARKDOWN_REFERENCE,REFERENCED,PENDING,,,,[],NOT_REVIEWED,NOT_APPLICABLE,[],[],,,,
A001562,L000851,CHAPTERS/_page_828_Figure_3.jpeg,1e4c817edcd3b1c9681f4425e27bd9c7d752bb08a888eb1ef83ae58dce4c1dc0,392957,CHAPTERS/12-The-Principle-of-Computational-Equivalence.md,U004605,CHAPTERS/12-The-Principle-of-Computational-Equivalence.md,16,LIVE_MARKDOWN_REFERENCE,REFERENCED,PENDING,,,,[],NOT_REVIEWED,NOT_APPLICABLE,[],[],,,,
A001563,L000853,CHAPTERS/_page_829_Figure_4.jpeg,5ed7c99675bc435ad377dbd51f0c37821b225c1ef6af7b391f61f39d29870192,56917,CHAPTERS/12-The-Principle-of-Computational-Equivalence.md,U004610,CHAPTERS/12-The-Principle-of-Computational-Equivalence.md,16,LIVE_MARKDOWN_REFERENCE,REFERENCED,PENDING,,,,[],NOT_REVIEWED,NOT_APPLICABLE,[],[],,,,
A001564,L000852,CHAPTERS/_page_829_Picture_2.jpeg,94713f26d632200490dc9a7eafe57cec32353580e5377aff068da91df0ca4e0e,5646,CHAPTERS/12-The-Principle-of-Computational-Equivalence.md,U004608,CHAPTERS/12-The-Principle-of-Computational-Equivalence.md,16,LIVE_MARKDOWN_REFERENCE,REFERENCED,PENDING,,,,[],NOT_REVIEWED,NOT_APPLICABLE,[],[],,,,
A001565,L000048,CHAPTERS/_page_82_Picture_1.jpeg,aa534aa358e74235ef5de86980c5c6f0895bac2b616e990c1cda7253639a4511,423048,CHAPTERS/03-The-World-of-Simple-Programs.md,U000377,CHAPTERS/03-The-World-of-Simple-Programs.md,7,LIVE_MARKDOWN_REFERENCE,REFERENCED,PENDING,,,,[],NOT_REVIEWED,NOT_APPLICABLE,[],[],,,,
A001566,L000854,CHAPTERS/_page_832_Basic_Logic_Theorems.jpeg,8c4d5651f14315396a09a6f42d020c2a0c0e1c6f615832767ebe44a65169925d,1577745,CHAPTERS/12-The-Principle-of-Computational-Equivalence.md,U004630,CHAPTERS/12-The-Principle-of-Computational-Equivalence.md,16,LIVE_MARKDOWN_REFERENCE,REFERENCED,PENDING,,,,[],NOT_REVIEWED,NOT_APPLICABLE,[],[],,,,
A001567,L000855,CHAPTERS/_page_833_NAND_Theorems.jpeg,267d9c604506975610cbd16bb6b86229473653355bbe0b4365aaa0df435b2837,796284,CHAPTERS/12-The-Principle-of-Computational-Equivalence.md,U004635,CHAPTERS/12-The-Principle-of-Computational-Equivalence.md,16,LIVE_MARKDOWN_REFERENCE,REFERENCED,PENDING,,,,[],NOT_REVIEWED,NOT_APPLICABLE,[],[],,,,
A001568,L000856,CHAPTERS/_page_839_Figure_4.jpeg,851cf63cb497d076054d9b3cedf0db108f0cb439a7876726075eb82b5cfe0f6c,36753,CHAPTERS/12-The-Principle-of-Computational-Equivalence.md,U004678,CHAPTERS/12-The-Principle-of-Computational-Equivalence.md,16,LIVE_MARKDOWN_REFERENCE,REFERENCED,PENDING,,,,[],NOT_REVIEWED,NOT_APPLICABLE,[],[],,,,
A001569,L000049,CHAPTERS/_page_83_Picture_1.jpeg,cd4f0434c12f9b86bdde3730270451df2dfb503194d22bc04d0609973e9d3a77,513252,CHAPTERS/03-The-World-of-Simple-Programs.md,U000379,CHAPTERS/03-The-World-of-Simple-Programs.md,7,LIVE_MARKDOWN_REFERENCE,REFERENCED,PENDING,,,,[],NOT_REVIEWED,NOT_APPLICABLE,[],[],,,,
A001570,L000857,CHAPTERS/_page_845_Picture_10.jpeg,9ed559b6f34dc840d818983ce82567907d21811c5e13040d21d78be3c7f8024c,30466,CHAPTERS/12-The-Principle-of-Computational-Equivalence.md,U004729,CHAPTERS/12-The-Principle-of-Computational-Equivalence.md,16,LIVE_MARKDOWN_REFERENCE,REFERENCED,PENDING,,,,[],NOT_REVIEWED,NOT_APPLICABLE,[],[],,,,
A001571,L000858,CHAPTERS/_page_845_Picture_12.jpeg,47067b5f2bd78c39bea8c1c283c7b942bd10fbd722a21b11b6b749091dcd5d06,21586,CHAPTERS/12-The-Principle-of-Computational-Equivalence.md,U004731,CHAPTERS/12-The-Principle-of-Computational-Equivalence.md,16,LIVE_MARKDOWN_REFERENCE,REFERENCED,PENDING,,,,[],NOT_REVIEWED,NOT_APPLICABLE,[],[],,,,
A001572,L000859,CHAPTERS/_page_846_Picture_11.jpeg,a2a0b0d486809825130288690f13144b074d5c5950c98152b7c6ba3de0346bdd,3779,CHAPTERS/12-The-Principle-of-Computational-Equivalence.md,U004738,CHAPTERS/12-The-Principle-of-Computational-Equivalence.md,16,LIVE_MARKDOWN_REFERENCE,REFERENCED,PENDING,,,,[],NOT_REVIEWED,NOT_APPLICABLE,[],[],,,,
A001573,L000860,CHAPTERS/_page_846_Picture_13.jpeg,1cf33d03b5588db23d8492d39135326e63e2acfc46931b3d4add582e91c0f336,31075,CHAPTERS/12-The-Principle-of-Computational-Equivalence.md,U004739,CHAPTERS/12-The-Principle-of-Computational-Equivalence.md,16,LIVE_MARKDOWN_REFERENCE,REFERENCED,PENDING,,,,[],NOT_REVIEWED,NOT_APPLICABLE,[],[],,,,
A001574,L000861,CHAPTERS/_page_847_Figure_1.jpeg,2d36e7eaeb3b073e68621ef5f9c1c397ae24ddc74fe06f26e62546ccc3af2902,111064,CHAPTERS/12-The-Principle-of-Computational-Equivalence.md,U004745,CHAPTERS/12-The-Principle-of-Computational-Equivalence.md,16,LIVE_MARKDOWN_REFERENCE,REFERENCED,PENDING,,,,[],NOT_REVIEWED,NOT_APPLICABLE,[],[],,,,
A001575,L000862,CHAPTERS/_page_848_Figure_2.jpeg,0bfecfeff1bd81072838e39704fc6572632dee083f91ddc4370909b0e2c5b5dd,247033,CHAPTERS/12-The-Principle-of-Computational-Equivalence.md,U004752,CHAPTERS/12-The-Principle-of-Computational-Equivalence.md,16,LIVE_MARKDOWN_REFERENCE,REFERENCED,PENDING,,,,[],NOT_REVIEWED,NOT_APPLICABLE,[],[],,,,
A001576,L000050,CHAPTERS/_page_84_Picture_2.jpeg,02782253cc66a9de075af5d1d02f224645e443040f5ff6001fef6467a7013cbe,74243,CHAPTERS/03-The-World-of-Simple-Programs.md,U000383,CHAPTERS/03-The-World-of-Simple-Programs.md,7,LIVE_MARKDOWN_REFERENCE,REFERENCED,PENDING,,,,[],NOT_REVIEWED,NOT_APPLICABLE,[],[],,,,
A001577,L000051,CHAPTERS/_page_85_Picture_2.jpeg,2374289d970042909316f68cf240379d6f2826ba90dab95db0a317e672b91b0f,345552,CHAPTERS/03-The-World-of-Simple-Programs.md,U000386,CHAPTERS/03-The-World-of-Simple-Programs.md,7,LIVE_MARKDOWN_REFERENCE,REFERENCED,PENDING,,,,[],NOT_REVIEWED,NOT_APPLICABLE,[],[],,,,
A001578,L000863,CHAPTERS/_page_862_Picture_0.jpeg,b89eb2f2eaf882cab79fd0679ee8fc08067bf8792b660fa6827f377220783eb4,100820,CHAPTERS/12-The-Principle-of-Computational-Equivalence.md,U004855,CHAPTERS/12-The-Principle-of-Computational-Equivalence.md,16,LIVE_MARKDOWN_REFERENCE,REFERENCED,PENDING,,,,[],NOT_REVIEWED,NOT_APPLICABLE,[],[],,,,
A001579,L000052,CHAPTERS/_page_86_Picture_7.jpeg,59213fbf1a0e6904a6566043c889acd32853d799d5a71bfec1e2d0c45bb1eec5,30221,CHAPTERS/03-The-World-of-Simple-Programs.md,U000393,CHAPTERS/03-The-World-of-Simple-Programs.md,7,LIVE_MARKDOWN_REFERENCE,REFERENCED,PENDING,,,,[],NOT_REVIEWED,NOT_APPLICABLE,[],[],,,,
A001580,L000053,CHAPTERS/_page_86_Picture_8.jpeg,d844f2419d7ff2a748a93e4ae6dd09c947bf5ed0723aa1defb4354c810b1fb25,7295,CHAPTERS/03-The-World-of-Simple-Programs.md,U000394,CHAPTERS/03-The-World-of-Simple-Programs.md,7,LIVE_MARKDOWN_REFERENCE,REFERENCED,PENDING,,,,[],NOT_REVIEWED,NOT_APPLICABLE,[],[],,,,
A001581,L000054,CHAPTERS/_page_87_Figure_2.jpeg,14da8ca8fbd1cdc2f63e8b11a3d9f99a5acd6462885cffe25e8dcc90a23144d0,204794,CHAPTERS/03-The-World-of-Simple-Programs.md,U000397,CHAPTERS/03-The-World-of-Simple-Programs.md,7,LIVE_MARKDOWN_REFERENCE,REFERENCED,PENDING,,,,[],NOT_REVIEWED,NOT_APPLICABLE,[],[],,,,
A001582,L000055,CHAPTERS/_page_87_Picture_7.jpeg,a5c5e94fedbf0b6a412e53e6cb5a9a7dd5edd9ae7f5b8b036279f96755c8b39e,85110,CHAPTERS/03-The-World-of-Simple-Programs.md,U000401,CHAPTERS/03-The-World-of-Simple-Programs.md,7,LIVE_MARKDOWN_REFERENCE,REFERENCED,PENDING,,,,[],NOT_REVIEWED,NOT_APPLICABLE,[],[],,,,
A001583,L000056,CHAPTERS/_page_88_Picture_5.jpeg,4f9b5ac0f454667696caa629f82593a40629cb640880bb83e60ded3871fc270f,57625,CHAPTERS/03-The-World-of-Simple-Programs.md,U000406,CHAPTERS/03-The-World-of-Simple-Programs.md,7,LIVE_MARKDOWN_REFERENCE,REFERENCED,PENDING,,,,[],NOT_REVIEWED,NOT_APPLICABLE,[],[],,,,
A001584,L000057,CHAPTERS/_page_88_Picture_6.jpeg,4026c3f35504a7b16700a4a767b255896f1c16700991a10c22352d5e41a54c74,61416,CHAPTERS/03-The-World-of-Simple-Programs.md,U000407,CHAPTERS/03-The-World-of-Simple-Programs.md,7,LIVE_MARKDOWN_REFERENCE,REFERENCED,PENDING,,,,[],NOT_REVIEWED,NOT_APPLICABLE,[],[],,,,
A001585,L000058,CHAPTERS/_page_88_Picture_8.jpeg,c3c4351d0bcabf55591f4a501f7a4261482d580e1d721b3b7277f8a35a9579a8,17317,CHAPTERS/03-The-World-of-Simple-Programs.md,U000408,CHAPTERS/03-The-World-of-Simple-Programs.md,7,LIVE_MARKDOWN_REFERENCE,REFERENCED,PENDING,,,,[],NOT_REVIEWED,NOT_APPLICABLE,[],[],,,,
A001586,L000059,CHAPTERS/_page_89_Picture_3.jpeg,116acac037567c1dea537a31131c66fc9db79c0d3e7f158b65a0678b6185f801,8217,CHAPTERS/03-The-World-of-Simple-Programs.md,U000411,CHAPTERS/03-The-World-of-Simple-Programs.md,7,LIVE_MARKDOWN_REFERENCE,REFERENCED,PENDING,,,,[],NOT_REVIEWED,NOT_APPLICABLE,[],[],,,,
A001587,L000060,CHAPTERS/_page_89_Picture_5.jpeg,68923d6bd7d897a66dab0a3be6394278801ce02fcc2728edb38ae191927dd2d6,25056,CHAPTERS/03-The-World-of-Simple-Programs.md,U000412,CHAPTERS/03-The-World-of-Simple-Programs.md,7,LIVE_MARKDOWN_REFERENCE,REFERENCED,PENDING,,,,[],NOT_REVIEWED,NOT_APPLICABLE,[],[],,,,
A001588,L000061,CHAPTERS/_page_89_Picture_6.jpeg,ad3ec220897e94d954715f3744f2eb7341cefac980b6fb41180d5052736ce192,81012,CHAPTERS/03-The-World-of-Simple-Programs.md,U000413,CHAPTERS/03-The-World-of-Simple-Programs.md,7,LIVE_MARKDOWN_REFERENCE,REFERENCED,PENDING,,,,[],NOT_REVIEWED,NOT_APPLICABLE,[],[],,,,
A001589,L000062,CHAPTERS/_page_90_Figure_2.jpeg,442c25754d512a8b3a2da006adf699984c3effcc38efd653f3ef69313ed2daf4,169152,CHAPTERS/03-The-World-of-Simple-Programs.md,U000416,CHAPTERS/03-The-World-of-Simple-Programs.md,7,LIVE_MARKDOWN_REFERENCE,REFERENCED,PENDING,,,,[],NOT_REVIEWED,NOT_APPLICABLE,[],[],,,,
A001590,L000063,CHAPTERS/_page_90_Figure_3.jpeg,8427e4362a1980985a9f9ffafc584834299dfeb73cc08e698fc90485cc71b487,28630,CHAPTERS/03-The-World-of-Simple-Programs.md,U000417,CHAPTERS/03-The-World-of-Simple-Programs.md,7,LIVE_MARKDOWN_REFERENCE,REFERENCED,PENDING,,,,[],NOT_REVIEWED,NOT_APPLICABLE,[],[],,,,
A001591,L000064,CHAPTERS/_page_90_Figure_4.jpeg,35235e379bcb207a3ee30fdb40cb4d4841a1524ab1b5667de2019e2f706a750e,8205,CHAPTERS/03-The-World-of-Simple-Programs.md,U000418,CHAPTERS/03-The-World-of-Simple-Programs.md,7,LIVE_MARKDOWN_REFERENCE,REFERENCED,PENDING,,,,[],NOT_REVIEWED,NOT_APPLICABLE,[],[],,,,
A001592,L000065,CHAPTERS/_page_91_Figure_6.jpeg,841e52174bee649faa4f32c351235609b41f08d875351f4e04e328fe1d0dc3db,7453,CHAPTERS/03-The-World-of-Simple-Programs.md,U000424,CHAPTERS/03-The-World-of-Simple-Programs.md,7,LIVE_MARKDOWN_REFERENCE,REFERENCED,PENDING,,,,[],NOT_REVIEWED,NOT_APPLICABLE,[],[],,,,
A001593,L000066,CHAPTERS/_page_91_Figure_8.jpeg,2c1a760d55d31820631bfee265514a276033fe3c6c720a43c2e27da9306e50fe,45451,CHAPTERS/03-The-World-of-Simple-Programs.md,U000425,CHAPTERS/03-The-World-of-Simple-Programs.md,7,LIVE_MARKDOWN_REFERENCE,REFERENCED,PENDING,,,,[],NOT_REVIEWED,NOT_APPLICABLE,[],[],,,,
A001594,L000067,CHAPTERS/_page_92_Figure_1.jpeg,a13bfef810fd5987564b8ff4a7c5573201c3d29ab27e0829dcf820665a8e70b7,637467,CHAPTERS/03-The-World-of-Simple-Programs.md,U000429,CHAPTERS/03-The-World-of-Simple-Programs.md,7,LIVE_MARKDOWN_REFERENCE,REFERENCED,PENDING,,,,[],NOT_REVIEWED,NOT_APPLICABLE,[],[],,,,
A001595,L000068,CHAPTERS/_page_93_Picture_5.jpeg,297b2a7cd561cbc27fb94e7038c874ebebbdf5a065dc374765b429aa056be4e4,29107,CHAPTERS/03-The-World-of-Simple-Programs.md,U000435,CHAPTERS/03-The-World-of-Simple-Programs.md,7,LIVE_MARKDOWN_REFERENCE,REFERENCED,PENDING,,,,[],NOT_REVIEWED,NOT_APPLICABLE,[],[],,,,
A001596,L000069,CHAPTERS/_page_93_Picture_6.jpeg,7b0e7c2dff69902450be7e1cb68cf58895385757268faf40c72bf5c10b9de426,5293,CHAPTERS/03-The-World-of-Simple-Programs.md,U000436,CHAPTERS/03-The-World-of-Simple-Programs.md,7,LIVE_MARKDOWN_REFERENCE,REFERENCED,PENDING,,,,[],NOT_REVIEWED,NOT_APPLICABLE,[],[],,,,
A001597,L000070,CHAPTERS/_page_94_Figure_1.jpeg,18d1de9826cf2d10881f28a9afefeaed8f05c571b8d0e11c9a6b6b9f895e6710,161787,CHAPTERS/03-The-World-of-Simple-Programs.md,U000440,CHAPTERS/03-The-World-of-Simple-Programs.md,7,LIVE_MARKDOWN_REFERENCE,REFERENCED,PENDING,,,,[],NOT_REVIEWED,NOT_APPLICABLE,[],[],,,,
A001598,L000071,CHAPTERS/_page_95_Figure_2.jpeg,7eb86dddb55c86130741ad75816fa1e242ae6e51ababafe909c7793b9dc4a659,171672,CHAPTERS/03-The-World-of-Simple-Programs.md,U000447,CHAPTERS/03-The-World-of-Simple-Programs.md,7,LIVE_MARKDOWN_REFERENCE,REFERENCED,PENDING,,,,[],NOT_REVIEWED,NOT_APPLICABLE,[],[],,,,
A001599,L000072,CHAPTERS/_page_96_Picture_2.jpeg,413e7a243c76eaca82a02ff437d41ab4a8926a1e86dd4554c95482e674763163,171016,CHAPTERS/03-The-World-of-Simple-Programs.md,U000449,CHAPTERS/03-The-World-of-Simple-Programs.md,7,LIVE_MARKDOWN_REFERENCE,REFERENCED,PENDING,,,,[],NOT_REVIEWED,NOT_APPLICABLE,[],[],,,,
A001600,L000073,CHAPTERS/_page_96_Picture_3.jpeg,31897931ab7d5d5faa10e3816f50bcd7e77c4440eb580652415722135f2c8903,22428,CHAPTERS/03-The-World-of-Simple-Programs.md,U000450,CHAPTERS/03-The-World-of-Simple-Programs.md,7,LIVE_MARKDOWN_REFERENCE,REFERENCED,PENDING,,,,[],NOT_REVIEWED,NOT_APPLICABLE,[],[],,,,
A001601,L000074,CHAPTERS/_page_96_Picture_4.jpeg,e944956423ff362cb66f885a032a1400e2b28dc224ef8f8187b92aa79431f7fe,5453,CHAPTERS/03-The-World-of-Simple-Programs.md,U000451,CHAPTERS/03-The-World-of-Simple-Programs.md,7,LIVE_MARKDOWN_REFERENCE,REFERENCED,PENDING,,,,[],NOT_REVIEWED,NOT_APPLICABLE,[],[],,,,
A001602,L000075,CHAPTERS/_page_97_Picture_6.jpeg,f20f18df7b25e1b7cd771054501d8c31ae3c267ee63199377ec08e7ca4fff7f1,14855,CHAPTERS/03-The-World-of-Simple-Programs.md,U000457,CHAPTERS/03-The-World-of-Simple-Programs.md,7,LIVE_MARKDOWN_REFERENCE,REFERENCED,PENDING,,,,[],NOT_REVIEWED,NOT_APPLICABLE,[],[],,,,
A001603,L000076,CHAPTERS/_page_97_Picture_7.jpeg,2d3c96c1b70022d958f1925066c9ab0ff532fd45d231e841d3b4655143212797,8998,CHAPTERS/03-The-World-of-Simple-Programs.md,U000458,CHAPTERS/03-The-World-of-Simple-Programs.md,7,LIVE_MARKDOWN_REFERENCE,REFERENCED,PENDING,,,,[],NOT_REVIEWED,NOT_APPLICABLE,[],[],,,,
A001604,L000077,CHAPTERS/_page_98_Figure_2.jpeg,3f8f959f0661ca4019b451af24fd9236b58a858486178e4fb9bfd0105e337a8c,96138,CHAPTERS/03-The-World-of-Simple-Programs.md,U000462,CHAPTERS/03-The-World-of-Simple-Programs.md,7,LIVE_MARKDOWN_REFERENCE,REFERENCED,PENDING,,,,[],NOT_REVIEWED,NOT_APPLICABLE,[],[],,,,
A001605,L000078,CHAPTERS/_page_99_Figure_1.jpeg,9faa8b2973fdf9a11f77e4b9cf169cee9d907a429e1153a1af75923f79267592,132555,CHAPTERS/03-The-World-of-Simple-Programs.md,U000467,CHAPTERS/03-The-World-of-Simple-Programs.md,7,LIVE_MARKDOWN_REFERENCE,REFERENCED,PENDING,,,,[],NOT_REVIEWED,NOT_APPLICABLE,[],[],,,,
A001606,L000079,CHAPTERS/_page_99_Picture_4.jpeg,49727d9cd4bd099d127fb4a3e531f665fd3bdcccbdd66c9a9181c4709cbbafae,46147,CHAPTERS/03-The-World-of-Simple-Programs.md,U000470,CHAPTERS/03-The-World-of-Simple-Programs.md,7,LIVE_MARKDOWN_REFERENCE,REFERENCED,PENDING,,,,[],NOT_REVIEWED,NOT_APPLICABLE,[],[],,,,
A001607,L000001,FRONT-MATTER/_page_14_Picture_0.jpeg,b89eb2f2eaf882cab79fd0679ee8fc08067bf8792b660fa6827f377220783eb4,100820,FRONT-MATTER/01-Preface.md,U000069,FRONT-MATTER/01-Preface.md,4,LIVE_MARKDOWN_REFERENCE,REFERENCED,PENDING,,,,[],NOT_REVIEWED,NOT_APPLICABLE,[],[],,,,
