route_id,source_unit_id,source_asset_id,discovery_epoch,discovery_kind,discovery_id,discovery_ordinal,literal_target,route_kind,expected_topic,owning_stage,closure_scope,status,target_unit_ids,target_asset_ids,attempts,vocabulary_terms,defect_boundary
R000001,U004864,,1,SOURCE_UNIT,U004864,1,the simple rule on page 27,PAGE,Rule 30 transition lookup and boundary convention,4,CROSS_RANGE,RESOLVED,"[""U000204"",""U000206"",""U000207""]","[""A001164""]","[""Resolved the printed page 27 pointer to the reviewed Rule 30 prose definition, lookup diagram, and single-black-cell context; the target does not separately state infinite-support boundary mechanics.""]","[""rule 30"",""cellular automaton""]",
R000002,U004871,,1,SOURCE_UNIT,U004871,1,the rule 110 cellular automaton discussed on page 32,PAGE,Rule 110 transition lookup and native update mechanics,4,CROSS_RANGE,RESOLVED,"[""U000219"",""U000228"",""U000229""]","[""A001215""]","[""Resolved the printed page 32 pointer to the reviewed Rule 110 prose definition, lookup diagram, and evolution caption.""]","[""rule 110"",""cellular automaton""]",
R000003,U004871,,1,SOURCE_UNIT,U004871,2,11 of the 15 kinds from page 292,PAGE,persistent-structure definitions and their relation to Rule 110 behavior,4,CROSS_RANGE,PENDING,[],[],[],"[""persistent structures"",""rule 110""]",
R000004,U004873,,1,SOURCE_UNIT,U004873,1,the rule 30 cellular automaton of page 29,PAGE,Rule 30 single-cell evolution and displayed boundary context,4,CROSS_RANGE,RESOLVED,"[""U000215"",""U000216""]","[""A001179""]","[""Resolved the printed page 29 pointer to the reviewed 500-step Rule 30 evolution and its single-cell-run caption.""]","[""rule 30"",""single black cell""]",
R000005,U004928,,1,SOURCE_UNIT,U004928,1,see page 793,PAGE,static equations/formal facts versus action rules,5,CROSS_RANGE,PENDING,[],[],[],"[""equations"",""statically state facts"",""rules define actions""]",
R000006,U004932,,1,SOURCE_UNIT,U004932,1,as we will see on page 806,PAGE,traditional logic rules compared with general simple-program rules,5,CROSS_RANGE,PENDING,[],[],[],"[""traditional logic"",""logical rules"",""page 806""]",
R000007,U004946,,1,SOURCE_UNIT,U004946,1,Chapter 3 uses standard computer science models,SECTION,Turing-machine and register-machine native mechanics,5,CROSS_RANGE,RESOLVED,"[""U000433"",""U000434"",""U000435"",""U000436"",""U000437"",""U000543"",""U000545"",""U000546"",""U000547"",""U000549"",""U000550"",""U005409"",""U005410"",""U005411"",""U005412"",""U005413"",""U005414"",""U005415"",""U005575"",""U005576"",""U005577"",""U005578"",""U005579""]","[""A001595"",""A001596"",""A000769""]","[""Resolved the Chapter 3 section pointer to reviewed native mechanics for both models: tape/head/state transitions in U000433-U000437 and executable Turing-machine semantics in U005409-U005415; program-counter/register state and increment/decrement-jump semantics in U000543, U000545-U000550 and U005575-U005579. A001595-A001596 and A000769 are the direct rule/program witnesses. This closure does not absorb low-level-language applications into either native model.""]","[""Turing machines"",""register machines""]",
R000008,U004951,,1,SOURCE_UNIT,U004951,1,middle-square random number generator (see page 975),PAGE,middle-square initial-state generator mechanics,5,CROSS_RANGE,PENDING,[],[],[],"[""middle-square"",""random number generator""]",
R000009,U004951,,1,SOURCE_UNIT,U004951,2,See page 441,PAGE,random-input versus intrinsic-randomness comparison,5,CROSS_RANGE,PENDING,[],[],[],"[""random initial conditions"",""randomization"",""statistical physics""]",
R000010,U004952,,1,SOURCE_UNIT,U004952,1,See page 999,PAGE,1973 two-dimensional particle cellular-automaton mechanics,5,CROSS_RANGE,PENDING,[],[],[],"[""2D cellular automaton"",""discrete particles"",""square grid""]",
R000011,U004953,,1,SOURCE_UNIT,U004953,1,see page 232,PAGE,elementary cellular automata with random initial conditions,5,CROSS_RANGE,PENDING,[],[],[],"[""elementary cellular automata"",""random initial conditions""]",
R000012,U000293,,1,SOURCE_UNIT,U000293,1,the distribution of prime numbers (see page 132),PAGE,prime-number generation and distribution,6,CROSS_RANGE,RESOLVED,"[""U000739"",""U000740"",""U000741"",""U000742"",""U000743"",""U000744"",""U000745""]","[""A000798"",""A000799""]","[""Resolved printed page 132 to the reviewed prime definition, sieve removal rule, sieve witness, and distribution discussion at U000739-U000745/A000798-A000799. The closure includes both generation and the requested distribution evidence without turning the plots into native sieve state.""]","[""prime numbers"",""generating primes"",""page 132""]",
R000013,U000294,,1,SOURCE_UNIT,U000294,1,digit sequence of a number like pi ... (see page 136),PAGE,digit-sequence construction for pi,6,CROSS_RANGE,RESOLVED,"[""U000763"",""U000764"",""U000765"",""U000766"",""U000767"",""U000768""]","[""A000805""]","[""Resolved printed page 136 to U000763-U000768/A000805, which define pi by the circle ratio and display/describe its base-2 digits. The target does not give an algorithm for generating those digits, so this closure is limited to number identity and the observed digit sequence.""]","[""digits of pi"",""simple rules"",""page 136""]",
R000014,U000297,,1,SOURCE_UNIT,U000297,1,iterated maps ... discuss on page 149,PAGE,iterated-map native mechanics,6,CROSS_RANGE,RESOLVED,"[""U000827"",""U000828"",""U000835"",""U000836""]","[""A000813""]","[""Resolved printed page 149 to U000827-U000828 for the repeated unit-interval map class and U000835-U000836/A000813 for four concrete formulas, the displayed seed, and successive iterates. No continuous-CA coupling is imported into the base map class.""]","[""iterated maps"",""complexity"",""page 149""]",
R000015,U004966,,1,SOURCE_UNIT,U004966,1,The numbering of rules is discussed on page 53.,PAGE,elementary cellular-automaton rule-number decoding,6,CROSS_RANGE,RESOLVED,"[""U000323"",""U000324"",""U000325""]","[""A001441""]","[""Resolved printed page 53 to the reviewed 0-255 elementary-rule numbering passage and diagram. U000323-U000325 and A001441 explicitly map the eight ordered binary outputs to the base-2 digits of the rule number.""]","[""numbering of rules"",""elementary rule"",""page 53""]",
R000016,U004984,,1,SOURCE_UNIT,U004984,1,the built-in CellularAutomaton function ... discussed on page 867,PAGE,built-in cellular-automaton evolution interface and semantics,6,WITHIN_STAGE,RESOLVED,"[""U005009"",""U005010"",""U005011"",""U005012"",""U005013"",""U005014"",""U005015"",""U005016"",""U005017"",""U005018"",""U005019"",""U005020"",""U005021"",""U005022"",""U005023"",""U005024"",""U005025"",""U005026"",""U005027"",""U005028"",""U005029"",""U005030"",""U005031"",""U005032"",""U005033"",""U005034"",""U005035"",""U005036""]",[],"[""Resolved the printed page 867 pointer to the reviewed built-in CellularAutomaton interface, output slicing, and rule forms.""]","[""CellularAutomaton"",""built-in function"",""page 867""]",
R000017,U004996,,1,SOURCE_UNIT,U004996,1,Boolean expressions ... can be quite complicated (see page 869),PAGE,Boolean and algebraic representations of cellular-automaton rules,6,WITHIN_STAGE,RESOLVED,"[""U005084"",""U005085"",""U005093"",""U005094"",""U005095"",""U005096"",""U005097"",""U005098"",""U005099"",""U005100"",""U005101"",""U005102"",""U005103"",""U005104"",""U005105"",""U005106""]",[],"[""Resolved the printed page 869 pointer to the reviewed algebraic and Boolean rule representations and their value encoding.""]","[""Boolean expressions"",""bitwise"",""cellular automaton rules""]",
R000018,U004997,,1,SOURCE_UNIT,U004997,1,explicit replacements for all possible blocks ... (see page 60),PAGE,general one-dimensional cellular-automaton rule schema,6,CROSS_RANGE,RESOLVED,"[""U000350"",""U000351"",""U000352"",""U000353"",""U005360"",""U005361"",""U005362"",""U005363""]","[""A001507""]","[""Resolved the printed page-60 pointer with a bounded split: U000350-U000353 and A001507 are the main-text three-color totalistic worked specialization, while U005360-U005363 state and implement the general k-color, range-r one-dimensional rule schema and rule-number decoding. The general mechanics come from the Notes units; the main example alone must not be described as the fully general schema.""]","[""explicit replacements"",""blocks"",""neighborhood""]",
R000019,U005008,,1,SOURCE_UNIT,U005008,1,implementation of totalistic cellular automata on page 886,PAGE,totalistic cellular-automaton rule decoding and implementation,6,CROSS_RANGE,RESOLVED,"[""U005364"",""U005365"",""U005366"",""U005367"",""U005368"",""U005369""]",[],"[""Resolved printed page 886 to U005364-U005369. These reviewed units give nearest-neighbor and general-range totalistic step functions and the exact base-k code-number decoder used to construct TotalisticCARule values.""]","[""totalistic cellular automata"",""implementation"",""page 886""]",
R000020,U005008,,1,SOURCE_UNIT,U005008,2,higher-dimensional cellular automata on page 927,PAGE,higher-dimensional cellular-automaton native mechanics,6,CROSS_RANGE,RESOLVED,"[""U006088"",""U006089"",""U006090"",""U006091"",""U006092"",""U006093"",""U006096"",""U006097"",""U006098"",""U006099"",""U006100"",""U006101""]",[],"[""Resolved printed Notes page 927 to U006088-U006093 and U006096-U006101. These units give executable axial-neighbor, full 3^d-neighbor, and arbitrary-offset cellular-automaton steps and exact rule-number decoding in any dimension. The separate 3D rendering helper and rule-count table are excluded from native mechanics.""]","[""higher-dimensional"",""cellular automata"",""page 927""]",
R000021,U005009,,1,SOURCE_UNIT,U005009,1,see also page 886,PAGE,general built-in cellular-automaton profile semantics,6,CROSS_RANGE,RESOLVED,"[""U005360"",""U005361"",""U005362"",""U005363"",""U005364"",""U005365"",""U005366"",""U005367"",""U005368"",""U005369"",""U005370""]",[],"[""Resolved printed page 886 to the reviewed general/totalistic common framework. U005370 explicitly distinguishes the ListConvolve weight profiles used by the built-in CellularAutomaton representation, with U005360-U005369 providing the two rule forms and decoders it unifies.""]","[""CellularAutomaton"",""general function"",""page 886""]",
R000022,U005109,,1,SOURCE_UNIT,U005109,1,"such formulas rapidly become very complicated, as discussed on page 618",PAGE,symbolic closed formulas for cellular-automaton cell values,6,CROSS_RANGE,PENDING,[],[],[],"[""formula"",""cell value"",""cellular automaton""]",
R000023,U005110,,1,SOURCE_UNIT,U005110,1,Compare page 959.,PAGE,cellular automata as continuous maps on Cantor sequence space,6,CROSS_RANGE,PENDING,[],[],[],"[""Cantor set"",""continuous mapping"",""cellular automaton""]",
R000024,U005112,,1,SOURCE_UNIT,U005112,1,compare page 153,PAGE,Rule 170 shift-map mechanics and correspondence,6,CROSS_RANGE,RESOLVED,"[""U000833"",""U000835"",""U000836"",""U000842"",""U000850"",""U005972""]","[""A000813""]","[""Resolved the comparison to the shift-map formula x -> FractionalPart[2 x], its base-2 left-shift semantics, and the page-153 sensitivity discussion at the bounded listed units/A000813. The target never calls the map Rule 170; that correspondence remains an attribution supplied by the origin.""]","[""rule 170"",""shift map"",""Mod[2 x, 1]""]",
R000025,U005113,,1,SOURCE_UNIT,U005113,1,As shown on page 611,PAGE,Pascal-triangle parity construction,6,CROSS_RANGE,PENDING,[],[],[],"[""Pascal's triangle"",""binomial coefficients"",""modulo 2""]",
R000026,U005114,,1,SOURCE_UNIT,U005114,1,"DigitCount[t, 2, 1] is plotted on page 902",PAGE,Rule 90 black-cell count function,6,CROSS_RANGE,RESOLVED,"[""U005658"",""U005659"",""U005660"",""U005661""]","[""A000438""]","[""Resolved printed Notes page 902 to U005658-U005661/A000438. Those targets state and plot DigitCount[n,2,1], its bounds, and alternate formulas. The Rule-90 attribution comes from the origin and is not invented as a target-page label.""]","[""rule 90"",""DigitCount"",""black cells""]",
R000027,U005114,,1,SOURCE_UNIT,U005114,2,the connection with the picture on page 117,PAGE,Rule 90 black-cell position construction,6,CROSS_RANGE,RESOLVED,"[""U000661"",""U000663"",""U000664"",""U000665"",""U000666""]","[""A000780"",""A000781""]","[""Resolved printed page 117 to the successive-integer base-2 array at U000661 and U000663-U000666/A000780-A000781, where black positions are exactly 1-bit positions. Rule 90 remains origin-side correspondence context, not a label asserted by the target.""]","[""rule 90"",""positions"",""page 117""]",
R000028,U005116,,1,SOURCE_UNIT,U005116,1,"PolynomialMod[Expand[(1/x + x)^t], 2] (see page 1091)",PAGE,polynomial construction of the Rule 90/Pascal parity array,6,CROSS_RANGE,PENDING,[],[],[],"[""PolynomialMod"",""rule 90"",""binomial coefficients""]",
R000029,U005117,,1,SOURCE_UNIT,U005117,1,the one produced by rule 60 (see page 58),PAGE,Rule 60 cellular-automaton mechanics,6,CROSS_RANGE,RESOLVED,"[""U000337"",""U000338"",""U000339"",""U005329"",""U005331""]","[""A001496""]","[""Resolved printed page 58 to the reviewed nested-rule panel and Rule 60 identity at U000337-U000339/A001496, with the exact local law Mod[p + q, 2] supplied by U005329 and U005331. No off-picture boundary convention is inferred.""]","[""rule 60"",""Binomial"",""modulo 2""]",
R000030,U005117,,1,SOURCE_UNIT,U005117,2,or (see page 583),PAGE,direct bitwise formula for the Rule 60 pattern,6,CROSS_RANGE,PENDING,[],[],[],"[""BitAnd"",""rule 60"",""digit sequences""]",
R000031,U005119,,1,SOURCE_UNIT,U005119,1,fractal dimension ... (see page 933),PAGE,fractal-dimension definition applied to Rule 90,6,CROSS_RANGE,RESOLVED,"[""U006193"",""U006194"",""U006195"",""U006196""]","[""A000551""]","[""Resolved printed Notes page 933 to U006193-U006196/A000551, which define dimension by the small-scale grid-square count (1/a)^d and state its limitations. Rule 90 is the origin-side application; the target does not relabel the illustrated generic nested patterns as Rule 90.""]","[""rule 90"",""fractal dimension"",""page 933""]",
R000032,U005119,,1,SOURCE_UNIT,U005119,2,a Sierpinski pattern (see page 934),PAGE,Sierpinski-pattern construction and Rule 90 correspondence,6,CROSS_RANGE,RESOLVED,"[""U001034"",""U001035"",""U001036"",""U001037"",""U006145"",""U006146"",""U006149"",""U006150"",""U006151"",""U006152"",""U006153"",""U006154"",""U006155"",""U006156"",""U006157"",""U006158"",""U006159"",""U006197""]","[""A000874"",""A000875""]","[""Resolved the literal page-934 Sierpinski identification at U006197 together with the reviewed page-187 block-substitution rule U001034-U001037/A000874-A000875 and its exact executable form and equivalent constructions at U006145-U006159. The Rule-90 correspondence is attribution supplied by the origin; page 934 itself supplies the historical Sierpinski identity, not a Rule-90 label.""]","[""Sierpinski pattern"",""rule 90"",""page 934""]",
R000033,U005119,,1,SOURCE_UNIT,U005119,3,additive rules (see page 955),PAGE,additive-rule nesting property and construction class,6,CROSS_RANGE,PENDING,[],[],[],"[""additive rules"",""nesting"",""page 955""]",
R000034,U005127,,1,SOURCE_UNIT,U005127,1,"additive rules, discussed further on page 952",PAGE,additive cellular-automaton restriction and mechanics,6,CROSS_RANGE,PENDING,[],[],[],"[""additive rules"",""cellular automata"",""page 952""]",
R000035,U005127,,1,SOURCE_UNIT,U005127,2,See also page 922 for the continuous case.,PAGE,continuous analog of the additive-rule construction,6,CROSS_RANGE,RESOLVED,"[""U006006"",""U006007"",""U006008"",""U006009""]","[""A000506""]","[""Resolved printed Notes page 922 to U006006-U006009/A000506, which give the continuous additive update Mod[RotateLeft[list]+RotateRight[list],1] and its rational/irrational seed consequences. The target is the continuous analog, not a new discrete-rule identity.""]","[""additive"",""continuous case"",""page 922""]",
R000036,U005127,,1,SOURCE_UNIT,U005127,3,For prime k ... fractal dimension ... (see page 955).,PAGE,prime-k additive cellular-automaton counts and fractal dimensions,6,CROSS_RANGE,PENDING,[],[],[],"[""prime k"",""non-white cells"",""fractal dimension"",""page 955""]",
R000037,U005134,,1,SOURCE_UNIT,U005134,1,"GCD[m, n] yields a more complicated pattern (see page 613)",PAGE,greatest-common-divisor function and its pattern,6,CROSS_RANGE,PENDING,[],[],[],"[""GCD"",""integer function"",""page 613""]",
R000038,U005134,,1,SOURCE_UNIT,U005134,2,"JacobiSymbol[m, 2 n - 1] (see page 1081)",PAGE,Jacobi-symbol function and its modulo-two pattern,6,CROSS_RANGE,PENDING,[],[],[],"[""JacobiSymbol"",""integer function"",""page 1081""]",
R000039,U005134,,1,SOURCE_UNIT,U005134,3,various combinations of functions (see page 747),PAGE,compositions of integer functions that generate patterns,6,CROSS_RANGE,PENDING,[],[],[],"[""combinations of functions"",""integer functions"",""page 747""]",
R000040,U005141,,1,SOURCE_UNIT,U005141,1,the eight listed on page 1084,PAGE,eight statistical tests applied to Rule 30 randomness,6,CROSS_RANGE,PENDING,[],[],[],"[""tests of randomness"",""statistical tests"",""rule 30"",""page 1084""]",
R000041,U005142,,1,SOURCE_UNIT,U005142,1,compare page 949,PAGE,Rule 30 regular/random-region boundary motion,6,CROSS_RANGE,PENDING,[],[],[],"[""rule 30"",""boundary"",""average motion""]",
R000042,U005144,,1,SOURCE_UNIT,U005144,1,All possible blocks appear to occur eventually (see page 725).,PAGE,Rule 30 block-occurrence property and supporting definition,6,CROSS_RANGE,PENDING,[],[],[],"[""rule 30"",""all possible blocks"",""page 725""]",
R000043,U005148,,1,SOURCE_UNIT,U005148,1,the arguments on page 1087,PAGE,Rule 30 center-column nonrepetition evidence,6,CROSS_RANGE,PENDING,[],[],[],"[""rule 30"",""center column"",""repeat""]",
R000044,U005149,,1,SOURCE_UNIT,U005149,1,details of rule 110 ... on page 229,PAGE,Rule 110 detailed mechanics and behavior,6,CROSS_RANGE,PENDING,[],[],[],"[""rule 110"",""details"",""page 229""]",
R000045,U005149,,1,SOURCE_UNIT,U005149,2,details of rule 110 ... on page 675,PAGE,Rule 110 detailed mechanics and computation,6,CROSS_RANGE,PENDING,[],[],[],"[""rule 110"",""details"",""page 675""]",
R000046,U005149,,1,SOURCE_UNIT,U005149,3,Localized structures ... are shown on page 292.,PAGE,Rule 110 localized-structure definitions,6,CROSS_RANGE,PENDING,[],[],[],"[""rule 110"",""localized structures"",""page 292""]",
R000047,U005166,,1,SOURCE_UNIT,U005166,1,See also page 929.,PAGE,rule-based design and weaving construction boundary,6,CROSS_RANGE,RESOLVED,"[""U006121""]",[],"[""Resolved printed Notes page 929 to the cellular-automaton-art passage in U006121. It bounds the design construction to 2D cellular automata, periodic boundary conditions for repeating squares, optional extra colors, and a multi-tuft display choice; it does not turn weaving or display advice into a new native rule family.""]","[""design"",""weaving patterns"",""cellular automata""]",
R000048,U005168,,1,SOURCE_UNIT,U005168,1,(Compare page 929.),PAGE,rule-selection and evaluation methods for generated designs,6,CROSS_RANGE,RESOLVED,"[""U006121""]",[],"[""Resolved printed Notes page 929 to U006121. The target records practical design controls—periodic boundaries, color count, and visual cell-to-tuft scale—but gives no independent rule search or quality-scoring algorithm. The closure preserves that source-limited boundary.""]","[""rules"",""design"",""selection"",""page 929""]",
R000049,U005193,,1,SOURCE_UNIT,U005193,1,Compare the Apollonian packing of page 986.,PAGE,Apollonian circle-packing construction,6,CROSS_RANGE,PENDING,[],[],[],"[""Apollonian packing"",""nested"",""page 986""]",
R000050,U005214,,1,SOURCE_UNIT,U005214,1,the nested form on page 892,PAGE,nested paperfolding construction,6,CROSS_RANGE,RESOLVED,"[""U005515"",""U005516""]","[""A000424""]","[""Resolved printed page 892 to U005515-U005516 and A000424. The text gives the successive-fold substitution recurrence and the image is the corresponding right-angle path, so the nested paperfolding construction is directly reviewed rather than inferred from a filename.""]","[""paperfolding"",""nested form"",""page 892""]",
R000051,U005216,,1,SOURCE_UNIT,U005216,1,See page 1099.,PAGE,logic-rule generators and constraints,6,CROSS_RANGE,PENDING,[],[],[],"[""logic"",""rules"",""page 1099""]",
R000052,U005217,,1,SOURCE_UNIT,U005217,1,See page 1103.,PAGE,formal grammar construction mechanics,6,CROSS_RANGE,PENDING,[],[],[],"[""grammar"",""generating structures"",""page 1103""]",
R000053,U005220,,1,SOURCE_UNIT,U005220,1,the firing squad problem on page 1035,PAGE,firing-squad synchronization cellular automaton,6,CROSS_RANGE,PENDING,[],[],[],"[""firing squad"",""synchronization"",""page 1035""]",
R000054,U005223,,1,SOURCE_UNIT,U005223,1,See page 1085.,PAGE,rule-based cryptographic constructions,6,CROSS_RANGE,PENDING,[],[],[],"[""cryptography"",""rules"",""page 1085""]",
R000055,U005224,,1,SOURCE_UNIT,U005224,1,the one shown on page 873,PAGE,classical labyrinth construction procedure,6,WITHIN_STAGE,RESOLVED,"[""U005172"",""U005173"",""U005174"",""U005175"",""U005176"",""U005177""]","[""A000372"",""A000373"",""A000374"",""A000375"",""A000376""]","[""Resolved the printed page 873 pointer to the reviewed classical labyrinth procedure text and its five construction images.""]","[""maze designs"",""labyrinth"",""page 873""]",
R000056,U005230,,1,SOURCE_UNIT,U005230,1,cellular automata capable of self-reproduction (see page 1179),PAGE,self-reproducing cellular-automaton construction mechanics,6,CROSS_RANGE,PENDING,[],[],[],"[""self-reproduction"",""cellular automata"",""page 1179""]",
R000057,U005230,,1,SOURCE_UNIT,U005230,2,universal computation (see page 1115),PAGE,universal cellular-automaton construction mechanics,6,CROSS_RANGE,PENDING,[],[],[],"[""universal computation"",""cellular automata"",""page 1115""]",
R000058,U005230,,1,SOURCE_UNIT,U005230,3,Garden of Eden result ... see page 961,PAGE,Garden-of-Eden cellular-automaton property and configuration class,6,CROSS_RANGE,PENDING,[],[],[],"[""Garden of Eden"",""initial conditions"",""page 961""]",
R000059,U005230,,1,SOURCE_UNIT,U005230,4,"firing squad synchronization, as on page 1035",PAGE,firing-squad synchronization construction,6,CROSS_RANGE,PENDING,[],[],[],"[""firing squad"",""synchronization"",""page 1035""]",
R000060,U005232,,1,SOURCE_UNIT,U005232,1,generalized 2D cellular automata ... (see page 928),PAGE,Ulam generalized two-dimensional growth automata,6,CROSS_RANGE,RESOLVED,"[""U006114"",""U006115"",""U006116""]","[""A000526""]","[""Resolved printed Notes page 928 to U006114-U006116/A000526, which give the Ulam history-dependent growth construction, orthogonal offsets, retained-history state, component filters, and 120-step witness. Later ablations and the pure code-12 cellular automaton remain separate constructions.""]","[""Ulam"",""2D cellular automata"",""single black cells""]",
R000061,U005232,,1,SOURCE_UNIT,U005232,2,sequences based on numbers discussed on page 908,PAGE,Ulam's non-cellular one-dimensional number-sequence construction,6,CROSS_RANGE,RESOLVED,"[""U005796"",""U005797"",""U005798"",""U005799""]","[""A000461""]","[""Resolved printed Notes page 908 to U005796-U005799/A000461. The target starts from {1,2}, appends the least uniquely representable pair-sum, lists initial terms, and records its growth observations; it is kept distinct from cellular rules.""]","[""Ulam"",""sequences based on numbers"",""page 908""]",
R000062,U005232,,1,SOURCE_UNIT,U005232,3,the 2D analog of rule 90 ... (see page 1179),PAGE,Fredkin's two-dimensional Rule 90 analog and self-reproduction,6,CROSS_RANGE,PENDING,[],[],[],"[""Fredkin"",""2D analog"",""rule 90""]",
R000063,U005233,,1,SOURCE_UNIT,U005233,1,The Game of Life ... (see page 249),PAGE,"Conway Life transition, neighborhood, and seed mechanics",6,CROSS_RANGE,PENDING,[],[],[],"[""Game of Life"",""Conway"",""page 249""]",
R000064,U005233,,1,SOURCE_UNIT,U005233,2,"code 20 k = 2, r = 2 totalistic rule from page 283",PAGE,binary range-2 totalistic code 20 lookup and code convention,6,CROSS_RANGE,PENDING,[],[],[],"[""code 20"",""totalistic"",""k=2"",""r=2""]",
R000065,U005236,,1,SOURCE_UNIT,U005236,1,linear feedback shift registers (see page 974),PAGE,linear feedback shift-register native update mechanics,6,CROSS_RANGE,PENDING,[],[],[],"[""linear feedback shift register"",""LFSR"",""page 974""]",
R000066,U005236,,1,SOURCE_UNIT,U005236,2,limited number of cells (compare page 259),PAGE,finite additive cellular-automaton correspondence,6,CROSS_RANGE,PENDING,[],[],[],"[""additive cellular automata"",""limited number of cells"",""page 259""]",
R000067,U005236,,1,SOURCE_UNIT,U005236,3,ones surprisingly close to rule 30 (see page 1088),PAGE,nonlinear feedback shift-register constructions near Rule 30,6,CROSS_RANGE,PENDING,[],[],[],"[""nonlinear feedback shift register"",""rule 30"",""page 1088""]",
R000068,U005237,,1,SOURCE_UNIT,U005237,1,symbolic dynamics (see page 960),PAGE,symbolic-dynamics sequence space and shift map,6,CROSS_RANGE,PENDING,[],[],[],"[""symbolic dynamics"",""infinite sequences"",""page 960""]",
R000069,U005237,,1,SOURCE_UNIT,U005237,2,exactly 1D cellular automata (see page 961),PAGE,shift-commuting block-map equivalence with one-dimensional cellular automata,6,CROSS_RANGE,PENDING,[],[],[],"[""shift-commuting block maps"",""1D cellular automata"",""page 961""]",
R000070,U005238,,1,SOURCE_UNIT,U005238,1,binomial coefficient modulo primes ... (see page 870),PAGE,additive cellular automata and binomial-coefficient parity,6,WITHIN_STAGE,RESOLVED,"[""U005113"",""U005114"",""U005115"",""U005116"",""U005117"",""U005118"",""U005123"",""U005124"",""U005125"",""U005126"",""U005127""]",[],"[""Resolved the printed page 870 pointer to the reviewed Rule 90, binomial-modulo-k, and additive-cellular-automaton formulas.""]","[""additive cellular automata"",""binomial coefficient"",""rule 90""]",
R000071,U005242,,1,SOURCE_UNIT,U005242,1,pages 132 and 910,PAGE,prime-number generation,6,CROSS_RANGE,RESOLVED,"[""U000740"",""U000741"",""U000742"",""U005810""]","[""A000798""]","[""Resolved the two-page pointer to the sieve construction at U000740-U000742/A000798 and the indexed-prime/asymptotic computation discussion at U005810. Distribution observers are not promoted into the prime-generation law.""]","[""primes"",""simple problems"",""page 132""]",
R000072,U005242,,1,SOURCE_UNIT,U005242,2,pages 132 and 910,PAGE,perfect-number construction,6,CROSS_RANGE,RESOLVED,"[""U005818""]",[],"[""Resolved only the literal Notes-page-910 target U005818, which gives the exact perfect-number predicate DivisorSigma[1,n]-2n == 0. Printed page 132 contributes no perfect-number mechanics. The adjacent U005830 Euclid-Euler generator is intentionally excluded because it lies on the following Notes page; this preserves the documented locator mismatch without silently widening the route.""]","[""perfect numbers"",""simple problems"",""page 910""]",
R000073,U005244,,1,SOURCE_UNIT,U005244,1,page 875,PAGE,Leonardo geometrical-constraint constructions,6,WITHIN_STAGE,RESOLVED,"[""U005225""]",[],"[""Resolved the printed page 875 pointer to the reviewed Leonardo geometrical-constraint and rule-based-picture passage; the target names constrained patterns but supplies no fuller Leonardo construction law.""]","[""Leonardo da Vinci"",""geometrical constraints"",""page 875""]",
R000074,U005245,,1,SOURCE_UNIT,U005245,1,pages 143 and 915,PAGE,continued-fraction construction from simple formulas,6,CROSS_RANGE,RESOLVED,"[""U000797"",""U000798"",""U000799"",""U000800"",""U000801"",""U000802"",""U005887"",""U005888"",""U005889"",""U005890""]",[],"[""Resolved the paired targets to U000797-U000802 for the nested addition/division denotation and U005887-U005890 for the exact forward continued-fraction extraction and inverse fold. Later observers and the Euclidean correspondence are outside this narrow construction route.""]","[""continued fractions"",""simple formulas"",""page 143""]",
R000075,U005245,,1,SOURCE_UNIT,U005245,2,pages 143 and 915,PAGE,continued-fraction construction details,6,CROSS_RANGE,RESOLVED,"[""U000797"",""U000798"",""U000799"",""U000800"",""U000801"",""U000802"",""U000803"",""U000804"",""U000805"",""U000806"",""U000807"",""U000808"",""U000809"",""U005887"",""U005888"",""U005889"",""U005890"",""U005891"",""U005892"",""U005893"",""U005894"",""U005895"",""U005896"",""U005897"",""U005898"",""U005899"",""U005900"",""U005901"",""U005902"",""U005903"",""U005904"",""U005905"",""U005906"",""U005907"",""U005908"",""U005909"",""U005910"",""U005911"",""U005912"",""U005913"",""U005914"",""U005915"",""U005916""]","[""A000480"",""A000481"",""A000482"",""A000483"",""A000484""]","[""Resolved the detailed route to the complete bounded main continued-fraction discussion U000797-U000809 and Notes algorithms, iterate views, measures, enumerator, and Euclidean correspondence U005887-U005916. A000480-A000484 are retained as observer/correspondence witnesses, not additional native state.""]","[""continued fractions"",""Euler"",""page 915""]",
R000076,U005246,,1,SOURCE_UNIT,U005246,1,page 136,PAGE,digit-sequence construction for pi,6,CROSS_RANGE,RESOLVED,"[""U000763"",""U000764"",""U000765"",""U000766"",""U000767"",""U000768""]","[""A000805""]","[""Resolved printed page 136 to the same bounded pi definition and displayed digit-sequence evidence as the other page-136 route. The target does not supply a digit-generation algorithm.""]","[""digits of pi"",""transcendental numbers"",""page 136""]",
R000077,U005248,,1,SOURCE_UNIT,U005248,1,page 972,PAGE,three-body dynamical-system construction,6,CROSS_RANGE,PENDING,[],[],[],"[""three-body problem"",""dynamics"",""page 972""]",
R000078,U005250,,1,SOURCE_UNIT,U005250,1,page 893,PAGE,Thue substitution-system construction,6,CROSS_RANGE,RESOLVED,"[""U000457"",""U000459"",""U000462"",""U000463"",""U005458"",""U005459"",""U005460"",""U005461"",""U005529""]","[""A001602"",""A001604""]","[""Resolved printed page 893 to the reviewed Thue identity/history in U005529, joined to the explicit Thue-Morse sequence laws in U005458-U005461 and the construction-bearing substitution rule/evolution witnesses U000457, U000459, U000462-U000463, A001602 and A001604. The history paragraph alone is not treated as complete native mechanics.""]","[""Axel Thue"",""substitution systems"",""page 893""]",
R000079,U005252,,1,SOURCE_UNIT,U005252,1,page 1121,PAGE,combinator reduction systems,6,CROSS_RANGE,PENDING,[],[],[],"[""Sch\u00f6nfinkel"",""combinators"",""page 1121""]",
R000080,U005253,,1,SOURCE_UNIT,U005253,1,page 894,PAGE,Post tag-system mechanics,6,CROSS_RANGE,RESOLVED,"[""U005558""]",[],"[""Resolved printed page 894 to U005558. That reviewed unit states Post's first-symbol restriction and gives both a concrete binary three-symbol-deletion preset and a concrete three-color two-symbol-deletion preset, including their append blocks and reported behavior bounds.""]","[""Emil Post"",""tag system"",""page 894""]",
R000081,U005255,,1,SOURCE_UNIT,U005255,1,page 782,PAGE,Gödel construction used in incompleteness,6,CROSS_RANGE,PENDING,[],[],[],"[""G\u00f6del"",""construction"",""page 782""]",
R000082,U005257,,1,SOURCE_UNIT,U005257,1,page 904,PAGE,3 n + 1 iteration,6,CROSS_RANGE,RESOLVED,"[""U005689"",""U005690"",""U005691"",""U005692"",""U005693"",""U005694"",""U005695"",""U005696""]","[""A000443""]","[""Resolved printed Notes page 904 to the total parity-conditioned 3 n + 1 map, its convergence query, negative cycles, and stopping-time discussion at U005689-U005696. A000443 is DEFECTIVE/DEFECT_LIMITED: cases (a) and (b) are visible, while the clipped case-(c) formula contributes no inferred mechanics.""]","[""3 n + 1"",""iteration"",""page 904""]",
R000083,U005258,,1,SOURCE_UNIT,U005258,1,page 974,PAGE,pseudorandom number-generator constructions,6,CROSS_RANGE,PENDING,[],[],[],"[""pseudorandom number generators"",""page 974""]",
R000084,U005264,,1,SOURCE_UNIT,U005264,1,page 918,PAGE,iterated-map construction class,6,CROSS_RANGE,RESOLVED,"[""U005965"",""U005966"",""U005967"",""U005968""]",[],"[""Resolved printed Notes page 918 to U005965-U005968, which identify repeated rational/smooth maps and give the explicit FractionalPart[1/x] and FractionalPart[a x] maps plus exact iterate formulas. Historical description alone is not used as mechanics.""]","[""iterated maps"",""simulation"",""page 918""]",
R000085,U005266,,1,SOURCE_UNIT,U005266,1,page 1099,PAGE,idealized neural-network update mechanics,6,CROSS_RANGE,PENDING,[],[],[],"[""neural networks"",""simulation"",""page 1099""]",
R000086,U005267,,1,SOURCE_UNIT,U005267,1,page 999,PAGE,hard-sphere molecular dynamics,6,CROSS_RANGE,PENDING,[],[],[],"[""hard sphere"",""molecules"",""page 999""]",
R000087,U005268,,1,SOURCE_UNIT,U005268,1,page 1088,PAGE,Golomb nonlinear feedback shift registers,6,CROSS_RANGE,PENDING,[],[],[],"[""Golomb"",""feedback shift register"",""page 1088""]",
R000088,U005271,,1,SOURCE_UNIT,U005271,1,page 871,PAGE,MIT munching-foos program mechanics,6,WITHIN_STAGE,RESOLVED,"[""U005137"",""U005138""]","[""A000362""]","[""Resolved the printed page 871 pointer to the reviewed BitXor/munching-squares mechanics and construction image; this grounds the source's later historical name \u201cmunching foos\u201d.""]","[""munching foos"",""small computer programs"",""page 871""]",
R000089,U005272,,1,SOURCE_UNIT,U005272,1,page 81,PAGE,Minsky simple Turing-machine mechanics,6,CROSS_RANGE,RESOLVED,"[""U000433"",""U000434"",""U000435"",""U000436"",""U000437"",""U000449"",""U000450"",""U000451"",""U000452""]","[""A001595"",""A001596"",""A001599"",""A001600"",""A001601""]","[""Resolved printed page 81 to the reviewed complex four-state Turing-machine preset and its rule/full/compressed views at U000449-U000452/A001599-A001601, with native tape/head/state mechanics at U000433-U000437/A001595-A001596. The Stage 7 target does not identify this preset as Minsky's; the closure resolves the page pointer and mechanics without inventing an attribution.""]","[""Minsky"",""Turing machines"",""page 81""]",
R000090,U005273,,1,SOURCE_UNIT,U005273,1,page 971,PAGE,Lorenz differential-equation relation,6,CROSS_RANGE,PENDING,[],[],[],"[""Lorenz"",""differential equation"",""page 971""]",
R000091,U005274,,1,SOURCE_UNIT,U005274,1,page 936,PAGE,random Boolean-network construction,6,CROSS_RANGE,RESOLVED,"[""U006238""]",[],"[""Resolved printed Notes page 936 to U006238. It defines random Boolean networks as network cellular automata whose node rules are independently chosen from the 2^(2^s) Boolean functions with s inputs, and states the resulting finite-state evolution semantics. Ensemble observations are not promoted into the native update rule.""]","[""random Boolean networks"",""page 936""]",
R000092,U005276,,1,SOURCE_UNIT,U005276,1,page 930,PAGE,Paterson two-dimensional Turing-machine worms,6,CROSS_RANGE,RESOLVED,"[""U006134"",""U006135"",""U006136""]",[],"[""Resolved printed Notes page 930 to the executable generic 2D Turing-machine step U006134-U006135 and the Paterson-Conway worm description U006136. The target establishes a 2D Turing machine whose head state records motion direction and reports the hexagonal-grid survey, but does not provide any particular worm transition table.""]","[""Paterson"",""worms"",""2D Turing machines""]",
R000093,U005277,,1,SOURCE_UNIT,U005277,1,page 864,PAGE,property-restricted two-dimensional cellular automata,6,CROSS_RANGE,PENDING,[],[],[],"[""2D cellular automata"",""forced properties"",""page 864""]",
R000094,U005278,,1,SOURCE_UNIT,U005278,1,page 934,PAGE,fractal generation constructions,6,CROSS_RANGE,RESOLVED,"[""U006193"",""U006197"",""U006198"",""U006199"",""U006200"",""U006201""]","[""A000553"",""A000554""]","[""Resolved printed Notes page 934 to U006197-U006201/A000553-A000554, with U006193 supplying the inverse-square-root Julia generator used there. This bounded target covers the historical fractal context and the explicit Julia/Mandelbrot generation relations, not every geometrical substitution system in the chapter.""]","[""Mandelbrot"",""fractals"",""page 934""]",
R000095,U005280,,1,SOURCE_UNIT,U005280,1,page 907,PAGE,Hofstadter recursive-sequence construction,6,CROSS_RANGE,RESOLVED,"[""U005761"",""U000724"",""U000725"",""U000726"",""U000727""]","[""A000796""]","[""Resolved the Hofstadter attribution at U005761 together with the non-fixed-lag recursive setup U000724-U000727 and exact case-(e) recurrence/seed visible in A000796. A000796 remains DEFECTIVE and may be used only at its reviewed DEFECT_LIMITED boundary; the historical attribution alone is not mechanics.""]","[""Hofstadter"",""recursive sequence"",""page 907""]",
R000096,U005281,,1,SOURCE_UNIT,U005281,1,page 934,PAGE,Mandelbrot-set iteration,6,CROSS_RANGE,RESOLVED,"[""U006193"",""U006198"",""U006199"",""U006200"",""U006201""]","[""A000553"",""A000554""]","[""Resolved printed Notes page 934 to U006193 and U006198-U006201/A000553-A000554. These units give the inverse-square-root Julia iteration from z=0 and the equivalent Mandelbrot bounded-orbit test z -> z^2+c, together with direct Julia-set and magnification witnesses.""]","[""Mandelbrot set"",""page 934""]",
R000097,U005286,,1,SOURCE_UNIT,U005286,1,page 19,PAGE,1981 elementary-cellular-automaton experiment,6,CROSS_RANGE,RESOLVED,"[""U000149"",""U000150"",""U000151"",""U000152"",""U000153""]","[""A001057""]","[""Resolved the printed page 19 pointer to the reviewed 1981 systematic all-program experiment, its reproduced output and caption, and the cellular-automaton co-reference; no lookup table or boundary convention is inferred from the historical image.""]","[""computer experiments"",""cellular automata"",""page 19""]",
R000098,U005286,,1,SOURCE_UNIT,U005286,2,See page 112.,PAGE,random-initial-condition versus intrinsic-randomness evidence,6,CROSS_RANGE,RESOLVED,"[""U000630"",""U000631"",""U000632""]",[],"[""Resolved printed page 112 to U000630-U000632. U000631 explicitly contrasts complicated behavior found with random initial conditions against the overlooked simple-seed Rule 30 example, and U000632 records the later exhaustive simple-initial-condition survey. This is historical experimental evidence; random input is not folded into Rule 30's native transition law.""]","[""random initial conditions"",""rule 30"",""page 112""]",
R000099,U005288,,1,SOURCE_UNIT,U005288,1,page 231,PAGE,four cellular-automaton behavior classes,6,CROSS_RANGE,PENDING,[],[],[],"[""four basic classes"",""random initial conditions"",""page 231""]",
R000100,U005290,,1,SOURCE_UNIT,U005290,1,page 737,PAGE,computational-irreducibility property,6,CROSS_RANGE,PENDING,[],[],[],"[""computational irreducibility"",""page 737""]",
R000101,U005292,,1,SOURCE_UNIT,U005292,1,page 378,PAGE,cellular-automaton fluid construction,6,CROSS_RANGE,PENDING,[],[],[],"[""fluid mechanics"",""cellular automata"",""page 378""]",
R000102,U000339,,1,SOURCE_UNIT,U000339,1,rule 90 from page 26,PAGE,rule 90 construction and comparison,7,CROSS_RANGE,PENDING,[],[],[],"[""rule 90"",""page 26"",""nested pattern""]",
R000103,U000376,,1,SOURCE_UNIT,U000376,1,rule 110 on page 32,PAGE,rule 110 localized-structure construction,7,CROSS_RANGE,PENDING,[],[],[],"[""rule 110"",""page 32"",""identifiable structures""]",
R000104,U000381,,1,SOURCE_UNIT,U000381,1,the last two cellular automata from page 66,PAGE,code-1635 and code-2049 page-66 trajectories continued for 3000 steps,7,WITHIN_STAGE,RESOLVED,"[""U000374"",""U000375"",""U000376""]","[""A001552"",""A001553""]","[""Resolved the backward page-66 pointer to the second and third initial localized-structure examples U000374-U000376/A001552-A001553. U000373/A001551 is deliberately excluded because the source says the last two. A001552 is unlabeled and A001553 has a spill-label ambiguity, so the code-1635/code-2049 identities are corroborated by the ordered, labeled continuations U000377-U000380 rather than claimed as clean labels on the target assets.""]","[""page 66"",""last two cellular automata"",""3000 steps""]",
R000105,U000471,,1,SOURCE_UNIT,U000471,1,On page 400 I will use similar systems to discuss the growth of actual trees and leaves.,PAGE,substitution systems applied to tree and leaf growth,7,CROSS_RANGE,PENDING,[],[],[],"[""page 400"",""actual trees"",""leaves"",""substitution""]",
R000106,U000481,,1,SOURCE_UNIT,U000481,1,our original pictures of substitution systems on page 82,PAGE,the original fixed-size-element substitution-system pictures,7,WITHIN_STAGE,RESOLVED,"[""U000457"",""U000458"",""U000459""]","[""A001602"",""A001603""]","[""Resolved printed page 82 to the two reviewed fixed-size-box substitution rule/evolution images and their caption at U000457-U000459/A001602-A001603. This target supports the representation comparison without turning the view into a new native law.""]","[""page 82"",""original pictures"",""substitution systems""]",
R000107,U000482,,1,SOURCE_UNIT,U000482,1,our original pictures of substitution systems on page 82,PAGE,the original fixed-size-element substitution-system pictures,7,WITHIN_STAGE,RESOLVED,"[""U000457"",""U000458"",""U000459""]","[""A001602"",""A001603""]","[""Resolved the repeated printed page-82 pointer to U000457-U000459/A001602-A001603, where each element is drawn at the same size. The target is the original presentation being compared, not a separate construction from the creation/destruction preset.""]","[""page 82"",""original pictures"",""substitution systems""]",
R000108,U000493,,1,SOURCE_UNIT,U000493,1,The substitution systems that we discussed in the previous section,SECTION,the preceding parallel substitution-system family and mechanics,7,WITHIN_STAGE,RESOLVED,"[""U000453"",""U000454"",""U000455"",""U000456""]",[],"[""Resolved the previous-section pointer to U000453-U000456, which define variable-length sequences and parallel replacement of every element by a color-specific block independent of neighbors. The target establishes the parallel baseline contrasted with sequential substitution.""]","[""previous section"",""substitution systems"",""parallel""]",
R000109,U000524,,1,SOURCE_UNIT,U000524,1,the first three ordinary neighbor-independent substitution systems shown on page 83,PAGE,tag/substitution cycle correspondence,7,WITHIN_STAGE,RESOLVED,"[""U000455"",""U000456"",""U000462"",""U000463""]","[""A001604""]","[""Resolved printed page 83 to the first three panels in A001604/U000462-U000463, with the neighbor-independent parallel replacement semantics at U000455-U000456. The closure records a correspondence after complete tag cycles; it does not merge tag and substitution identities.""]","[""page 83"",""tag system"",""neighbor-independent substitution""]",
R000110,U000525,,1,SOURCE_UNIT,U000525,1,neighbor-independent substitution system of the kind we discussed on page 83,PAGE,one-deletion tag-system equivalence profile,7,WITHIN_STAGE,RESOLVED,"[""U000455"",""U000456"",""U000462"",""U000463""]","[""A001604""]","[""Resolved printed page 83 to the reviewed neighbor-independent substitution family and its displayed page-83 presets at U000455-U000456, U000462-U000463 and A001604. The source supports behavioral/evolution correspondence for one-deletion tags, not candidate identity collapse.""]","[""page 83"",""one element removed"",""substitution system""]",
R000111,U000530,,1,SOURCE_UNIT,U000530,1,the tag systems that we discussed in the previous section,SECTION,the preceding ordinary tag-system family and mechanics,7,WITHIN_STAGE,RESOLVED,"[""U000516"",""U000517"",""U000518""]",[],"[""Resolved the previous-section pointer to U000516-U000518, which define an ordinary tag state and its fixed-prefix deletion followed by a removed-color-dependent append block. Later one- and two-deletion examples are variants, not needed to identify the contrasted ordinary mechanism.""]","[""previous section"",""tag systems"",""cyclic tag""]",
R000112,U000536,,1,SOURCE_UNIT,U000536,1,the third neighbor-independent substitution system shown on page 83,PAGE,cyclic-tag case (c) nested-form correspondence,7,WITHIN_STAGE,RESOLVED,"[""U000462"",""U000463""]","[""A001604""]","[""Resolved printed page 83 to the third page-83 substitution panel in A001604/U000462-U000463. It is the Fibonacci-related case (c); the route records the claimed nested-form correspondence and does not identify the cyclic-tag and substitution rules as the same native object.""]","[""page 83"",""cyclic tag"",""third substitution system""]",
R000113,U000539,,1,SOURCE_UNIT,U000539,1,the third neighbor-independent substitution system shown on page 83,PAGE,cyclic-tag case (c) nested-form correspondence,7,WITHIN_STAGE,RESOLVED,"[""U000462"",""U000463""]","[""A001604""]","[""Resolved the repeated printed page-83 pointer to the third substitution panel in A001604/U000462-U000463. The target supports the alternate-step nested-form comparison for cyclic-tag case (c), not a native-law merge.""]","[""page 83"",""cyclic tag"",""third substitution system""]",
R000114,U000560,,1,SOURCE_UNIT,U000560,1,As discussed on page 122,PAGE,arithmetic derivation of the register-machine zero-event value map,7,CROSS_RANGE,RESOLVED,"[""U000690"",""U000693""]","[""A000787"",""A000789""]","[""Resolved printed page 122 to U000690/U000693 and A000787/A000789, which give the parity-conditioned arithmetic rule, the register-machine value map, and the after-first-step factor-of-3 relation. The comparison is preserved without merging arithmetic-system and register-machine identities.""]","[""page 122"",""register machine"",""3n/2"",""(3n+1)/2""]",
R000115,U000589,,1,SOURCE_UNIT,U000589,1,our study of substitution systems earlier in this chapter ... studying mobile automata,SECTION,the earlier substitution-system and mobile-automaton construction sections,7,WITHIN_STAGE,RESOLVED,"[""U000389"",""U000390"",""U000391"",""U000392"",""U000420"",""U000454"",""U000455"",""U000456""]",[],"[""Resolved the two-part earlier-section claim to U000454-U000456 for variable-length substitution support and to U000389-U000392 plus U000420 for single-active-cell, nonparallel mobile updates that still produce complexity. The target is the exact evidence for the conclusion, not every example in either section.""]","[""earlier in this chapter"",""substitution systems"",""mobile automata""]",
R000116,U000602,,1,SOURCE_UNIT,U000602,1,totalistic type described on page 60,PAGE,base definition of totalistic cellular automata,7,WITHIN_STAGE,RESOLVED,"[""U000350"",""U000351"",""U000352"",""U000353""]","[""A001507""]","[""Resolved printed page 60 to U000350-U000353/A001507, where the three-color totalistic family, neighborhood average, seven cases and base-3 code convention are introduced. The later k-color comparison remains a family extension, not the target definition.""]","[""page 60"",""totalistic"",""number of colors""]",
R000117,U000631,,1,SOURCE_UNIT,U000631,1,rule 30 from page 27,PAGE,rule 30 simple-seed evolution,7,CROSS_RANGE,PENDING,[],[],[],"[""rule 30"",""page 27"",""non-symmetric rule""]",
R000118,U000637,,1,SOURCE_UNIT,U000637,1,the example shown on page 74,PAGE,extended mobile automaton found after correcting compression criteria,7,WITHIN_STAGE,RESOLVED,"[""U000410"",""U000411"",""U000412"",""U000413"",""U000414""]","[""A001586"",""A001587"",""A001588""]","[""Resolved printed page 74 to the reviewed neighbor-writing random-color mobile preset at U000410-U000414/A001586-A001588, including its construction-bearing rule strip, full evolution and compressed history. Compression is an observer, not extra native update state.""]","[""page 74"",""mobile automaton"",""compression"",""search criteria""]",
R000119,U000638,,1,SOURCE_UNIT,U000638,1,the example shown on page 75,PAGE,extended mobile automaton found after removing search assumptions,7,WITHIN_STAGE,RESOLVED,"[""U000415"",""U000416"",""U000417"",""U000418"",""U000419""]","[""A001589"",""A001590"",""A001591""]","[""Resolved printed page 75 to the reviewed neighbor-writing random-motion mobile preset at U000415-U000419/A001589-A001591, including rule, trajectory and compressed position evidence. The historical search assumptions remain discovery context, not part of the preset.""]","[""page 75"",""mobile automaton"",""search assumptions""]",
R000120,U005328,,1,SOURCE_UNIT,U005328,1,page 901,PAGE,Gray-code rule ordering,7,CROSS_RANGE,RESOLVED,"[""U005647"",""U005648"",""U005649"",""U005650""]","[""A000437""]","[""Resolved printed Notes page 901 to U005647-U005650/A000437. The target defines successive one-digit Gray ordering, gives the recursive generator and direct BitXor[i,Floor[i/2]] position law, and supplies its ordering witness.""]","[""Gray code"",""rule ordering""]",
R000121,U005329,,1,SOURCE_UNIT,U005329,1,page 869,PAGE,Boolean/algebraic cellular-rule representations,7,CROSS_RANGE,PENDING,[],[],[],"[""algebraic forms"",""cellular automata""]",
R000122,U005340,,1,SOURCE_UNIT,U005340,1,page 892,PAGE,period-doubling nested sequence,7,CROSS_RANGE,PENDING,[],[],[],"[""rule 150"",""nested sequence""]",
R000123,U005340,,1,SOURCE_UNIT,U005340,2,page 612,PAGE,Gegenbauer cell-value relation,7,CROSS_RANGE,PENDING,[],[],[],"[""GegenbauerC"",""cell value""]",
R000124,U005341,,1,SOURCE_UNIT,U005341,1,page 951,PAGE,Rule 225 complex initial conditions,7,CROSS_RANGE,PENDING,[],[],[],"[""rule 225"",""initial conditions""]",
R000125,U005342,,1,SOURCE_UNIT,U005342,1,page 263,PAGE,Rule 22 complex initial conditions,7,CROSS_RANGE,PENDING,[],[],[],"[""rule 22"",""initial conditions""]",
R000126,U005363,,1,SOURCE_UNIT,U005363,1,page 927,PAGE,higher-dimensional cellular automata,7,CROSS_RANGE,RESOLVED,"[""U006088"",""U006089"",""U006090"",""U006091"",""U006092"",""U006093"",""U006096"",""U006097"",""U006098"",""U006099"",""U006100"",""U006101""]",[],"[""Resolved printed Notes page 927 to U006088-U006093 and U006096-U006101, the reviewed d-dimensional axial/full neighborhood and arbitrary-offset cellular-automaton implementations. Rule counts, symmetry classes, and rendering are deliberately outside this native-mechanics closure.""]","[""higher-dimensional"",""cellular automata""]",
R000127,U005370,,1,SOURCE_UNIT,U005370,1,page 867,PAGE,built-in CellularAutomaton semantics,7,CROSS_RANGE,PENDING,[],[],[],"[""CellularAutomaton"",""built-in""]",
R000128,U005371,,1,SOURCE_UNIT,U005371,1,page 870,PAGE,Pascal modulo-k additive construction,7,CROSS_RANGE,PENDING,[],[],[],"[""code 420"",""Pascal"",""modulo 3""]",
R000129,U005372,,1,SOURCE_UNIT,U005372,1,page 956,PAGE,cellular-automaton composition mechanics,7,CROSS_RANGE,PENDING,[],[],[],"[""composition"",""cellular automata""]",
R000130,U005373,,1,SOURCE_UNIT,U005373,1,page 1094,PAGE,finite algebraic-system operations,7,CROSS_RANGE,PENDING,[],[],[],"[""algebraic systems"",""multiplication table""]",
R000131,U005384,,1,SOURCE_UNIT,U005384,1,page 805,PAGE,semigroup associativity mechanics,7,CROSS_RANGE,PENDING,[],[],[],"[""semigroup"",""associative""]",
R000132,U005385,,1,SOURCE_UNIT,U005385,1,page 945,PAGE,finite group construction,7,CROSS_RANGE,RESOLVED,"[""U006336""]",[],"[""Resolved printed Notes page 945 to U006336, which characterizes a finite group or semigroup through a multiplication table satisfying the referenced algebraic constraints and records the classification boundary. The adjacent group-count plot is an observer and is not treated as construction mechanics.""]","[""group"",""inverses""]",
R000133,U005385,,1,SOURCE_UNIT,U005385,2,page 955,PAGE,Abelian group/additive nesting relation,7,CROSS_RANGE,PENDING,[],[],[],"[""Abelian"",""nested""]",
R000134,U005400,,1,SOURCE_UNIT,U005400,1,page 488,PAGE,mobile-automaton compressed evolution,7,CROSS_RANGE,PENDING,[],[],[],"[""mobile automata"",""compression""]",
R000135,U005404,,1,SOURCE_UNIT,U005404,1,"pages 73, 74 and 75",PAGE,mobile-automaton rule tables for motion plots,7,WITHIN_STAGE,RESOLVED,"[""U000404"",""U000405"",""U000406"",""U000407"",""U000408"",""U000409"",""U000410"",""U000411"",""U000412"",""U000413"",""U000414"",""U000415"",""U000416"",""U000417"",""U000418"",""U000419""]","[""A001583"",""A001584"",""A001585"",""A001586"",""A001587"",""A001588"",""A001589"",""A001590"",""A001591""]","[""Resolved printed pages 73-75 to the three reviewed neighbor-writing mobile presets: nested U000404-U000409/A001583-A001585, random-color U000410-U000414/A001586-A001588, and random active-cell motion U000415-U000419/A001589-A001591. The Notes motion plots are observations of these rules, not replacement definitions.""]","[""active cell"",""mobile automata""]",
R000136,U005418,,1,SOURCE_UNIT,U005418,1,page 1143,PAGE,alternative Turing-machine implementation,7,CROSS_RANGE,PENDING,[],[],[],"[""Turing machine"",""implementation""]",
R000137,U005420,,1,SOURCE_UNIT,U005420,1,page 1120,PAGE,Turing-machine rule equivalence,7,CROSS_RANGE,PENDING,[],[],[],"[""Turing machine"",""equivalence""]",
R000138,U005425,,1,SOURCE_UNIT,U005425,1,page 709,PAGE,complex small Turing-machine presets,7,CROSS_RANGE,PENDING,[],[],[],"[""Turing machine"",""complex behavior""]",
R000139,U005429,,1,SOURCE_UNIT,U005429,1,page 81,PAGE,localized Turing-machine rule and seed backgrounds,7,WITHIN_STAGE,RESOLVED,"[""U000449"",""U000450"",""U000451"",""U000452""]","[""A001599"",""A001600"",""A001601""]","[""Resolved printed page 81 to the reviewed four-state Turing-machine preset and its rule/full/compressed views at U000449-U000452/A001599-A001601. The localized repetitive backgrounds are supplied by the Notes route source and A000413-A000417; they remain seed variants rather than being invented as content of the page-81 target.""]","[""Turing machine"",""localized structures"",""repetitive backgrounds""]",
R000140,U005435,,1,SOURCE_UNIT,U005435,1,page 1128,PAGE,Turing-machine calculation model,7,CROSS_RANGE,PENDING,[],[],[],"[""Turing"",""calculation""]",
R000141,U005435,,1,SOURCE_UNIT,U005435,2,page 1110,PAGE,Turing-machine capabilities,7,CROSS_RANGE,PENDING,[],[],[],"[""Turing machines"",""capabilities""]",
R000142,U005436,,1,SOURCE_UNIT,U005436,1,page 1119,PAGE,small universal Turing-machine constructions,7,CROSS_RANGE,PENDING,[],[],[],"[""Minsky"",""Turing machine""]",
R000143,U005441,,1,SOURCE_UNIT,U005441,1,page 1144,PAGE,large-state Busy Beaver bounds,7,CROSS_RANGE,PENDING,[],[],[],"[""Busy Beaver"",""halting""]",
R000144,U005458,,1,SOURCE_UNIT,U005458,1,page 1081,PAGE,Thue-Morse polynomial relation,7,CROSS_RANGE,PENDING,[],[],[],"[""Thue-Morse"",""polynomial""]",
R000145,U005460,,1,SOURCE_UNIT,U005460,1,page 1092,PAGE,Thue-Morse generating series,7,CROSS_RANGE,PENDING,[],[],[],"[""Thue-Morse"",""series""]",
R000146,U005463,,1,SOURCE_UNIT,U005463,1,page 904,PAGE,quadratic-irrational projection sequences,7,CROSS_RANGE,RESOLVED,"[""U005678"",""U005679"",""U005680"",""U005681"",""U005682"",""U005683"",""U005684"",""U005685""]","[""A000440""]","[""Resolved printed Notes page 904 to the irrational-slope projection law and continued-fraction-derived substitution algorithm at U005678-U005685/A000440, including the repeating rule-list special case for quadratic irrationals. Projection and substitution identities remain distinct.""]","[""Fibonacci-related"",""GoldenRatio""]",
R000147,U005485,,1,SOURCE_UNIT,U005485,1,page 975,PAGE,Fibonacci modulo-k periods,7,CROSS_RANGE,PENDING,[],[],[],"[""Fibonacci"",""modulo""]",
R000148,U005497,,1,SOURCE_UNIT,U005497,1,page 1006,PAGE,GoldenRatio angular point generator,7,CROSS_RANGE,PENDING,[],[],[],"[""GoldenRatio"",""circle""]",
R000149,U005501,,1,SOURCE_UNIT,U005501,1,page 128,PAGE,general recurrence-relation systems,7,CROSS_RANGE,RESOLVED,"[""U000717"",""U000719"",""U000720"",""U000721"",""U000722"",""U000723""]","[""A000795""]","[""Resolved printed page 128 to U000717 and U000719-U000723/A000795. The target defines dependence on earlier terms, distinguishes single- and multiple-lag forms, and supplies the concrete linear-recurrence presets without importing adjacent non-fixed-lag examples.""]","[""recurrence relations"",""sequences""]",
R000150,U005502,,1,SOURCE_UNIT,U005502,1,page 117,PAGE,digit-sequence nested construction,7,CROSS_RANGE,RESOLVED,"[""U000661"",""U000662"",""U000663"",""U000664"",""U000665"",""U000666""]","[""A000780"",""A000781""]","[""Resolved printed page 117 to U000661-U000666/A000780-A000781. Repeated addition of 1 generates successive integers whose base-2 rows form the explicitly described nested digit pattern.""]","[""digit sequences"",""nested""]",
R000151,U005506,,1,SOURCE_UNIT,U005506,1,page 1070,PAGE,unique Fibonacci digit representations,7,CROSS_RANGE,PENDING,[],[],[],"[""Fibonacci"",""digit representation""]",
R000152,U005507,,1,SOURCE_UNIT,U005507,1,page 904,PAGE,substitution sequences as irrational-slope projections,7,CROSS_RANGE,RESOLVED,"[""U005678"",""U005679"",""U005680"",""U005681"",""U005682"",""U005683"",""U005684"",""U005685""]","[""A000440""]","[""Resolved printed Notes page 904 to the same bounded projection sequence and continued-fraction-to-substitution mechanics as the related route. The closure records the correspondence without collapsing the projection function and substitution generator.""]","[""substitution systems"",""square roots""]",
R000153,U005508,,1,SOURCE_UNIT,U005508,1,page 1080,PAGE,spectra of substitution systems,7,CROSS_RANGE,PENDING,[],[],[],"[""substitution"",""spectra""]",
R000154,U005511,,1,SOURCE_UNIT,U005511,1,page 190,PAGE,two-dimensional geometrical substitution systems,7,CROSS_RANGE,RESOLVED,"[""U001046"",""U001047"",""U001048"",""U001049"",""U006185""]","[""A000879"",""A000880""]","[""Resolved printed page 190 to U001046-U001049/A000879-A000880 and the exact page-190 complex replacement map in U006185. The target is the overlap-producing geometrical substitution preset; overlap is an outcome, while repeated application of the two-image affine map is the native law.""]","[""path"",""2D substitution""]",
R000155,U005515,,1,SOURCE_UNIT,U005515,1,page 189,PAGE,paperfolding/geometrical substitution construction,7,CROSS_RANGE,RESOLVED,"[""U001042"",""U001043"",""U001044"",""U001045"",""U006184"",""U006185""]","[""A000877"",""A000878""]","[""Resolved printed page 189 to U001042-U001045/A000877-A000878 and U006184-U006185. The target gives the orientation-sensitive two-square geometrical replacement map and explicitly relates its dragon-curve result to doubled 1D paperfolding paths. That relationship does not collapse the two native constructions into one state space.""]","[""paperfolding"",""path""]",
R000156,U005530,,1,SOURCE_UNIT,U005530,1,page 1005,PAGE,L-system plant-generation mechanics,7,CROSS_RANGE,PENDING,[],[],[],"[""L systems"",""branching plants""]",
R000157,U005534,,1,SOURCE_UNIT,U005534,1,page 189,PAGE,two-dimensional geometrical substitution systems,7,CROSS_RANGE,RESOLVED,"[""U001042"",""U001043"",""U001044"",""U001045"",""U006185""]","[""A000877"",""A000878""]","[""Resolved printed page 189 to U001042-U001045/A000877-A000878 and the exact iterated complex map U006185. These targets specify orientation-sensitive replacement of each square by two smaller squares from a one-square seed and its nested result.""]","[""geometrical substitution"",""paths""]",
R000158,U005547,,1,SOURCE_UNIT,U005547,1,page 497,PAGE,multiway all-replacements semantics,7,CROSS_RANGE,PENDING,[],[],[],"[""multiway systems"",""replacements""]",
R000159,U005547,,1,SOURCE_UNIT,U005547,2,page 1036,PAGE,confluence/Church-Rosser property,7,CROSS_RANGE,PENDING,[],[],[],"[""confluence"",""replacement order""]",
R000160,U005548,,1,SOURCE_UNIT,U005548,1,page 938,PAGE,multiway string-rewriting systems,7,CROSS_RANGE,RESOLVED,"[""U006240"",""U006241"",""U006242"",""U006243"",""U006244"",""U006245"",""U006246"",""U006247"",""U006248"",""U006249"",""U006250"",""U006261""]",[],"[""Resolved printed page 938's string/term-rewrite identity at U006261 together with the reviewed native multiway mechanics U006240-U006250: all positional matches of every replacement are generated, results are unioned, and unmatched strings are dropped in the shown implementation. Historical aliases do not create additional construction identities.""]","[""multiway systems"",""string rewriting""]",
R000161,U005558,,1,SOURCE_UNIT,U005558,1,page 1149,PAGE,Post syntactic reduction systems,7,CROSS_RANGE,PENDING,[],[],[],"[""Post"",""tag systems""]",
R000162,U005558,,1,SOURCE_UNIT,U005558,2,page 670,PAGE,first-symbol tag-system restriction,7,CROSS_RANGE,PENDING,[],[],[],"[""tag system"",""first element""]",
R000163,U005558,,1,SOURCE_UNIT,U005558,3,pages 1113 and 1141,PAGE,tag-system computational mechanics,7,CROSS_RANGE,PENDING,[],[],[],"[""tag systems"",""computation""]",
R000164,U005568,,1,SOURCE_UNIT,U005568,1,Rule (e) from the main text,PAGE,mechanical cyclic-tag rule (e) preset,7,WITHIN_STAGE,RESOLVED,"[""U000536"",""U000538"",""U000539""]","[""A000767""]","[""Resolved Rule (e) to the reviewed five-preset cyclic-tag figure and caption at U000536, U000538-U000539/A000767. The mechanical trough and overflow failure are implementation/application facts from the route source, not additions to Rule (e)'s native cyclic-tag law.""]","[""cyclic tag system"",""rule (e)"",""mechanical implementation""]",
R000165,U005581,,1,SOURCE_UNIT,U005581,1,page 1137,PAGE,register-machine halting semantics,7,CROSS_RANGE,PENDING,[],[],[],"[""register machine"",""halt""]",
R000166,U005587,,1,SOURCE_UNIT,U005587,1,page 1182,PAGE,random program generation,7,CROSS_RANGE,PENDING,[],[],[],"[""random programs"",""register machine""]",
R000167,U005593,,1,SOURCE_UNIT,U005593,1,page 1173,PAGE,Polish symbolic-expression representation,7,CROSS_RANGE,PENDING,[],[],[],"[""Polish notation"",""symbolic expressions""]",
R000168,U005604,,1,SOURCE_UNIT,U005604,1,page 989,PAGE,balanced bracket sequence construction,7,CROSS_RANGE,PENDING,[],[],[],"[""balanced brackets"",""expressions""]",
R000169,U005605,,1,SOURCE_UNIT,U005605,1,page 1122,PAGE,Church numeral interpretation,7,CROSS_RANGE,PENDING,[],[],[],"[""Church numeral"",""symbolic system""]",
R000170,U005610,,1,SOURCE_UNIT,U005610,1,page 1145,PAGE,symbolic-system halting-time growth,7,CROSS_RANGE,PENDING,[],[],[],"[""symbolic systems"",""halting""]",
R000171,U005610,,1,SOURCE_UNIT,U005610,2,page 1163,PAGE,arithmetic axiom-system independence,7,CROSS_RANGE,PENDING,[],[],[],"[""axiom system"",""halting""]",
R000172,U005617,,1,SOURCE_UNIT,U005617,1,page 1036,PAGE,Church-Rosser fixed-point independence,7,CROSS_RANGE,PENDING,[],[],[],"[""Church-Rosser"",""fixed point""]",
R000173,U005618,,1,SOURCE_UNIT,U005618,1,page 1121,PAGE,combinator rewrite mechanics,7,CROSS_RANGE,PENDING,[],[],[],"[""combinators"",""Sch\u00f6nfinkel""]",
R000174,U005620,,1,SOURCE_UNIT,U005620,1,page 1172,PAGE,operator-system axioms,7,CROSS_RANGE,PENDING,[],[],[],"[""operator systems"",""axioms""]",
R000175,U005629,,1,SOURCE_UNIT,U005629,1,page 508,PAGE,network substitution systems,7,CROSS_RANGE,PENDING,[],[],[],"[""network substitution"",""symbolic systems""]",
R000176,U005629,,1,SOURCE_UNIT,U005629,2,page 277,PAGE,infinite path-tree unfolding of networks,7,CROSS_RANGE,PENDING,[],[],[],"[""network"",""infinite tree""]",
R000177,U005635,,1,SOURCE_UNIT,U005635,1,page 971,PAGE,Lorenz differential-equation dynamics,7,CROSS_RANGE,PENDING,[],[],[],"[""Lorenz"",""chaos""]",
R000178,U005635,,1,SOURCE_UNIT,U005635,2,page 921,PAGE,iterated-map universal behavior,7,CROSS_RANGE,RESOLVED,"[""U005990"",""U005991"",""U005992""]","[""A000504""]","[""Resolved printed Notes page 921 to U005990-U005992/A000504, which give the smooth logistic-map period-doubling sequence and state universality for smooth one-hump maps. The image is the parameter-sweep witness, not a separate evolution law.""]","[""iterated maps"",""Feigenbaum""]",
R000179,U000693,,1,SOURCE_UNIT,U000693,1,the register machine shown on page 100,PAGE,register-machine realization and state encoding for the printed arithmetic map,8,CROSS_RANGE,PENDING,[],[],[],"[""register machine"",""page 100"",""3n/2"",""(3n+1)/2""]",
R000180,U000792,,1,SOURCE_UNIT,U000792,1,the substitution systems on page 83,PAGE,substitution-system construction of nested digit sequences,8,CROSS_RANGE,PENDING,[],[],[],"[""substitution systems"",""page 83"",""nested digit sequence""]",
R000181,U000819,,1,SOURCE_UNIT,U000819,1,a generalized substitution system,OTHER,base mechanics of generalized substitution systems used by the axis-crossing encoding,8,CROSS_RANGE,PENDING,[],[],[],"[""generalized substitution system"",""continued fraction"",""axis crossing""]",
R000182,U000822,,1,SOURCE_UNIT,U000822,1,the Fibonacci substitution system on page 83,PAGE,Fibonacci substitution-system mechanics and the analogous axis-crossing preset,8,CROSS_RANGE,PENDING,[],[],[],"[""Fibonacci substitution system"",""page 83"",""quadratic irrational""]",
R000183,U000833,,1,SOURCE_UNIT,U000833,1,as the picture illustrates,OTHER,case (d) shift-map formula and trajectory in the illustrated four-map figure,8,WITHIN_STAGE,RESOLVED,"[""U000835"",""U000836""]","[""A000813""]","[""Resolved the exact illustrated-pointer identity to U000835-U000836/A000813, where case (d)'s shift-map formula and trajectory are shown. No fabricated page locator is introduced.""]","[""picture"",""shift map"",""case (d)"",""digit shift""]",
R000184,U000836,,1,SOURCE_UNIT,U000836,1,compare page 122,PAGE,earlier arithmetic systems based on repeated multiplication and their digit-sequence behavior,8,WITHIN_STAGE,RESOLVED,"[""U000680"",""U000681"",""U000682"",""U000683"",""U000684"",""U000685"",""U000686"",""U000687"",""U000688"",""U000689"",""U000690"",""U000691"",""U000692"",""U000693""]","[""A000786"",""A000787"",""A000788"",""A000789""]","[""Resolved the optional contextual comparison to the complete bounded page-122 arithmetic-system discussion U000680-U000693/A000786-A000789. It remains a source comparison and does not merge the page-150 iterated-map presets with those arithmetic constructions.""]","[""compare page 122"",""arithmetic systems"",""digit sequences"",""iterated maps""]",
R000185,U000850,,1,SOURCE_UNIT,U000850,1,the shift map—shown as case (d) on pages 150 and 151,PAGE,shift-map formula and simple/random initial-condition runs,8,WITHIN_STAGE,RESOLVED,"[""U000835"",""U000836"",""U000837"",""U000838""]","[""A000813"",""A000814""]","[""Resolved pages 150-151 to U000835-U000838/A000813-A000814, which supply case (d)'s formula plus its simple and random initial-condition runs. The page-153 comparison remains an observer experiment around that fixed map.""]","[""shift map"",""case (d)"",""pages 150 and 151""]",
R000186,U000857,,1,SOURCE_UNIT,U000857,1,systems like (a) and (b) on pages 150 and 151,PAGE,iterated-map cases (a) and (b) from simple initial conditions,8,WITHIN_STAGE,RESOLVED,"[""U000835"",""U000836"",""U000837"",""U000838""]","[""A000813"",""A000814""]","[""Resolved pages 150-151 to the displayed cases (a)/(b), formulas, and simple/random seed regimes at U000835-U000838/A000813-A000814. The intrinsic-randomness discussion is kept as a conclusion about these runs, not part of either map law.""]","[""systems (a) and (b)"",""pages 150 and 151"",""simple initial conditions""]",
R000187,U000865,,1,SOURCE_UNIT,U000865,1,the totalistic cellular automaton rules that we discussed at the beginning of the last chapter,SECTION,discrete totalistic cellular-automaton base mechanics,8,CROSS_RANGE,PENDING,[],[],[],"[""totalistic cellular automaton"",""last chapter"",""average""]",
R000188,U000865,,1,SOURCE_UNIT,U000865,2,the iterated maps that we just discussed in the previous section,SECTION,unit-interval iterated-map family and scalar postprocessing mechanics,8,WITHIN_STAGE,RESOLVED,"[""U000827"",""U000828"",""U000835"",""U000836"",""U000837"",""U000838""]","[""A000813"",""A000814""]","[""Resolved the previous-section half of the composition to the unit-interval iterated-map class and concrete scalar presets at U000827-U000828 and U000835-U000838/A000813-A000814. This provides the scalar postprocessing component without replacing the separate cross-range totalistic-CA route.""]","[""iterated maps"",""previous section"",""unit interval"",""scalar mapping""]",
R000189,U000873,,1,SOURCE_UNIT,U000873,1,exactly iterated map (a) from page 150,PAGE,unit-interval iterated map x -> FractionalPart[(3/2)x],8,WITHIN_STAGE,RESOLVED,"[""U000835"",""U000836""]","[""A000813""]","[""Resolved the exact map-(a) pointer to U000835-U000836/A000813, where x -> FractionalPart[(3/2)x] is printed. The continuous-CA candidate uses it as scalar postprocessing; the two native objects are not merged.""]","[""iterated map (a)"",""page 150"",""FractionalPart"",""3/2""]",
R000190,U000882,,1,SOURCE_UNIT,U000882,1,the picture in the middle of page 160,PAGE,c=0.3299 additive continuous-CA continuation and adjacent-cell difference view,8,WITHIN_STAGE,RESOLVED,"[""U000885"",""U000886""]","[""A000827""]","[""Resolved the optional observer pointer to U000885-U000886/A000827, the middle continuation and adjacent-cell difference view for c=0.3299. The route closes a display relation only and adds no native update mechanics.""]","[""picture"",""page 160"",""localized structures"",""0.3299"",""differences""]",
R000191,U000886,,1,SOURCE_UNIT,U000886,1,the same kind of rules as on the previous page,PAGE,additive-constant continuous-CA family and parameter presets,8,WITHIN_STAGE,RESOLVED,"[""U000875"",""U000876"",""U000877"",""U000878"",""U000879"",""U000880"",""U000881"",""U000882"",""U000883"",""U000884""]","[""A000824"",""A000825"",""A000826""]","[""Resolved the previous-page locator to U000875-U000884/A000824-A000826, which give the additive-constant rule family and displayed parameter presets. The corrected route kind remains PAGE and the continuation at U000885-U000886 is outside this prior-page target.""]","[""same kind of rules"",""previous page"",""continuous cellular automata""]",
R000192,U000897,,1,SOURCE_UNIT,U000897,1,the continuous cellular automaton on page 156,PAGE,pure-average continuous cellular automaton and its diffusion limit,8,WITHIN_STAGE,RESOLVED,"[""U000866"",""U000867"",""U000868"",""U000869""]","[""A000822""]","[""Resolved printed page 156 to U000866-U000869/A000822, which define the pure left/self/right averaging continuous CA used in the diffusion limit. The PDE relation remains distinct from the discrete numerical evolution.""]","[""continuous cellular automaton"",""page 156"",""diffusion""]",
R000193,U000936,,1,SOURCE_UNIT,U000936,1,the same equations as on the previous page,PAGE,three nonlinear PDE formulas and their shorter-time solutions,8,WITHIN_STAGE,RESOLVED,"[""U000920"",""U000921"",""U000922"",""U000923"",""U000924"",""U000925"",""U000926"",""U000927"",""U000928""]","[""A000834"",""A000835"",""A000836"",""A000837"",""A000838"",""A000839""]","[""Resolved the previous-page equations to U000920-U000928/A000834-A000839, the three nonlinear field equations and their shorter-time solutions. Numerical figures remain solution/observer evidence rather than equation identity.""]","[""same equations"",""previous page"",""partial differential equations""]",
R000194,U005657,,1,SOURCE_UNIT,U005657,1,page 83,PAGE,replacement rule and seed for the rotated page-117 substitution preset,8,CROSS_RANGE,PENDING,[],[],[],"[""substitution system"",""page 117""]",
R000195,U005671,,1,SOURCE_UNIT,U005671,1,page 614,PAGE,complicated base-6 powers-of-three pattern used for the cellular-automaton correspondence,8,CROSS_RANGE,PENDING,[],[],[],"[""powers of three"",""base 6 cellular automaton""]",
R000196,U005728,,1,SOURCE_UNIT,U005728,1,page 128,PAGE,"coefficients, orders, and initial values of the page-128 linear recurrences",8,WITHIN_STAGE,RESOLVED,"[""U000717"",""U000718"",""U000719"",""U000720"",""U000721"",""U000722"",""U000723""]","[""A000795""]","[""Resolved printed page 128 to U000717-U000723/A000795, which supply the recurrence orders, coefficients, initial values, and examples missing from the Notes pointer.""]","[""linear recurrence"",""page 128""]",
R000197,U005802,,1,SOURCE_UNIT,U005802,1,page 132,PAGE,sieve-of-Eratosthenes removal/filter procedure for generating the primes,8,WITHIN_STAGE,RESOLVED,"[""U000738"",""U000739"",""U000740"",""U000741"",""U000742""]","[""A000798""]","[""Resolved the Notes page-132 sieve pointer to U000738-U000742/A000798. These units identify the prime sequence and state/show the repeated removal of larger multiples. Prime distribution plots and the separate Fermat congruence are outside this bounded procedure route.""]","[""sieve of Eratosthenes"",""prime generation""]",
R000198,U005820,,1,SOURCE_UNIT,U005820,1,page 135,PAGE,necessary-and-sufficient sum-of-three-squares representability condition,8,WITHIN_STAGE,RESOLVED,"[""U000755"",""U000760""]","[""A000802""]","[""Resolved printed page 135 to U000755/U000760 and A000802, which give case (c) and the exact excluded form 4^r(8s+7). Adjacent sum-of-squares counts are not substituted for this necessary-and-sufficient representability condition.""]","[""three squares"",""representability""]",
R000199,U005863,,1,SOURCE_UNIT,U005863,1,page 141,PAGE,per-step update law for the digit-by-digit square-root construction,8,WITHIN_STAGE,RESOLVED,"[""U000786"",""U000787"",""U000788"",""U000789"",""U000790""]","[""A000808""]","[""Resolved printed page 141 to U000786-U000790/A000808, the displayed digit-by-digit square-root state, invariant, and per-step digit choice. Newton and recurrence-ratio solvers remain separate constructions.""]","[""square root"",""digit by digit""]",
R000200,U005927,,1,SOURCE_UNIT,U005927,1,page 560,PAGE,integer-representation construction referenced without mechanics,8,CROSS_RANGE,PENDING,[],[],[],"[""integer representation""]",
R000201,U005945,,1,SOURCE_UNIT,U005945,1,page 903,PAGE,substitution rules for cosine/sine zero-spacing sequences,8,WITHIN_STAGE,RESOLVED,"[""U005681"",""U005682"",""U005683"",""U005684"",""U005685""]",[],"[""Resolved printed Notes page 903 to U005681-U005685, which give the irrational-slope difference sequence and the continued-fraction-derived substitution rules used for the zero-spacing correspondence. The trigonometric zero observer and substitution generator remain distinct.""]","[""zero spacing"",""substitution""]",
R000202,U006010,,1,SOURCE_UNIT,U006010,1,page 591,PAGE,"rule choices, probabilities, and seeds for probabilistic cellular automata",8,CROSS_RANGE,PENDING,[],[],[],"[""probabilistic cellular automaton""]",
R000203,U000965,,2,SOURCE_UNIT,U000965,1,page 173,PAGE,two-dimensional CA rule-code numbering,9,WITHIN_STAGE,RESOLVED,"[""U000973"",""U000974""]","[""A000849""]","[""Sequential blind review recorded the literal route; resolution is reserved for the coordinator."",""Resolved printed page 173 to U000973-U000974/A000849. The caption orders the ten outer-totalistic cases from all-white center/neighbors through progressively more black neighbors and reads the outputs as base-2 digits of the rule code.""]","[""ca"",""code"",""dimensional"",""numbering"",""rule"",""two""]",
R000204,U000968,,2,SOURCE_UNIT,U000968,1,page 173,PAGE,two-dimensional CA rule-code numbering,9,WITHIN_STAGE,RESOLVED,"[""U000973"",""U000974""]","[""A000849""]","[""Sequential blind review recorded the literal route; resolution is reserved for the coordinator."",""Resolved printed page 173 to the same explicit code convention at U000973-U000974/A000849. This establishes why the earlier exactly-one-or-four rule is code 942 without importing the different general-neighborhood convention from the Notes.""]","[""ca"",""code"",""dimensional"",""numbering"",""rule"",""two""]",
R000205,U000974,,2,SOURCE_UNIT,U000974,1,page 60,PAGE,earlier cellular-automaton code convention,9,CROSS_RANGE,PENDING,[],[],"[""Sequential blind review recorded the literal route; resolution is reserved for the coordinator.""]","[""automaton"",""cellular"",""code"",""convention"",""earlier""]",
R000206,U000981,,2,SOURCE_UNIT,U000981,1,page 178,PAGE,approximate-circle two-dimensional cellular automaton,9,WITHIN_STAGE,RESOLVED,"[""U000990"",""U000991""]","[""A000854""]","[""Sequential blind review recorded the literal route; resolution is reserved for the coordinator."",""Resolved printed page 178 to U000990-U000991/A000854. The caption supplies code 746, its exact eight-neighbor retaining/whitening cases, the seven-cell-row seed, 400-step result, and approximately 0.37t radius.""]","[""approximate"",""automaton"",""cellular"",""circle"",""dimensional"",""two""]",
R000207,U000982,,2,SOURCE_UNIT,U000982,1,pages 179–181,PAGE,eight-neighbor exactly-three retaining cellular automaton,9,WITHIN_STAGE,RESOLVED,"[""U000982"",""U000983"",""U000984"",""U000992"",""U000993"",""U000996"",""U000997"",""U000998"",""U000999"",""U001000"",""U001001"",""U001002""]","[""A000855"",""A000856"",""A000857"",""A000858"",""A000859"",""A000860""]","[""Sequential blind review recorded the literal route; resolution is reserved for the coordinator."",""Resolved printed pages 179-181 to U000982-U000984, U000992-U000993, and U000996-U001002/A000855-A000860. The bounded set gives the exactly-three-of-eight retaining rule (code 174826), the seed-length sweep, and the row-of-eleven long evolution. Stacked and stage views remain witnesses, not extra state dimensions.""]","[""automaton"",""cellular"",""eight"",""exactly"",""neighbor"",""retaining"",""three""]",
R000208,U000983,,2,SOURCE_UNIT,U000983,1,top of page 179,PAGE,seed-length sweep for exactly-three retaining CA,9,WITHIN_STAGE,RESOLVED,"[""U000982"",""U000983"",""U000992"",""U000993""]","[""A000855""]","[""Sequential blind review recorded the literal route; resolution is reserved for the coordinator."",""Resolved the top of printed page 179 to U000982-U000983 and U000992-U000993/A000855. These units give the code-174826 exactly-three-of-eight retaining rule, the minimum three-black growth condition, and the 60-step sweep over row lengths.""]","[""ca"",""exactly"",""for"",""length"",""retaining"",""seed"",""sweep"",""three""]",
R000209,U000984,,2,SOURCE_UNIT,U000984,1,page 181,PAGE,row-of-eleven evolution for exactly-three retaining CA,9,WITHIN_STAGE,RESOLVED,"[""U000982"",""U000984"",""U000998"",""U000999"",""U001000"",""U001001"",""U001002""]","[""A000857"",""A000858"",""A000859"",""A000860""]","[""Sequential blind review recorded the literal route; resolution is reserved for the coordinator."",""Resolved printed page 181 to U000982/U000984 and U000998-U001002/A000857-A000860. The target is the row-of-eleven evolution under the exactly-three-of-eight retaining rule for hundreds of steps; the four images are successive-stage witnesses.""]","[""ca"",""eleven"",""evolution"",""exactly"",""for"",""of"",""retaining"",""row"",""three""]",
R000210,U000995,,2,SOURCE_UNIT,U000995,1,pages 182 and 183,PAGE,three-dimensional cellular-automaton examples,9,WITHIN_STAGE,RESOLVED,"[""U000994"",""U000995"",""U001003"",""U001004"",""U001005"",""U001006"",""U001007"",""U001008""]","[""A000861"",""A000862"",""A000863"",""A000864""]","[""Sequential blind review recorded the literal route; resolution is reserved for the coordinator."",""Resolved printed pages 182-183 to U000994-U000995 and U001003-U001008/A000861-A000864. They give the six-face any-one and exactly-one rules and the 26-neighbor exactly-one and exactly-two rules, with their seeds. Projection and stacking choices are not promoted into native carriers.""]","[""automaton"",""cellular"",""dimensional"",""examples"",""three""]",
R000211,U001005,,2,SOURCE_UNIT,U001005,1,page 171,PAGE,two-dimensional nested cellular-automaton analog,9,WITHIN_STAGE,RESOLVED,"[""U000966"",""U000967"",""U000968"",""U000969"",""U000970"",""U000971""]","[""A000847"",""A000848""]","[""Sequential blind review recorded the literal route; resolution is reserved for the coordinator."",""Resolved the page-171 analog to code 942 at U000966-U000968/A000847, with U000969-U000971/A000848 establishing its nested successive-time stacking witness. The stacked 3D display is kept distinct from the native two-dimensional CA state.""]","[""analog"",""automaton"",""cellular"",""dimensional"",""nested"",""two""]",
R000212,U001016,,2,SOURCE_UNIT,U001016,1,page 186,PAGE,complex four-state two-dimensional Turing-machine rule,9,WITHIN_STAGE,RESOLVED,"[""U001016"",""U001023"",""U001024"",""U001025"",""U001026"",""U001027"",""U001028"",""U001029"",""U001030"",""U001031""]","[""A000870"",""A000871"",""A000872"",""A000873""]","[""Sequential blind review recorded the literal route; resolution is reserved for the coordinator."",""Resolved printed page 186 to the long head-path witnesses U001027-U001031/A000872-A000873, joined to the exact preceding rule-(e) panel and rule table U001016/U001023-U001026/A000870-A000871. This supplies the four-state rule and blank tape seed instead of inferring mechanics from the path alone.""]","[""complex"",""dimensional"",""four"",""machine"",""rule"",""state"",""turing"",""two""]",
R000213,U001033,,2,SOURCE_UNIT,U001033,1,page 82,PAGE,one-dimensional substitution-system mechanics,9,CROSS_RANGE,PENDING,[],[],"[""Sequential blind review recorded the literal route; resolution is reserved for the coordinator.""]","[""dimensional"",""mechanics"",""one"",""substitution"",""system""]",
R000214,U001038,,2,SOURCE_UNIT,U001038,1,page 83,PAGE,one-dimensional substitution-system nested patterns,9,CROSS_RANGE,PENDING,[],[],"[""Sequential blind review recorded the literal route; resolution is reserved for the coordinator.""]","[""dimensional"",""nested"",""one"",""patterns"",""substitution"",""system""]",
R000215,U001052,,2,SOURCE_UNIT,U001052,1,page 85,PAGE,neighbor interaction in one-dimensional substitution systems,9,CROSS_RANGE,PENDING,[],[],"[""Sequential blind review recorded the literal route; resolution is reserved for the coordinator.""]","[""dimensional"",""in"",""interaction"",""neighbor"",""one"",""substitution"",""systems""]",
R000216,U001057,,2,SOURCE_UNIT,U001057,1,Chapter 3,SECTION,parallel and sequential one-dimensional substitution schedules,9,CROSS_RANGE,PENDING,[],[],"[""Sequential blind review recorded the literal route; resolution is reserved for the coordinator.""]","[""and"",""dimensional"",""one"",""parallel"",""schedules"",""sequential"",""substitution""]",
R000217,U001062,,2,SOURCE_UNIT,U001062,1,Chapter 9,SECTION,order-independent higher-dimensional sequential substitution,9,CROSS_RANGE,PENDING,[],[],"[""Sequential blind review recorded the literal route; resolution is reserved for the coordinator.""]","[""dimensional"",""higher"",""independent"",""order"",""sequential"",""substitution""]",
R000218,U001113,,2,SOURCE_UNIT,U001113,1,Chapter 9,SECTION,network-system variants for space and spacetime,9,CROSS_RANGE,PENDING,[],[],"[""Sequential blind review recorded the literal route; resolution is reserved for the coordinator.""]","[""and"",""for"",""network"",""space"",""spacetime"",""system"",""variants""]",
R000219,U001129,,2,SOURCE_UNIT,U001129,1,page 88,PAGE,sequential substitution replacement rules,9,CROSS_RANGE,PENDING,[],[],"[""Sequential blind review recorded the literal route; resolution is reserved for the coordinator.""]","[""replacement"",""rules"",""sequential"",""substitution""]",
R000220,U001147,,2,SOURCE_UNIT,U001147,1,page 205,PAGE,rapid-growth multiway rule,9,WITHIN_STAGE,RESOLVED,"[""U001133"",""U001134""]","[""A000897""]","[""Sequential blind review recorded the literal route; resolution is reserved for the coordinator."",""Resolved printed page 205 to U001133-U001134/A000897, the third illustrated page-205 preset whose state count is Fibonacci[t+1]. Original-resolution comparison identifies this as the rule later called (k); the page-207 evolution is an observer and is not substituted for the rule glyphs.""]","[""growth"",""multiway"",""rapid"",""rule""]",
R000221,U001150,,2,SOURCE_UNIT,U001150,1,page 205,PAGE,multiway rules (d) and (f),9,WITHIN_STAGE,RESOLVED,"[""U001136"",""U001137"",""U001139""]","[""A000895"",""A000898""]","[""Sequential blind review recorded the literal route; resolution is reserved for the coordinator."",""Resolved rules (d) and (f) by original-resolution glyph matching from the page-208 survey to the two page-205 presets at U001137/A000895 and U001136/A000898, with U001139 supplying their growth/period context. No match is inferred from visual behavior alone.""]","[""and"",""d"",""f"",""multiway"",""rules""]",
R000222,U001150,,2,SOURCE_UNIT,U001150,2,previous page,PAGE,multiway rule (k),9,WITHIN_STAGE,RESOLVED,"[""U001145"",""U001146"",""U001147""]","[""A000903""]","[""Sequential blind review recorded the literal route; resolution is reserved for the coordinator."",""Resolved the literal previous-page target to U001145-U001147/A000903, which identify the rapid-growth multiway evolution later labelled rule (k), its all-white-initial-state result family, Fibonacci[t+1] state count, and first-appearance formula. The page does not independently transcribe the graphical replacement law, so this closure does not silently widen to the earlier page-205 rule panel.""]","[""k"",""multiway"",""rule""]",
R000223,U001206,,2,SOURCE_UNIT,U001206,1,pages 214 and 215,PAGE,ordering of local-template constraints,9,WITHIN_STAGE,RESOLVED,"[""U001184"",""U001185"",""U001186"",""U001187"",""U001188"",""U006286"",""U006287"",""U006288""]","[""A000572"",""A000913"",""A000914""]","[""Sequential blind review recorded the literal route; resolution is reserved for the coordinator."",""Resolved printed pages 214-215 to U001184-U001188/A000913-A000914 and the exact numbering rule U006286-U006288/A000572. Constraint n selects the 1-bit positions in its 32-digit binary expansion against the shown ordered template list; the 171 panels are the sufficient repetitive-pattern witnesses labelled by minimal constraint.""]","[""constraints"",""local"",""of"",""ordering"",""template""]",
R000224,U001212,,2,SOURCE_UNIT,U001212,1,page 216,PAGE,required-template constraint family,9,WITHIN_STAGE,RESOLVED,"[""U001190"",""U001191"",""U001192"",""U001193""]","[""A000915""]","[""Sequential blind review recorded the literal route; resolution is reserved for the coordinator."",""Resolved printed page 216 to U001190-U001193/A000915. This family requires every local neighborhood to match an allowed template and additionally requires one designated template to occur somewhere; the panels are concrete repetitive results, not an evolution schedule.""]","[""constraint"",""family"",""required"",""template""]",
R000225,U001216,,2,SOURCE_UNIT,U001216,1,rule 60 elementary one-dimensional cellular automaton,OTHER,constraint correspondence with elementary cellular automaton rule 60,9,CROSS_RANGE,PENDING,[],[],"[""Sequential blind review recorded the literal route; resolution is reserved for the coordinator.""]","[""60"",""automaton"",""cellular"",""constraint"",""correspondence"",""elementary"",""rule"",""with""]",
R000226,U001217,,2,SOURCE_UNIT,U001217,1,rule 30 cellular automaton,OTHER,constraint correspondence with a shifted elementary cellular automaton rule-30 pattern,9,CROSS_RANGE,PENDING,[],[],"[""Sequential blind review recorded the literal route; resolution is reserved for the coordinator.""]","[""30"",""a"",""automaton"",""cellular"",""constraint"",""correspondence"",""elementary"",""pattern"",""rule"",""shifted"",""with""]",
R000227,U006078,,2,SOURCE_UNIT,U006078,1,page 929,PAGE,other lattice constructions,9,CROSS_RANGE,PENDING,[],[],"[""Blind sequential review recorded the literal target; coordinator routing is required.""]","[""constructions"",""lattice"",""other""]",
R000228,U006112,,2,SOURCE_UNIT,U006112,1,page 171,PAGE,cellular automaton code 942 underlying the displayed slices,9,WITHIN_STAGE,RESOLVED,"[""U000966"",""U000967"",""U000968""]","[""A000847""]","[""Blind sequential review recorded the literal target; coordinator routing is required."",""Resolved printed page 171 to U000966-U000968/A000847. These units give the single-black seed and code-942 rule: become black for exactly one or all four orthogonal black neighbors, otherwise retain the center. The Notes slice image remains an observer of this native evolution.""]","[""942"",""automaton"",""cellular"",""code"",""displayed"",""slices"",""the"",""underlying""]",
R000229,U006121,,2,SOURCE_UNIT,U006121,1,page 1092,PAGE,additive cellular-automaton rules,9,CROSS_RANGE,PENDING,[],[],"[""Blind sequential review recorded the literal target; coordinator routing is required.""]","[""additive"",""automaton"",""cellular"",""rules""]",
R000230,U006121,,2,SOURCE_UNIT,U006121,2,page 980,PAGE,cellular automaton code 175850,9,CROSS_RANGE,PENDING,[],[],"[""Blind sequential review recorded the literal target; coordinator routing is required.""]","[""175850"",""automaton"",""cellular"",""code""]",
R000231,U006121,,2,SOURCE_UNIT,U006121,3,page 177,PAGE,main-text cellular automaton code 175850 construction,9,WITHIN_STAGE,RESOLVED,"[""U000986"",""U000987"",""U000988"",""U000989""]","[""A000852"",""A000853""]","[""Blind sequential review recorded the literal target; coordinator routing is required."",""Resolved printed page 177 to U000986-U000989/A000852-A000853. The caption supplies the row-of-seven seed and code-175850 eight-neighbor rule: black for exactly three or five black neighbors and otherwise retain the center.""]","[""175850"",""automaton"",""cellular"",""code"",""construction"",""main"",""text""]",
R000232,U006121,,2,SOURCE_UNIT,U006121,4,page 178,PAGE,main-text cellular automaton code 746 construction,9,WITHIN_STAGE,RESOLVED,"[""U000990"",""U000991""]","[""A000854""]","[""Blind sequential review recorded the literal target; coordinator routing is required."",""Resolved printed page 178 to U000990-U000991/A000854, which give code 746, its exact eight-neighbor black/retain/white cases, the row-of-seven seed, and the approximate-circle growth result.""]","[""746"",""automaton"",""cellular"",""code"",""construction"",""main"",""text""]",
R000233,U006121,,2,SOURCE_UNIT,U006121,5,page 181,PAGE,main-text cellular automaton code 174826 construction,9,WITHIN_STAGE,RESOLVED,"[""U000982"",""U000984"",""U000992"",""U000993"",""U000998"",""U000999"",""U001000"",""U001001"",""U001002""]","[""A000855"",""A000857"",""A000858"",""A000859"",""A000860""]","[""Blind sequential review recorded the literal target; coordinator routing is required."",""Resolved printed page 181's long evolution at U000984/U000998-U001002/A000857-A000860 together with the explicit code-174826 exactly-three-of-eight retaining rule at U000982/U000992-U000993/A000855. This avoids treating the page-181 stage views as a complete rule specification.""]","[""174826"",""automaton"",""cellular"",""code"",""construction"",""main"",""text""]",
R000234,U006123,,2,SOURCE_UNIT,U006123,1,page 183,PAGE,underlying rules for 3D projection panels (a) and (b),9,WITHIN_STAGE,RESOLVED,"[""U001006"",""U001007"",""U001008""]","[""A000863"",""A000864""]","[""Blind sequential review recorded the literal target; coordinator routing is required."",""Resolved printed page 183 to U001006-U001008/A000863-A000864. Panels (a) and (b) use all 26 face-or-corner neighbors and become black for exactly one and exactly two black neighbors respectively, from the stated single-cell and three-cell-line seeds. The Notes projection is only a view.""]","[""(a)"",""(b)"",""3d"",""and"",""for"",""panels"",""projection"",""rules"",""underlying""]",
R000235,U006139,,2,SOURCE_UNIT,U006139,1,page 185,PAGE,rules for 2D Turing-machine head paths (a) through (e),9,WITHIN_STAGE,RESOLVED,"[""U001016"",""U001017"",""U001018"",""U001019"",""U001020"",""U001021"",""U001022"",""U001023"",""U001024"",""U001025"",""U001026""]","[""A000866"",""A000867"",""A000868"",""A000869"",""A000870"",""A000871""]","[""Blind sequential review recorded the literal target; coordinator routing is required."",""Resolved printed page 185 to U001016-U001026/A000866-A000871. Original-resolution panels provide the five four-state rule tables (a)-(e), their all-white tape seed, head-state/direction actions, and displayed step counts. The 500-step Notes paths remain derived observers.""]","[""(a)"",""(e)"",""2d"",""for"",""head"",""machine"",""paths"",""rules"",""through"",""turing""]",
R000236,U006168,,2,SOURCE_UNIT,U006168,1,page 583,PAGE,non-white-background substitution systems and their nested structure,9,CROSS_RANGE,PENDING,[],[],"[""Blind sequential review recorded the literal target; coordinator routing is required.""]","[""and"",""background"",""nested"",""non"",""structure"",""substitution"",""systems"",""their"",""white""]",
R000237,U006192,,2,SOURCE_UNIT,U006192,1,pages 407 and 1006,PAGE,parameter-space sets for geometric substitution systems,9,CROSS_RANGE,PENDING,[],[],"[""Blind sequential review recorded the literal target; coordinator routing is required.""]","[""for"",""geometric"",""parameter"",""sets"",""space"",""substitution"",""systems""]",
R000238,U006208,,2,SOURCE_UNIT,U006208,1,page 1127,PAGE,sigma-function scan of an infinite grid quadrant,9,CROSS_RANGE,PENDING,[],[],"[""Blind sequential review recorded the literal target; coordinator routing is required.""]","[""an"",""function"",""grid"",""infinite"",""of"",""quadrant"",""scan"",""sigma""]",
R000239,U006226,,2,SOURCE_UNIT,U006226,1,Chapter 9,SECTION,undirected-network update rules,9,CROSS_RANGE,PENDING,[],[],"[""Blind sequential review recorded the literal target; coordinator routing is required.""]","[""network"",""rules"",""undirected"",""update""]",
R000240,U006273,,2,SOURCE_UNIT,U006273,1,page 508,PAGE,network substitution systems,9,CROSS_RANGE,PENDING,[],[],"[""Blind sequential review recorded the literal target; coordinator routing is required.""]","[""network"",""substitution"",""systems""]",
R000241,U006273,,2,SOURCE_UNIT,U006273,2,page 1141,PAGE,multiway tag systems,9,CROSS_RANGE,PENDING,[],[],"[""Blind sequential review recorded the literal target; coordinator routing is required.""]","[""multiway"",""systems"",""tag""]",
R000242,U006276,,2,SOURCE_UNIT,U006276,1,page 504,PAGE,multiway systems in fundamental physics,9,CROSS_RANGE,PENDING,[],[],"[""Blind sequential review recorded the literal target; coordinator routing is required.""]","[""fundamental"",""in"",""multiway"",""physics"",""systems""]",
R000243,U006310,,2,SOURCE_UNIT,U006310,1,page 932,PAGE,exact Penrose tile subdivision,9,CROSS_RANGE,PENDING,[],[],"[""Blind sequential review recorded the literal target; coordinator routing is required.""]","[""exact"",""penrose"",""subdivision"",""tile""]",
R000244,U006318,,2,SOURCE_UNIT,U006318,1,page 981,PAGE,exact Ising-model energy law,9,CROSS_RANGE,PENDING,[],[],"[""Blind sequential review recorded the literal target; coordinator routing is required.""]","[""energy"",""exact"",""ising"",""law"",""model""]",
R000245,U006318,,2,SOURCE_UNIT,U006318,2,page 757,PAGE,correspondence systems,9,CROSS_RANGE,PENDING,[],[],"[""Blind sequential review recorded the literal target; coordinator routing is required.""]","[""correspondence"",""systems""]",
R000246,U006336,,2,SOURCE_UNIT,U006336,1,page 1073,PAGE,Hadamard matrix property,9,CROSS_RANGE,PENDING,[],[],"[""Blind sequential review recorded the literal target; coordinator routing is required.""]","[""hadamard"",""matrix"",""property""]",
R000247,U006336,,2,SOURCE_UNIT,U006336,2,page 887,PAGE,finite group/semigroup multiplication-table constraints,9,CROSS_RANGE,PENDING,[],[],"[""Blind sequential review recorded the literal target; coordinator routing is required.""]","[""constraints"",""finite"",""group"",""multiplication"",""semigroup"",""table""]",
R000248,U006338,,2,SOURCE_UNIT,U006338,1,page 1129,PAGE,formula constraints and expression complexity,9,CROSS_RANGE,PENDING,[],[],"[""Blind sequential review recorded the literal target; coordinator routing is required.""]","[""and"",""complexity"",""constraints"",""expression"",""formula""]",
R000249,U000971,,2,SEARCH_HIT,H011606,1,the two-dimensional patterns from the bottom of the previous page,PAGE,code-942 two-dimensional cellular-automaton patterns used as stacked-history slices,9,WITHIN_STAGE,RESOLVED,"[""U000966"",""U000967"",""U000968""]","[""A000847""]","[""Resolved literal target 'the two-dimensional patterns from the bottom of the previous page' as 'code-942 two-dimensional cellular-automaton patterns used as stacked-history slices' within the assigned Chapter 5 main/Notes sources; closure is bounded to target units U000966, U000967, U000968 and target assets A000847.""]","[""code 942"",""stacked history"",""two-dimensional cellular automaton""]",
R000250,U000972,,2,SEARCH_HIT,H011607,1,The facing page and the one that follows,PAGE,two-dimensional cellular-automaton rule-pattern survey,9,WITHIN_STAGE,RESOLVED,"[""U000973"",""U000974"",""U000975"",""U000976""]","[""A000849"",""A000850""]","[""Resolved literal target 'The facing page and the one that follows' as 'two-dimensional cellular-automaton rule-pattern survey' within the assigned Chapter 5 main/Notes sources; closure is bounded to target units U000973, U000974, U000975, U000976 and target assets A000849, A000850.""]","[""rule patterns"",""two-dimensional cellular automata""]",
R000251,U000972,,2,SEARCH_HIT,H011607,2,the previous page,PAGE,one-dimensional center-slice views of the surveyed two-dimensional cellular automata,9,WITHIN_STAGE,RESOLVED,"[""U000977"",""U000978""]","[""A000851""]","[""Resolved literal target 'the previous page' as 'one-dimensional center-slice views of the surveyed two-dimensional cellular automata' within the assigned Chapter 5 main/Notes sources; closure is bounded to target units U000977, U000978 and target assets A000851.""]","[""center slices"",""two-dimensional cellular automata""]",
R000252,U000976,,2,SEARCH_HIT,H011609,1,the previous page,PAGE,the same two-dimensional cellular-automaton presets shown after fewer steps,9,WITHIN_STAGE,RESOLVED,"[""U000973"",""U000974""]","[""A000849""]","[""Resolved literal target 'the previous page' as 'the same two-dimensional cellular-automaton presets shown after fewer steps' within the assigned Chapter 5 main/Notes sources; closure is bounded to target units U000973, U000974 and target assets A000849.""]","[""continued evolution"",""rule patterns"",""two-dimensional cellular automata""]",
R000253,U000978,,2,SEARCH_HIT,H011610,1,the previous two pages,PAGE,two-dimensional cellular-automaton patterns used by the center-slice observer,9,WITHIN_STAGE,RESOLVED,"[""U000973"",""U000974"",""U000975"",""U000976""]","[""A000849"",""A000850""]","[""Resolved literal target 'the previous two pages' as 'two-dimensional cellular-automaton patterns used by the center-slice observer' within the assigned Chapter 5 main/Notes sources; closure is bounded to target units U000973, U000974, U000975, U000976 and target assets A000849, A000850.""]","[""center slices"",""rule patterns"",""two-dimensional cellular automata""]",
R000254,U000980,,2,SEARCH_HIT,H011611,1,the picture on the facing page,PAGE,rough-surface eight-neighbor cellular automaton code 175850,9,WITHIN_STAGE,RESOLVED,"[""U000986"",""U000987"",""U000988"",""U000989""]","[""A000852"",""A000853""]","[""Resolved literal target 'the picture on the facing page' as 'rough-surface eight-neighbor cellular automaton code 175850' within the assigned Chapter 5 main/Notes sources; closure is bounded to target units U000986, U000987, U000988, U000989 and target assets A000852, A000853.""]","[""code 175850"",""rough surface"",""two-dimensional cellular automaton""]",
R000255,U000991,,2,SEARCH_HIT,H011616,1,the previous page,PAGE,related eight-neighbor retaining growth-rule family,9,WITHIN_STAGE,RESOLVED,"[""U000986"",""U000987"",""U000988"",""U000989""]","[""A000852"",""A000853""]","[""Resolved literal target 'the previous page' as 'related eight-neighbor retaining growth-rule family' within the assigned Chapter 5 main/Notes sources; closure is bounded to target units U000986, U000987, U000988, U000989 and target assets A000852, A000853.""]","[""eight-neighbor rule"",""retaining rule"",""two-dimensional cellular automaton""]",
R000256,U000991,,2,SEARCH_HIT,H011616,2,the picture on the previous page,PAGE,row-of-seven black-cell initial condition,9,WITHIN_STAGE,RESOLVED,"[""U000986"",""U000987"",""U000988"",""U000989""]","[""A000852"",""A000853""]","[""Resolved literal target 'the picture on the previous page' as 'row-of-seven black-cell initial condition' within the assigned Chapter 5 main/Notes sources; closure is bounded to target units U000986, U000987, U000988, U000989 and target assets A000852, A000853.""]","[""initial condition"",""row of seven black cells""]",
R000257,U000997,,2,SEARCH_HIT,H011618,1,the cellular automaton from the previous page,PAGE,eight-neighbor retaining cellular automaton whose successive patterns are stacked,9,WITHIN_STAGE,RESOLVED,"[""U000992"",""U000993""]","[""A000855""]","[""Resolved literal target 'the cellular automaton from the previous page' as 'eight-neighbor retaining cellular automaton whose successive patterns are stacked' within the assigned Chapter 5 main/Notes sources; closure is bounded to target units U000992, U000993 and target assets A000855.""]","[""cellular automaton"",""stacked history"",""previous page""]",
R000258,U001002,,2,SEARCH_HIT,H011619,1,the cellular automaton from the facing page,PAGE,continued evolution of the eight-neighbor retaining cellular automaton,9,WITHIN_STAGE,RESOLVED,"[""U000992"",""U000993""]","[""A000855""]","[""Resolved literal target 'the cellular automaton from the facing page' as 'continued evolution of the eight-neighbor retaining cellular automaton' within the assigned Chapter 5 main/Notes sources; closure is bounded to target units U000992, U000993 and target assets A000855.""]","[""cellular automaton"",""continued evolution"",""row of eleven black cells""]",
R000259,U001016,,2,SEARCH_HIT,H011621,1,The facing page,PAGE,five illustrated four-state two-dimensional Turing-machine presets,9,WITHIN_STAGE,RESOLVED,"[""U001017"",""U001018"",""U001019"",""U001020"",""U001021"",""U001022"",""U001023"",""U001024"",""U001025"",""U001026""]","[""A000866"",""A000867"",""A000868"",""A000869"",""A000870"",""A000871""]","[""Resolved literal target 'The facing page' as 'five illustrated four-state two-dimensional Turing-machine presets' within the assigned Chapter 5 main/Notes sources; closure is bounded to target units U001017, U001018, U001019, U001020, U001021, U001022, U001023, U001024, U001025, U001026 and target assets A000866, A000867, A000868, A000869, A000870, A000871.""]","[""four-state rules"",""two-dimensional Turing machines""]",
R000260,U001031,,2,SEARCH_HIT,H011622,1,rule (e) from the previous page,PAGE,four-state two-dimensional Turing-machine rule (e),9,WITHIN_STAGE,RESOLVED,"[""U001017"",""U001018"",""U001019"",""U001020"",""U001021"",""U001022"",""U001023"",""U001024"",""U001025"",""U001026""]","[""A000866"",""A000867"",""A000868"",""A000869"",""A000870"",""A000871""]","[""Resolved literal target 'rule (e) from the previous page' as 'four-state two-dimensional Turing-machine rule (e)' within the assigned Chapter 5 main/Notes sources; closure is bounded to target units U001017, U001018, U001019, U001020, U001021, U001022, U001023, U001024, U001025, U001026 and target assets A000866, A000867, A000868, A000869, A000870, A000871.""]","[""head path"",""rule (e)"",""two-dimensional Turing machine""]",
R000261,U001038,,2,SEARCH_HIT,H011624,1,The next page,PAGE,nine page-188 two-dimensional substitution presets,9,WITHIN_STAGE,RESOLVED,"[""U001040"",""U001041""]","[""A000876""]","[""Resolved literal target 'The next page' as 'nine page-188 two-dimensional substitution presets' within the assigned Chapter 5 main/Notes sources; closure is bounded to target units U001040, U001041 and target assets A000876.""]","[""page 188"",""substitution presets"",""two-dimensional substitution systems""]",
R000262,U001046,,2,SEARCH_HIT,H011625,1,the picture on the next page,PAGE,overlap-producing geometrical replacement preset,9,WITHIN_STAGE,RESOLVED,"[""U001047"",""U001048"",""U001049""]","[""A000879"",""A000880""]","[""Resolved literal target 'the picture on the next page' as 'overlap-producing geometrical replacement preset' within the assigned Chapter 5 main/Notes sources; closure is bounded to target units U001047, U001048, U001049 and target assets A000879, A000880.""]","[""geometrical replacement"",""overlapping squares""]",
R000263,U001050,,2,SEARCH_HIT,H011626,1,the pictures on the facing page,PAGE,four geometrical fractal-replacement presets,9,WITHIN_STAGE,RESOLVED,"[""U001054"",""U001055""]","[""A000881""]","[""Resolved literal target 'the pictures on the facing page' as 'four geometrical fractal-replacement presets' within the assigned Chapter 5 main/Notes sources; closure is bounded to target units U001054, U001055 and target assets A000881.""]","[""fractal patterns"",""geometrical replacement""]",
R000264,U001053,,2,SEARCH_HIT,H011628,1,geometrical replacement rules of the kind shown on the facing page,PAGE,neighbor-independent geometrical fractal-replacement family,9,WITHIN_STAGE,RESOLVED,"[""U001054"",""U001055""]","[""A000881""]","[""Resolved literal target 'geometrical replacement rules of the kind shown on the facing page' as 'neighbor-independent geometrical fractal-replacement family' within the assigned Chapter 5 main/Notes sources; closure is bounded to target units U001054, U001055 and target assets A000881.""]","[""fractal geometry"",""geometrical replacement"",""neighbor independent""]",
R000265,U001056,,2,SEARCH_HIT,H011629,1,the picture at the top of the next page,PAGE,two-dimensional neighbor-dependent substitution mechanism,9,WITHIN_STAGE,RESOLVED,"[""U001058"",""U001059""]","[""A000882""]","[""Resolved literal target 'the picture at the top of the next page' as 'two-dimensional neighbor-dependent substitution mechanism' within the assigned Chapter 5 main/Notes sources; closure is bounded to target units U001058, U001059 and target assets A000882.""]","[""neighbor-dependent substitution"",""two-dimensional substitution""]",
R000266,U001056,,2,SEARCH_HIT,H011629,2,the pictures on the next page,PAGE,eight neighbor-dependent substitution behavior presets,9,WITHIN_STAGE,RESOLVED,"[""U001058"",""U001059"",""U001060""]","[""A000882""]","[""Resolved literal target 'the pictures on the next page' as 'eight neighbor-dependent substitution behavior presets' within the assigned Chapter 5 main/Notes sources; closure is bounded to target units U001058, U001059, U001060 and target assets A000882.""]","[""neighbor-dependent substitution"",""two-dimensional substitution""]",
R000267,U001075,,2,SEARCH_HIT,H011632,1,the pictures on the facing page,PAGE,binary-outdegree networks with recognizable array geometries,9,WITHIN_STAGE,RESOLVED,"[""U001077"",""U001078"",""U001079"",""U001080"",""U001081"",""U001082""]","[""A000884""]","[""Resolved literal target 'the pictures on the facing page' as 'binary-outdegree networks with recognizable array geometries' within the assigned Chapter 5 main/Notes sources; closure is bounded to target units U001077, U001078, U001079, U001080, U001081, U001082 and target assets A000884.""]","[""array geometry"",""binary-outdegree networks""]",
R000268,U001076,,2,SEARCH_HIT,H011633,1,the networks illustrated at the top of the facing page,PAGE,"one-, two-, and three-dimensional array-network presets",9,WITHIN_STAGE,RESOLVED,"[""U001077"",""U001078"",""U001079"",""U001080"",""U001081"",""U001082""]","[""A000884""]","[""Resolved literal target 'the networks illustrated at the top of the facing page' as 'one-, two-, and three-dimensional array-network presets' within the assigned Chapter 5 main/Notes sources; closure is bounded to target units U001077, U001078, U001079, U001080, U001081, U001082 and target assets A000884.""]","[""array networks"",""effective dimension""]",
R000269,U001091,,2,SEARCH_HIT,H011634,1,the pictures at the top of the next page,PAGE,uniform linear binary-outdegree-network layout representation,9,WITHIN_STAGE,RESOLVED,"[""U001092"",""U001093"",""U001094""]","[""A000887""]","[""Resolved literal target 'the pictures at the top of the next page' as 'uniform linear binary-outdegree-network layout representation' within the assigned Chapter 5 main/Notes sources; closure is bounded to target units U001092, U001093, U001094 and target assets A000887.""]","[""linear layout"",""network representation""]",
R000270,U001095,,2,SEARCH_HIT,H011635,1,the pictures on the facing page,PAGE,four binary-outdegree network-rerouting presets,9,WITHIN_STAGE,RESOLVED,"[""U001098"",""U001099""]","[""A000888""]","[""Resolved literal target 'the pictures on the facing page' as 'four binary-outdegree network-rerouting presets' within the assigned Chapter 5 main/Notes sources; closure is bounded to target units U001098, U001099 and target assets A000888.""]","[""network rerouting"",""rule presets""]",
R000271,U001101,,2,SEARCH_HIT,H011636,1,the pictures on the next page,PAGE,two node-inserting network-rule presets,9,WITHIN_STAGE,RESOLVED,"[""U001102"",""U001103"",""U001104""]","[""A000889"",""A000890""]","[""Resolved literal target 'the pictures on the next page' as 'two node-inserting network-rule presets' within the assigned Chapter 5 main/Notes sources; closure is bounded to target units U001102, U001103, U001104 and target assets A000889, A000890.""]","[""network evolution"",""node insertion""]",
R000272,U001108,,2,SEARCH_HIT,H011637,1,the pictures on the facing page,PAGE,one-hop same-target/different-target conditional network rules,9,WITHIN_STAGE,RESOLVED,"[""U001109"",""U001110""]","[""A000891""]","[""Resolved literal target 'the pictures on the facing page' as 'one-hop same-target/different-target conditional network rules' within the assigned Chapter 5 main/Notes sources; closure is bounded to target units U001109, U001110 and target assets A000891.""]","[""conditional network rules"",""one-hop neighborhood""]",
R000273,U001111,,2,SEARCH_HIT,H011638,1,the pictures on the next two pages,PAGE,distance-two distinct-node-count network-rule family and presets,9,WITHIN_STAGE,RESOLVED,"[""U001114"",""U001115"",""U001116"",""U001117"",""U001118"",""U001119"",""U001120"",""U001121""]","[""A000892"",""A000893""]","[""Resolved literal target 'the pictures on the next two pages' as 'distance-two distinct-node-count network-rule family and presets' within the assigned Chapter 5 main/Notes sources; closure is bounded to target units U001114, U001115, U001116, U001117, U001118, U001119, U001120, U001121 and target assets A000892, A000893.""]","[""distance two"",""network rules"",""node count""]",
R000274,U001144,,2,SEARCH_HIT,H011641,1,the facing page,PAGE,period-1071 slow-growth multiway preset,9,WITHIN_STAGE,RESOLVED,"[""U001140"",""U001141"",""U001142"",""U001143""]","[""A000901"",""A000902""]","[""Resolved literal target 'the facing page' as 'period-1071 slow-growth multiway preset' within the assigned Chapter 5 main/Notes sources; closure is bounded to target units U001140, U001141, U001142, U001143 and target assets A000901, A000902.""]","[""multiway system"",""period 1071"",""slow growth""]",
R000275,U001148,,2,SEARCH_HIT,H011643,1,the next page,PAGE,multiway state-collection survey presets,9,WITHIN_STAGE,RESOLVED,"[""U001149"",""U001150""]","[""A000904""]","[""Resolved literal target 'the next page' as 'multiway state-collection survey presets' within the assigned Chapter 5 main/Notes sources; closure is bounded to target units U001149, U001150 and target assets A000904.""]","[""multiway survey"",""state collections""]",
R000276,U001151,,2,SEARCH_HIT,H011645,1,previous pages,PAGE,repeated-state evidence underlying the multiway quotient representation,9,WITHIN_STAGE,RESOLVED,"[""U001126"",""U001127"",""U001128"",""U001129"",""U001130"",""U001131"",""U001132"",""U001133"",""U001134"",""U001135"",""U001136"",""U001137"",""U001138"",""U001139"",""U001140"",""U001141"",""U001142"",""U001143"",""U001144"",""U001145"",""U001146"",""U001147"",""U001148"",""U001149"",""U001150""]","[""A000894"",""A000895"",""A000896"",""A000897"",""A000898"",""A000899"",""A000900"",""A000901"",""A000902"",""A000903"",""A000904""]","[""Resolved literal target 'previous pages' as 'repeated-state evidence underlying the multiway quotient representation' within the assigned Chapter 5 main/Notes sources; closure is bounded to target units U001126, U001127, U001128, U001129, U001130, U001131, U001132, U001133, U001134, U001135, U001136, U001137, U001138, U001139, U001140, U001141, U001142, U001143, U001144, U001145, U001146, U001147, U001148, U001149, U001150 and target assets A000894, A000895, A000896, A000897, A000898, A000899, A000900, A000901, A000902, A000903, A000904.""]","[""multiway evolution"",""repeated states"",""state merging""]",
R000277,U001152,,2,SEARCH_HIT,H011646,1,the picture at the top of the facing page,PAGE,explicit-once multiway evolution representation,9,WITHIN_STAGE,RESOLVED,"[""U001153"",""U001154"",""U001155""]","[""A000905"",""A000906""]","[""Resolved literal target 'the picture at the top of the facing page' as 'explicit-once multiway evolution representation' within the assigned Chapter 5 main/Notes sources; closure is bounded to target units U001153, U001154, U001155 and target assets A000905, A000906.""]","[""multiway evolution"",""sequence-transition network""]",
R000278,U001166,,2,SEARCH_HIT,H011647,1,the picture at the top of the facing page,PAGE,one-dimensional at-least-one-unlike-neighbor constraint witnesses,9,WITHIN_STAGE,RESOLVED,"[""U001167"",""U001168"",""U001169""]","[""A000909""]","[""Resolved literal target 'the picture at the top of the facing page' as 'one-dimensional at-least-one-unlike-neighbor constraint witnesses' within the assigned Chapter 5 main/Notes sources; closure is bounded to target units U001167, U001168, U001169 and target assets A000909.""]","[""one-dimensional constraint"",""unlike neighbor""]",
R000279,U001178,,2,SEARCH_HIT,H011648,1,the pictures on the facing page,PAGE,two-dimensional fixed black/white-neighbor-count constraint census,9,WITHIN_STAGE,RESOLVED,"[""U001179"",""U001180"",""U001181""]","[""A000911""]","[""Resolved literal target 'the pictures on the facing page' as 'two-dimensional fixed black/white-neighbor-count constraint census' within the assigned Chapter 5 main/Notes sources; closure is bounded to target units U001179, U001180, U001181 and target assets A000911.""]","[""neighbor-count constraints"",""satisfying patterns""]",
R000280,U001184,,2,SEARCH_HIT,H011649,1,the next two pages,PAGE,numbered 171-pattern witness collection for local-template constraints,9,WITHIN_STAGE,RESOLVED,"[""U001186"",""U001187"",""U001188""]","[""A000913"",""A000914""]","[""Resolved literal target 'the next two pages' as 'numbered 171-pattern witness collection for local-template constraints' within the assigned Chapter 5 main/Notes sources; closure is bounded to target units U001186, U001187, U001188 and target assets A000913, A000914.""]","[""constraint numbering"",""local templates"",""repetitive patterns""]",
R000281,U001185,,2,SEARCH_HIT,H011650,1,the set of 171 repetitive patterns on the next two pages,PAGE,complete 171-pattern witness basis for local-template constraints,9,WITHIN_STAGE,RESOLVED,"[""U001186"",""U001187"",""U001188""]","[""A000913"",""A000914""]","[""Resolved literal target 'the set of 171 repetitive patterns on the next two pages' as 'complete 171-pattern witness basis for local-template constraints' within the assigned Chapter 5 main/Notes sources; closure is bounded to target units U001186, U001187, U001188 and target assets A000913, A000914.""]","[""171 repetitive patterns"",""local-template constraints"",""witness basis""]",
R000282,U001188,,2,SEARCH_HIT,H011651,1,constraints of the type shown on the previous page,PAGE,two-dimensional overlapping local-template constraint family,9,WITHIN_STAGE,RESOLVED,"[""U001182"",""U001183"",""U001184"",""U001185""]","[""A000912""]","[""Resolved literal target 'constraints of the type shown on the previous page' as 'two-dimensional overlapping local-template constraint family' within the assigned Chapter 5 main/Notes sources; closure is bounded to target units U001182, U001183, U001184, U001185 and target assets A000912.""]","[""171-pattern basis"",""local templates"",""previous-page constraints""]",
R000283,U001199,,2,SEARCH_HIT,H011652,1,the pictures on the next page,PAGE,iterative region-growth backtracking solver traces,9,WITHIN_STAGE,RESOLVED,"[""U001204"",""U001205""]","[""A000916""]","[""Resolved literal target 'the pictures on the next page' as 'iterative region-growth backtracking solver traces' within the assigned Chapter 5 main/Notes sources; closure is bounded to target units U001204, U001205 and target assets A000916.""]","[""backtracking"",""constraint solver"",""region growth""]",
R000284,U001201,,2,SEARCH_HIT,H011653,1,the third picture on the next page,PAGE,finite-region witness for globally unsatisfiable constraint 387520105,9,WITHIN_STAGE,RESOLVED,"[""U001204"",""U001205""]","[""A000916""]","[""Resolved literal target 'the third picture on the next page' as 'finite-region witness for globally unsatisfiable constraint 387520105' within the assigned Chapter 5 main/Notes sources; closure is bounded to target units U001204, U001205 and target assets A000916.""]","[""constraint 387520105"",""finite-region witness"",""unsatisfiable constraint""]",
R000285,U001206,,2,SEARCH_HIT,H011654,1,the system shown on the facing page,PAGE,first forced-nonrepetitive overlapping-template constraint,9,WITHIN_STAGE,RESOLVED,"[""U001208"",""U001209"",""U001210""]","[""A000917"",""A000918""]","[""Resolved literal target 'the system shown on the facing page' as 'first forced-nonrepetitive overlapping-template constraint' within the assigned Chapter 5 main/Notes sources; closure is bounded to target units U001208, U001209, U001210 and target assets A000917, A000918.""]","[""constraint 18762389"",""forced nonrepetition"",""nested pattern""]",
R000286,U001212,,2,SEARCH_HIT,H011655,1,the kind of nested behavior seen on the previous page,PAGE,nested witness produced by required-template constraint 18762389,9,WITHIN_STAGE,RESOLVED,"[""U001208"",""U001209"",""U001210""]","[""A000917"",""A000918""]","[""Resolved literal target 'the kind of nested behavior seen on the previous page' as 'nested witness produced by required-template constraint 18762389' within the assigned Chapter 5 main/Notes sources; closure is bounded to target units U001208, U001209, U001210 and target assets A000917, A000918.""]","[""nested witness"",""required-template constraint"",""previous page""]",
R000287,U001217,,2,SEARCH_HIT,H011656,1,the example shown at the top of the facing page,PAGE,56-template rule-30-correspondence constraint and forced pattern,9,WITHIN_STAGE,RESOLVED,"[""U001218"",""U001219"",""U001220""]","[""A000921"",""A000922""]","[""Resolved literal target 'the example shown at the top of the facing page' as '56-template rule-30-correspondence constraint and forced pattern' within the assigned Chapter 5 main/Notes sources; closure is bounded to target units U001218, U001219, U001220 and target assets A000921, A000922.""]","[""56 templates"",""forced complex pattern"",""rule 30 correspondence""]",
R000288,U006078,,2,SEARCH_HIT,H011657,1,Page 170 · 1D phenomena,PAGE,dimension-specific phenomenon boundary for the main-text cellular-automaton setting,9,WITHIN_STAGE,RESOLVED,"[""U000960"",""U000961"",""U000962""]","[""A000845""]","[""Resolved literal target 'Page 170 · 1D phenomena' as 'dimension-specific phenomenon boundary for the main-text cellular-automaton setting' within the assigned Chapter 5 main/Notes sources; closure is bounded to target units U000960, U000961, U000962 and target assets A000845.""]","[""dimensional boundary"",""one-dimensional phenomena"",""page 170""]",
R000289,U006078,,2,SEARCH_HIT,H011657,2,see page 981,PAGE,reversible-rule phase-transition comparison for dimensional phenomena,9,CROSS_RANGE,PENDING,[],[],"[""Queued literal target 'see page 981' for topic 'reversible-rule phase-transition comparison for dimensional phenomena' outside the assigned Chapter 5 source range; no target mechanics were inferred and no target units or assets are claimed.""]","[""phase transition"",""reversible evolution"",""one dimension""]",
R000290,U006082,,2,SEARCH_HIT,H011658,1,the 5-neighbor rules introduced on page 170,PAGE,main-text five-site square-neighborhood cellular-automaton family,9,WITHIN_STAGE,RESOLVED,"[""U000960"",""U000961"",""U000962""]","[""A000845""]","[""Resolved literal target 'the 5-neighbor rules introduced on page 170' as 'main-text five-site square-neighborhood cellular-automaton family' within the assigned Chapter 5 main/Notes sources; closure is bounded to target units U000960, U000961, U000962 and target assets A000845.""]","[""5-neighbor rules"",""cellular automaton"",""page 170""]",
R000291,U006085,,2,SEARCH_HIT,H011659,1,the 9-neighbor rules introduced on page 177,PAGE,main-text nine-site square-neighborhood cellular-automaton family,9,WITHIN_STAGE,RESOLVED,"[""U000986"",""U000987"",""U000988"",""U000989""]","[""A000852"",""A000853""]","[""Resolved literal target 'the 9-neighbor rules introduced on page 177' as 'main-text nine-site square-neighborhood cellular-automaton family' within the assigned Chapter 5 main/Notes sources; closure is bounded to target units U000986, U000987, U000988, U000989 and target assets A000852, A000853.""]","[""9-neighbor rules"",""cellular automaton"",""page 177""]",
R000292,U006098,,2,SEARCH_HIT,H011660,1,page 53 for elementary rules,PAGE,elementary cellular-automaton neighborhood-configuration ordering,9,CROSS_RANGE,PENDING,[],[],"[""Queued literal target 'page 53 for elementary rules' for topic 'elementary cellular-automaton neighborhood-configuration ordering' outside the assigned Chapter 5 source range; no target mechanics were inferred and no target units or assets are claimed.""]","[""elementary rules"",""neighborhood configurations"",""rule numbering""]",
R000293,U006098,,2,SEARCH_HIT,H011660,2,page 941 for 5-neighbor rules,PAGE,five-cell neighborhood-configuration ordering,9,WITHIN_STAGE,RESOLVED,"[""U006286"",""U006287""]","[""A000572""]","[""Resolved literal target 'page 941 for 5-neighbor rules' as 'five-cell neighborhood-configuration ordering' within the assigned Chapter 5 main/Notes sources; closure is bounded to target units U006286, U006287 and target assets A000572.""]","[""5-neighbor rules"",""neighborhood configurations"",""rule numbering""]",
R000294,U006106,,2,SEARCH_HIT,H011661,1,page 941,PAGE,the 32 five-cell neighborhoods used by the symmetric-class converter,9,WITHIN_STAGE,RESOLVED,"[""U006286"",""U006287""]","[""A000572""]","[""Resolved literal target 'page 941' as 'the 32 five-cell neighborhoods used by the symmetric-class converter' within the assigned Chapter 5 main/Notes sources; closure is bounded to target units U006286, U006287 and target assets A000572.""]","[""32 neighborhoods"",""5-neighbor rules"",""symmetry classes""]",
R000295,U006110,,2,SEARCH_HIT,H011662,1,the 9-neighbor examples on page 373,PAGE,nine-neighbor growth-rule examples,9,CROSS_RANGE,PENDING,[],[],"[""Queued literal target 'the 9-neighbor examples on page 373' for topic 'nine-neighbor growth-rule examples' outside the assigned Chapter 5 source range; no target mechanics were inferred and no target units or assets are claimed.""]","[""9-neighbor rules"",""growth rules""]",
R000296,U006121,,2,SEARCH_HIT,H011665,1,discussed on page 979,PAGE,fixed-interior and cycling-region behavior of cellular automaton code 746,9,CROSS_RANGE,PENDING,[],[],"[""Queued literal target 'discussed on page 979' for topic 'fixed-interior and cycling-region behavior of cellular automaton code 746' outside the assigned Chapter 5 source range; no target mechanics were inferred and no target units or assets are claimed.""]","[""approximate circle"",""code 746"",""cycling regions""]",
R000297,U006126,,2,SEARCH_HIT,H011667,1,the Voronoi region (see page 987),PAGE,Voronoi-cell derivation of nearest-neighbor lattice adjacency,9,CROSS_RANGE,PENDING,[],[],"[""Queued literal target 'the Voronoi region (see page 987)' for topic 'Voronoi-cell derivation of nearest-neighbor lattice adjacency' outside the assigned Chapter 5 source range; no target mechanics were inferred and no target units or assets are claimed.""]","[""lattice adjacency"",""nearest neighbors"",""Voronoi region""]",
R000298,U006126,,2,SEARCH_HIT,H011667,2,Compare pages 1029 and 986,PAGE,crystallographic terminology and Voronoi-region shape comparison,9,CROSS_RANGE,PENDING,[],[],"[""Queued literal target 'Compare pages 1029 and 986' for topic 'crystallographic terminology and Voronoi-region shape comparison' outside the assigned Chapter 5 source range; no target mechanics were inferred and no target units or assets are claimed.""]","[""crystallography"",""lattice geometry"",""Voronoi region""]",
R000299,U006130,,2,SEARCH_HIT,H011668,1,a nested Penrose tiling (see page 932),PAGE,nested Penrose substitution tiling used as a cellular-automaton carrier,9,WITHIN_STAGE,RESOLVED,"[""U006178"",""U006179"",""U006180"",""U006181"",""U006182"",""U006183""]","[""A000550""]","[""Resolved literal target 'a nested Penrose tiling (see page 932)' as 'nested Penrose substitution tiling used as a cellular-automaton carrier' within the assigned Chapter 5 main/Notes sources; closure is bounded to target units U006178, U006179, U006180, U006181, U006182, U006183 and target assets A000550.""]","[""cellular automaton"",""nested Penrose tiling"",""page 932""]",
R000300,U006130,,2,SEARCH_HIT,H011668,2,See also page 1027,PAGE,cellular automata on nonperiodic or nested tilings,9,CROSS_RANGE,PENDING,[],[],"[""Queued literal target 'See also page 1027' for topic 'cellular automata on nonperiodic or nested tilings' outside the assigned Chapter 5 source range; no target mechanics were inferred and no target units or assets are claimed.""]","[""cellular automaton"",""nested tiling"",""Penrose tiling""]",
R000301,U006132,,2,SEARCH_HIT,H011669,1,See page 936,PAGE,binary-outdegree network mechanics underlying cellular automata on homogeneous networks,9,WITHIN_STAGE,RESOLVED,"[""U006236"",""U006237""]",[],"[""Resolved literal target 'See page 936' as 'binary-outdegree network mechanics underlying cellular automata on homogeneous networks' within the assigned Chapter 5 main/Notes sources; closure is bounded to target units U006236, U006237 and target assets none.""]","[""cellular automata on networks"",""homogeneous networks"",""network mechanics""]",
R000302,U006132,,2,SEARCH_HIT,H011669,2,constraints of the kind discussed on page 483,PAGE,longer-range network homogeneity constraints,9,CROSS_RANGE,PENDING,[],[],"[""Queued literal target 'constraints of the kind discussed on page 483' for topic 'longer-range network homogeneity constraints' outside the assigned Chapter 5 source range; no target mechanics were inferred and no target units or assets are claimed.""]","[""homogeneous networks"",""longer-range rules"",""network constraints""]",
R000303,U006143,,2,SEARCH_HIT,H011671,1,the discussion of paths in substitution systems on page 892,PAGE,turn-relative path semantics in substitution systems,9,CROSS_RANGE,PENDING,[],[],"[""Queued literal target 'the discussion of paths in substitution systems on page 892' for topic 'turn-relative path semantics in substitution systems' outside the assigned Chapter 5 source range; no target mechanics were inferred and no target units or assets are claimed.""]","[""paths"",""substitution systems"",""turning rules""]",
R000304,U006145,,2,SEARCH_HIT,H011672,1,the rule on page 187,PAGE,page-187 two-dimensional block-substitution rule and seed,9,WITHIN_STAGE,RESOLVED,"[""U001034"",""U001035"",""U001036"",""U001037""]","[""A000874"",""A000875""]","[""Resolved literal target 'the rule on page 187' as 'page-187 two-dimensional block-substitution rule and seed' within the assigned Chapter 5 main/Notes sources; closure is bounded to target units U001034, U001035, U001036, U001037 and target assets A000874, A000875.""]","[""block substitution"",""page 187"",""two-dimensional substitution""]",
R000305,U006147,,2,SEARCH_HIT,H011673,1,the 1D case discussed on page 891,PAGE,one-dimensional digit-transducer substitution construction,9,CROSS_RANGE,PENDING,[],[],"[""Queued literal target 'the 1D case discussed on page 891' for topic 'one-dimensional digit-transducer substitution construction' outside the assigned Chapter 5 source range; no target mechanics were inferred and no target units or assets are claimed.""]","[""digit sequences"",""finite automaton"",""substitution systems""]",
R000306,U006149,,2,SEARCH_HIT,H011674,1,the pattern on page 187,PAGE,page-187 Sierpiński block-substitution preset,9,WITHIN_STAGE,RESOLVED,"[""U001034"",""U001035"",""U001036"",""U001037""]","[""A000874"",""A000875""]","[""Resolved literal target 'the pattern on page 187' as 'page-187 Sierpiński block-substitution preset' within the assigned Chapter 5 main/Notes sources; closure is bounded to target units U001034, U001035, U001036, U001037 and target assets A000874, A000875.""]","[""page 187"",""Sierpiński pattern"",""substitution system""]",
R000307,U006149,,2,SEARCH_HIT,H011674,2,patterns (a) through (f) on page 188,PAGE,page-188 two-dimensional substitution presets (a) through (f),9,WITHIN_STAGE,RESOLVED,"[""U001038"",""U001039"",""U001040"",""U001041""]","[""A000876""]","[""Resolved literal target 'patterns (a) through (f) on page 188' as 'page-188 two-dimensional substitution presets (a) through (f)' within the assigned Chapter 5 main/Notes sources; closure is bounded to target units U001038, U001039, U001040, U001041 and target assets A000876.""]","[""page 188"",""substitution presets""]",
R000308,U006149,,2,SEARCH_HIT,H011674,3,See pages 608 and 1091,PAGE,digit-pair exclusion correspondences for the substitution generator,9,CROSS_RANGE,PENDING,[],[],"[""Queued literal target 'See pages 608 and 1091' for topic 'digit-pair exclusion correspondences for the substitution generator' outside the assigned Chapter 5 source range; no target mechanics were inferred and no target units or assets are claimed.""]","[""digit pairs"",""substitution systems""]",
R000309,U006150,,2,SEARCH_HIT,H011675,1,Page 187 · Sierpiński pattern,PAGE,page-187 Sierpiński block-substitution pattern,9,WITHIN_STAGE,RESOLVED,"[""U001034"",""U001035"",""U001036"",""U001037""]","[""A000874"",""A000875""]","[""Resolved literal target 'Page 187 · Sierpiński pattern' as 'page-187 Sierpiński block-substitution pattern' within the assigned Chapter 5 main/Notes sources; closure is bounded to target units U001034, U001035, U001036, U001037 and target assets A000874, A000875.""]","[""page 187"",""Sierpiński pattern""]",
R000310,U006151,,2,SEARCH_HIT,H011676,1,see pages 611 and 870,PAGE,binomial-parity Sierpiński-array correspondences,9,CROSS_RANGE,PENDING,[],[],"[""Queued literal target 'see pages 611 and 870' for topic 'binomial-parity Sierpiński-array correspondences' outside the assigned Chapter 5 source range; no target mechanics were inferred and no target units or assets are claimed.""]","[""binomial parity"",""Sierpiński array""]",
R000311,U006152,,2,SEARCH_HIT,H011677,1,see pages 608 and 871,PAGE,bitwise-AND Sierpiński-array correspondences,9,CROSS_RANGE,PENDING,[],[],"[""Queued literal target 'see pages 608 and 871' for topic 'bitwise-AND Sierpiński-array correspondences' outside the assigned Chapter 5 source range; no target mechanics were inferred and no target units or assets are claimed.""]","[""bitwise AND"",""Sierpiński array""]",
R000312,U006153,,2,SEARCH_HIT,H011678,1,see page 870,PAGE,rotate-add modulo-two Sierpiński evolution correspondence,9,CROSS_RANGE,PENDING,[],[],"[""Queued literal target 'see page 870' for topic 'rotate-add modulo-two Sierpiński evolution correspondence' outside the assigned Chapter 5 source range; no target mechanics were inferred and no target units or assets are claimed.""]","[""modulo 2"",""rotate add"",""Sierpiński evolution""]",
R000313,U006154,,2,SEARCH_HIT,H011679,1,see page 870,PAGE,convolution modulo-two Sierpiński evolution correspondence,9,CROSS_RANGE,PENDING,[],[],"[""Queued literal target 'see page 870' for topic 'convolution modulo-two Sierpiński evolution correspondence' outside the assigned Chapter 5 source range; no target mechanics were inferred and no target units or assets are claimed.""]","[""convolution"",""modulo 2"",""Sierpiński evolution""]",
R000314,U006155,,2,SEARCH_HIT,H011680,1,see page 906,PAGE,bit-XOR Sierpiński recurrence correspondence,9,CROSS_RANGE,PENDING,[],[],"[""Queued literal target 'see page 906' for topic 'bit-XOR Sierpiński recurrence correspondence' outside the assigned Chapter 5 source range; no target mechanics were inferred and no target units or assets are claimed.""]","[""bit XOR"",""recurrence"",""Sierpiński array""]",
R000315,U006156,,2,SEARCH_HIT,H011681,1,see page 1034,PAGE,cumulative-sum modulo-two Sierpiński correspondence,9,CROSS_RANGE,PENDING,[],[],"[""Queued literal target 'see page 1034' for topic 'cumulative-sum modulo-two Sierpiński correspondence' outside the assigned Chapter 5 source range; no target mechanics were inferred and no target units or assets are claimed.""]","[""cumulative sum"",""modulo 2"",""Sierpiński evolution""]",
R000316,U006157,,2,SEARCH_HIT,H011682,1,see pages 870 and 951,PAGE,binomial-coefficient Sierpiński-array correspondences,9,CROSS_RANGE,PENDING,[],[],"[""Queued literal target 'see pages 870 and 951' for topic 'binomial-coefficient Sierpiński-array correspondences' outside the assigned Chapter 5 source range; no target mechanics were inferred and no target units or assets are claimed.""]","[""binomial coefficients"",""Sierpiński array""]",
R000317,U006158,,2,SEARCH_HIT,H011683,1,see page 1091,PAGE,bivariate-series Sierpiński-array correspondence,9,CROSS_RANGE,PENDING,[],[],"[""Queued literal target 'see page 1091' for topic 'bivariate-series Sierpiński-array correspondence' outside the assigned Chapter 5 source range; no target mechanics were inferred and no target units or assets are claimed.""]","[""bivariate series"",""Sierpiński array""]",
R000318,U006159,,2,SEARCH_HIT,H011684,1,compare page 1073,PAGE,alternate formula comparison for the block-join Sierpiński array generator,9,CROSS_RANGE,PENDING,[],[],"[""Queued literal target 'compare page 1073' for topic 'alternate formula comparison for the block-join Sierpiński array generator' outside the assigned Chapter 5 source range; no target mechanics were inferred and no target units or assets are claimed.""]","[""block join"",""formula comparison"",""Sierpiński array""]",
R000319,U006162,,2,SEARCH_HIT,H011685,1,compare page 1005,PAGE,alternate formula comparison for the complex-affine Sierpiński coordinate enumerator,9,CROSS_RANGE,PENDING,[],[],"[""Queued literal target 'compare page 1005' for topic 'alternate formula comparison for the complex-affine Sierpiński coordinate enumerator' outside the assigned Chapter 5 source range; no target mechanics were inferred and no target units or assets are claimed.""]","[""complex affine"",""coordinate enumeration"",""formula comparison""]",
R000320,U006163,,2,SEARCH_HIT,H011686,1,see page 358,PAGE,odd-multiplicity coordinate-enumerator correspondence,9,CROSS_RANGE,PENDING,[],[],"[""Queued literal target 'see page 358' for topic 'odd-multiplicity coordinate-enumerator correspondence' outside the assigned Chapter 5 source range; no target mechanics were inferred and no target units or assets are claimed.""]","[""coordinate enumeration"",""odd multiplicity"",""Sierpiński pattern""]",
R000321,U006164,,2,SEARCH_HIT,H011687,1,see page 870,PAGE,binary-position-fold coordinate-enumerator correspondence,9,CROSS_RANGE,PENDING,[],[],"[""Queued literal target 'see page 870' for topic 'binary-position-fold coordinate-enumerator correspondence' outside the assigned Chapter 5 source range; no target mechanics were inferred and no target units or assets are claimed.""]","[""binary positions"",""coordinate enumeration"",""Sierpiński pattern""]",
R000322,U006165,,2,SEARCH_HIT,H011688,1,see page 509,PAGE,nested-tree-path coordinate-enumerator correspondence,9,CROSS_RANGE,PENDING,[],[],"[""Queued literal target 'see page 509' for topic 'nested-tree-path coordinate-enumerator correspondence' outside the assigned Chapter 5 source range; no target mechanics were inferred and no target units or assets are claimed.""]","[""coordinate enumeration"",""nested tree"",""Sierpiński pattern""]",
R000323,U006172,,2,SEARCH_HIT,H011690,1,the 2D rule on page 187,PAGE,two-dimensional antecedent of the three-dimensional substitution preset,9,WITHIN_STAGE,RESOLVED,"[""U001034"",""U001035"",""U001036"",""U001037""]","[""A000874"",""A000875""]","[""Resolved literal target 'the 2D rule on page 187' as 'two-dimensional antecedent of the three-dimensional substitution preset' within the assigned Chapter 5 main/Notes sources; closure is bounded to target units U001034, U001035, U001036, U001037 and target assets A000874, A000875.""]","[""page 187"",""three-dimensional substitution"",""two-dimensional analog""]",
R000324,U006175,,2,SEARCH_HIT,H011691,1,The systems on pages 187 and 188,PAGE,square-subdivision substitution systems contrasted with other-shape systems,9,WITHIN_STAGE,RESOLVED,"[""U001034"",""U001035"",""U001036"",""U001037"",""U001038"",""U001039"",""U001040"",""U001041""]","[""A000874"",""A000875"",""A000876""]","[""Resolved literal target 'The systems on pages 187 and 188' as 'square-subdivision substitution systems contrasted with other-shape systems' within the assigned Chapter 5 main/Notes sources; closure is bounded to target units U001034, U001035, U001036, U001037, U001038, U001039, U001040, U001041 and target assets A000874, A000875, A000876.""]","[""other shapes"",""square subdivision"",""substitution systems""]",
R000325,U006178,,2,SEARCH_HIT,H011692,1,see page 943,PAGE,Penrose aperiodic-tiling identity and substitution provenance,9,WITHIN_STAGE,RESOLVED,"[""U006310""]",[],"[""Resolved literal target 'see page 943' as 'Penrose aperiodic-tiling identity and substitution provenance' within the assigned Chapter 5 main/Notes sources; closure is bounded to target units U006310 and target assets none.""]","[""Penrose tiling"",""substitution tiling""]",
R000326,U006182,,2,SEARCH_HIT,H011693,1,page 83,PAGE,one-dimensional Fibonacci substitution-system antecedent,9,CROSS_RANGE,PENDING,[],[],"[""Queued literal target 'page 83' for topic 'one-dimensional Fibonacci substitution-system antecedent' outside the assigned Chapter 5 source range; no target mechanics were inferred and no target units or assets are claimed.""]","[""Fibonacci substitution"",""Penrose pattern""]",
R000327,U006182,,2,SEARCH_HIT,H011693,2,page 903,PAGE,GoldenRatio line-cut construction for the Fibonacci sequence,9,CROSS_RANGE,PENDING,[],[],"[""Queued literal target 'page 903' for topic 'GoldenRatio line-cut construction for the Fibonacci sequence' outside the assigned Chapter 5 source range; no target mechanics were inferred and no target units or assets are claimed.""]","[""cut and project"",""Fibonacci sequence"",""GoldenRatio""]",
R000328,U006182,,2,SEARCH_HIT,H011693,3,See also page 943,PAGE,Penrose aperiodic-tiling identity and substitution provenance,9,WITHIN_STAGE,RESOLVED,"[""U006310""]",[],"[""Resolved literal target 'See also page 943' as 'Penrose aperiodic-tiling identity and substitution provenance' within the assigned Chapter 5 main/Notes sources; closure is bounded to target units U006310 and target assets none.""]","[""Penrose tiling"",""substitution tiling""]",
R000329,U006184,,2,SEARCH_HIT,H011694,1,Page 189 · Dragon curve,PAGE,page-189 dragon-curve geometrical substitution preset,9,WITHIN_STAGE,RESOLVED,"[""U001042"",""U001043"",""U001044"",""U001045""]","[""A000877"",""A000878""]","[""Resolved literal target 'Page 189 · Dragon curve' as 'page-189 dragon-curve geometrical substitution preset' within the assigned Chapter 5 main/Notes sources; closure is bounded to target units U001042, U001043, U001044, U001045 and target assets A000877, A000878.""]","[""dragon curve"",""geometrical substitution"",""page 189""]",
R000330,U006184,,2,SEARCH_HIT,H011694,2,page 892,PAGE,paperfolding path construction corresponding to the dragon curve,9,CROSS_RANGE,PENDING,[],[],"[""Queued literal target 'page 892' for topic 'paperfolding path construction corresponding to the dragon curve' outside the assigned Chapter 5 source range; no target mechanics were inferred and no target units or assets are claimed.""]","[""dragon curve"",""paperfolding"",""substitution paths""]",
R000331,U006185,,2,SEARCH_HIT,H011695,1,the rule on page 189,PAGE,page-189 dragon-curve geometrical substitution rule,9,WITHIN_STAGE,RESOLVED,"[""U001042"",""U001043"",""U001044"",""U001045""]","[""A000877"",""A000878""]","[""Resolved literal target 'the rule on page 189' as 'page-189 dragon-curve geometrical substitution rule' within the assigned Chapter 5 main/Notes sources; closure is bounded to target units U001042, U001043, U001044, U001045 and target assets A000877, A000878.""]","[""dragon curve"",""geometrical substitution"",""page 189""]",
R000332,U006185,,2,SEARCH_HIT,H011695,2,the rule on page 190,PAGE,page-190 overlap-producing geometrical substitution rule,9,WITHIN_STAGE,RESOLVED,"[""U001046"",""U001047"",""U001048"",""U001049""]","[""A000879"",""A000880""]","[""Resolved literal target 'the rule on page 190' as 'page-190 overlap-producing geometrical substitution rule' within the assigned Chapter 5 main/Notes sources; closure is bounded to target units U001046, U001047, U001048, U001049 and target assets A000879, A000880.""]","[""geometrical substitution"",""page 190""]",
R000333,U006185,,2,SEARCH_HIT,H011695,3,"rules (a), (b) and (c) (Koch curve) on page 191",PAGE,three page-191 geometrical substitution rules,9,WITHIN_STAGE,RESOLVED,"[""U001050"",""U001051"",""U001052"",""U001053"",""U001054"",""U001055""]","[""A000881""]","[""Resolved literal target 'rules (a), (b) and (c) (Koch curve) on page 191' as 'three page-191 geometrical substitution rules' within the assigned Chapter 5 main/Notes sources; closure is bounded to target units U001050, U001051, U001052, U001053, U001054, U001055 and target assets A000881.""]","[""geometrical substitution"",""Koch curve"",""page 191""]",
R000334,U006187,,2,SEARCH_HIT,H011696,1,the patterns on page 189,PAGE,page-189 geometrical-substitution pattern,9,WITHIN_STAGE,RESOLVED,"[""U001042"",""U001043"",""U001044"",""U001045""]","[""A000877"",""A000878""]","[""Resolved literal target 'the patterns on page 189' as 'page-189 geometrical-substitution pattern' within the assigned Chapter 5 main/Notes sources; closure is bounded to target units U001042, U001043, U001044, U001045 and target assets A000877, A000878.""]","[""base i-1"",""geometrical substitution"",""page 189""]",
R000335,U006189,,2,SEARCH_HIT,H011697,1,Compare page 1094,PAGE,complex-base representability and completeness conditions,9,CROSS_RANGE,PENDING,[],[],"[""Queued literal target 'Compare page 1094' for topic 'complex-base representability and completeness conditions' outside the assigned Chapter 5 source range; no target mechanics were inferred and no target units or assets are claimed.""]","[""complex base"",""representability"",""digit point set""]",
R000336,U006195,,2,SEARCH_HIT,H011699,1,the discussion of page 1138,PAGE,noncomputability limit for dimension observers,9,CROSS_RANGE,PENDING,[],[],"[""Queued literal target 'the discussion of page 1138' for topic 'noncomputability limit for dimension observers' outside the assigned Chapter 5 source range; no target mechanics were inferred and no target units or assets are claimed.""]","[""fractal dimension"",""noncomputability""]",
R000337,U006196,,2,SEARCH_HIT,H011700,1,Compare page 959,PAGE,distribution-moment generalizations of fractal dimension,9,CROSS_RANGE,PENDING,[],[],"[""Queued literal target 'Compare page 959' for topic 'distribution-moment generalizations of fractal dimension' outside the assigned Chapter 5 source range; no target mechanics were inferred and no target units or assets are claimed.""]","[""distribution moments"",""fractal dimension""]",
R000338,U006202,,2,SEARCH_HIT,H011702,1,pages 407 and 1006,PAGE,parameter-space sets analogous to the Mandelbrot set,9,CROSS_RANGE,PENDING,[],[],"[""Queued literal target 'pages 407 and 1006' for topic 'parameter-space sets analogous to the Mandelbrot set' outside the assigned Chapter 5 source range; no target mechanics were inferred and no target units or assets are claimed.""]","[""Mandelbrot set"",""parameter space""]",
R000339,U006205,,2,SEARCH_HIT,H011703,1,Page 192 · Neighbor-dependent substitution systems,PAGE,main-text neighbor-dependent two-dimensional substitution system,9,WITHIN_STAGE,RESOLVED,"[""U001056"",""U001057"",""U001058"",""U001059"",""U001060""]","[""A000882""]","[""Resolved literal target 'Page 192 · Neighbor-dependent substitution systems' as 'main-text neighbor-dependent two-dimensional substitution system' within the assigned Chapter 5 main/Notes sources; closure is bounded to target units U001056, U001057, U001058, U001059, U001060 and target assets A000882.""]","[""neighbor-dependent substitution"",""page 192""]",
R000340,U006208,,2,SEARCH_HIT,H011704,1,Page 192 · Space-filling curves,PAGE,main-text two-dimensional grid-scanning problem and scan order,9,WITHIN_STAGE,RESOLVED,"[""U001061"",""U001062""]",[],"[""Resolved literal target 'Page 192 · Space-filling curves' as 'main-text two-dimensional grid-scanning problem and scan order' within the assigned Chapter 5 main/Notes sources; closure is bounded to target units U001061, U001062 and target assets none.""]","[""grid scan"",""page 192"",""space-filling curves""]",
R000341,U006227,,2,SEARCH_HIT,H011706,1,discussed on page 1121,PAGE,combinator-system comparison for the binary-outdegree network representation,9,CROSS_RANGE,PENDING,[],[],"[""Queued literal target 'discussed on page 1121' for topic 'combinator-system comparison for the binary-outdegree network representation' outside the assigned Chapter 5 source range; no target mechanics were inferred and no target units or assets are claimed.""]","[""binary-outdegree network"",""combinator systems"",""data structures""]",
R000342,U006227,,2,SEARCH_HIT,H011706,2,Page 202 · Properties,PAGE,page-202(c) network node-count sequence and binary-digit recurrence,9,WITHIN_STAGE,RESOLVED,"[""U001114"",""U001115""]","[""A000892""]","[""Resolved literal target 'Page 202 · Properties' as 'page-202(c) network node-count sequence and binary-digit recurrence' within the assigned Chapter 5 main/Notes sources; closure is bounded to target units U001114, U001115 and target assets A000892.""]","[""binary-digit recurrence"",""network node count"",""page 202""]",
R000343,U006234,,2,SEARCH_HIT,H011707,1,page 479,PAGE,network dimension defined by radius-r reachable-volume growth,9,CROSS_RANGE,PENDING,[],[],"[""Queued literal target 'page 479' for topic 'network dimension defined by radius-r reachable-volume growth' outside the assigned Chapter 5 source range; no target mechanics were inferred and no target units or assets are claimed.""]","[""dimension"",""network radius"",""reachable volume""]",
R000344,U006234,,2,SEARCH_HIT,H011707,2,the systems on pages 202 and 203,PAGE,network-rule systems used by the dimensionality observer,9,WITHIN_STAGE,RESOLVED,"[""U001114"",""U001115"",""U001116"",""U001117"",""U001118"",""U001119"",""U001120"",""U001121""]","[""A000892"",""A000893""]","[""Resolved literal target 'the systems on pages 202 and 203' as 'network-rule systems used by the dimensionality observer' within the assigned Chapter 5 main/Notes sources; closure is bounded to target units U001114, U001115, U001116, U001117, U001118, U001119, U001120, U001121 and target assets A000892, A000893.""]","[""dimension"",""network rules"",""pages 202 and 203""]",
R000345,U006236,,2,SEARCH_HIT,H011708,1,page 259,PAGE,finite-size cellular-automaton comparison for homogeneous-network automata,9,CROSS_RANGE,PENDING,[],[],"[""Queued literal target 'page 259' for topic 'finite-size cellular-automaton comparison for homogeneous-network automata' outside the assigned Chapter 5 source range; no target mechanics were inferred and no target units or assets are claimed.""]","[""cellular automata"",""finite size"",""homogeneous networks""]",
R000346,U006238,,2,SEARCH_HIT,H011709,1,Chapter 6,SECTION,behavior classes of random Boolean networks,9,CROSS_RANGE,PENDING,[],[],"[""Queued literal target 'Chapter 6' for topic 'behavior classes of random Boolean networks' outside the assigned Chapter 5 source range; no target mechanics were inferred and no target units or assets are claimed.""]","[""behavior classes"",""random Boolean networks""]",
R000347,U006238,,2,SEARCH_HIT,H011709,2,page 963,PAGE,random-mapping comparison for random Boolean networks,9,CROSS_RANGE,PENDING,[],[],"[""Queued literal target 'page 963' for topic 'random-mapping comparison for random Boolean networks' outside the assigned Chapter 5 source range; no target mechanics were inferred and no target units or assets are claimed.""]","[""random Boolean networks"",""random mappings""]",
R000348,U006248,,2,SEARCH_HIT,H011710,1,The case shown on page 206,PAGE,page-206 three-rule slow-growth multiway preset,9,WITHIN_STAGE,RESOLVED,"[""U001140"",""U001141"",""U001142"",""U001143""]","[""A000901"",""A000902""]","[""Resolved literal target 'The case shown on page 206' as 'page-206 three-rule slow-growth multiway preset' within the assigned Chapter 5 main/Notes sources; closure is bounded to target units U001140, U001141, U001142, U001143 and target assets A000901, A000902.""]","[""multiway preset"",""page 206"",""three rules""]",
R000349,U006252,,2,SEARCH_HIT,H011711,1,pictures like those on page 208,PAGE,page-208 multiway state collections used to illustrate polynomial growth,9,WITHIN_STAGE,RESOLVED,"[""U001149"",""U001150""]","[""A000904""]","[""Resolved literal target 'pictures like those on page 208' as 'page-208 multiway state collections used to illustrate polynomial growth' within the assigned Chapter 5 main/Notes sources; closure is bounded to target units U001149, U001150 and target assets A000904.""]","[""multiway state count"",""page 208"",""polynomial growth""]",
R000350,U006255,,2,SEARCH_HIT,H011712,1,Page 206 · Properties,PAGE,page-206 multiway preset properties and state-count diagnostics,9,WITHIN_STAGE,RESOLVED,"[""U001140"",""U001141"",""U001142"",""U001143""]","[""A000901"",""A000902""]","[""Resolved literal target 'Page 206 · Properties' as 'page-206 multiway preset properties and state-count diagnostics' within the assigned Chapter 5 main/Notes sources; closure is bounded to target units U001140, U001141, U001142, U001143 and target assets A000901, A000902.""]","[""first differences"",""multiway state count"",""page 206""]",
R000351,U006256,,2,SEARCH_HIT,H011713,1,as on page 208,PAGE,page-208 layered display of complete multiway state collections,9,WITHIN_STAGE,RESOLVED,"[""U001149"",""U001150""]","[""A000904""]","[""Resolved literal target 'as on page 208' as 'page-208 layered display of complete multiway state collections' within the assigned Chapter 5 main/Notes sources; closure is bounded to target units U001149, U001150 and target assets A000904.""]","[""layered history"",""multiway states"",""page 208""]",
R000352,U006258,,2,SEARCH_HIT,H011714,1,In analogy with page 796,PAGE,bounded-length reachability display for a string multiway system,9,CROSS_RANGE,PENDING,[],[],"[""Queued literal target 'In analogy with page 796' for the bounded-length reachability display outside the assigned Chapter 5 source range. The target was not opened, no target mechanics were inferred, and the OCR-defective phrase “shows wh different strings” remains unresolved.""]","[""bounded length"",""multiway reachability"",""strings""]",
R000353,U006261,,2,SEARCH_HIT,H011715,1,as on page 206,PAGE,page-206 three-replacement multiway system exhibiting quadratic growth,9,WITHIN_STAGE,RESOLVED,"[""U001140"",""U001141"",""U001142"",""U001143""]","[""A000901"",""A000902""]","[""Resolved literal target 'as on page 206' as 'page-206 three-replacement multiway system exhibiting quadratic growth' within the assigned Chapter 5 main/Notes sources; closure is bounded to target units U001140, U001141, U001142, U001143 and target assets A000901, A000902.""]","[""multiway system"",""page 206"",""quadratic growth""]",
R000354,U006263,,2,SEARCH_HIT,H011716,1,the ones shown on page 196,PAGE,tree-network exemplars for the free-semigroup Cayley graph,9,WITHIN_STAGE,RESOLVED,"[""U001083"",""U001084"",""U001085""]","[""A000885""]","[""Resolved literal target 'the ones shown on page 196' as 'tree-network exemplars for the free-semigroup Cayley graph' within the assigned Chapter 5 main/Notes sources; closure is bounded to target units U001083, U001084, U001085 and target assets A000885.""]","[""Cayley graph"",""free semigroup"",""tree network""]",
R000355,U006264,,2,SEARCH_HIT,H011717,1,Compare page 945,PAGE,finite-group and finite-semigroup count context for the A5 presentation,9,WITHIN_STAGE,RESOLVED,"[""U006336"",""U006337""]","[""A000585""]","[""Resolved literal target 'Compare page 945' as 'finite-group and finite-semigroup count context for the A5 presentation' within the assigned Chapter 5 main/Notes sources; closure is bounded to target units U006336, U006337 and target assets A000585.""]","[""A5"",""finite group"",""group order""]",
R000356,U006265,,2,SEARCH_HIT,H011718,1,See also pages 945 and 1032,PAGE,page-945 finite-group count and classification context for the Monster Group,9,WITHIN_STAGE,RESOLVED,"[""U006336"",""U006337""]","[""A000585""]","[""Resolved the page-945 half of literal target 'See also pages 945 and 1032' to U006336-U006337/A000585, which supplies the finite-group and finite-semigroup count/classification context.""]","[""finite group"",""Monster Group"",""order""]",
R000357,U006265,,2,SEARCH_HIT,H011718,2,See also pages 945 and 1032,PAGE,page-1032 Monster Group presentation and quotient reconstruction,9,CROSS_RANGE,PENDING,[],[],"[""Queued the page-1032 half of literal target 'See also pages 945 and 1032' outside the assigned Chapter 5 range. The target was not opened; the generators, relations, dozen-rule list, and quotient reconstruction remain unresolved.""]","[""Monster Group"",""presentation"",""quotient""]",
R000358,U006267,,2,SEARCH_HIT,H011719,1,page 1104,PAGE,Chomsky hierarchy classification of the displayed grammar families,9,CROSS_RANGE,PENDING,[],[],"[""Queued literal target 'page 1104' for topic 'Chomsky hierarchy classification of the displayed grammar families' outside the assigned Chapter 5 source range; no target mechanics were inferred and no target units or assets are claimed.""]","[""Chomsky hierarchy"",""generative grammars"",""formal languages""]",
R000359,U006268,,2,SEARCH_HIT,H011720,1,page 957,PAGE,finite-automaton recognition of the no-adjacent-B regular language,9,CROSS_RANGE,PENDING,[],[],"[""Queued literal target 'page 957' for topic 'finite-automaton recognition of the no-adjacent-B regular language' outside the assigned Chapter 5 source range; no target mechanics were inferred and no target units or assets are claimed.""]","[""finite automaton"",""no adjacent B"",""regular language""]",
R000360,U006269,,2,SEARCH_HIT,H011721,1,pages 1091 and 1103,PAGE,context-free-language properties of the AxA-or-B grammar,9,CROSS_RANGE,PENDING,[],[],"[""Queued literal target 'pages 1091 and 1103' for topic 'context-free-language properties of the AxA-or-B grammar' outside the assigned Chapter 5 source range; no target mechanics were inferred and no target units or assets are claimed.""]","[""AxA or B"",""context-free grammar"",""formal language""]",
R000361,U006272,,2,SEARCH_HIT,H011722,1,See also page 944,PAGE,formal languages used to define one-dimensional sequence constraints,9,WITHIN_STAGE,RESOLVED,"[""U006323""]",[],"[""Resolved literal target 'See also page 944' to U006323, the direct formal-language paragraph on that printed page. It states use in defining one-dimensional constraints; no grammar-family identity or equivalence is inferred.""]","[""formal languages"",""one-dimensional constraints"",""page 944""]",
R000362,U006275,,2,SEARCH_HIT,H011724,1,page 933,PAGE,geometrical-substitution comparison for complex-valued numeric multiway evolution,9,WITHIN_STAGE,RESOLVED,"[""U006184"",""U006185"",""U006186"",""U006187"",""U006188"",""U006189"",""U006190"",""U006191"",""U006192""]","[""A000552""]","[""Resolved literal target 'page 933' as 'geometrical-substitution comparison for complex-valued numeric multiway evolution' within the assigned Chapter 5 main/Notes sources; closure is bounded to target units U006184, U006185, U006186, U006187, U006188, U006189, U006190, U006191, U006192 and target assets A000552.""]","[""geometrical substitution"",""multiway system"",""numeric evolution""]",
R000363,U006275,,2,SEARCH_HIT,H011724,2,discussed on page 907,PAGE,recursive-sequence comparison for the numeric multiway system,9,CROSS_RANGE,PENDING,[],[],"[""Queued literal target 'discussed on page 907' for topic 'recursive-sequence comparison for the numeric multiway system' outside the assigned Chapter 5 source range; no target mechanics were inferred and no target units or assets are claimed.""]","[""numeric multiway system"",""recursive sequences""]",
R000364,U006275,,2,SEARCH_HIT,H011724,3,page 937,PAGE,network representation of the numeric multiway evolution,9,WITHIN_STAGE,RESOLVED,"[""U006253"",""U006254""]",[],"[""Resolved literal target 'page 937' as 'network representation of the numeric multiway evolution' within the assigned Chapter 5 main/Notes sources; closure is bounded to target units U006253, U006254 and target assets none.""]","[""multiway network"",""numeric evolution"",""page 937""]",
R000365,U006276,,2,SEARCH_HIT,H011725,1,But see page 766,PAGE,computational-power exception boundary for nondeterministic systems,9,CROSS_RANGE,PENDING,[],[],"[""Queued literal target 'But see page 766' for topic 'computational-power exception boundary for nondeterministic systems' outside the assigned Chapter 5 source range; no target mechanics were inferred and no target units or assets are claimed.""]","[""computational power"",""nondeterministic systems""]",
R000366,U006276,,2,SEARCH_HIT,H011725,2,page 871,PAGE,bitwise-XOR characterization used by the nim losing-position predicate,9,CROSS_RANGE,PENDING,[],[],"[""Queued literal target 'page 871' for topic 'bitwise-XOR characterization used by the nim losing-position predicate' outside the assigned Chapter 5 source range; no target mechanics were inferred and no target units or assets are claimed.""]","[""bitwise XOR"",""losing position"",""nim""]",
R000367,U006279,,2,SEARCH_HIT,H011726,1,page 923,PAGE,initial-value and boundary-value formulation of partial differential equations,9,CROSS_RANGE,PENDING,[],[],"[""Queued literal target 'page 923' for topic 'initial-value and boundary-value formulation of partial differential equations' outside the assigned Chapter 5 source range; no target mechanics were inferred and no target units or assets are claimed.""]","[""boundary value"",""initial value"",""partial differential equation""]",
R000368,U006282,,2,SEARCH_HIT,H011727,1,Page 211 · 1D constraints,PAGE,main-text one-dimensional allowed-block constraints,9,WITHIN_STAGE,RESOLVED,"[""U001167"",""U001168"",""U001169"",""U001170"",""U001171""]","[""A000909""]","[""Resolved literal target 'Page 211 · 1D constraints' as 'main-text one-dimensional allowed-block constraints' within the assigned Chapter 5 main/Notes sources; closure is bounded to target units U001167, U001168, U001169, U001170, U001171 and target assets A000909.""]","[""allowed blocks"",""one-dimensional constraints"",""page 211""]",
R000369,U006284,,2,SEARCH_HIT,H011728,1,The constraint on page 210,PAGE,period-four witness for the main-text one-dimensional constraint,9,WITHIN_STAGE,RESOLVED,"[""U001162"",""U001163"",""U001164"",""U001165""]","[""A000908""]","[""Resolved literal target 'The constraint on page 210' as 'period-four witness for the main-text one-dimensional constraint' within the assigned Chapter 5 main/Notes sources; closure is bounded to target units U001162, U001163, U001164, U001165 and target assets A000908.""]","[""allowed blocks"",""period four"",""one-dimensional constraint""]",
R000370,U006284,,2,SEARCH_HIT,H011728,2,See also page 266,PAGE,one-dimensional constraint periodicity comparison,9,CROSS_RANGE,PENDING,[],[],"[""Queued literal target 'See also page 266' for topic 'one-dimensional constraint periodicity comparison' outside the assigned Chapter 5 source range; no target mechanics were inferred and no target units or assets are claimed.""]","[""constraint periodicity"",""one-dimensional constraint""]",
R000371,U006285,,2,SEARCH_HIT,H011729,1,page 225,PAGE,cellular-automaton convergence to invariant configurations,9,CROSS_RANGE,PENDING,[],[],"[""Queued literal target 'page 225' for topic 'cellular-automaton convergence to invariant configurations' outside the assigned Chapter 5 source range; no target mechanics were inferred and no target units or assets are claimed.""]","[""cellular automaton"",""invariant configurations""]",
R000372,U006285,,2,SEARCH_HIT,H011729,2,See page 954,PAGE,cellular-automaton invariant-configuration correspondence,9,CROSS_RANGE,PENDING,[],[],"[""Queued literal target 'See page 954' for topic 'cellular-automaton invariant-configuration correspondence' outside the assigned Chapter 5 source range; no target mechanics were inferred and no target units or assets are claimed.""]","[""cellular automaton"",""fixed point"",""invariant configuration""]",
R000373,U006285,,2,SEARCH_HIT,H011729,3,See page 958,PAGE,finite-complement-language and subshift-of-finite-type terminology,9,CROSS_RANGE,PENDING,[],[],"[""Queued literal target 'See page 958' for topic 'finite-complement-language and subshift-of-finite-type terminology' outside the assigned Chapter 5 source range; no target mechanics were inferred and no target units or assets are claimed.""]","[""finite complement language"",""subshift of finite type""]",
R000374,U006285,,2,SEARCH_HIT,H011729,4,Page 215 · 2D constraints,PAGE,main-text minimal two-dimensional local-template constraints,9,WITHIN_STAGE,RESOLVED,"[""U001187"",""U001188""]","[""A000914""]","[""Resolved literal target 'Page 215 · 2D constraints' as 'main-text minimal two-dimensional local-template constraints' within the assigned Chapter 5 main/Notes sources; closure is bounded to target units U001187, U001188 and target assets A000914.""]","[""local templates"",""minimal constraints"",""two-dimensional constraints""]",
R000375,U006286,,2,SEARCH_HIT,H011730,1,See also page 927,PAGE,canonical binary rule-number ordering used by the constraint-number decoder,9,WITHIN_STAGE,RESOLVED,"[""U006096"",""U006097"",""U006098"",""U006099"",""U006100"",""U006101""]",[],"[""Resolved literal target 'See also page 927' as 'canonical binary rule-number ordering used by the constraint-number decoder' within the assigned Chapter 5 main/Notes sources; closure is bounded to target units U006096, U006097, U006098, U006099, U006100, U006101 and target assets none.""]","[""binary code"",""constraint numbering"",""template ordering""]",
R000376,U006290,,2,SEARCH_HIT,H011731,1,page 213,PAGE,main-text periodic tessellation encoded by overlapping corners,9,WITHIN_STAGE,RESOLVED,"[""U001182"",""U001183"",""U001184""]","[""A000912""]","[""Resolved literal target 'page 213' as 'main-text periodic tessellation encoded by overlapping corners' within the assigned Chapter 5 main/Notes sources; closure is bounded to target units U001182, U001183, U001184 and target assets A000912.""]","[""Fill"",""overlapping corners"",""periodic tessellation""]",
R000377,U006295,,2,SEARCH_HIT,H011732,1,page 1139,PAGE,undecidability of infinite-pattern constraint satisfaction,9,CROSS_RANGE,PENDING,[],[],"[""Queued literal target 'page 1139' for topic 'undecidability of infinite-pattern constraint satisfaction' outside the assigned Chapter 5 source range; no target mechanics were inferred and no target units or assets are claimed.""]","[""constraint satisfaction"",""infinite pattern"",""undecidability""]",
R000378,U006295,,2,SEARCH_HIT,H011732,2,page 1145,PAGE,NP-completeness of finite-region constraint satisfaction,9,CROSS_RANGE,PENDING,[],[],"[""Queued literal target 'page 1145' for topic 'NP-completeness of finite-region constraint satisfaction' outside the assigned Chapter 5 source range; no target mechanics were inferred and no target units or assets are claimed.""]","[""finite region"",""NP-complete"",""satisfaction""]",
R000379,U006295,,2,SEARCH_HIT,H011732,3,Compare page 959,PAGE,enumeration and solver comparison for two-dimensional constraints,9,CROSS_RANGE,PENDING,[],[],"[""Queued literal target 'Compare page 959' for topic 'enumeration and solver comparison for two-dimensional constraints' outside the assigned Chapter 5 source range; no target mechanics were inferred and no target units or assets are claimed.""]","[""constraint solver"",""enumeration"",""two-dimensional constraints""]",
R000380,U006295,,2,SEARCH_HIT,H011732,4,Page 219 · Non-periodic pattern,PAGE,main-text forced-nonperiodic constraint witness,9,WITHIN_STAGE,RESOLVED,"[""U001208"",""U001209"",""U001210""]","[""A000917"",""A000918""]","[""Resolved literal target 'Page 219 · Non-periodic pattern' as 'main-text forced-nonperiodic constraint witness' within the assigned Chapter 5 main/Notes sources; closure is bounded to target units U001208, U001209, U001210 and target assets A000917, A000918.""]","[""forced nonperiodicity"",""non-periodic pattern"",""page 219""]",
R000381,U006297,,2,SEARCH_HIT,H011733,1,page 117,PAGE,nested-pattern comparison for the exhaustive constraint search,9,CROSS_RANGE,PENDING,[],[],"[""Queued literal target 'page 117' for topic 'nested-pattern comparison for the exhaustive constraint search' outside the assigned Chapter 5 source range; no target mechanics were inferred and no target units or assets are claimed.""]","[""constraint search"",""nested pattern""]",
R000382,U006301,,2,SEARCH_HIT,H011734,1,page 188,PAGE,main-text two-dimensional substitution patterns used by the Ammann-derived constraint,9,WITHIN_STAGE,RESOLVED,"[""U001038"",""U001039"",""U001040"",""U001041""]","[""A000876""]","[""Resolved literal target 'page 188' as 'main-text two-dimensional substitution patterns used by the Ammann-derived constraint' within the assigned Chapter 5 main/Notes sources; closure is bounded to target units U001038, U001039, U001040, U001041 and target assets A000876.""]","[""Ammann"",""local template"",""substitution system""]",
R000383,U006305,,2,SEARCH_HIT,H011735,1,pages 941 and 954,PAGE,page-941 one-dimensional cellular-automaton fixed configurations as finite-block constraints,9,WITHIN_STAGE,RESOLVED,"[""U006285""]",[],"[""Resolved the page-941 half of literal target 'pages 941 and 954' to U006285, which explicitly identifies one-dimensional cellular-automaton fixed configurations with finite-block constraints.""]","[""cellular automaton"",""fixed configuration"",""finite-block constraint""]",
R000384,U006305,,2,SEARCH_HIT,H011735,2,pages 941 and 954,PAGE,page-954 cellular-automaton correspondence for two-dimensional constraints,9,CROSS_RANGE,PENDING,[],[],"[""Queued the page-954 half of literal target 'pages 941 and 954' outside the assigned Chapter 5 range. The target was not opened and no cellular-automaton correspondence mechanics were inferred.""]","[""cellular automaton"",""constraint correspondence"",""page 954""]",
R000385,U006305,,2,SEARCH_HIT,H011735,3,page 170,PAGE,main-text five-site cellular-automaton family used in the constraint correspondence,9,WITHIN_STAGE,RESOLVED,"[""U000960"",""U000961"",""U000962""]","[""A000845""]","[""Resolved literal target 'page 170' as 'main-text five-site cellular-automaton family used in the constraint correspondence' within the assigned Chapter 5 main/Notes sources; closure is bounded to target units U000960, U000961, U000962 and target assets A000845.""]","[""cellular automaton"",""constraint correspondence"",""page 170""]",
R000386,U006310,,2,SEARCH_HIT,H011736,1,page 1139,PAGE,halting-problem noncomputability boundary for constraint-forced cell colors,9,CROSS_RANGE,PENDING,[],[],"[""Queued literal target 'page 1139' for topic 'halting-problem noncomputability boundary for constraint-forced cell colors' outside the assigned Chapter 5 source range; no target mechanics were inferred and no target units or assets are claimed.""]","[""constraint-forced pattern"",""halting problem"",""noncomputability""]",
R000387,U006310,,2,SEARCH_HIT,H011736,2,see page 994,PAGE,fivefold-symmetry comparison for the Penrose tiling,9,CROSS_RANGE,PENDING,[],[],"[""Queued literal target 'see page 994' for topic 'fivefold-symmetry comparison for the Penrose tiling' outside the assigned Chapter 5 source range; no target mechanics were inferred and no target units or assets are claimed.""]","[""fivefold symmetry"",""Penrose tiling""]",
R000388,U006312,,2,SEARCH_HIT,H011737,1,page 221,PAGE,main-text aperiodic tiling and nonrepetitive-pattern examples,9,WITHIN_STAGE,RESOLVED,"[""U001218"",""U001219"",""U001220""]","[""A000921"",""A000922""]","[""Resolved literal target 'page 221' as 'main-text aperiodic tiling and nonrepetitive-pattern examples' within the assigned Chapter 5 main/Notes sources; closure is bounded to target units U001218, U001219, U001220 and target assets A000921, A000922.""]","[""aperiodic tiling"",""nonrepetitive pattern"",""page 221""]",
R000389,U006313,,2,SEARCH_HIT,H011738,1,See also page 1139,PAGE,undecidability evidence boundary for aperiodic tiling constraints,9,CROSS_RANGE,PENDING,[],[],"[""Queued literal target 'See also page 1139' for topic 'undecidability evidence boundary for aperiodic tiling constraints' outside the assigned Chapter 5 source range; no target mechanics were inferred and no target units or assets are claimed.""]","[""aperiodic tiling"",""tiling constraints"",""undecidability""]",
R000390,U006318,,2,SEARCH_HIT,H011739,1,page 1141,PAGE,complexity limits for list-valued sequence-equation constraints,9,CROSS_RANGE,PENDING,[],[],"[""Queued literal target 'page 1141' for topic 'complexity limits for list-valued sequence-equation constraints' outside the assigned Chapter 5 source range; no target mechanics were inferred and no target units or assets are claimed.""]","[""complexity limit"",""list-valued sequence equation""]",
R000391,U006321,,2,SEARCH_HIT,H011740,1,page 83,PAGE,Thue-Morse nested-sequence antecedent for cube-free blocks,9,CROSS_RANGE,PENDING,[],[],"[""Queued literal target 'page 83' for topic 'Thue-Morse nested-sequence antecedent for cube-free blocks' outside the assigned Chapter 5 source range; no target mechanics were inferred and no target units or assets are claimed.""]","[""cube-free"",""nested sequence"",""Thue-Morse""]",
R000392,U006322,,2,SEARCH_HIT,H011741,1,page 1068,PAGE,unavoidable-block-pattern bounds,9,CROSS_RANGE,PENDING,[],[],"[""Queued literal target 'page 1068' for topic 'unavoidable-block-pattern bounds' outside the assigned Chapter 5 source range; no target mechanics were inferred and no target units or assets are claimed.""]","[""avoidable pattern"",""block pattern"",""unavoidable pattern""]",
R000393,U006323,,2,SEARCH_HIT,H011742,1,page 938,PAGE,formal-language grammar families used to express one-dimensional constraints,9,WITHIN_STAGE,RESOLVED,"[""U006267"",""U006268"",""U006269"",""U006270"",""U006271""]",[],"[""Resolved literal target 'page 938' as 'formal-language grammar families used to express one-dimensional constraints' within the assigned Chapter 5 main/Notes sources; closure is bounded to target units U006267, U006268, U006269, U006270, U006271 and target assets none.""]","[""formal language"",""generative grammar"",""one-dimensional constraint""]",
R000394,U006323,,2,SEARCH_HIT,H011742,2,page 210,PAGE,main-text one-dimensional constraint as a regular-language special case,9,WITHIN_STAGE,RESOLVED,"[""U001162"",""U001163"",""U001164"",""U001165""]","[""A000908""]","[""Resolved literal target 'page 210' as 'main-text one-dimensional constraint as a regular-language special case' within the assigned Chapter 5 main/Notes sources; closure is bounded to target units U001162, U001163, U001164, U001165 and target assets A000908.""]","[""one-dimensional constraint"",""regular language""]",
R000395,U006323,,2,SEARCH_HIT,H011742,3,page 940,PAGE,regular-language special case for one-dimensional constraints claimed at printed page 940,9,WITHIN_STAGE,RESOLVED,"[""U006277"",""U006278"",""U006279"",""U006280"",""U006281""]",[],"[""Resolved the literal printed-page-940 target to physical units U006277-U006281 and read them in context. They contain equations, PDE, and linear-system discussion but do not corroborate the claimed regular-language, finite-complement-language, or subshift-of-finite-type topic; no mechanics are inferred and no candidate links are claimed.""]","[""finite complement language"",""regular language"",""subshift of finite type""]",
R000396,U006330,,2,SEARCH_HIT,H011743,1,page 1078,PAGE,primitive Pythagorean-triple parameterization,9,CROSS_RANGE,PENDING,[],[],"[""Queued literal target 'page 1078' for topic 'primitive Pythagorean-triple parameterization' outside the assigned Chapter 5 source range; no target mechanics were inferred and no target units or assets are claimed.""]","[""primitive triples"",""Pythagorean triples"",""parameterization""]",
R000397,U006332,,2,SEARCH_HIT,H011744,1,page 1160,PAGE,odd-binomial-coefficient parity relation,9,CROSS_RANGE,PENDING,[],[],"[""Queued literal target 'page 1160' for topic 'odd-binomial-coefficient parity relation' outside the assigned Chapter 5 source range; no target mechanics were inferred and no target units or assets are claimed.""]","[""binomial coefficient"",""odd parity"",""Diophantine relation""]",
R000398,U006335,,2,SEARCH_HIT,H011745,1,See pages 791 and 1164,PAGE,sparse-solution and higher-power comparison for the Fermat relation,9,CROSS_RANGE,PENDING,[],[],"[""Queued literal target 'See pages 791 and 1164' for topic 'sparse-solution and higher-power comparison for the Fermat relation' outside the assigned Chapter 5 source range; no target mechanics were inferred and no target units or assets are claimed.""]","[""Fermat relation"",""higher powers"",""sparse solutions""]",
R000399,U006336,,2,SEARCH_HIT,H011746,1,See also page 805,PAGE,matrix-power pattern constraints,9,CROSS_RANGE,PENDING,[],[],"[""Queued literal target 'See also page 805' for topic 'matrix-power pattern constraints' outside the assigned Chapter 5 source range; no target mechanics were inferred and no target units or assets are claimed.""]","[""matrix powers"",""pattern constraints""]",
R000400,U006336,,2,SEARCH_HIT,H011746,2,page 938,PAGE,simple finite-group classification context,9,WITHIN_STAGE,RESOLVED,"[""U006264"",""U006265"",""U006266""]",[],"[""Resolved literal target 'page 938' as 'simple finite-group classification context' within the assigned Chapter 5 main/Notes sources; closure is bounded to target units U006264, U006265, U006266 and target assets none.""]","[""finite groups"",""simple groups"",""classification""]",
R000401,U006336,,2,SEARCH_HIT,H011746,3,See also pages 938 and 1032,PAGE,page-938 finite-group classification context,9,WITHIN_STAGE,RESOLVED,"[""U006264"",""U006265"",""U006266""]",[],"[""Resolved the page-938 half of literal target 'See also pages 938 and 1032' to U006264-U006266, which supplies finite-group examples and the classification context.""]","[""classification"",""finite groups"",""page 938""]",
R000402,U006336,,2,SEARCH_HIT,H011746,4,See also pages 938 and 1032,PAGE,page-1032 finite-group enumeration and classification boundary,9,CROSS_RANGE,PENDING,[],[],"[""Queued the page-1032 half of literal target 'See also pages 938 and 1032' outside the assigned Chapter 5 range. The target was not opened; no practical enumeration algorithm or omitted mechanics were inferred.""]","[""enumeration"",""finite groups"",""page 1032""]",
