lead_id,inherited_id,canonical_anchors,surface_trigger,status
L0001,B0001,BACK-MATTER/NOTES/00-General-Notes.md:L17-18[U004864];BACK-MATTER/NOTES/00-General-Notes.md:L35-36[U004873],"■ **Whimsy.** Cellular automata and most of the other systems in this book readily admit various kinds of whimsical descriptions. The rule 30 cellular automaton, for example, can…",WEAK
L0002,B0002,BACK-MATTER/NOTES/00-General-Notes.md:L31-32[U004871];BACK-MATTER/NOTES/00-General-Notes.md:L33-34[U004872],■ **Cover image.** The image on the cover of this book is derived from the first 440 or so steps (with perhaps 10 at each end cut off by trimming) of the pattern generated by evol…,WEAK
L0003,B0003,CHAPTERS/01-The-Foundations-for-a-New-Kind-of-Science.md:L159-160[U000149];CHAPTERS/01-The-Foundations-for-a-New-Kind-of-Science.md:L161-162[U000150];CHAPTERS/01-The-Foundations-for-a-New-Kind-of-Science.md:L163-164[U000151];CHAPTERS/01-The-Foundations-for-a-New-Kind-of-Science.md:L167-168[U000153];BACK-MATTER/NOTES/01-The-Foundations-for-a-New-Kind-of-Science-Notes.md:L59-60[U004953],But in the summer of 1981 I did what I considered to be a fairly straightforward computer experiment to see how all programs of a particular type behaved. I had not really expecte…,WEAK
L0004,B0004,BACK-MATTER/NOTES/01-The-Foundations-for-a-New-Kind-of-Science-Notes.md:L55-56[U004951],"■ **Page 17 · Statistical physics cover.** The pictures show disks representing idealized molecules bouncing around in a box, and the book claims that as time goes on there is alm…",WEAK
L0005,B0005,BACK-MATTER/NOTES/01-The-Foundations-for-a-New-Kind-of-Science-Notes.md:L57-58[U004952],■ **Page 17 · My 1973 computer experiments.** I used a British Elliott 903 computer with 8 kilowords of 18-bit ferrite core memory. The assembly language program that I wrote fill…,WEAK
L0006,B0006,CHAPTERS/02-The-Crucial-Experiment.md:L11-12[U000179];BACK-MATTER/NOTES/02-The-Crucial-Experiment-Notes.md:L837-838[U005279];BACK-MATTER/NOTES/02-The-Crucial-Experiment-Notes.md:L851-852[U005286];BACK-MATTER/NOTES/02-The-Crucial-Experiment-Notes.md:L855-856[U005288];BACK-MATTER/NOTES/02-The-Crucial-Experiment-Notes.md:L857-858[U005289],The mathematical methods that have in the past dominated theoretical science do not help much with such a question. But with a computer it is straightforward to start doing experi…,WEAK
L0007,B0007,CHAPTERS/02-The-Crucial-Experiment.md:L13-14[U000180];CHAPTERS/02-The-Crucial-Experiment.md:L19-20[U000183];CHAPTERS/02-The-Crucial-Experiment.md:L21-22[U000184];CHAPTERS/02-The-Crucial-Experiment.md:L23-24[U000185];BACK-MATTER/NOTES/02-The-Crucial-Experiment-Notes.md:L12-13[U004966];BACK-MATTER/NOTES/02-The-Crucial-Experiment-Notes.md:L14-17[U004967];BACK-MATTER/NOTES/02-The-Crucial-Experiment-Notes.md:L18-19[U004968];BACK-MATTER/NOTES/02-The-Crucial-Experiment-Notes.md:L20-24[U004969];BACK-MATTER/NOTES/02-The-Crucial-Experiment-Notes.md:L25-26[U004970];BACK-MATTER/NOTES/02-The-Crucial-Experiment-Notes.md:L27-31[U004971];BACK-MATTER/NOTES/02-The-Crucial-Experiment-Notes.md:L112-113[U004988];BACK-MATTER/NOTES/02-The-Crucial-Experiment-Notes.md:L114-115[U004989];BACK-MATTER/NOTES/02-The-Crucial-Experiment-Notes.md:L418-419[U005084];BACK-MATTER/NOTES/02-The-Crucial-Experiment-Notes.md:L420-423[U005085];BACK-MATTER/NOTES/02-The-Crucial-Experiment-Notes.md:L436-437[U005090];BACK-MATTER/NOTES/02-The-Crucial-Experiment-Notes.md:L438-441[U005091],Any program can at some level be thought of as consisting of a set of rules that specify what it should do at each step. There are many possible ways to set up these rules—and ind…,WEAK
L0008,B0008,CHAPTERS/02-The-Crucial-Experiment.md:L19-20[U000183];CHAPTERS/02-The-Crucial-Experiment.md:L25-26[U000186];CHAPTERS/02-The-Crucial-Experiment.md:L27-28[U000187];CHAPTERS/02-The-Crucial-Experiment.md:L29-30[U000188];BACK-MATTER/NOTES/02-The-Crucial-Experiment-Notes.md:L452-453[U005096];BACK-MATTER/NOTES/02-The-Crucial-Experiment-Notes.md:L462-463[U005101],"A visual representation of the behavior of a cellular automaton, with each row of cells corresponding to one step. At the first step the cell in the center is black and all other…",RESOLVED
L0009,B0009,CHAPTERS/02-The-Crucial-Experiment.md:L33-34[U000190];CHAPTERS/02-The-Crucial-Experiment.md:L37-38[U000192];CHAPTERS/02-The-Crucial-Experiment.md:L39-40[U000193];BACK-MATTER/NOTES/02-The-Crucial-Experiment-Notes.md:L454-455[U005097];BACK-MATTER/NOTES/02-The-Crucial-Experiment-Notes.md:L464-465[U005102],"As a first example, the picture at the top of the facing page shows what happens with a rule that makes a cell white whenever both of its neighbors were white on the step before—e…",RESOLVED
L0010,B0010,CHAPTERS/02-The-Crucial-Experiment.md:L43-44[U000195];CHAPTERS/02-The-Crucial-Experiment.md:L47-48[U000197];CHAPTERS/02-The-Crucial-Experiment.md:L49-50[U000198];CHAPTERS/02-The-Crucial-Experiment.md:L55-56[U000201];BACK-MATTER/NOTES/02-The-Crucial-Experiment-Notes.md:L154-157[U005004];BACK-MATTER/NOTES/02-The-Crucial-Experiment-Notes.md:L424-425[U005086];BACK-MATTER/NOTES/02-The-Crucial-Experiment-Notes.md:L426-429[U005087];BACK-MATTER/NOTES/02-The-Crucial-Experiment-Notes.md:L446-449[U005094];BACK-MATTER/NOTES/02-The-Crucial-Experiment-Notes.md:L466-467[U005103];BACK-MATTER/NOTES/02-The-Crucial-Experiment-Notes.md:L507-508[U005119],"The picture below shows the pattern produced by a cellular automaton of the same type as before, but with a slightly different rule. This time the rule specifies that a cell shoul…",RESOLVED
L0011,B0011,CHAPTERS/02-The-Crucial-Experiment.md:L61-62[U000204];CHAPTERS/02-The-Crucial-Experiment.md:L65-66[U000206];CHAPTERS/02-The-Crucial-Experiment.md:L67-68[U000207];BACK-MATTER/NOTES/02-The-Crucial-Experiment-Notes.md:L134-138[U004998];BACK-MATTER/NOTES/02-The-Crucial-Experiment-Notes.md:L283-284[U005038];BACK-MATTER/NOTES/02-The-Crucial-Experiment-Notes.md:L285-290[U005039];BACK-MATTER/NOTES/02-The-Crucial-Experiment-Notes.md:L456-457[U005098];BACK-MATTER/NOTES/02-The-Crucial-Experiment-Notes.md:L468-469[U005104];BACK-MATTER/NOTES/02-The-Crucial-Experiment-Notes.md:L861-862[U005291],"And the picture below shows an example of this. The rule used—that I call rule 30—is of exactly the same kind as before, and can be described as follows. First, look at each cell…",RESOLVED
L0012,B0012,CHAPTERS/02-The-Crucial-Experiment.md:L91-92[U000219];CHAPTERS/02-The-Crucial-Experiment.md:L109-110[U000228];CHAPTERS/02-The-Crucial-Experiment.md:L111-112[U000229];BACK-MATTER/NOTES/02-The-Crucial-Experiment-Notes.md:L458-459[U005099];BACK-MATTER/NOTES/02-The-Crucial-Experiment-Notes.md:L470-471[U005105];BACK-MATTER/NOTES/02-The-Crucial-Experiment-Notes.md:L577-578[U005149],But it turns out that there are cellular automata whose behavior is in effect still more complex—and in which even such averages become very difficult to predict. The pictures on…,WEAK
L0013,B0013,CHAPTERS/02-The-Crucial-Experiment.md:L255-256[U000301];BACK-MATTER/NOTES/02-The-Crucial-Experiment-Notes.md:L745-746[U005233],"Then in the early 1970s, considerable recreational computing interest developed in a specific two-dimensional cellular automaton known as the Game of Life, whose behavior is in so…",RESOLVED
L0014,B0014,BACK-MATTER/NOTES/02-The-Crucial-Experiment-Notes.md:L5-6[U004964];BACK-MATTER/NOTES/02-The-Crucial-Experiment-Notes.md:L7-11[U004965];BACK-MATTER/NOTES/02-The-Crucial-Experiment-Notes.md:L116-117[U004990];BACK-MATTER/NOTES/02-The-Crucial-Experiment-Notes.md:L430-431[U005088];BACK-MATTER/NOTES/02-The-Crucial-Experiment-Notes.md:L432-435[U005089],"■ **Implementing cellular automata.** It is convenient to represent the state of a cellular automaton at each step by a list such as `{0, 0, 1, 0, 0}`, where 0 corresponds to a wh…",RESOLVED
L0015,B0015,BACK-MATTER/NOTES/02-The-Crucial-Experiment-Notes.md:L114-115[U004989];BACK-MATTER/NOTES/02-The-Crucial-Experiment-Notes.md:L120-121[U004992],"Another tricky point in cellular automaton programs concerns boundary conditions. Since in a practical computer one can use only a finite array of cells, one must decide how the c…",RESOLVED
L0016,B0016,BACK-MATTER/NOTES/02-The-Crucial-Experiment-Notes.md:L132-133[U004997];BACK-MATTER/NOTES/02-The-Crucial-Experiment-Notes.md:L134-138[U004998];BACK-MATTER/NOTES/02-The-Crucial-Experiment-Notes.md:L139-140[U004999];BACK-MATTER/NOTES/02-The-Crucial-Experiment-Notes.md:L141-145[U005000];BACK-MATTER/NOTES/02-The-Crucial-Experiment-Notes.md:L146-147[U005001];BACK-MATTER/NOTES/02-The-Crucial-Experiment-Notes.md:L148-151[U005002];BACK-MATTER/NOTES/02-The-Crucial-Experiment-Notes.md:L152-153[U005003];BACK-MATTER/NOTES/02-The-Crucial-Experiment-Notes.md:L154-157[U005004];BACK-MATTER/NOTES/02-The-Crucial-Experiment-Notes.md:L158-159[U005005];BACK-MATTER/NOTES/02-The-Crucial-Experiment-Notes.md:L160-168[U005006];BACK-MATTER/NOTES/02-The-Crucial-Experiment-Notes.md:L169-170[U005007],"■ **More general rules.** The programs given so far are for cellular automata with rules of the specific kind described in this chapter. In general, however, a 1D cellular automat…",RESOLVED
L0017,B0017,BACK-MATTER/NOTES/02-The-Crucial-Experiment-Notes.md:L175-176[U005010];BACK-MATTER/NOTES/02-The-Crucial-Experiment-Notes.md:L181-197[U005013];BACK-MATTER/NOTES/02-The-Crucial-Experiment-Notes.md:L212-213[U005017],"`CellularAutomaton[rnum, init, t]` generates a list representing the evolution of cellular automaton rule *rnum* from initial condition *init* for *t* steps.",RESOLVED
L0018,B0018,BACK-MATTER/NOTES/02-The-Crucial-Experiment-Notes.md:L171-172[U005008];BACK-MATTER/NOTES/02-The-Crucial-Experiment-Notes.md:L175-176[U005010];BACK-MATTER/NOTES/02-The-Crucial-Experiment-Notes.md:L181-197[U005013];BACK-MATTER/NOTES/02-The-Crucial-Experiment-Notes.md:L212-213[U005017],"I discuss the implementation of totalistic cellular automata on page 886, and of higher-dimensional cellular automata on page 927.",RESOLVED
L0019,B0019,BACK-MATTER/NOTES/02-The-Crucial-Experiment-Notes.md:L175-176[U005010];BACK-MATTER/NOTES/02-The-Crucial-Experiment-Notes.md:L181-197[U005013];BACK-MATTER/NOTES/02-The-Crucial-Experiment-Notes.md:L212-213[U005017],"`CellularAutomaton[rnum, init, t]` generates a list representing the evolution of cellular automaton rule *rnum* from initial condition *init* for *t* steps.",RESOLVED
L0020,B0020,BACK-MATTER/NOTES/02-The-Crucial-Experiment-Notes.md:L171-172[U005008];BACK-MATTER/NOTES/02-The-Crucial-Experiment-Notes.md:L175-176[U005010];BACK-MATTER/NOTES/02-The-Crucial-Experiment-Notes.md:L181-197[U005013];BACK-MATTER/NOTES/02-The-Crucial-Experiment-Notes.md:L212-213[U005017],"I discuss the implementation of totalistic cellular automata on page 886, and of higher-dimensional cellular automata on page 927.",RESOLVED
L0021,B0021,BACK-MATTER/NOTES/02-The-Crucial-Experiment-Notes.md:L175-176[U005010];BACK-MATTER/NOTES/02-The-Crucial-Experiment-Notes.md:L181-197[U005013];BACK-MATTER/NOTES/02-The-Crucial-Experiment-Notes.md:L212-213[U005017],"`CellularAutomaton[rnum, init, t]` generates a list representing the evolution of cellular automaton rule *rnum* from initial condition *init* for *t* steps.",RESOLVED
L0022,B0022,BACK-MATTER/NOTES/02-The-Crucial-Experiment-Notes.md:L175-176[U005010];BACK-MATTER/NOTES/02-The-Crucial-Experiment-Notes.md:L181-197[U005013];BACK-MATTER/NOTES/02-The-Crucial-Experiment-Notes.md:L214-215[U005018];BACK-MATTER/NOTES/02-The-Crucial-Experiment-Notes.md:L216-217[U005019],"`CellularAutomaton[rnum, init, t]` generates a list representing the evolution of cellular automaton rule *rnum* from initial condition *init* for *t* steps.",RESOLVED
L0023,B0023,BACK-MATTER/NOTES/02-The-Crucial-Experiment-Notes.md:L175-176[U005010];BACK-MATTER/NOTES/02-The-Crucial-Experiment-Notes.md:L202-211[U005016];BACK-MATTER/NOTES/02-The-Crucial-Experiment-Notes.md:L212-213[U005017],"`CellularAutomaton[rnum, init, t]` generates a list representing the evolution of cellular automaton rule *rnum* from initial condition *init* for *t* steps.",RESOLVED
L0024,B0024,BACK-MATTER/NOTES/02-The-Crucial-Experiment-Notes.md:L175-176[U005010];BACK-MATTER/NOTES/02-The-Crucial-Experiment-Notes.md:L202-211[U005016];BACK-MATTER/NOTES/02-The-Crucial-Experiment-Notes.md:L212-213[U005017],"`CellularAutomaton[rnum, init, t]` generates a list representing the evolution of cellular automaton rule *rnum* from initial condition *init* for *t* steps.",RESOLVED
L0025,B0025,BACK-MATTER/NOTES/02-The-Crucial-Experiment-Notes.md:L175-176[U005010];BACK-MATTER/NOTES/02-The-Crucial-Experiment-Notes.md:L202-211[U005016];BACK-MATTER/NOTES/02-The-Crucial-Experiment-Notes.md:L212-213[U005017],"`CellularAutomaton[rnum, init, t]` generates a list representing the evolution of cellular automaton rule *rnum* from initial condition *init* for *t* steps.",RESOLVED
L0026,B0026,BACK-MATTER/NOTES/02-The-Crucial-Experiment-Notes.md:L175-176[U005010];BACK-MATTER/NOTES/02-The-Crucial-Experiment-Notes.md:L202-211[U005016];BACK-MATTER/NOTES/02-The-Crucial-Experiment-Notes.md:L212-213[U005017],"`CellularAutomaton[rnum, init, t]` generates a list representing the evolution of cellular automaton rule *rnum* from initial condition *init* for *t* steps.",RESOLVED
L0027,B0027,BACK-MATTER/NOTES/02-The-Crucial-Experiment-Notes.md:L220-232[U005021],"``` {a1, a2, ...} explicit list of values ai, assumed cyclic {{a1, a2, ...}, b} values ai superimposed on a b background {{a1, a2, ...}, {b1, b2, ...}} values ai superimposed on a…",RESOLVED
L0028,B0028,BACK-MATTER/NOTES/02-The-Crucial-Experiment-Notes.md:L220-232[U005021];BACK-MATTER/NOTES/02-The-Crucial-Experiment-Notes.md:L233-234[U005022],"``` {a1, a2, ...} explicit list of values ai, assumed cyclic {{a1, a2, ...}, b} values ai superimposed on a b background {{a1, a2, ...}, {b1, b2, ...}} values ai superimposed on a…",RESOLVED
L0029,B0029,BACK-MATTER/NOTES/02-The-Crucial-Experiment-Notes.md:L220-232[U005021];BACK-MATTER/NOTES/02-The-Crucial-Experiment-Notes.md:L233-234[U005022],"``` {a1, a2, ...} explicit list of values ai, assumed cyclic {{a1, a2, ...}, b} values ai superimposed on a b background {{a1, a2, ...}, {b1, b2, ...}} values ai superimposed on a…",RESOLVED
L0030,B0030,BACK-MATTER/NOTES/02-The-Crucial-Experiment-Notes.md:L220-232[U005021];BACK-MATTER/NOTES/02-The-Crucial-Experiment-Notes.md:L233-234[U005022],"``` {a1, a2, ...} explicit list of values ai, assumed cyclic {{a1, a2, ...}, b} values ai superimposed on a b background {{a1, a2, ...}, {b1, b2, ...}} values ai superimposed on a…",RESOLVED
L0031,B0031,BACK-MATTER/NOTES/02-The-Crucial-Experiment-Notes.md:L237-245[U005024];BACK-MATTER/NOTES/02-The-Crucial-Experiment-Notes.md:L246-247[U005025];BACK-MATTER/NOTES/02-The-Crucial-Experiment-Notes.md:L334-335[U005054];BACK-MATTER/NOTES/02-The-Crucial-Experiment-Notes.md:L348-349[U005058],"``` All all steps 0 through t (default) u steps 0 through u -1 last step (step t) {u} step u {u1, u2} steps u1 through u2 {u1, u2, du} steps u1, u1 + du, ... ```",RESOLVED
L0032,B0032,BACK-MATTER/NOTES/02-The-Crucial-Experiment-Notes.md:L248-249[U005026];BACK-MATTER/NOTES/02-The-Crucial-Experiment-Notes.md:L252-264[U005028];BACK-MATTER/NOTES/02-The-Crucial-Experiment-Notes.md:L269-270[U005031];BACK-MATTER/NOTES/02-The-Crucial-Experiment-Notes.md:L271-272[U005032];BACK-MATTER/NOTES/02-The-Crucial-Experiment-Notes.md:L273-274[U005033];BACK-MATTER/NOTES/02-The-Crucial-Experiment-Notes.md:L275-276[U005034];BACK-MATTER/NOTES/02-The-Crucial-Experiment-Notes.md:L277-278[U005035];BACK-MATTER/NOTES/02-The-Crucial-Experiment-Notes.md:L279-280[U005036];BACK-MATTER/NOTES/02-The-Crucial-Experiment-Notes.md:L316-317[U005048];BACK-MATTER/NOTES/02-The-Crucial-Experiment-Notes.md:L341-342[U005056];BACK-MATTER/NOTES/02-The-Crucial-Experiment-Notes.md:L348-349[U005058];CHAPTERS/05-Two-Dimensions-and-Beyond.md:L51-52[U000972];CHAPTERS/05-Two-Dimensions-and-Beyond.md:L63-64[U000978];CHAPTERS/05-Two-Dimensions-and-Beyond.md:L61-62[U000977];BACK-MATTER/NOTES/05-Two-Dimensions-and-Beyond-Notes.md:L125-126[U006112];BACK-MATTER/NOTES/05-Two-Dimensions-and-Beyond-Notes.md:L127-128[U006113],▪ The initial condition is taken to have offset 0.,RESOLVED
L0033,B0033,BACK-MATTER/NOTES/02-The-Crucial-Experiment-Notes.md:L299-300[U005043];BACK-MATTER/NOTES/02-The-Crucial-Experiment-Notes.md:L301-306[U005044],"If all values in the initial condition are given explicitly, they are in effect assumed to continue cyclically. The runs rule 30 with 5 cells for 3 steps.",RESOLVED
L0034,B0034,BACK-MATTER/NOTES/02-The-Crucial-Experiment-Notes.md:L307-308[U005045];BACK-MATTER/NOTES/02-The-Crucial-Experiment-Notes.md:L309-313[U005046];BACK-MATTER/NOTES/02-The-Crucial-Experiment-Notes.md:L316-317[U005048],"This starts from `{1, 1}` on an infinite background of repeating `{1, 0, 1, 1}` blocks. By default, only the region of the pattern affected by the `{1, 1}` is given.",RESOLVED
L0035,B0035,BACK-MATTER/NOTES/02-The-Crucial-Experiment-Notes.md:L325-326[U005051];BACK-MATTER/NOTES/02-The-Crucial-Experiment-Notes.md:L327-331[U005052],This places blocks in the initial conditions at offsets -10 and 20.,RESOLVED
L0036,B0036,BACK-MATTER/NOTES/02-The-Crucial-Experiment-Notes.md:L357-358[U005061];BACK-MATTER/NOTES/02-The-Crucial-Experiment-Notes.md:L359-363[U005062],"This runs the general *k*=3, *r*=1 rule with rule number 921408.",RESOLVED
L0037,B0037,BACK-MATTER/NOTES/02-The-Crucial-Experiment-Notes.md:L366-367[U005064];BACK-MATTER/NOTES/02-The-Crucial-Experiment-Notes.md:L368-372[U005065],"This runs the totalistic *k*=3, *r*=1 rule with code 867.",RESOLVED
L0038,B0038,BACK-MATTER/NOTES/02-The-Crucial-Experiment-Notes.md:L375-376[U005067];BACK-MATTER/NOTES/02-The-Crucial-Experiment-Notes.md:L377-381[U005068],This uses a rule based on applying a function to each neighborhood of cells.,RESOLVED
L0039,B0039,BACK-MATTER/NOTES/02-The-Crucial-Experiment-Notes.md:L384-385[U005070];BACK-MATTER/NOTES/02-The-Crucial-Experiment-Notes.md:L386-390[U005071],"This runs 2D 9-neighbor totalistic code 3702 for 25 steps, giving the results for the last 5 steps.",RESOLVED
L0040,B0040,BACK-MATTER/NOTES/02-The-Crucial-Experiment-Notes.md:L474-475[U005107];BACK-MATTER/NOTES/02-The-Crucial-Experiment-Notes.md:L476-479[U005108];BACK-MATTER/NOTES/02-The-Crucial-Experiment-Notes.md:L480-481[U005109],"Given either the algebraic or logical form of a cellular automaton rule, it is possible at least in principle to generate symbolic formulas for the results of cellular automaton e…",RESOLVED
L0041,B0041,BACK-MATTER/NOTES/02-The-Crucial-Experiment-Notes.md:L482-483[U005110],"■ **Mathematical interpretation of cellular automata.** In the context of pure mathematics, the state space of a 1D cellular automaton with an infinite number of cells can be view…",WEAK
L0042,B0042,BACK-MATTER/NOTES/02-The-Crucial-Experiment-Notes.md:L486-487[U005112],"The pictures above show representations of the mappings corresponding to various rules, obtained by plotting `Sum[a[t + 1, i] 2^-i, {i, -n, n}]` against `Sum[a[t, i] 2^-i, {i, -n,…",RESOLVED
L0043,B0043,BACK-MATTER/NOTES/02-The-Crucial-Experiment-Notes.md:L488-489[U005113];BACK-MATTER/NOTES/02-The-Crucial-Experiment-Notes.md:L498-499[U005116];BACK-MATTER/NOTES/02-The-Crucial-Experiment-Notes.md:L507-508[U005119];BACK-MATTER/NOTES/02-The-Crucial-Experiment-Notes.md:L534-535[U005129],■ **Page 26 · Pascal’s triangle and rule 90.** As shown on page 611 the pattern produced by rule 90 is exactly Pascal’s triangle of binomial coefficients reduced modulo 2: black c…,RESOLVED
L0044,B0044,BACK-MATTER/NOTES/02-The-Crucial-Experiment-Notes.md:L490-491[U005114],"The number of black cells on row *t* is given by `2^DigitCount[t, 2, 1]`, where `DigitCount[t, 2, 1]` is plotted on page 902. The positions of the black cells are given by (and th…",WEAK
L0045,B0045,BACK-MATTER/NOTES/02-The-Crucial-Experiment-Notes.md:L490-491[U005114];BACK-MATTER/NOTES/02-The-Crucial-Experiment-Notes.md:L492-497[U005115],"The number of black cells on row *t* is given by `2^DigitCount[t, 2, 1]`, where `DigitCount[t, 2, 1]` is plotted on page 902. The positions of the black cells are given by (and th…",RESOLVED
L0046,B0046,BACK-MATTER/NOTES/02-The-Crucial-Experiment-Notes.md:L500-501[U005117];BACK-MATTER/NOTES/02-The-Crucial-Experiment-Notes.md:L502-506[U005118],"`Mod[Binomial[t, n], 2]` yields a distorted pattern that is the one produced by rule 60 (see page 58). In this pattern, the color of a particular cell can be obtained directly fro…",RESOLVED
L0047,B0047,BACK-MATTER/NOTES/02-The-Crucial-Experiment-Notes.md:L500-501[U005117],"`Mod[Binomial[t, n], 2]` yields a distorted pattern that is the one produced by rule 60 (see page 58). In this pattern, the color of a particular cell can be obtained directly fro…",RESOLVED
L0048,B0048,BACK-MATTER/NOTES/02-The-Crucial-Experiment-Notes.md:L509-510[U005120],■ **Another initial condition.** Inserting a single ![black cell](_page_885_inline_black_cell.jpeg) in a background of ![striped black-to-white block](_page_885_inline_black_gradi…,RESOLVED
L0049,B0049,BACK-MATTER/NOTES/02-The-Crucial-Experiment-Notes.md:L515-516[U005123];BACK-MATTER/NOTES/02-The-Crucial-Experiment-Notes.md:L517-521[U005124];BACK-MATTER/NOTES/02-The-Crucial-Experiment-Notes.md:L522-523[U005125];BACK-MATTER/NOTES/02-The-Crucial-Experiment-Notes.md:L530-531[U005127],■ **More colors.** The pictures below show generalizations of rule 90 to *k* possible colors using the rule,RESOLVED
L0050,B0050,BACK-MATTER/NOTES/02-The-Crucial-Experiment-Notes.md:L522-523[U005125],"or equivalently `Mod[ListCorrelate[{1, 0, 1}, a, 2], k]`. The number of cells that are not white on row *t* in this case is given by `Apply[Times, 1 + IntegerDigits[t, k]]`. (For…",RESOLVED
L0051,B0051,BACK-MATTER/NOTES/02-The-Crucial-Experiment-Notes.md:L522-523[U005125],"or equivalently `Mod[ListCorrelate[{1, 0, 1}, a, 2], k]`. The number of cells that are not white on row *t* in this case is given by `Apply[Times, 1 + IntegerDigits[t, k]]`. (For…",RESOLVED
L0052,B0052,BACK-MATTER/NOTES/02-The-Crucial-Experiment-Notes.md:L522-523[U005125];BACK-MATTER/NOTES/02-The-Crucial-Experiment-Notes.md:L524-529[U005126],"or equivalently `Mod[ListCorrelate[{1, 0, 1}, a, 2], k]`. The number of cells that are not white on row *t* in this case is given by `Apply[Times, 1 + IntegerDigits[t, k]]`. (For…",RESOLVED
L0053,B0053,BACK-MATTER/NOTES/02-The-Crucial-Experiment-Notes.md:L530-531[U005127],The patterns obtained for any *k* are nested. For prime *k* the total number of non-white cells down to step `k^m` is `(1/2 k (k + 1))^m` and the patterns have fractal dimension `…,WEAK
L0054,B0054,BACK-MATTER/NOTES/02-The-Crucial-Experiment-Notes.md:L544-545[U005134],■ **Other integer functions.** The pictures above show patterns produced by reducing several integer functions modulo 2. With *d* arguments `Multinomial` yields a nested pattern i…,WEAK
L0055,B0055,BACK-MATTER/NOTES/02-The-Crucial-Experiment-Notes.md:L544-545[U005134],■ **Other integer functions.** The pictures above show patterns produced by reducing several integer functions modulo 2. With *d* arguments `Multinomial` yields a nested pattern i…,WEAK
L0056,B0056,BACK-MATTER/NOTES/02-The-Crucial-Experiment-Notes.md:L546-547[U005135];BACK-MATTER/NOTES/02-The-Crucial-Experiment-Notes.md:L548-549[U005136],"■ **Bitwise functions.** Bitwise functions typically yield nested patterns. (As discussed above, any cellular automaton rule can be represented as an appropriate combination of bi…",RESOLVED
L0057,B0057,BACK-MATTER/NOTES/02-The-Crucial-Experiment-Notes.md:L546-547[U005135];BACK-MATTER/NOTES/02-The-Crucial-Experiment-Notes.md:L548-549[U005136],"■ **Bitwise functions.** Bitwise functions typically yield nested patterns. (As discussed above, any cellular automaton rule can be represented as an appropriate combination of bi…",RESOLVED
L0058,B0058,BACK-MATTER/NOTES/02-The-Crucial-Experiment-Notes.md:L546-547[U005135];BACK-MATTER/NOTES/02-The-Crucial-Experiment-Notes.md:L548-549[U005136],"■ **Bitwise functions.** Bitwise functions typically yield nested patterns. (As discussed above, any cellular automaton rule can be represented as an appropriate combination of bi…",RESOLVED
L0059,B0059,BACK-MATTER/NOTES/02-The-Crucial-Experiment-Notes.md:L550-551[U005137];BACK-MATTER/NOTES/02-The-Crucial-Experiment-Notes.md:L552-553[U005138],"The patterns below show where `BitXor[x, y] == t` for successive *t* and correspond to steps in the “munching squares” program studied on the PDP-1 computer in 1962.",RESOLVED
L0060,B0060,BACK-MATTER/NOTES/02-The-Crucial-Experiment-Notes.md:L554-555[U005139];BACK-MATTER/NOTES/02-The-Crucial-Experiment-Notes.md:L556-557[U005140],"Nesting is also seen in curves obtained by applying bitwise functions to *n* and 2 *n* for successive *n*. Note that 2 *n* has the same digits as *n*, but shifted one position to…",WEAK
L0061,B0061,BACK-MATTER/NOTES/02-The-Crucial-Experiment-Notes.md:L554-555[U005139];BACK-MATTER/NOTES/02-The-Crucial-Experiment-Notes.md:L556-557[U005140],"Nesting is also seen in curves obtained by applying bitwise functions to *n* and 2 *n* for successive *n*. Note that 2 *n* has the same digits as *n*, but shifted one position to…",WEAK
L0062,B0062,BACK-MATTER/NOTES/02-The-Crucial-Experiment-Notes.md:L554-555[U005139];BACK-MATTER/NOTES/02-The-Crucial-Experiment-Notes.md:L556-557[U005140],"Nesting is also seen in curves obtained by applying bitwise functions to *n* and 2 *n* for successive *n*. Note that 2 *n* has the same digits as *n*, but shifted one position to…",WEAK
L0063,B0063,BACK-MATTER/NOTES/02-The-Crucial-Experiment-Notes.md:L566-567[U005145];BACK-MATTER/NOTES/02-The-Crucial-Experiment-Notes.md:L568-572[U005146],"***Center column.*** The pictures below show the excess of black over white cells in the center column. Out of the first 100,000 cells, a total of 50,098 are black, and out of the…",WEAK
L0064,B0064,BACK-MATTER/NOTES/02-The-Crucial-Experiment-Notes.md:L577-578[U005149],■ **Page 32 · Rule 110.** Many more details of rule 110 are discussed on pages 229 and 675. Localized structures that can occur are shown on page 292. Note that of the 8 cases in…,RESOLVED
L0065,B0065,BACK-MATTER/NOTES/02-The-Crucial-Experiment-Notes.md:L623-624[U005172];BACK-MATTER/NOTES/02-The-Crucial-Experiment-Notes.md:L625-626[U005173];BACK-MATTER/NOTES/02-The-Crucial-Experiment-Notes.md:L627-628[U005174];BACK-MATTER/NOTES/02-The-Crucial-Experiment-Notes.md:L629-630[U005175];BACK-MATTER/NOTES/02-The-Crucial-Experiment-Notes.md:L631-632[U005176];BACK-MATTER/NOTES/02-The-Crucial-Experiment-Notes.md:L633-634[U005177],"*1200 BC (Greek).* The back of a clay accounting tablet from Pylos, Greece. The pattern was presumably made by the procedure shown below. Legend has it that it was the plan for th…",WEAK
L0066,B0066,BACK-MATTER/NOTES/02-The-Crucial-Experiment-Notes.md:L635-636[U005178],"*900 BC (Phoenician).* Ivory carving presumably from the Mediterranean area. (Now in the British Museum.) This was a common decorative pattern, formed by drawing circles centered…",WEAK
L0067,B0067,BACK-MATTER/NOTES/02-The-Crucial-Experiment-Notes.md:L637-638[U005179];BACK-MATTER/NOTES/02-The-Crucial-Experiment-Notes.md:L639-640[U005180];BACK-MATTER/NOTES/02-The-Crucial-Experiment-Notes.md:L641-642[U005181];BACK-MATTER/NOTES/02-The-Crucial-Experiment-Notes.md:L643-644[U005182];BACK-MATTER/NOTES/02-The-Crucial-Experiment-Notes.md:L645-646[U005183],"*1st century BC (Celtic).* The back of the so-called Desborough Mirror—a bronze mirror from Desborough, England made in the Iron Age sometime between 50 BC and 50 AD. (Now in the…",WEAK
L0068,B0068,BACK-MATTER/NOTES/02-The-Crucial-Experiment-Notes.md:L647-648[U005184];BACK-MATTER/NOTES/02-The-Crucial-Experiment-Notes.md:L649-650[U005185];BACK-MATTER/NOTES/02-The-Crucial-Experiment-Notes.md:L651-652[U005186];BACK-MATTER/NOTES/02-The-Crucial-Experiment-Notes.md:L653-654[U005187];BACK-MATTER/NOTES/02-The-Crucial-Experiment-Notes.md:L655-656[U005188],"*2nd century AD (Roman).* A mosaic from a complex in Rome, Italy. (Now in the National Museum, Rome.) The geometrical pattern was presumably made by first constructing 48 regularl…",WEAK
L0069,B0069,BACK-MATTER/NOTES/02-The-Crucial-Experiment-Notes.md:L665-666[U005193];BACK-MATTER/NOTES/02-The-Crucial-Experiment-Notes.md:L669-670[U005195];BACK-MATTER/NOTES/02-The-Crucial-Experiment-Notes.md:L671-672[U005196];BACK-MATTER/NOTES/02-The-Crucial-Experiment-Notes.md:L673-674[U005197];BACK-MATTER/NOTES/02-The-Crucial-Experiment-Notes.md:L675-676[U005198],"*13th century (Italian) (4 pictures).* Marble mosaics on the floor of the cathedral at Anagni, Italy, made around 1226 AD by Cosmas of the Cosmati group. (The fourth picture is a…",WEAK
L0070,B0070,BACK-MATTER/NOTES/02-The-Crucial-Experiment-Notes.md:L685-686[U005203],"*14th century (Islamic).* Tiled wall in the Alcázar of Seville, Spain, built in 1364. (The same pattern was used at about the same time in the Alhambra in Granada, Spain.) The pat…",WEAK
L0071,B0071,BACK-MATTER/NOTES/02-The-Crucial-Experiment-Notes.md:L693-694[U005207],***Architecture.*** Structures such as ziggurats and pyramids were presumably constructed by assembling collections of stones according to simple rules. The Great Pyramid in Egypt…,WEAK
L0072,B0072,BACK-MATTER/NOTES/02-The-Crucial-Experiment-Notes.md:L697-698[U005209];BACK-MATTER/NOTES/02-The-Crucial-Experiment-Notes.md:L699-700[U005210];BACK-MATTER/NOTES/02-The-Crucial-Experiment-Notes.md:L701-702[U005211];BACK-MATTER/NOTES/02-The-Crucial-Experiment-Notes.md:L703-704[U005212],"***Rope.*** Since at least 3000 BC rope has been made by twisting together strands themselves made by twisting, yielding cross-sections with some nesting, as in the second picture…",WEAK
L0073,B0073,BACK-MATTER/NOTES/02-The-Crucial-Experiment-Notes.md:L715-716[U005218],***Poetry.*** Definite rules for rhythm in poetry were already well developed in antiquity—and by perhaps 200 BC Indian work on enumerating their possible forms appears to have le…,WEAK
L0074,B0074,BACK-MATTER/NOTES/02-The-Crucial-Experiment-Notes.md:L715-716[U005218],***Poetry.*** Definite rules for rhythm in poetry were already well developed in antiquity—and by perhaps 200 BC Indian work on enumerating their possible forms appears to have le…,WEAK
L0075,B0075,BACK-MATTER/NOTES/02-The-Crucial-Experiment-Notes.md:L721-722[U005221],"***Games.*** Games are normally based on definite rules, but are set up so that at each step they involve choosing one of many possibilities, either by skill or randomness. The ga…",WEAK
L0076,B0076,BACK-MATTER/NOTES/02-The-Crucial-Experiment-Notes.md:L721-722[U005221],"***Games.*** Games are normally based on definite rules, but are set up so that at each step they involve choosing one of many possibilities, either by skill or randomness. The ga…",WEAK
L0077,B0077,BACK-MATTER/NOTES/02-The-Crucial-Experiment-Notes.md:L723-724[U005222],"***Puzzles.*** Geometric and arithmetic puzzles surprisingly close to those common today seem to have existed since as long ago as 2000 BC. Usually they are based on constraints,…",WEAK
L0078,B0078,BACK-MATTER/NOTES/02-The-Crucial-Experiment-Notes.md:L729-730[U005225],"***Rule-based pictures.*** It is rather common for geometric doodles to be based on definite rules, but it is rare for the rules to be carried far, or for the doodles to be preser…",WEAK
L0079,B0079,BACK-MATTER/NOTES/02-The-Crucial-Experiment-Notes.md:L737-738[U005229];BACK-MATTER/NOTES/02-The-Crucial-Experiment-Notes.md:L739-740[U005230],The best-known way in which cellular automata were introduced (and which eventually led to their name) was through work by John von Neumann in trying to develop an abstract model…,WEAK
L0080,B0080,BACK-MATTER/NOTES/02-The-Crucial-Experiment-Notes.md:L743-744[U005232],"As mentioned in the main text, there were by the late 1950s already all sorts of general-purpose computers on which simulations of cellular automata would have been easy to perfor…",WEAK
L0081,B0081,BACK-MATTER/NOTES/02-The-Crucial-Experiment-Notes.md:L743-744[U005232];BACK-MATTER/NOTES/02-The-Crucial-Experiment-Notes.md:L819-820[U005270],"As mentioned in the main text, there were by the late 1950s already all sorts of general-purpose computers on which simulations of cellular automata would have been easy to perfor…",WEAK
L0082,B0082,BACK-MATTER/NOTES/02-The-Crucial-Experiment-Notes.md:L745-746[U005233],"Despite the lack of investigation in science, one example of a cellular automaton did enter recreational computing in a major way in the early 1970s. Apparently motivated in part…",WEAK
L0083,B0083,BACK-MATTER/NOTES/02-The-Crucial-Experiment-Notes.md:L751-752[U005236],"From at least the early 1940s, electronic or other digital delay lines or shift registers were a common way to store data such as digits of numbers, and by the late 1940s it had b…",WEAK
L0084,B0084,BACK-MATTER/NOTES/02-The-Crucial-Experiment-Notes.md:L751-752[U005236];BACK-MATTER/NOTES/02-The-Crucial-Experiment-Notes.md:L815-816[U005268],"From at least the early 1940s, electronic or other digital delay lines or shift registers were a common way to store data such as digits of numbers, and by the late 1940s it had b…",WEAK
L0085,B0085,BACK-MATTER/NOTES/02-The-Crucial-Experiment-Notes.md:L753-754[U005237],"In pure mathematics, infinite sequences of 0’s and 1’s have been considered in various forms since at least the late 1800s. Starting in the 1930s the development of symbolic dynam…",WEAK
L0086,B0086,BACK-MATTER/NOTES/02-The-Crucial-Experiment-Notes.md:L851-852[U005286];BACK-MATTER/NOTES/02-The-Crucial-Experiment-Notes.md:L855-856[U005288],"I did my first major computer experiments on cellular automata late in 1981 (see page 19). Two features initially struck me most. First, that starting from random initial conditio…",WEAK
L0087,B0087,BACK-MATTER/NOTES/02-The-Crucial-Experiment-Notes.md:L911-912[U005316],■ **Code 10.** Rule 30 is by many measures the simplest cellular automaton that generates randomness from a single black initial cell. But there are other simple examples—that his…,RESOLVED
L0088,B0088,BACK-MATTER/NOTES/02-The-Crucial-Experiment-Notes.md:L536-537[U005130];BACK-MATTER/NOTES/02-The-Crucial-Experiment-Notes.md:L544-545[U005134],![](_page_885_Picture_23.jpeg),WEAK
L0089,B0089,BACK-MATTER/NOTES/02-The-Crucial-Experiment-Notes.md:L538-539[U005131];BACK-MATTER/NOTES/02-The-Crucial-Experiment-Notes.md:L544-545[U005134],![](_page_885_Picture_24.jpeg),WEAK
L0090,B0090,BACK-MATTER/NOTES/02-The-Crucial-Experiment-Notes.md:L540-541[U005132];BACK-MATTER/NOTES/02-The-Crucial-Experiment-Notes.md:L544-545[U005134],![](_page_885_Picture_25.jpeg),WEAK
L0091,B0091,BACK-MATTER/NOTES/02-The-Crucial-Experiment-Notes.md:L542-543[U005133];BACK-MATTER/NOTES/02-The-Crucial-Experiment-Notes.md:L544-545[U005134],![](_page_885_Picture_26.jpeg),WEAK
L0092,B0092,CHAPTERS/03-The-World-of-Simple-Programs.md:L29-30[U000320];CHAPTERS/03-The-World-of-Simple-Programs.md:L39-40[U000325];CHAPTERS/03-The-World-of-Simple-Programs.md:L47-48[U000329];CHAPTERS/03-The-World-of-Simple-Programs.md:L51-52[U000331];CHAPTERS/03-The-World-of-Simple-Programs.md:L53-54[U000332];CHAPTERS/03-The-World-of-Simple-Programs.md:L55-56[U000333],The pictures below show the rules used in the four cellular automata on the facing page. The overall structure of these rules is the same in each case; what differs is the specifi…,RESOLVED
L0093,B0093,CHAPTERS/03-The-World-of-Simple-Programs.md:L31-32[U000321],![](_page_68_Picture_3.jpeg),WEAK
L0094,B0094,CHAPTERS/03-The-World-of-Simple-Programs.md:L31-32[U000321];CHAPTERS/03-The-World-of-Simple-Programs.md:L67-68[U000339];BACK-MATTER/NOTES/05-Two-Dimensions-and-Beyond-Notes.md:L151-152[U006117],![](_page_68_Picture_3.jpeg),WEAK
L0095,B0095,CHAPTERS/03-The-World-of-Simple-Programs.md:L31-32[U000321];CHAPTERS/03-The-World-of-Simple-Programs.md:L75-76[U000343];CHAPTERS/03-The-World-of-Simple-Programs.md:L651-652[U000631],![](_page_68_Picture_3.jpeg),WEAK
L0096,B0096,CHAPTERS/03-The-World-of-Simple-Programs.md:L31-32[U000321];CHAPTERS/03-The-World-of-Simple-Programs.md:L141-142[U000376],![](_page_68_Picture_3.jpeg),WEAK
L0097,B0097,CHAPTERS/03-The-World-of-Simple-Programs.md:L35-36[U000323];CHAPTERS/03-The-World-of-Simple-Programs.md:L37-38[U000324];CHAPTERS/03-The-World-of-Simple-Programs.md:L39-40[U000325],"There turn out to be a total of 256 possible sets of choices that can be made. And following my original work on cellular automata these choices can be numbered from 0 to 255, as…",RESOLVED
L0098,B0098,CHAPTERS/03-The-World-of-Simple-Programs.md:L45-46[U000328],"In the very simplest cases, all the cells in the cellular automaton end up just having the same color after one step. Thus, for example, in rules 0 and 128 all the cells become wh…",RESOLVED
L0099,B0099,CHAPTERS/03-The-World-of-Simple-Programs.md:L45-46[U000328],"In the very simplest cases, all the cells in the cellular automaton end up just having the same color after one step. Thus, for example, in rules 0 and 128 all the cells become wh…",RESOLVED
L0100,B0100,CHAPTERS/03-The-World-of-Simple-Programs.md:L45-46[U000328],"In the very simplest cases, all the cells in the cellular automaton end up just having the same color after one step. Thus, for example, in rules 0 and 128 all the cells become wh…",RESOLVED
L0101,B0101,CHAPTERS/03-The-World-of-Simple-Programs.md:L45-46[U000328],"In the very simplest cases, all the cells in the cellular automaton end up just having the same color after one step. Thus, for example, in rules 0 and 128 all the cells become wh…",RESOLVED
L0102,B0102,CHAPTERS/03-The-World-of-Simple-Programs.md:L45-46[U000328],"In the very simplest cases, all the cells in the cellular automaton end up just having the same color after one step. Thus, for example, in rules 0 and 128 all the cells become wh…",RESOLVED
L0103,B0103,CHAPTERS/03-The-World-of-Simple-Programs.md:L49-50[U000330],"Evolution of cellular automata with a sequence of different possible rules, starting in all cases from a single black cell.",RESOLVED
L0104,B0104,CHAPTERS/03-The-World-of-Simple-Programs.md:L55-56[U000333];CHAPTERS/03-The-World-of-Simple-Programs.md:L85-86[U000348],"<sup>◀</sup> The behavior of all 256 possible cellular automata with rules involving two colors and nearest neighbors. In each case, thirty steps of evolution are shown, starting…",RESOLVED
L0105,B0105,CHAPTERS/03-The-World-of-Simple-Programs.md:L57-58[U000334],"But among the rules shown on the last few pages, the single most common kind of behavior is one in which a pattern consisting of a single cell or a small group of cells persists.…",WEAK
L0106,B0106,CHAPTERS/03-The-World-of-Simple-Programs.md:L57-58[U000334],"But among the rules shown on the last few pages, the single most common kind of behavior is one in which a pattern consisting of a single cell or a small group of cells persists.…",WEAK
L0107,B0107,CHAPTERS/03-The-World-of-Simple-Programs.md:L57-58[U000334],"But among the rules shown on the last few pages, the single most common kind of behavior is one in which a pattern consisting of a single cell or a small group of cells persists.…",WEAK
L0108,B0108,CHAPTERS/03-The-World-of-Simple-Programs.md:L57-58[U000334],"But among the rules shown on the last few pages, the single most common kind of behavior is one in which a pattern consisting of a single cell or a small group of cells persists.…",WEAK
L0109,B0109,CHAPTERS/03-The-World-of-Simple-Programs.md:L59-60[U000335],"It turns out that the basic structure of the cellular automata discussed here implies that the maximum speed of any such motion must be one cell per step. And in many rules, this…",WEAK
L0110,B0110,CHAPTERS/03-The-World-of-Simple-Programs.md:L61-62[U000336],"In about two-thirds of all the cellular automata shown on the last few pages, the patterns produced remain of a fixed size. But in about one-third of cases, the patterns instead g…",WEAK
L0111,B0111,CHAPTERS/03-The-World-of-Simple-Programs.md:L61-62[U000336],"In about two-thirds of all the cellular automata shown on the last few pages, the patterns produced remain of a fixed size. But in about one-third of cases, the patterns instead g…",WEAK
L0112,B0112,CHAPTERS/03-The-World-of-Simple-Programs.md:L63-64[U000337];CHAPTERS/03-The-World-of-Simple-Programs.md:L65-66[U000338],"The most common of these are nested patterns, like those on the next page. And it turns out that although 24 rules in all yield such nested patterns, there are only three fundamen…",WEAK
L0113,B0113,CHAPTERS/03-The-World-of-Simple-Programs.md:L63-64[U000337];CHAPTERS/03-The-World-of-Simple-Programs.md:L65-66[U000338],"The most common of these are nested patterns, like those on the next page. And it turns out that although 24 rules in all yield such nested patterns, there are only three fundamen…",WEAK
L0114,B0114,CHAPTERS/03-The-World-of-Simple-Programs.md:L63-64[U000337];CHAPTERS/03-The-World-of-Simple-Programs.md:L65-66[U000338],"The most common of these are nested patterns, like those on the next page. And it turns out that although 24 rules in all yield such nested patterns, there are only three fundamen…",WEAK
L0115,B0115,CHAPTERS/03-The-World-of-Simple-Programs.md:L65-66[U000338],![](_page_73_Figure_1.jpeg),WEAK
L0116,B0116,CHAPTERS/03-The-World-of-Simple-Programs.md:L65-66[U000338],![](_page_73_Figure_1.jpeg),WEAK
L0117,B0117,CHAPTERS/03-The-World-of-Simple-Programs.md:L65-66[U000338],![](_page_73_Figure_1.jpeg),WEAK
L0118,B0118,CHAPTERS/03-The-World-of-Simple-Programs.md:L77-78[U000344];CHAPTERS/03-The-World-of-Simple-Programs.md:L79-80[U000345],![](_page_74_Picture_3.jpeg),WEAK
L0119,B0119,CHAPTERS/03-The-World-of-Simple-Programs.md:L81-82[U000346];CHAPTERS/03-The-World-of-Simple-Programs.md:L83-84[U000347],![](_page_74_Picture_5.jpeg),WEAK
L0120,B0120,CHAPTERS/03-The-World-of-Simple-Programs.md:L89-90[U000350];CHAPTERS/03-The-World-of-Simple-Programs.md:L95-96[U000353],The 256 “elementary” rules that we have discussed so far are by most measures the simplest possible—and were the first ones I studied. But one can for example also look at rules t…,RESOLVED
L0121,B0121,CHAPTERS/03-The-World-of-Simple-Programs.md:L91-92[U000351];CHAPTERS/03-The-World-of-Simple-Programs.md:L93-94[U000352];CHAPTERS/03-The-World-of-Simple-Programs.md:L95-96[U000353],"The idea of a totalistic rule is to take the new color of each cell to depend only on the average color of neighboring cells, and not on their individual colors. The picture below…",RESOLVED
L0122,B0122,CHAPTERS/03-The-World-of-Simple-Programs.md:L93-94[U000352],![](_page_75_Figure_6.jpeg),WEAK
L0123,B0123,CHAPTERS/03-The-World-of-Simple-Programs.md:L99-100[U000355];CHAPTERS/03-The-World-of-Simple-Programs.md:L101-102[U000356],![](_page_76_Figure_2.jpeg),WEAK
L0124,B0124,CHAPTERS/03-The-World-of-Simple-Programs.md:L107-108[U000359],![](_page_77_Figure_6.jpeg),WEAK
L0125,B0125,CHAPTERS/03-The-World-of-Simple-Programs.md:L107-108[U000359];CHAPTERS/03-The-World-of-Simple-Programs.md:L109-110[U000360],![](_page_77_Figure_6.jpeg),WEAK
L0126,B0126,CHAPTERS/03-The-World-of-Simple-Programs.md:L109-110[U000360],"Examples of three-color totalistic rules that yield patterns which attain a certain size, then repeat forever. The maximum repetition period is found to be 78 steps, and is achiev…",RESOLVED
L0127,B0127,CHAPTERS/03-The-World-of-Simple-Programs.md:L111-112[U000361],![](_page_78_Figure_2.jpeg),WEAK
L0128,B0128,CHAPTERS/03-The-World-of-Simple-Programs.md:L115-116[U000363];CHAPTERS/03-The-World-of-Simple-Programs.md:L117-118[U000364],![](_page_78_Figure_4.jpeg),WEAK
L0129,B0129,CHAPTERS/03-The-World-of-Simple-Programs.md:L115-116[U000363];CHAPTERS/03-The-World-of-Simple-Programs.md:L123-124[U000367],![](_page_78_Figure_4.jpeg),WEAK
L0130,B0130,CHAPTERS/03-The-World-of-Simple-Programs.md:L115-116[U000363];CHAPTERS/03-The-World-of-Simple-Programs.md:L123-124[U000367],![](_page_78_Figure_4.jpeg),WEAK
L0131,B0131,CHAPTERS/03-The-World-of-Simple-Programs.md:L115-116[U000363];CHAPTERS/03-The-World-of-Simple-Programs.md:L123-124[U000367],![](_page_78_Figure_4.jpeg),WEAK
L0132,B0132,CHAPTERS/03-The-World-of-Simple-Programs.md:L119-120[U000365],![](_page_79_Picture_2.jpeg),WEAK
L0133,B0133,CHAPTERS/03-The-World-of-Simple-Programs.md:L119-120[U000365],![](_page_79_Picture_2.jpeg),WEAK
L0134,B0134,CHAPTERS/03-The-World-of-Simple-Programs.md:L119-120[U000365],![](_page_79_Picture_2.jpeg),WEAK
L0135,B0135,CHAPTERS/03-The-World-of-Simple-Programs.md:L135-136[U000373],![](_page_81_Picture_1.jpeg),WEAK
L0136,B0136,CHAPTERS/03-The-World-of-Simple-Programs.md:L137-138[U000374];CHAPTERS/03-The-World-of-Simple-Programs.md:L143-144[U000377];CHAPTERS/03-The-World-of-Simple-Programs.md:L145-146[U000378];CHAPTERS/03-The-World-of-Simple-Programs.md:L151-152[U000381],![](_page_81_Picture_2.jpeg),WEAK
L0137,B0137,CHAPTERS/03-The-World-of-Simple-Programs.md:L139-140[U000375];CHAPTERS/03-The-World-of-Simple-Programs.md:L147-148[U000379];CHAPTERS/03-The-World-of-Simple-Programs.md:L149-150[U000380];CHAPTERS/03-The-World-of-Simple-Programs.md:L151-152[U000381],![](_page_81_Picture_3.jpeg),WEAK
L0138,B0138,CHAPTERS/03-The-World-of-Simple-Programs.md:L153-154[U000382];CHAPTERS/03-The-World-of-Simple-Programs.md:L155-156[U000383];CHAPTERS/03-The-World-of-Simple-Programs.md:L157-158[U000384];CHAPTERS/03-The-World-of-Simple-Programs.md:L163-164[U000387],"The pictures below show totalistic cellular automata whose overall patterns of growth seem, at least at first, quite complicated. But it turns out that after only about 100 steps,…",WEAK
L0139,B0139,CHAPTERS/03-The-World-of-Simple-Programs.md:L155-156[U000383];CHAPTERS/03-The-World-of-Simple-Programs.md:L157-158[U000384];CHAPTERS/03-The-World-of-Simple-Programs.md:L161-162[U000386];CHAPTERS/03-The-World-of-Simple-Programs.md:L163-164[U000387],![](_page_84_Picture_2.jpeg),WEAK
L0140,B0140,CHAPTERS/03-The-World-of-Simple-Programs.md:L155-156[U000383],![](_page_84_Picture_2.jpeg),WEAK
L0141,B0141,CHAPTERS/03-The-World-of-Simple-Programs.md:L169-170[U000390];CHAPTERS/03-The-World-of-Simple-Programs.md:L173-174[U000392];CHAPTERS/03-The-World-of-Simple-Programs.md:L183-184[U000397],"But how important is this feature in determining the overall behavior that occurs? To address this question, I consider in this section a class of systems that I call “mobile auto…",SERIOUS
L0142,B0142,CHAPTERS/03-The-World-of-Simple-Programs.md:L175-176[U000393];CHAPTERS/03-The-World-of-Simple-Programs.md:L177-178[U000394];CHAPTERS/03-The-World-of-Simple-Programs.md:L179-180[U000395];CHAPTERS/03-The-World-of-Simple-Programs.md:L183-184[U000397],![](_page_86_Picture_7.jpeg),WEAK
L0143,B0143,CHAPTERS/03-The-World-of-Simple-Programs.md:L183-184[U000397],![](_page_87_Figure_2.jpeg),WEAK
L0144,B0144,CHAPTERS/03-The-World-of-Simple-Programs.md:L191-192[U000401];CHAPTERS/03-The-World-of-Simple-Programs.md:L193-194[U000402];CHAPTERS/03-The-World-of-Simple-Programs.md:L285-286[U000448],![](_page_87_Picture_7.jpeg),WEAK
L0145,B0145,CHAPTERS/03-The-World-of-Simple-Programs.md:L197-198[U000404],One can extend the set of rules one considers by allowing not only the color of the active cell itself but also the colors of its immediate neighbors to be updated at each step. A…,SERIOUS
L0146,B0146,CHAPTERS/03-The-World-of-Simple-Programs.md:L201-202[U000406];CHAPTERS/03-The-World-of-Simple-Programs.md:L203-204[U000407];CHAPTERS/03-The-World-of-Simple-Programs.md:L205-206[U000408],![](_page_88_Picture_5.jpeg),WEAK
L0147,B0147,CHAPTERS/03-The-World-of-Simple-Programs.md:L209-210[U000410];CHAPTERS/03-The-World-of-Simple-Programs.md:L211-212[U000411];CHAPTERS/03-The-World-of-Simple-Programs.md:L213-214[U000412];CHAPTERS/03-The-World-of-Simple-Programs.md:L215-216[U000413];CHAPTERS/03-The-World-of-Simple-Programs.md:L663-664[U000637],"The overall pattern is nevertheless still very regular. But after searching through perhaps 50,000 rules, one finally comes across a rule of the kind shown below—in which the comp…",WEAK
L0148,B0148,CHAPTERS/03-The-World-of-Simple-Programs.md:L219-220[U000415];CHAPTERS/03-The-World-of-Simple-Programs.md:L223-224[U000417];CHAPTERS/03-The-World-of-Simple-Programs.md:L225-226[U000418];CHAPTERS/03-The-World-of-Simple-Programs.md:L665-666[U000638],"But even though the final pattern left behind by the active cell in the picture above seems in many respects random, the motion of the active cell itself is still quite regular. S…",WEAK
L0149,B0149,CHAPTERS/03-The-World-of-Simple-Programs.md:L231-232[U000421];CHAPTERS/03-The-World-of-Simple-Programs.md:L237-238[U000424];CHAPTERS/03-The-World-of-Simple-Programs.md:L247-248[U000429],"One can get some insight into the origin of this difference by studying a class of generalized mobile automata, that in a sense interpolate between ordinary mobile automata and ce…",SERIOUS
L0150,B0150,CHAPTERS/03-The-World-of-Simple-Programs.md:L235-236[U000423];CHAPTERS/03-The-World-of-Simple-Programs.md:L239-240[U000425],"Thus in the picture below, for example, new active cells end up being created every few steps.",WEAK
L0151,B0151,CHAPTERS/03-The-World-of-Simple-Programs.md:L247-248[U000429],![](_page_92_Figure_1.jpeg),WEAK
L0152,B0152,CHAPTERS/03-The-World-of-Simple-Programs.md:L253-254[U000432];CHAPTERS/03-The-World-of-Simple-Programs.md:L257-258[U000434],"In the history of computing, the first widely understood theoretical computer programs ever constructed were based on a class of systems now called Turing machines.",WEAK
L0153,B0153,CHAPTERS/03-The-World-of-Simple-Programs.md:L259-260[U000435];CHAPTERS/03-The-World-of-Simple-Programs.md:L261-262[U000436],![](_page_93_Picture_5.jpeg),WEAK
L0154,B0154,CHAPTERS/03-The-World-of-Simple-Programs.md:L267-268[U000439];CHAPTERS/03-The-World-of-Simple-Programs.md:L269-270[U000440],But in fact there are non-trivial Turing machines that have just two possible states and two possible colors for each cell. The pictures on the facing page show examples of some o…,RESOLVED
L0155,B0155,CHAPTERS/03-The-World-of-Simple-Programs.md:L269-270[U000440],![](_page_94_Figure_1.jpeg),WEAK
L0156,B0156,CHAPTERS/03-The-World-of-Simple-Programs.md:L275-276[U000443];CHAPTERS/03-The-World-of-Simple-Programs.md:L283-284[U000447],"With three states for the head, there are about three million possible Turing machines. But while some of these give behavior that looks slightly more complicated in detail, as in…",WEAK
L0157,B0157,CHAPTERS/03-The-World-of-Simple-Programs.md:L277-278[U000444];CHAPTERS/03-The-World-of-Simple-Programs.md:L283-284[U000447],"With four states, however, more complicated behavior immediately becomes possible. Indeed, in about five out of every million rules of this kind, one gets patterns with features t…",WEAK
L0158,B0158,CHAPTERS/03-The-World-of-Simple-Programs.md:L283-284[U000447],![](_page_95_Figure_2.jpeg),WEAK
L0159,B0159,CHAPTERS/03-The-World-of-Simple-Programs.md:L283-284[U000447];CHAPTERS/03-The-World-of-Simple-Programs.md:L285-286[U000448],![](_page_95_Figure_2.jpeg),WEAK
L0160,B0160,CHAPTERS/03-The-World-of-Simple-Programs.md:L287-288[U000449];CHAPTERS/03-The-World-of-Simple-Programs.md:L289-290[U000450];CHAPTERS/03-The-World-of-Simple-Programs.md:L291-292[U000451],![](_page_96_Picture_2.jpeg),WEAK
L0161,B0161,CHAPTERS/03-The-World-of-Simple-Programs.md:L299-300[U000455];CHAPTERS/03-The-World-of-Simple-Programs.md:L375-376[U000493],"Substitution systems, however, are set up so that the number of elements can change. In the typical case illustrated below, one has a sequence of elements—each colored say black o…",SERIOUS
L0162,B0162,CHAPTERS/03-The-World-of-Simple-Programs.md:L303-304[U000457];CHAPTERS/03-The-World-of-Simple-Programs.md:L313-314[U000462];CHAPTERS/03-The-World-of-Simple-Programs.md:L315-316[U000463],![](_page_97_Picture_6.jpeg),WEAK
L0163,B0163,CHAPTERS/03-The-World-of-Simple-Programs.md:L305-306[U000458];CHAPTERS/03-The-World-of-Simple-Programs.md:L313-314[U000462];CHAPTERS/03-The-World-of-Simple-Programs.md:L315-316[U000463],![](_page_97_Picture_7.jpeg),WEAK
L0164,B0164,CHAPTERS/03-The-World-of-Simple-Programs.md:L309-310[U000460];CHAPTERS/03-The-World-of-Simple-Programs.md:L313-314[U000462],"And with these kinds of rules, the total number of elements typically grows very rapidly, so that pictures like those above quickly become rather unwieldy. But at least for these…",RESOLVED
L0165,B0165,CHAPTERS/03-The-World-of-Simple-Programs.md:L313-314[U000462],![](_page_98_Figure_2.jpeg),WEAK
L0166,B0166,CHAPTERS/03-The-World-of-Simple-Programs.md:L313-314[U000462],![](_page_98_Figure_2.jpeg),WEAK
L0167,B0167,CHAPTERS/03-The-World-of-Simple-Programs.md:L321-322[U000466];CHAPTERS/03-The-World-of-Simple-Programs.md:L329-330[U000470];CHAPTERS/03-The-World-of-Simple-Programs.md:L331-332[U000471],"The nested structure becomes even clearer if one represents elements not as boxes, but instead as branches on a tree. And with this setup the idea is to start from the trunk of th…",RESOLVED
L0168,B0168,CHAPTERS/03-The-World-of-Simple-Programs.md:L323-324[U000467],![](_page_99_Figure_1.jpeg),WEAK
L0169,B0169,CHAPTERS/03-The-World-of-Simple-Programs.md:L333-334[U000472],"To get behavior that is more complicated than simple nesting, it follows therefore that one must consider substitution systems whose rules depend not only on the color of a single…",SERIOUS
L0170,B0170,CHAPTERS/03-The-World-of-Simple-Programs.md:L335-336[U000473],![](_page_100_Picture_3.jpeg),WEAK
L0171,B0171,CHAPTERS/03-The-World-of-Simple-Programs.md:L335-336[U000473],![](_page_100_Picture_3.jpeg),WEAK
L0172,B0172,CHAPTERS/03-The-World-of-Simple-Programs.md:L343-344[U000477],"It is, however, also possible to consider substitution systems in which elements can simply disappear. If the rate of such disappearances is too large, then almost any pattern wil…",SERIOUS
L0173,B0173,CHAPTERS/03-The-World-of-Simple-Programs.md:L347-348[U000479];CHAPTERS/03-The-World-of-Simple-Programs.md:L349-350[U000480];CHAPTERS/03-The-World-of-Simple-Programs.md:L351-352[U000481];CHAPTERS/03-The-World-of-Simple-Programs.md:L353-354[U000482],![](_page_101_Picture_4.jpeg),WEAK
L0174,B0174,CHAPTERS/03-The-World-of-Simple-Programs.md:L357-358[U000484];CHAPTERS/03-The-World-of-Simple-Programs.md:L359-360[U000485];CHAPTERS/03-The-World-of-Simple-Programs.md:L361-362[U000486],"Knowing this, we might conclude that somehow substitution systems just cannot produce the kind of complexity that we have seen in systems like cellular automata. But as with mobil…",RESOLVED
L0175,B0175,CHAPTERS/03-The-World-of-Simple-Programs.md:L377-378[U000494],"But it is also possible to consider sequential substitution systems, in which the idea is instead to scan the string from left to right, looking for a particular sequence of eleme…",SERIOUS
L0176,B0176,CHAPTERS/03-The-World-of-Simple-Programs.md:L379-380[U000495],The picture below shows an example of a sequential substitution system in which the rule specifies simply that the first sequence of the form BA found at each step should be repla…,RESOLVED
L0177,B0177,CHAPTERS/03-The-World-of-Simple-Programs.md:L387-388[U000499];CHAPTERS/03-The-World-of-Simple-Programs.md:L391-392[U000501],"The picture on the next page shows a sequential substitution system with rule $\{ABA \rightarrow AAB, A \rightarrow ABA\}$ involving two possible replacements. Since the sequence…",RESOLVED
L0178,B0178,CHAPTERS/03-The-World-of-Simple-Programs.md:L399-400[U000505];CHAPTERS/03-The-World-of-Simple-Programs.md:L405-406[U000508];CHAPTERS/03-The-World-of-Simple-Programs.md:L407-408[U000509],And it turns out that if one allows more than two possible replacements then one can indeed immediately get more complex behavior. The pictures on the facing page show a few examp…,RESOLVED
L0179,B0179,CHAPTERS/03-The-World-of-Simple-Programs.md:L411-412[U000511];CHAPTERS/03-The-World-of-Simple-Programs.md:L413-414[U000512];CHAPTERS/03-The-World-of-Simple-Programs.md:L415-416[U000513];CHAPTERS/03-The-World-of-Simple-Programs.md:L417-418[U000514],![](_page_107_Picture_2.jpeg),WEAK
L0180,B0180,CHAPTERS/03-The-World-of-Simple-Programs.md:L413-414[U000512];CHAPTERS/03-The-World-of-Simple-Programs.md:L415-416[U000513];CHAPTERS/03-The-World-of-Simple-Programs.md:L419-420[U000515],![](_page_107_Picture_3.jpeg),WEAK
L0181,B0181,CHAPTERS/03-The-World-of-Simple-Programs.md:L423-424[U000517],One of the goals of this chapter is to find out just how simple the underlying structure of a system can be while the system as a whole is still capable of producing complex behav…,SERIOUS
L0182,B0182,CHAPTERS/03-The-World-of-Simple-Programs.md:L427-428[U000519];CHAPTERS/03-The-World-of-Simple-Programs.md:L429-430[U000520];CHAPTERS/03-The-World-of-Simple-Programs.md:L431-432[U000521];CHAPTERS/03-The-World-of-Simple-Programs.md:L433-434[U000522];CHAPTERS/03-The-World-of-Simple-Programs.md:L435-436[U000523];CHAPTERS/03-The-World-of-Simple-Programs.md:L437-438[U000524];CHAPTERS/03-The-World-of-Simple-Programs.md:L439-440[U000525],The pictures below show examples of tag systems in which just one element is removed at each step. And already in these systems one sometimes sees behavior that looks somewhat com…,RESOLVED
L0183,B0183,CHAPTERS/03-The-World-of-Simple-Programs.md:L429-430[U000520];CHAPTERS/03-The-World-of-Simple-Programs.md:L431-432[U000521];CHAPTERS/03-The-World-of-Simple-Programs.md:L433-434[U000522];CHAPTERS/03-The-World-of-Simple-Programs.md:L435-436[U000523],![](_page_108_Figure_5.jpeg),WEAK
L0184,B0184,CHAPTERS/03-The-World-of-Simple-Programs.md:L441-442[U000526];CHAPTERS/03-The-World-of-Simple-Programs.md:L443-444[U000527],"If two elements are removed at each step, however, then this is no longer true. And indeed, as the pictures on the next page demonstrate, the behavior that is obtained in this cas…",RESOLVED
L0185,B0185,CHAPTERS/03-The-World-of-Simple-Programs.md:L443-444[U000527];CHAPTERS/03-The-World-of-Simple-Programs.md:L445-446[U000528],![](_page_109_Figure_2.jpeg),WEAK
L0186,B0186,CHAPTERS/03-The-World-of-Simple-Programs.md:L449-450[U000530];CHAPTERS/03-The-World-of-Simple-Programs.md:L461-462[U000536];CHAPTERS/03-The-World-of-Simple-Programs.md:L465-466[U000538],The basic operation of the tag systems that we discussed in the previous section is extremely simple. But it turns out that by using a slightly different setup one can construct s…,SERIOUS
L0187,B0187,CHAPTERS/03-The-World-of-Simple-Programs.md:L451-452[U000531];CHAPTERS/03-The-World-of-Simple-Programs.md:L455-456[U000533];CHAPTERS/03-The-World-of-Simple-Programs.md:L457-458[U000534],"In the simplest case there are two possible blocks, and the rule simply alternates on successive steps between these blocks, adding a block at a particular step when the first ele…",RESOLVED
L0188,B0188,CHAPTERS/03-The-World-of-Simple-Programs.md:L463-464[U000537];CHAPTERS/03-The-World-of-Simple-Programs.md:L469-470[U000540];CHAPTERS/03-The-World-of-Simple-Programs.md:L471-472[U000541],"So what about cases (d) and (e)? In both of these, the sequences obtained at successive steps grow on average progressively longer. But if one looks at the fluctuations in this gr…",WEAK
L0189,B0189,CHAPTERS/03-The-World-of-Simple-Programs.md:L465-466[U000538],![](_page_111_Figure_1.jpeg),WEAK
L0190,B0190,CHAPTERS/03-The-World-of-Simple-Programs.md:L465-466[U000538];CHAPTERS/03-The-World-of-Simple-Programs.md:L467-468[U000539],![](_page_111_Figure_1.jpeg),WEAK
L0191,B0191,CHAPTERS/03-The-World-of-Simple-Programs.md:L465-466[U000538],![](_page_111_Figure_1.jpeg),WEAK
L0192,B0192,CHAPTERS/03-The-World-of-Simple-Programs.md:L465-466[U000538],![](_page_111_Figure_1.jpeg),WEAK
L0193,B0193,CHAPTERS/03-The-World-of-Simple-Programs.md:L475-476[U000543];CHAPTERS/03-The-World-of-Simple-Programs.md:L487-488[U000549],All of the various kinds of systems that we have discussed so far in this chapter can readily be implemented on practical computers. But none of them at an underlying level actual…,SERIOUS
L0194,B0194,CHAPTERS/03-The-World-of-Simple-Programs.md:L487-488[U000549],![](_page_113_Figure_1.jpeg),WEAK
L0195,B0195,CHAPTERS/03-The-World-of-Simple-Programs.md:L493-494[U000552],"All the register machines shown start by executing the first instruction in their programs. And with the particular programs used here, the machines are then set up just to execut…",RESOLVED
L0196,B0196,CHAPTERS/03-The-World-of-Simple-Programs.md:L497-498[U000554],"But in all these three examples, the overall behavior is essentially repetitive. And indeed it turns out that among the 10,552 possible register machines with programs that are fo…",WEAK
L0197,B0197,CHAPTERS/03-The-World-of-Simple-Programs.md:L499-500[U000555],"However, with five instructions, slightly more complicated behavior becomes possible, as the picture below shows. But even in this example, there is still a highly regular nested…",WEAK
L0198,B0198,CHAPTERS/03-The-World-of-Simple-Programs.md:L505-506[U000558];CHAPTERS/03-The-World-of-Simple-Programs.md:L507-508[U000559],"And it turns out that even with up to seven instructions, none of the 276,224,376 programs that are possible lead to substantially more complicated behavior. But with eight instru…",WEAK
L0199,B0199,CHAPTERS/03-The-World-of-Simple-Programs.md:L509-510[U000560],"A register machine whose behavior seems in some ways random. The program for this register machine is eight instructions long. Testing all 11,019,960,576 possible programs of leng…",RESOLVED
L0200,B0200,CHAPTERS/03-The-World-of-Simple-Programs.md:L509-510[U000560],"A register machine whose behavior seems in some ways random. The program for this register machine is eight instructions long. Testing all 11,019,960,576 possible programs of leng…",RESOLVED
L0201,B0201,CHAPTERS/03-The-World-of-Simple-Programs.md:L519-520[U000565],"An obvious possibility is to allow more than two registers. But it turns out that very little is normally gained by doing this. With three registers, for example, seemingly random…",RESOLVED
L0202,B0202,CHAPTERS/03-The-World-of-Simple-Programs.md:L521-522[U000566],Another way to set up more complicated register machines is to extend the kinds of underlying instructions one allows. One can for example introduce instructions that refer to two…,SERIOUS
L0203,B0203,CHAPTERS/03-The-World-of-Simple-Programs.md:L531-532[U000571],Register machines provide simple idealizations of typical low-level computer languages. But what about *Mathematica*? How can one set up a simple idealization of the transformatio…,SERIOUS
L0204,B0204,CHAPTERS/03-The-World-of-Simple-Programs.md:L531-532[U000571];CHAPTERS/03-The-World-of-Simple-Programs.md:L535-536[U000573];CHAPTERS/03-The-World-of-Simple-Programs.md:L541-542[U000576];CHAPTERS/03-The-World-of-Simple-Programs.md:L543-544[U000577];CHAPTERS/03-The-World-of-Simple-Programs.md:L545-546[U000578];CHAPTERS/03-The-World-of-Simple-Programs.md:L547-548[U000579],Register machines provide simple idealizations of typical low-level computer languages. But what about *Mathematica*? How can one set up a simple idealization of the transformatio…,RESOLVED
L0205,B0205,CHAPTERS/03-The-World-of-Simple-Programs.md:L539-540[U000575];CHAPTERS/03-The-World-of-Simple-Programs.md:L541-542[U000576];CHAPTERS/03-The-World-of-Simple-Programs.md:L543-544[U000577];CHAPTERS/03-The-World-of-Simple-Programs.md:L545-546[U000578];CHAPTERS/03-The-World-of-Simple-Programs.md:L547-548[U000579],The structure of expressions like those on the facing page is determined just by their sequence of opening and closing brackets. And representing these brackets by dark and light…,RESOLVED
L0206,B0206,CHAPTERS/03-The-World-of-Simple-Programs.md:L541-542[U000576];CHAPTERS/03-The-World-of-Simple-Programs.md:L543-544[U000577];CHAPTERS/03-The-World-of-Simple-Programs.md:L545-546[U000578];CHAPTERS/03-The-World-of-Simple-Programs.md:L547-548[U000579];CHAPTERS/03-The-World-of-Simple-Programs.md:L549-550[U000580];CHAPTERS/03-The-World-of-Simple-Programs.md:L551-552[U000581],![](_page_118_Picture_3.jpeg),WEAK
L0207,B0207,CHAPTERS/03-The-World-of-Simple-Programs.md:L553-554[U000582];CHAPTERS/03-The-World-of-Simple-Programs.md:L555-556[U000583],"But it is quite possible to find symbolic systems where this does not happen, as illustrated in the pictures below. Sometimes the behavior that is generated in such systems has a…",WEAK
L0208,B0208,CHAPTERS/03-The-World-of-Simple-Programs.md:L555-556[U000583];CHAPTERS/03-The-World-of-Simple-Programs.md:L557-558[U000584],![](_page_119_Figure_3.jpeg),WEAK
L0209,B0209,CHAPTERS/03-The-World-of-Simple-Programs.md:L591-592[U000601];CHAPTERS/03-The-World-of-Simple-Programs.md:L593-594[U000602],![](_page_122_Figure_2.jpeg),WEAK
L0210,B0210,CHAPTERS/03-The-World-of-Simple-Programs.md:L649-650[U000630],But in fact I did not make this discovery in such a straightforward way. I had the idea of looking at pictures of cellular automaton evolution at the very beginning. But the techn…,WEAK
L0211,B0211,CHAPTERS/03-The-World-of-Simple-Programs.md:L651-652[U000631],"Among these rules I found examples of repetition and nesting. And with random initial conditions, I found more complicated behavior. But since I did not expect that any complicate…",WEAK
L0212,B0212,BACK-MATTER/NOTES/03-The-World-of-Simple-Programs-Notes.md:L7-8[U005322];BACK-MATTER/NOTES/03-The-World-of-Simple-Programs-Notes.md:L9-10[U005323],■ **Page 55 · Rule equivalences.** The table below gives basic equivalences between elementary cellular automaton rules. In each block the second entry is the rule obtained by int…,RESOLVED
L0213,B0213,BACK-MATTER/NOTES/03-The-World-of-Simple-Programs-Notes.md:L11-12[U005324],■ **Special rules.** Rule 51: complement; rule 170: left shift; rule 204: identity; rule 240: right shift. These rules only ever depend on one cell in each neighborhood.,RESOLVED
L0214,B0214,BACK-MATTER/NOTES/03-The-World-of-Simple-Programs-Notes.md:L11-12[U005324],■ **Special rules.** Rule 51: complement; rule 170: left shift; rule 204: identity; rule 240: right shift. These rules only ever depend on one cell in each neighborhood.,RESOLVED
L0215,B0215,BACK-MATTER/NOTES/03-The-World-of-Simple-Programs-Notes.md:L11-12[U005324],■ **Special rules.** Rule 51: complement; rule 170: left shift; rule 204: identity; rule 240: right shift. These rules only ever depend on one cell in each neighborhood.,RESOLVED
L0216,B0216,BACK-MATTER/NOTES/03-The-World-of-Simple-Programs-Notes.md:L11-12[U005324],■ **Special rules.** Rule 51: complement; rule 170: left shift; rule 204: identity; rule 240: right shift. These rules only ever depend on one cell in each neighborhood.,RESOLVED
L0217,B0217,BACK-MATTER/NOTES/03-The-World-of-Simple-Programs-Notes.md:L13-14[U005325];BACK-MATTER/NOTES/03-The-World-of-Simple-Programs-Notes.md:L15-81[U005326],■ **Rule expressions.** The table on the next page gives Boolean expressions for each of the elementary rules. The expressions,RESOLVED
L0218,B0218,BACK-MATTER/NOTES/03-The-World-of-Simple-Programs-Notes.md:L15-81[U005326];BACK-MATTER/NOTES/03-The-World-of-Simple-Programs-Notes.md:L88-89[U005330],```text rule 0: 0 | rule 64: p ∧ q ∧ (¬ r) | rule 128: p ∧ q ∧ r | rule 192: p ∧ q rule 1: ¬ (p ∨ q ∨ r) | rule 65: ¬ ((p ⊻ q) ∨ r) | rule 129: ¬ ((p ⊻ q) ∨ (p ⊻ r)) | rule 193: p…,RESOLVED
L0219,B0219,BACK-MATTER/NOTES/03-The-World-of-Simple-Programs-Notes.md:L15-81[U005326];BACK-MATTER/NOTES/03-The-World-of-Simple-Programs-Notes.md:L90-91[U005331],```text rule 0: 0 | rule 64: p ∧ q ∧ (¬ r) | rule 128: p ∧ q ∧ r | rule 192: p ∧ q rule 1: ¬ (p ∨ q ∨ r) | rule 65: ¬ ((p ⊻ q) ∨ r) | rule 129: ¬ ((p ⊻ q) ∨ (p ⊻ r)) | rule 193: p…,RESOLVED
L0220,B0220,BACK-MATTER/NOTES/03-The-World-of-Simple-Programs-Notes.md:L15-81[U005326];BACK-MATTER/NOTES/03-The-World-of-Simple-Programs-Notes.md:L92-93[U005332],```text rule 0: 0 | rule 64: p ∧ q ∧ (¬ r) | rule 128: p ∧ q ∧ r | rule 192: p ∧ q rule 1: ¬ (p ∨ q ∨ r) | rule 65: ¬ ((p ⊻ q) ∨ r) | rule 129: ¬ ((p ⊻ q) ∨ (p ⊻ r)) | rule 193: p…,RESOLVED
L0221,B0221,BACK-MATTER/NOTES/03-The-World-of-Simple-Programs-Notes.md:L15-81[U005326];BACK-MATTER/NOTES/03-The-World-of-Simple-Programs-Notes.md:L94-95[U005333],```text rule 0: 0 | rule 64: p ∧ q ∧ (¬ r) | rule 128: p ∧ q ∧ r | rule 192: p ∧ q rule 1: ¬ (p ∨ q ∨ r) | rule 65: ¬ ((p ⊻ q) ∨ r) | rule 129: ¬ ((p ⊻ q) ∨ (p ⊻ r)) | rule 193: p…,RESOLVED
L0222,B0222,BACK-MATTER/NOTES/03-The-World-of-Simple-Programs-Notes.md:L15-81[U005326];BACK-MATTER/NOTES/03-The-World-of-Simple-Programs-Notes.md:L96-97[U005334];BACK-MATTER/NOTES/03-The-World-of-Simple-Programs-Notes.md:L102-103[U005337],```text rule 0: 0 | rule 64: p ∧ q ∧ (¬ r) | rule 128: p ∧ q ∧ r | rule 192: p ∧ q rule 1: ¬ (p ∨ q ∨ r) | rule 65: ¬ ((p ⊻ q) ∨ r) | rule 129: ¬ ((p ⊻ q) ∨ (p ⊻ r)) | rule 193: p…,RESOLVED
L0223,B0223,BACK-MATTER/NOTES/03-The-World-of-Simple-Programs-Notes.md:L15-81[U005326];BACK-MATTER/NOTES/03-The-World-of-Simple-Programs-Notes.md:L98-99[U005335],```text rule 0: 0 | rule 64: p ∧ q ∧ (¬ r) | rule 128: p ∧ q ∧ r | rule 192: p ∧ q rule 1: ¬ (p ∨ q ∨ r) | rule 65: ¬ ((p ⊻ q) ∨ r) | rule 129: ¬ ((p ⊻ q) ∨ (p ⊻ r)) | rule 193: p…,RESOLVED
L0224,B0224,BACK-MATTER/NOTES/03-The-World-of-Simple-Programs-Notes.md:L15-81[U005326];BACK-MATTER/NOTES/03-The-World-of-Simple-Programs-Notes.md:L119-120[U005344],```text rule 0: 0 | rule 64: p ∧ q ∧ (¬ r) | rule 128: p ∧ q ∧ r | rule 192: p ∧ q rule 1: ¬ (p ∨ q ∨ r) | rule 65: ¬ ((p ⊻ q) ∨ r) | rule 129: ¬ ((p ⊻ q) ∨ (p ⊻ r)) | rule 193: p…,RESOLVED
L0225,B0225,BACK-MATTER/NOTES/03-The-World-of-Simple-Programs-Notes.md:L15-81[U005326];BACK-MATTER/NOTES/03-The-World-of-Simple-Programs-Notes.md:L121-122[U005345],```text rule 0: 0 | rule 64: p ∧ q ∧ (¬ r) | rule 128: p ∧ q ∧ r | rule 192: p ∧ q rule 1: ¬ (p ∨ q ∨ r) | rule 65: ¬ ((p ⊻ q) ∨ r) | rule 129: ¬ ((p ⊻ q) ∨ (p ⊻ r)) | rule 193: p…,RESOLVED
L0226,B0226,BACK-MATTER/NOTES/03-The-World-of-Simple-Programs-Notes.md:L15-81[U005326];BACK-MATTER/NOTES/03-The-World-of-Simple-Programs-Notes.md:L123-124[U005346],```text rule 0: 0 | rule 64: p ∧ q ∧ (¬ r) | rule 128: p ∧ q ∧ r | rule 192: p ∧ q rule 1: ¬ (p ∨ q ∨ r) | rule 65: ¬ ((p ⊻ q) ∨ r) | rule 129: ¬ ((p ⊻ q) ∨ (p ⊻ r)) | rule 193: p…,RESOLVED
L0227,B0227,BACK-MATTER/NOTES/03-The-World-of-Simple-Programs-Notes.md:L102-103[U005337];BACK-MATTER/NOTES/03-The-World-of-Simple-Programs-Notes.md:L104-108[U005338],"■ **Rule 150.** This rule can be viewed as an analog of rule 90 in which the values of three cells, rather than two, are added modulo 2. Corresponding to the result on page 870 fo…",RESOLVED
L0228,B0228,BACK-MATTER/NOTES/03-The-World-of-Simple-Programs-Notes.md:L109-110[U005339],"There are a total of `2^m Fibonacci[m + 2]` black cells in the pattern obtained up to step `2^m`, implying fractal dimension `Log[2, 1 + Sqrt[5]]`. (See also page 956.)",WEAK
L0229,B0229,BACK-MATTER/NOTES/03-The-World-of-Simple-Programs-Notes.md:L111-112[U005340],"The value at step *t* in the column immediately adjacent to the center is the nested sequence discussed on page 892 and given by `Mod[IntegerExponent[t, 2], 2]`. The cell at posit…",RESOLVED
L0230,B0230,BACK-MATTER/NOTES/03-The-World-of-Simple-Programs-Notes.md:L111-112[U005340],"The value at step *t* in the column immediately adjacent to the center is the nested sequence discussed on page 892 and given by `Mod[IntegerExponent[t, 2], 2]`. The cell at posit…",RESOLVED
L0231,B0231,BACK-MATTER/NOTES/03-The-World-of-Simple-Programs-Notes.md:L135-136[U005352];BACK-MATTER/NOTES/03-The-World-of-Simple-Programs-Notes.md:L137-138[U005353];BACK-MATTER/NOTES/03-The-World-of-Simple-Programs-Notes.md:L139-140[U005354];BACK-MATTER/NOTES/03-The-World-of-Simple-Programs-Notes.md:L141-142[U005355];BACK-MATTER/NOTES/03-The-World-of-Simple-Programs-Notes.md:L143-144[U005356];BACK-MATTER/NOTES/03-The-World-of-Simple-Programs-Notes.md:L149-152[U005359],"■ **Two-cell neighborhoods.** By having cells on successive steps be arranged like hexagons or staggered bricks, as in the pictures below, one can set up cellular automata in whic…",SERIOUS
L0232,B0232,BACK-MATTER/NOTES/03-The-World-of-Simple-Programs-Notes.md:L143-144[U005356];BACK-MATTER/NOTES/03-The-World-of-Simple-Programs-Notes.md:L145-146[U005357],"With *k* possible colors for each cell, there are a total of `k^(k^2)` possible rules of this type, each specified by a `k^2`-digit number in base *k* (7743 for the rule shown abo…",RESOLVED
L0233,B0233,BACK-MATTER/NOTES/03-The-World-of-Simple-Programs-Notes.md:L145-146[U005357],![](_page_901_Picture_1.jpeg),WEAK
L0234,B0234,BACK-MATTER/NOTES/03-The-World-of-Simple-Programs-Notes.md:L145-146[U005357],![](_page_901_Picture_1.jpeg),WEAK
L0235,B0235,BACK-MATTER/NOTES/03-The-World-of-Simple-Programs-Notes.md:L145-146[U005357],![](_page_901_Picture_1.jpeg),WEAK
L0236,B0236,BACK-MATTER/NOTES/03-The-World-of-Simple-Programs-Notes.md:L145-146[U005357],![](_page_901_Picture_1.jpeg),WEAK
L0237,B0237,BACK-MATTER/NOTES/03-The-World-of-Simple-Programs-Notes.md:L145-146[U005357],![](_page_901_Picture_1.jpeg),WEAK
L0238,B0238,BACK-MATTER/NOTES/03-The-World-of-Simple-Programs-Notes.md:L145-146[U005357],![](_page_901_Picture_1.jpeg),WEAK
L0239,B0239,BACK-MATTER/NOTES/03-The-World-of-Simple-Programs-Notes.md:L145-146[U005357],![](_page_901_Picture_1.jpeg),WEAK
L0240,B0240,BACK-MATTER/NOTES/03-The-World-of-Simple-Programs-Notes.md:L145-146[U005357],![](_page_901_Picture_1.jpeg),WEAK
L0241,B0241,BACK-MATTER/NOTES/03-The-World-of-Simple-Programs-Notes.md:L153-154[U005360];BACK-MATTER/NOTES/03-The-World-of-Simple-Programs-Notes.md:L157-161[U005362],"■ **Page 60 · Numbers of rules.** Allowing *k* possible colors for each cell and considering *r* neighbors on each side, there are `k^(k^(2 r + 1))` possible cellular automaton ru…",RESOLVED
L0242,B0242,BACK-MATTER/NOTES/03-The-World-of-Simple-Programs-Notes.md:L164-165[U005364];BACK-MATTER/NOTES/03-The-World-of-Simple-Programs-Notes.md:L166-170[U005365];BACK-MATTER/NOTES/03-The-World-of-Simple-Programs-Notes.md:L173-177[U005367];BACK-MATTER/NOTES/03-The-World-of-Simple-Programs-Notes.md:L180-185[U005369],"■ **Implementation of totalistic cellular automata.** To handle totalistic rules that involve *k* colors and nearest neighbors, one can add the definition",RESOLVED
L0243,B0243,BACK-MATTER/NOTES/03-The-World-of-Simple-Programs-Notes.md:L188-189[U005371],"■ **Page 63 · Mod 3 rule.** Code 420 is an example of an additive rule, and yields a pattern corresponding to Pascal’s triangle modulo 3, as discussed on page 870.",RESOLVED
L0244,B0244,BACK-MATTER/NOTES/03-The-World-of-Simple-Programs-Notes.md:L190-191[U005372],"■ **Compositions of cellular automata.** One way to construct more complicated rules is from compositions of simpler rules. One can, for example, consider each step applying first…",SERIOUS
L0245,B0245,BACK-MATTER/NOTES/03-The-World-of-Simple-Programs-Notes.md:L192-193[U005373];BACK-MATTER/NOTES/03-The-World-of-Simple-Programs-Notes.md:L194-197[U005374];BACK-MATTER/NOTES/03-The-World-of-Simple-Programs-Notes.md:L198-199[U005375],"■ **Rules based on algebraic systems.** If the values of cells are taken to be elements of some finite algebraic system, then one can set up a cellular automaton with rule",SERIOUS
L0246,B0246,BACK-MATTER/NOTES/03-The-World-of-Simple-Programs-Notes.md:L200-201[U005376];BACK-MATTER/NOTES/03-The-World-of-Simple-Programs-Notes.md:L202-203[U005377],"The pictures below show results with *f* being `Times`, and cells having values (a) `{1, -1}`, (b) the unit complex numbers `{1, i, -1, -i}`, (c) the unit quaternions.",RESOLVED
L0247,B0247,BACK-MATTER/NOTES/03-The-World-of-Simple-Programs-Notes.md:L200-201[U005376];BACK-MATTER/NOTES/03-The-World-of-Simple-Programs-Notes.md:L204-205[U005378],"The pictures below show results with *f* being `Times`, and cells having values (a) `{1, -1}`, (b) the unit complex numbers `{1, i, -1, -i}`, (c) the unit quaternions.",RESOLVED
L0248,B0248,BACK-MATTER/NOTES/03-The-World-of-Simple-Programs-Notes.md:L200-201[U005376];BACK-MATTER/NOTES/03-The-World-of-Simple-Programs-Notes.md:L206-207[U005379],"The pictures below show results with *f* being `Times`, and cells having values (a) `{1, -1}`, (b) the unit complex numbers `{1, i, -1, -i}`, (c) the unit quaternions.",RESOLVED
L0249,B0249,BACK-MATTER/NOTES/03-The-World-of-Simple-Programs-Notes.md:L208-209[U005380];BACK-MATTER/NOTES/03-The-World-of-Simple-Programs-Notes.md:L210-211[U005381],"In general, with *n* elements *f* can be specified by an *n* × *n* “multiplication table”. For *n* = 2, the patterns obtained are at most nested. Pictures (a) and (b) below howeve…",RESOLVED
L0250,B0250,BACK-MATTER/NOTES/03-The-World-of-Simple-Programs-Notes.md:L208-209[U005380];BACK-MATTER/NOTES/03-The-World-of-Simple-Programs-Notes.md:L212-213[U005382],"In general, with *n* elements *f* can be specified by an *n* × *n* “multiplication table”. For *n* = 2, the patterns obtained are at most nested. Pictures (a) and (b) below howeve…",RESOLVED
L0251,B0251,BACK-MATTER/NOTES/03-The-World-of-Simple-Programs-Notes.md:L214-215[U005383];BACK-MATTER/NOTES/03-The-World-of-Simple-Programs-Notes.md:L218-219[U005385];BACK-MATTER/NOTES/03-The-World-of-Simple-Programs-Notes.md:L220-224[U005386];BACK-MATTER/NOTES/03-The-World-of-Simple-Programs-Notes.md:L225-226[U005387],![](_page_901_Picture_27.jpeg),WEAK
L0252,B0252,BACK-MATTER/NOTES/03-The-World-of-Simple-Programs-Notes.md:L229-230[U005389];BACK-MATTER/NOTES/03-The-World-of-Simple-Programs-Notes.md:L239-244[U005392];BACK-MATTER/NOTES/03-The-World-of-Simple-Programs-Notes.md:L247-251[U005394],"■ **Implementation.** The state of a mobile automaton at a particular step can conveniently be represented by a pair `{list, n}`, where `list` gives the values of the cells, and `…",RESOLVED
L0253,B0253,BACK-MATTER/NOTES/03-The-World-of-Simple-Programs-Notes.md:L231-236[U005390],"``` {{1, 1, 1} -> {0, 1}, {1, 1, 0} -> {0, 1}, {1, 0, 1} -> {1, -1}, {1, 0, 0} -> {0, -1}, {0, 1, 1} -> {0, -1}, {0, 1, 0} -> {0, 1}, {0, 0, 1} -> {1, 1}, {0, 0, 0} -> {1, -1}} ```",RESOLVED
L0254,B0254,BACK-MATTER/NOTES/03-The-World-of-Simple-Programs-Notes.md:L254-255[U005396];BACK-MATTER/NOTES/03-The-World-of-Simple-Programs-Notes.md:L256-262[U005397];BACK-MATTER/NOTES/03-The-World-of-Simple-Programs-Notes.md:L265-270[U005399],"For the mobile automaton on page 73, the rule can be given as",RESOLVED
L0255,B0255,BACK-MATTER/NOTES/03-The-World-of-Simple-Programs-Notes.md:L283-284[U005406];BACK-MATTER/NOTES/03-The-World-of-Simple-Programs-Notes.md:L285-291[U005407],"■ **Implementation of generalized mobile automata.** The state of a generalized mobile automaton at a particular step can be specified by `{list, nlist}`, where `list` gives the v…",RESOLVED
L0256,B0256,BACK-MATTER/NOTES/03-The-World-of-Simple-Programs-Notes.md:L294-295[U005409];BACK-MATTER/NOTES/03-The-World-of-Simple-Programs-Notes.md:L305-310[U005413];BACK-MATTER/NOTES/03-The-World-of-Simple-Programs-Notes.md:L313-317[U005415];BACK-MATTER/NOTES/03-The-World-of-Simple-Programs-Notes.md:L320-326[U005417];BACK-MATTER/NOTES/03-The-World-of-Simple-Programs-Notes.md:L329-333[U005419],"■ **Implementation.** The state of a Turing machine at a particular step can be represented by the triple `{s, list, n}`, where `s` gives the state of the head, `list` gives the v…",RESOLVED
L0257,B0257,BACK-MATTER/NOTES/03-The-World-of-Simple-Programs-Notes.md:L296-300[U005410];BACK-MATTER/NOTES/03-The-World-of-Simple-Programs-Notes.md:L301-302[U005411],"``` {{1, 0} -> {3, 1, -1}, {1, 1} -> {2, 0, 1}, {2, 0} -> {1, 1, 1}, {2, 1} -> {3, 1, 1}, {3, 0} -> {2, 1, 1}, {3, 1} -> {1, 0, -1}} ```",RESOLVED
L0258,B0258,BACK-MATTER/NOTES/03-The-World-of-Simple-Programs-Notes.md:L336-337[U005421];BACK-MATTER/NOTES/03-The-World-of-Simple-Programs-Notes.md:L338-343[U005422],■ **Numbering scheme.** One can number Turing machines and get their rules using,RESOLVED
L0259,B0259,BACK-MATTER/NOTES/03-The-World-of-Simple-Programs-Notes.md:L346-347[U005424],"■ **Page 79 · Counter machine.** Turing machine (f) operates like a base 2 counter: at steps where its head is at the leftmost position, the colors of the cells correspond to the…",RESOLVED
L0260,B0260,BACK-MATTER/NOTES/03-The-World-of-Simple-Programs-Notes.md:L356-357[U005429];BACK-MATTER/NOTES/03-The-World-of-Simple-Programs-Notes.md:L358-359[U005430];BACK-MATTER/NOTES/03-The-World-of-Simple-Programs-Notes.md:L360-361[U005431];BACK-MATTER/NOTES/03-The-World-of-Simple-Programs-Notes.md:L362-363[U005432];BACK-MATTER/NOTES/03-The-World-of-Simple-Programs-Notes.md:L364-365[U005433];BACK-MATTER/NOTES/03-The-World-of-Simple-Programs-Notes.md:L366-367[U005434],"■ **Localized structures.** Even when the overall behavior of a Turing machine is complicated, it is possible for simple localized structures to exist, much as in cellular automat…",WEAK
L0261,B0261,BACK-MATTER/NOTES/03-The-World-of-Simple-Programs-Notes.md:L372-373[U005437];BACK-MATTER/NOTES/03-The-World-of-Simple-Programs-Notes.md:L376-377[U005439],"As an offshoot of abstract studies of Turing machines, Tibor Radó in 1962 formulated what he called the Busy Beaver Problem: to find a Turing machine with a specified number of st…",WEAK
L0262,B0262,BACK-MATTER/NOTES/03-The-World-of-Simple-Programs-Notes.md:L372-373[U005437];BACK-MATTER/NOTES/03-The-World-of-Simple-Programs-Notes.md:L374-375[U005438],"As an offshoot of abstract studies of Turing machines, Tibor Radó in 1962 formulated what he called the Busy Beaver Problem: to find a Turing machine with a specified number of st…",WEAK
L0263,B0263,BACK-MATTER/NOTES/03-The-World-of-Simple-Programs-Notes.md:L372-373[U005437];BACK-MATTER/NOTES/03-The-World-of-Simple-Programs-Notes.md:L374-375[U005438],"As an offshoot of abstract studies of Turing machines, Tibor Radó in 1962 formulated what he called the Busy Beaver Problem: to find a Turing machine with a specified number of st…",WEAK
L0264,B0264,BACK-MATTER/NOTES/03-The-World-of-Simple-Programs-Notes.md:L372-373[U005437];BACK-MATTER/NOTES/03-The-World-of-Simple-Programs-Notes.md:L374-375[U005438],"As an offshoot of abstract studies of Turing machines, Tibor Radó in 1962 formulated what he called the Busy Beaver Problem: to find a Turing machine with a specified number of st…",WEAK
L0265,B0265,BACK-MATTER/NOTES/03-The-World-of-Simple-Programs-Notes.md:L376-377[U005439];BACK-MATTER/NOTES/03-The-World-of-Simple-Programs-Notes.md:L378-379[U005440],"The result for 5 states is still unknown, but a machine taking 47,176,870 steps and leaving 4098 black cells was found by Heiner Marxen and Jürgen Buntrock in 1990. Its rule is:",RESOLVED
L0266,B0266,BACK-MATTER/NOTES/03-The-World-of-Simple-Programs-Notes.md:L390-391[U005446];BACK-MATTER/NOTES/03-The-World-of-Simple-Programs-Notes.md:L392-396[U005447];BACK-MATTER/NOTES/03-The-World-of-Simple-Programs-Notes.md:L401-405[U005450],"■ **Implementation.** The rule for a neighbor-independent substitution system such as the first one on page 82 can conveniently be given as `{1 -> {1, 0}, 0 -> {0, 1}}`. And with…",RESOLVED
L0267,B0267,BACK-MATTER/NOTES/03-The-World-of-Simple-Programs-Notes.md:L406-407[U005451];BACK-MATTER/NOTES/03-The-World-of-Simple-Programs-Notes.md:L408-411[U005452];BACK-MATTER/NOTES/03-The-World-of-Simple-Programs-Notes.md:L414-418[U005454],For a neighbor-dependent substitution system such as the first one on page 85 the rule can be given as,RESOLVED
L0268,B0268,BACK-MATTER/NOTES/03-The-World-of-Simple-Programs-Notes.md:L423-424[U005457],"▪ **(a) (Successive digits sequence).** The sequence produced is repetitive, with the element at position *n* being black for *n* odd and white for *n* even. There are a total of…",RESOLVED
L0269,B0269,BACK-MATTER/NOTES/03-The-World-of-Simple-Programs-Notes.md:L425-426[U005458];BACK-MATTER/NOTES/03-The-World-of-Simple-Programs-Notes.md:L427-430[U005459];BACK-MATTER/NOTES/03-The-World-of-Simple-Programs-Notes.md:L433-437[U005461],"▪ **(b) (Thue-Morse sequence).** The color `s[n]` of the element at position *n* is given by `1 - Mod[DigitCount[n - 1, 2, 1], 2]`. These colors satisfy `s[n_] := If[EvenQ[n], 1 -…",RESOLVED
L0270,B0270,BACK-MATTER/NOTES/03-The-World-of-Simple-Programs-Notes.md:L440-441[U005463],"▪ **(c) (Fibonacci-related sequence).** The sequence at step *t* can be obtained from `a[t_] := Join[a[t - 1], a[t - 2]]; a[1] = {0}; a[2] = {0, 1}`. This sequence has length `Fib…",RESOLVED
L0271,B0271,BACK-MATTER/NOTES/03-The-World-of-Simple-Programs-Notes.md:L442-443[U005464];BACK-MATTER/NOTES/03-The-World-of-Simple-Programs-Notes.md:L444-447[U005465],"▪ **(d) (Cantor set).** The color of the element at position *n* is given by `If[FreeQ[IntegerDigits[n - 1, 3], 1], 1, 0]`, which turns out to be equivalent to",RESOLVED
L0272,B0272,BACK-MATTER/NOTES/03-The-World-of-Simple-Programs-Notes.md:L452-453[U005468],■ **Growth rates.** The total number of elements of each color that occur at each step in a neighbor-independent substitution system can be found by forming the matrix *m* where `…,RESOLVED
L0273,B0273,BACK-MATTER/NOTES/03-The-World-of-Simple-Programs-Notes.md:L454-455[U005469];BACK-MATTER/NOTES/03-The-World-of-Simple-Programs-Notes.md:L456-460[U005470];BACK-MATTER/NOTES/03-The-World-of-Simple-Programs-Notes.md:L467-468[U005474];BACK-MATTER/NOTES/03-The-World-of-Simple-Programs-Notes.md:L469-470[U005475];BACK-MATTER/NOTES/03-The-World-of-Simple-Programs-Notes.md:L471-472[U005476];BACK-MATTER/NOTES/03-The-World-of-Simple-Programs-Notes.md:L473-474[U005477];BACK-MATTER/NOTES/03-The-World-of-Simple-Programs-Notes.md:L475-476[U005478];BACK-MATTER/NOTES/03-The-World-of-Simple-Programs-Notes.md:L477-478[U005479];BACK-MATTER/NOTES/03-The-World-of-Simple-Programs-Notes.md:L479-480[U005480];BACK-MATTER/NOTES/03-The-World-of-Simple-Programs-Notes.md:L481-482[U005481];BACK-MATTER/NOTES/03-The-World-of-Simple-Programs-Notes.md:L483-488[U005482],■ **Fibonacci numbers.** The Fibonacci numbers `Fibonacci[n]` (`f[n]` for short) can be generated by the recurrence relation,RESOLVED
L0274,B0274,BACK-MATTER/NOTES/03-The-World-of-Simple-Programs-Notes.md:L491-492[U005484],"For *m* > 1, the value of *n* for which `m == Fibonacci[n]` is `Round[Log[GoldenRatio, Sqrt[5] m]]`.",RESOLVED
L0275,B0275,BACK-MATTER/NOTES/03-The-World-of-Simple-Programs-Notes.md:L493-494[U005485],"The sequence `Mod[Fibonacci[n], k]` is always purely repetitive; the maximum period is 6 *k*, achieved when `k = 10 5^m` (compare page 975).",RESOLVED
L0276,B0276,BACK-MATTER/NOTES/03-The-World-of-Simple-Programs-Notes.md:L495-496[U005486];BACK-MATTER/NOTES/03-The-World-of-Simple-Programs-Notes.md:L497-498[U005487],"`Mod[Fibonacci[n], n]` has the fairly complicated form shown below. It appears to be zero only when *n* is of the form `5^m` or 12 *q*, where *q* is not prime (*q* > 5).",RESOLVED
L0277,B0277,BACK-MATTER/NOTES/03-The-World-of-Simple-Programs-Notes.md:L499-500[U005488];BACK-MATTER/NOTES/03-The-World-of-Simple-Programs-Notes.md:L501-502[U005489],The number `GoldenRatio` appears to have been used in art and architecture since antiquity. `1/GoldenRatio` is the default `AspectRatio` for *Mathematica* graphics. In addition:,WEAK
L0278,B0278,BACK-MATTER/NOTES/03-The-World-of-Simple-Programs-Notes.md:L519-520[U005498];BACK-MATTER/NOTES/03-The-World-of-Simple-Programs-Notes.md:L521-522[U005499];BACK-MATTER/NOTES/03-The-World-of-Simple-Programs-Notes.md:L523-524[U005500],"■ **Lucas numbers.** Lucas numbers `Lucas[n]` satisfy the same recurrence relation `f[n_] := f[n - 1] + f[n - 2]` as Fibonacci numbers, but with the initial conditions `f[1] = 1;…",RESOLVED
L0279,B0279,BACK-MATTER/NOTES/03-The-World-of-Simple-Programs-Notes.md:L525-526[U005501],■ **Generalized Fibonacci sequences.** Any linear recurrence relation yields sequences with many properties in common with the Fibonacci numbers—though with `GoldenRatio` replaced…,RESOLVED
L0280,B0280,BACK-MATTER/NOTES/03-The-World-of-Simple-Programs-Notes.md:L525-526[U005501],■ **Generalized Fibonacci sequences.** Any linear recurrence relation yields sequences with many properties in common with the Fibonacci numbers—though with `GoldenRatio` replaced…,RESOLVED
L0281,B0281,BACK-MATTER/NOTES/03-The-World-of-Simple-Programs-Notes.md:L527-528[U005502];BACK-MATTER/NOTES/03-The-World-of-Simple-Programs-Notes.md:L529-532[U005503],■ **Connections with digit sequences.** In a sequence generated by a neighbor-independent substitution system the color of the element at position *n* turns out always to be relat…,RESOLVED
L0282,B0282,BACK-MATTER/NOTES/03-The-World-of-Simple-Programs-Notes.md:L529-532[U005503];BACK-MATTER/NOTES/03-The-World-of-Simple-Programs-Notes.md:L533-534[U005504];BACK-MATTER/NOTES/03-The-World-of-Simple-Programs-Notes.md:L535-536[U005505],"``` Fold[Replace[{#1, #2}, rule] &, 1, IntegerDigits[n - 1, 2]] ```",RESOLVED
L0283,B0283,BACK-MATTER/NOTES/03-The-World-of-Simple-Programs-Notes.md:L537-538[U005506],To treat examples such as case (c) where elements can subdivide into blocks of several different lengths one must generalize the notion of digit sequences. In base *k* a number is…,RESOLVED
L0284,B0284,BACK-MATTER/NOTES/03-The-World-of-Simple-Programs-Notes.md:L555-556[U005515];BACK-MATTER/NOTES/03-The-World-of-Simple-Programs-Notes.md:L557-558[U005516],■ **Paperfolding sequences.** The sequence of up and down creases in a strip of paper that is successively folded in half is given by a substitution system; after *t* steps the se…,RESOLVED
L0285,B0285,BACK-MATTER/NOTES/03-The-World-of-Simple-Programs-Notes.md:L565-566[U005520],"▪ **(a) (Period-doubling sequence).** After *t* steps, there are a total of `2^t` elements, and the sequence is given by `Nest[MapAt[1 - # &, Join[#, #], -1] &, {0}, t]`. It conta…",RESOLVED
L0286,B0286,BACK-MATTER/NOTES/03-The-World-of-Simple-Programs-Notes.md:L567-568[U005521],"▪ **(b).** The *n*th element is simply `Mod[n, 2]`.",RESOLVED
L0287,B0287,BACK-MATTER/NOTES/03-The-World-of-Simple-Programs-Notes.md:L569-570[U005522],"▪ **(c).** Same as (a), after the replacement `1 -> {1, 1}` in each sequence. Note that the spectra of (a) and (c) are nevertheless different, as discussed on page 1080.",RESOLVED
L0288,B0288,BACK-MATTER/NOTES/03-The-World-of-Simple-Programs-Notes.md:L571-572[U005523],"▪ **(d).** The length of the sequence at step *t* satisfies `a[t] == 2 a[t - 1] + a[t - 2]`, so that `a[t] = Round[(1 + Sqrt[2])^(t - 1)/2]` for *t* > 1. The number of white eleme…",RESOLVED
L0289,B0289,BACK-MATTER/NOTES/03-The-World-of-Simple-Programs-Notes.md:L575-576[U005525],"▪ **(f).** The number of elements at step *t* is `Round[(1 + Sqrt[2])^t/2]`, and the *n*th element is given by `Floor[Sqrt[2] (n + 1)] - Floor[Sqrt[2] n]` (see page 903).",RESOLVED
L0290,B0290,BACK-MATTER/NOTES/03-The-World-of-Simple-Programs-Notes.md:L599-600[U005537];BACK-MATTER/NOTES/03-The-World-of-Simple-Programs-Notes.md:L601-604[U005538];BACK-MATTER/NOTES/03-The-World-of-Simple-Programs-Notes.md:L607-610[U005540];BACK-MATTER/NOTES/03-The-World-of-Simple-Programs-Notes.md:L613-616[U005542];BACK-MATTER/NOTES/03-The-World-of-Simple-Programs-Notes.md:L619-623[U005544];BACK-MATTER/NOTES/03-The-World-of-Simple-Programs-Notes.md:L628-629[U005547],■ **Implementation.** Sequential substitution systems can be implemented quite directly by using *Mathematica*’s standard mechanism for applying transformation rules to symbolic e…,RESOLVED
L0291,B0291,BACK-MATTER/NOTES/03-The-World-of-Simple-Programs-Notes.md:L626-627[U005546],"■ **Capabilities.** Even with the single rule `{s[1, 0] -> s[0, 1]}`, a sequential substitution system can sort its initial conditions so that all 0’s occur before all 1’s. (See a…",RESOLVED
L0292,B0292,BACK-MATTER/NOTES/03-The-World-of-Simple-Programs-Notes.md:L634-635[U005550];BACK-MATTER/NOTES/03-The-World-of-Simple-Programs-Notes.md:L642-646[U005553];BACK-MATTER/NOTES/03-The-World-of-Simple-Programs-Notes.md:L649-653[U005555],■ **Implementation.** With the rules for case (a) on page 94 given for example by,RESOLVED
L0293,B0293,BACK-MATTER/NOTES/03-The-World-of-Simple-Programs-Notes.md:L636-639[U005551],"``` {2, {{0, 0} -> {1, 1}, {1, 0} -> {}, {0, 1} -> {1, 0}, {1, 1} -> {0, 0, 0}}} ```",RESOLVED
L0294,B0294,BACK-MATTER/NOTES/03-The-World-of-Simple-Programs-Notes.md:L658-659[U005558],■ **History.** The tag systems that I consider are generalizations of those first discussed by Emil Post in 1920 as simple idealizations of certain syntactic reduction rules in Al…,WEAK
L0295,B0295,BACK-MATTER/NOTES/03-The-World-of-Simple-Programs-Notes.md:L658-659[U005558],■ **History.** The tag systems that I consider are generalizations of those first discussed by Emil Post in 1920 as simple idealizations of certain syntactic reduction rules in Al…,WEAK
L0296,B0296,BACK-MATTER/NOTES/03-The-World-of-Simple-Programs-Notes.md:L658-659[U005558],■ **History.** The tag systems that I consider are generalizations of those first discussed by Emil Post in 1920 as simple idealizations of certain syntactic reduction rules in Al…,WEAK
L0297,B0297,BACK-MATTER/NOTES/03-The-World-of-Simple-Programs-Notes.md:L662-663[U005560];BACK-MATTER/NOTES/03-The-World-of-Simple-Programs-Notes.md:L664-671[U005561],"■ **Implementation.** With the rules for the cyclic tag system on page 95 given as `{{1, 1}, {1, 0}}`, the evolution can be obtained from",RESOLVED
L0298,B0298,BACK-MATTER/NOTES/03-The-World-of-Simple-Programs-Notes.md:L672-673[U005562];BACK-MATTER/NOTES/03-The-World-of-Simple-Programs-Notes.md:L674-681[U005563],The leading elements on many more than *t* successive steps can be obtained directly from,RESOLVED
L0299,B0299,BACK-MATTER/NOTES/03-The-World-of-Simple-Programs-Notes.md:L682-683[U005564];BACK-MATTER/NOTES/03-The-World-of-Simple-Programs-Notes.md:L684-688[U005565],■ **Page 95 · Generalizations.** The implementation above immediately allows cyclic tag systems which cycle through a list of more than two blocks. (With just one block the behavi…,RESOLVED
L0300,B0300,BACK-MATTER/NOTES/03-The-World-of-Simple-Programs-Notes.md:L689-690[U005566];BACK-MATTER/NOTES/03-The-World-of-Simple-Programs-Notes.md:L691-697[U005567],The leading elements in this case can be obtained using,RESOLVED
L0301,B0301,BACK-MATTER/NOTES/03-The-World-of-Simple-Programs-Notes.md:L698-699[U005568];BACK-MATTER/NOTES/03-The-World-of-Simple-Programs-Notes.md:L700-701[U005569],■ **Mechanical implementation.** Cyclic tag systems admit a particularly straightforward mechanical implementation. Black and white balls are kept in a trough as in the picture be…,RESOLVED
L0302,B0302,BACK-MATTER/NOTES/03-The-World-of-Simple-Programs-Notes.md:L704-705[U005571],"Note that if all blocks in a cyclic tag system with *n* blocks have lengths divisible by *n*, then one can tell in advance on which steps blocks will be added, and the overall beh…",WEAK
L0303,B0303,BACK-MATTER/NOTES/03-The-World-of-Simple-Programs-Notes.md:L708-709[U005573],"■ **History.** Cyclic tag systems were studied by Matthew Cook in 1994 in connection with working on the rule 110 cellular automaton for this book. The sequence `{1, 2, 2, 1, 1, 2…",WEAK
L0304,B0304,BACK-MATTER/NOTES/03-The-World-of-Simple-Programs-Notes.md:L712-713[U005575];BACK-MATTER/NOTES/03-The-World-of-Simple-Programs-Notes.md:L722-731[U005579],"■ **Implementation.** The state of a register machine at a particular step can be represented by the pair `{n, list}`, where *n* gives the position in the program of current instr…",RESOLVED
L0305,B0305,BACK-MATTER/NOTES/03-The-World-of-Simple-Programs-Notes.md:L714-717[U005576],"``` {i[1], d[2, 1], i[2], d[1, 3], d[2, 1]} ```",RESOLVED
L0306,B0306,BACK-MATTER/NOTES/03-The-World-of-Simple-Programs-Notes.md:L734-735[U005581],■ **Halting.** It is sometimes convenient to think of register machines as going into a special halt state if they try to execute instructions beyond the end of their program. (Se…,RESOLVED
L0307,B0307,BACK-MATTER/NOTES/03-The-World-of-Simple-Programs-Notes.md:L734-735[U005581];BACK-MATTER/NOTES/03-The-World-of-Simple-Programs-Notes.md:L736-739[U005582],■ **Halting.** It is sometimes convenient to think of register machines as going into a special halt state if they try to execute instructions beyond the end of their program. (Se…,RESOLVED
L0308,B0308,BACK-MATTER/NOTES/03-The-World-of-Simple-Programs-Notes.md:L740-741[U005583];BACK-MATTER/NOTES/03-The-World-of-Simple-Programs-Notes.md:L742-749[U005584],■ **Page 101 · Extended instruction sets.** One can consider also including instructions such as,RESOLVED
L0309,B0309,BACK-MATTER/NOTES/03-The-World-of-Simple-Programs-Notes.md:L758-759[U005589];BACK-MATTER/NOTES/03-The-World-of-Simple-Programs-Notes.md:L766-767[U005593];BACK-MATTER/NOTES/03-The-World-of-Simple-Programs-Notes.md:L800-801[U005605];BACK-MATTER/NOTES/03-The-World-of-Simple-Programs-Notes.md:L807-808[U005607];BACK-MATTER/NOTES/03-The-World-of-Simple-Programs-Notes.md:L823-824[U005615];BACK-MATTER/NOTES/03-The-World-of-Simple-Programs-Notes.md:L825-828[U005616],"■ **Implementation.** The evolution for *t* steps of the first symbolic system shown can be implemented simply by `NestList[# /. e[x_][y_] -> x[x[y]] &, init, t]`.",RESOLVED
L0310,B0310,BACK-MATTER/NOTES/03-The-World-of-Simple-Programs-Notes.md:L762-763[U005591];BACK-MATTER/NOTES/03-The-World-of-Simple-Programs-Notes.md:L764-765[U005592];BACK-MATTER/NOTES/03-The-World-of-Simple-Programs-Notes.md:L766-767[U005593];BACK-MATTER/NOTES/03-The-World-of-Simple-Programs-Notes.md:L768-771[U005594];BACK-MATTER/NOTES/03-The-World-of-Simple-Programs-Notes.md:L772-773[U005595];BACK-MATTER/NOTES/03-The-World-of-Simple-Programs-Notes.md:L774-777[U005596];BACK-MATTER/NOTES/03-The-World-of-Simple-Programs-Notes.md:L780-781[U005598];BACK-MATTER/NOTES/03-The-World-of-Simple-Programs-Notes.md:L782-783[U005599];BACK-MATTER/NOTES/03-The-World-of-Simple-Programs-Notes.md:L784-788[U005600],■ **Representations.** Among the representations that can be used for expressions are:,RESOLVED
L0311,B0311,BACK-MATTER/NOTES/03-The-World-of-Simple-Programs-Notes.md:L789-790[U005601],"■ **Possible expressions.** `LeafCount[expr]` gives the number of symbols that appear anywhere in an expression, while `Depth[expr]` gives the number of closing brackets at the en…",RESOLVED
L0312,B0312,BACK-MATTER/NOTES/03-The-World-of-Simple-Programs-Notes.md:L791-792[U005602];BACK-MATTER/NOTES/03-The-World-of-Simple-Programs-Notes.md:L793-797[U005603],"With a list *s* of possible symbols, `c[s, n]` gives all possible expressions with `LeafCount[expr] == n`:",RESOLVED
L0313,B0313,BACK-MATTER/NOTES/03-The-World-of-Simple-Programs-Notes.md:L798-799[U005604],"There are a total of `Binomial[2 n - 2, n - 1] Length[s]^n/n` such expressions. When `Length[s] == 1` the expressions correspond to possible balanced sequences of opening and clos…",RESOLVED
L0314,B0314,BACK-MATTER/NOTES/03-The-World-of-Simple-Programs-Notes.md:L800-801[U005605];BACK-MATTER/NOTES/03-The-World-of-Simple-Programs-Notes.md:L802-806[U005606];BACK-MATTER/NOTES/03-The-World-of-Simple-Programs-Notes.md:L807-808[U005607];BACK-MATTER/NOTES/03-The-World-of-Simple-Programs-Notes.md:L809-810[U005608],"■ **Page 103 · Properties.** All initial conditions eventually evolve to expressions of the form `Nest[e, e, m]`, which then remain fixed. The quantity `expr //. {e -> 0, x_[y_] -…",RESOLVED
L0315,B0315,BACK-MATTER/NOTES/03-The-World-of-Simple-Programs-Notes.md:L813-814[U005610],"■ **Long halting times.** Symbolic systems with rules of the form `e[x_][y_] -> Nest[x, y, r]` always evolve to fixed points—though with initial conditions of size *n* this can ta…",WEAK
L0316,B0316,BACK-MATTER/NOTES/03-The-World-of-Simple-Programs-Notes.md:L823-824[U005615];BACK-MATTER/NOTES/03-The-World-of-Simple-Programs-Notes.md:L825-828[U005616];BACK-MATTER/NOTES/03-The-World-of-Simple-Programs-Notes.md:L835-836[U005620],"■ **Order dependence.** The operation `expr /. lhs -> rhs` in *Mathematica* has the effect of scanning the functional representation of `expr` from left to right, and applying rul…",SERIOUS
L0317,B0317,BACK-MATTER/NOTES/03-The-World-of-Simple-Programs-Notes.md:L837-838[U005621];BACK-MATTER/NOTES/03-The-World-of-Simple-Programs-Notes.md:L839-840[U005622],`x_ -> x ∘ x`,RESOLVED
L0318,B0318,BACK-MATTER/NOTES/03-The-World-of-Simple-Programs-Notes.md:L841-842[U005623];BACK-MATTER/NOTES/03-The-World-of-Simple-Programs-Notes.md:L843-844[U005624],`x_ ∘ y_ -> (y ∘ x) ∘ y`,RESOLVED
L0319,B0319,BACK-MATTER/NOTES/03-The-World-of-Simple-Programs-Notes.md:L845-846[U005625];BACK-MATTER/NOTES/03-The-World-of-Simple-Programs-Notes.md:L847-848[U005626],`x_ ∘ y_ -> (y ∘ y) ∘ (x ∘ x)`,RESOLVED
L0320,B0320,BACK-MATTER/NOTES/03-The-World-of-Simple-Programs-Notes.md:L849-850[U005627];BACK-MATTER/NOTES/03-The-World-of-Simple-Programs-Notes.md:L851-852[U005628],`x_ ∘ y_ -> y ∘ (x ∘ x)`,RESOLVED
L0321,B0321,CHAPTERS/04-Systems-Based-on-Numbers.md:L25-26[U000653];CHAPTERS/04-Systems-Based-on-Numbers.md:L27-40[U000654];CHAPTERS/04-Systems-Based-on-Numbers.md:L41-42[U000655];CHAPTERS/04-Systems-Based-on-Numbers.md:L387-388[U000798];CHAPTERS/04-Systems-Based-on-Numbers.md:L389-390[U000799];CHAPTERS/04-Systems-Based-on-Numbers.md:L391-392[U000800],"The idea of representing a number by a sequence of digits is familiar from everyday life: indeed, our standard way of writing numbers corresponds exactly to giving their digit seq…",RESOLVED
L0322,B0322,CHAPTERS/04-Systems-Based-on-Numbers.md:L25-26[U000653];CHAPTERS/04-Systems-Based-on-Numbers.md:L27-40[U000654];CHAPTERS/04-Systems-Based-on-Numbers.md:L59-60[U000664];CHAPTERS/04-Systems-Based-on-Numbers.md:L61-62[U000665],"The idea of representing a number by a sequence of digits is familiar from everyday life: indeed, our standard way of writing numbers corresponds exactly to giving their digit seq…",RESOLVED
L0323,B0323,CHAPTERS/04-Systems-Based-on-Numbers.md:L25-26[U000653];CHAPTERS/04-Systems-Based-on-Numbers.md:L27-40[U000654],"The idea of representing a number by a sequence of digits is familiar from everyday life: indeed, our standard way of writing numbers corresponds exactly to giving their digit seq…",RESOLVED
L0324,B0324,CHAPTERS/04-Systems-Based-on-Numbers.md:L25-26[U000653];CHAPTERS/04-Systems-Based-on-Numbers.md:L27-40[U000654],"The idea of representing a number by a sequence of digits is familiar from everyday life: indeed, our standard way of writing numbers corresponds exactly to giving their digit seq…",RESOLVED
L0325,B0325,CHAPTERS/04-Systems-Based-on-Numbers.md:L25-26[U000653];CHAPTERS/04-Systems-Based-on-Numbers.md:L27-40[U000654],"The idea of representing a number by a sequence of digits is familiar from everyday life: indeed, our standard way of writing numbers corresponds exactly to giving their digit seq…",RESOLVED
L0326,B0326,CHAPTERS/04-Systems-Based-on-Numbers.md:L25-26[U000653];CHAPTERS/04-Systems-Based-on-Numbers.md:L27-40[U000654],"The idea of representing a number by a sequence of digits is familiar from everyday life: indeed, our standard way of writing numbers corresponds exactly to giving their digit seq…",RESOLVED
L0327,B0327,CHAPTERS/04-Systems-Based-on-Numbers.md:L25-26[U000653];CHAPTERS/04-Systems-Based-on-Numbers.md:L27-40[U000654],"The idea of representing a number by a sequence of digits is familiar from everyday life: indeed, our standard way of writing numbers corresponds exactly to giving their digit seq…",RESOLVED
L0328,B0328,CHAPTERS/04-Systems-Based-on-Numbers.md:L25-26[U000653];CHAPTERS/04-Systems-Based-on-Numbers.md:L27-40[U000654],"The idea of representing a number by a sequence of digits is familiar from everyday life: indeed, our standard way of writing numbers corresponds exactly to giving their digit seq…",RESOLVED
L0329,B0329,CHAPTERS/04-Systems-Based-on-Numbers.md:L25-26[U000653];CHAPTERS/04-Systems-Based-on-Numbers.md:L27-40[U000654],"The idea of representing a number by a sequence of digits is familiar from everyday life: indeed, our standard way of writing numbers corresponds exactly to giving their digit seq…",RESOLVED
L0330,B0330,CHAPTERS/04-Systems-Based-on-Numbers.md:L25-26[U000653];CHAPTERS/04-Systems-Based-on-Numbers.md:L27-40[U000654],"The idea of representing a number by a sequence of digits is familiar from everyday life: indeed, our standard way of writing numbers corresponds exactly to giving their digit seq…",RESOLVED
L0331,B0331,CHAPTERS/04-Systems-Based-on-Numbers.md:L53-54[U000661],"To begin, consider what is perhaps the simplest conceivable arithmetic process: start with the number 1 and then just progressively add 1 at each of a sequence of steps.",SERIOUS
L0332,B0332,CHAPTERS/04-Systems-Based-on-Numbers.md:L53-54[U000661];CHAPTERS/04-Systems-Based-on-Numbers.md:L69-70[U000669],"To begin, consider what is perhaps the simplest conceivable arithmetic process: start with the number 1 and then just progressively add 1 at each of a sequence of steps.",SERIOUS
L0333,B0333,CHAPTERS/04-Systems-Based-on-Numbers.md:L53-54[U000661];CHAPTERS/04-Systems-Based-on-Numbers.md:L59-60[U000664];CHAPTERS/04-Systems-Based-on-Numbers.md:L61-62[U000665],"To begin, consider what is perhaps the simplest conceivable arithmetic process: start with the number 1 and then just progressively add 1 at each of a sequence of steps.",SERIOUS
L0334,B0334,CHAPTERS/04-Systems-Based-on-Numbers.md:L67-68[U000668],![](_page_133_Picture_2.jpeg),RESOLVED
L0335,B0335,CHAPTERS/04-Systems-Based-on-Numbers.md:L67-68[U000668],![](_page_133_Picture_2.jpeg),RESOLVED
L0336,B0336,CHAPTERS/04-Systems-Based-on-Numbers.md:L67-68[U000668],![](_page_133_Picture_2.jpeg),RESOLVED
L0337,B0337,CHAPTERS/04-Systems-Based-on-Numbers.md:L67-68[U000668],![](_page_133_Picture_2.jpeg),RESOLVED
L0338,B0338,CHAPTERS/04-Systems-Based-on-Numbers.md:L67-68[U000668],![](_page_133_Picture_2.jpeg),RESOLVED
L0339,B0339,CHAPTERS/04-Systems-Based-on-Numbers.md:L67-68[U000668],![](_page_133_Picture_2.jpeg),RESOLVED
L0340,B0340,CHAPTERS/04-Systems-Based-on-Numbers.md:L67-68[U000668],![](_page_133_Picture_2.jpeg),RESOLVED
L0341,B0341,CHAPTERS/04-Systems-Based-on-Numbers.md:L71-72[U000670],"If instead of addition one uses multiplication, however, then the results one gets can be very different. The first picture at the top of the facing page shows what happens if one…",SERIOUS
L0342,B0342,CHAPTERS/04-Systems-Based-on-Numbers.md:L73-74[U000671];CHAPTERS/04-Systems-Based-on-Numbers.md:L79-80[U000674];CHAPTERS/04-Systems-Based-on-Numbers.md:L99-100[U000684];CHAPTERS/04-Systems-Based-on-Numbers.md:L101-102[U000685];CHAPTERS/04-Systems-Based-on-Numbers.md:L145-146[U000707],"It turns out that if one represents numbers as digit sequences in base 2, then the operation of multiplying by 2 has a very simple effect: it just shifts the digit sequence one pl…",SERIOUS
L0343,B0343,CHAPTERS/04-Systems-Based-on-Numbers.md:L75-76[U000672],![](_page_134_Figure_2.jpeg),RESOLVED
L0344,B0344,CHAPTERS/04-Systems-Based-on-Numbers.md:L77-78[U000673];CHAPTERS/04-Systems-Based-on-Numbers.md:L93-94[U000681],![](_page_134_Figure_3.jpeg),RESOLVED
L0345,B0345,CHAPTERS/04-Systems-Based-on-Numbers.md:L91-92[U000680];CHAPTERS/04-Systems-Based-on-Numbers.md:L99-100[U000684],"To begin the first example, consider what happens if one multiplies by $3/2$, or 1.5, at each step. Starting with 1, the successive numbers that one obtains in this way are 1, $3/…",SERIOUS
L0346,B0346,CHAPTERS/04-Systems-Based-on-Numbers.md:L103-104[U000686];CHAPTERS/04-Systems-Based-on-Numbers.md:L105-106[U000687];CHAPTERS/04-Systems-Based-on-Numbers.md:L107-108[U000688],"And instead of looking explicitly at the complete pattern of digits, one can consider just finding the size of the fractional part of each successive number. These sizes are plott…",RESOLVED
L0347,B0347,CHAPTERS/04-Systems-Based-on-Numbers.md:L111-112[U000690];CHAPTERS/04-Systems-Based-on-Numbers.md:L113-114[U000691];CHAPTERS/04-Systems-Based-on-Numbers.md:L115-116[U000692];CHAPTERS/04-Systems-Based-on-Numbers.md:L117-118[U000693],"As a first example, consider a slight variation on the operation of multiplying by $3/2$ used above: if the number at a particular step is even (divisible by 2), then simply multi…",SERIOUS
L0348,B0348,CHAPTERS/04-Systems-Based-on-Numbers.md:L117-118[U000693],"Results of starting with the number 1, then applying the following rule: if the number at a particular step is even, multiply by $3/2$; otherwise, add 1, then multiply by $3/2$. T…",RESOLVED
L0349,B0349,CHAPTERS/04-Systems-Based-on-Numbers.md:L113-114[U000691];CHAPTERS/04-Systems-Based-on-Numbers.md:L115-116[U000692];CHAPTERS/04-Systems-Based-on-Numbers.md:L117-118[U000693],![](_page_137_Digit_Matrix.jpeg),RESOLVED
L0350,B0350,CHAPTERS/04-Systems-Based-on-Numbers.md:L125-126[U000697];CHAPTERS/04-Systems-Based-on-Numbers.md:L129-130[U000699];CHAPTERS/04-Systems-Based-on-Numbers.md:L131-132[U000700];CHAPTERS/04-Systems-Based-on-Numbers.md:L135-136[U000702],"As an example, consider the following procedure: if the number obtained at a particular step is even, then multiply this number by $5/2$; otherwise, add 1 and then multiply the re…",RESOLVED
L0351,B0351,CHAPTERS/04-Systems-Based-on-Numbers.md:L133-134[U000701];CHAPTERS/04-Systems-Based-on-Numbers.md:L135-136[U000702],"Starting for example with the number 6, the sizes of the numbers obtained on successive steps show a generally increasing trend, but there are considerable fluctuations, and these…",WEAK
L0352,B0352,CHAPTERS/04-Systems-Based-on-Numbers.md:L135-136[U000702];CHAPTERS/04-Systems-Based-on-Numbers.md:L137-138[U000703],![](_page_139_Figure_1.jpeg),RESOLVED
L0353,B0353,CHAPTERS/04-Systems-Based-on-Numbers.md:L153-154[U000711];CHAPTERS/04-Systems-Based-on-Numbers.md:L155-156[U000712];CHAPTERS/04-Systems-Based-on-Numbers.md:L157-158[U000713];CHAPTERS/04-Systems-Based-on-Numbers.md:L161-162[U000715],![](_page_140_Picture_5.jpeg),SERIOUS
L0354,B0354,CHAPTERS/04-Systems-Based-on-Numbers.md:L153-154[U000711];CHAPTERS/04-Systems-Based-on-Numbers.md:L155-156[U000712],![](_page_140_Picture_5.jpeg),RESOLVED
L0355,B0355,CHAPTERS/04-Systems-Based-on-Numbers.md:L157-158[U000713];CHAPTERS/04-Systems-Based-on-Numbers.md:L159-160[U000714];CHAPTERS/04-Systems-Based-on-Numbers.md:L161-162[U000715],![](_page_141_Picture_2.jpeg),RESOLVED
L0356,B0356,CHAPTERS/04-Systems-Based-on-Numbers.md:L169-170[U000719];CHAPTERS/04-Systems-Based-on-Numbers.md:L179-180[U000724];CHAPTERS/04-Systems-Based-on-Numbers.md:L181-182[U000725];CHAPTERS/04-Systems-Based-on-Numbers.md:L185-186[U000727],The basic idea is to consider a sequence of numbers in which there is a definite rule for getting the next number in the sequence from previous ones. It is convenient to refer to…,SERIOUS
L0357,B0357,CHAPTERS/04-Systems-Based-on-Numbers.md:L175-176[U000722],![](_page_143_Figure_6.jpeg),RESOLVED
L0358,B0358,CHAPTERS/04-Systems-Based-on-Numbers.md:L175-176[U000722],![](_page_143_Figure_6.jpeg),RESOLVED
L0359,B0359,CHAPTERS/04-Systems-Based-on-Numbers.md:L175-176[U000722],![](_page_143_Figure_6.jpeg),RESOLVED
L0360,B0360,CHAPTERS/04-Systems-Based-on-Numbers.md:L175-176[U000722],![](_page_143_Figure_6.jpeg),RESOLVED
L0361,B0361,CHAPTERS/04-Systems-Based-on-Numbers.md:L175-176[U000722],![](_page_143_Figure_6.jpeg),RESOLVED
L0362,B0362,CHAPTERS/04-Systems-Based-on-Numbers.md:L175-176[U000722],![](_page_143_Figure_6.jpeg),RESOLVED
L0363,B0363,CHAPTERS/04-Systems-Based-on-Numbers.md:L179-180[U000724];CHAPTERS/04-Systems-Based-on-Numbers.md:L181-182[U000725];CHAPTERS/04-Systems-Based-on-Numbers.md:L183-184[U000726];CHAPTERS/04-Systems-Based-on-Numbers.md:L185-186[U000727],But it turns out that with slightly more complicated rules it is possible to get much more complicated behavior. The key idea is to consider rules which look at numbers that are n…,SERIOUS
L0364,B0364,CHAPTERS/04-Systems-Based-on-Numbers.md:L179-180[U000724];CHAPTERS/04-Systems-Based-on-Numbers.md:L181-182[U000725];CHAPTERS/04-Systems-Based-on-Numbers.md:L183-184[U000726];CHAPTERS/04-Systems-Based-on-Numbers.md:L185-186[U000727],But it turns out that with slightly more complicated rules it is possible to get much more complicated behavior. The key idea is to consider rules which look at numbers that are n…,RESOLVED
L0365,B0365,CHAPTERS/04-Systems-Based-on-Numbers.md:L179-180[U000724];CHAPTERS/04-Systems-Based-on-Numbers.md:L181-182[U000725];CHAPTERS/04-Systems-Based-on-Numbers.md:L183-184[U000726];CHAPTERS/04-Systems-Based-on-Numbers.md:L185-186[U000727],But it turns out that with slightly more complicated rules it is possible to get much more complicated behavior. The key idea is to consider rules which look at numbers that are n…,RESOLVED
L0366,B0366,CHAPTERS/04-Systems-Based-on-Numbers.md:L179-180[U000724];CHAPTERS/04-Systems-Based-on-Numbers.md:L181-182[U000725];CHAPTERS/04-Systems-Based-on-Numbers.md:L183-184[U000726];CHAPTERS/04-Systems-Based-on-Numbers.md:L185-186[U000727],But it turns out that with slightly more complicated rules it is possible to get much more complicated behavior. The key idea is to consider rules which look at numbers that are n…,RESOLVED
L0367,B0367,CHAPTERS/04-Systems-Based-on-Numbers.md:L179-180[U000724];CHAPTERS/04-Systems-Based-on-Numbers.md:L181-182[U000725];CHAPTERS/04-Systems-Based-on-Numbers.md:L183-184[U000726];CHAPTERS/04-Systems-Based-on-Numbers.md:L185-186[U000727],But it turns out that with slightly more complicated rules it is possible to get much more complicated behavior. The key idea is to consider rules which look at numbers that are n…,RESOLVED
L0368,B0368,CHAPTERS/04-Systems-Based-on-Numbers.md:L179-180[U000724];CHAPTERS/04-Systems-Based-on-Numbers.md:L181-182[U000725];CHAPTERS/04-Systems-Based-on-Numbers.md:L183-184[U000726];CHAPTERS/04-Systems-Based-on-Numbers.md:L185-186[U000727],But it turns out that with slightly more complicated rules it is possible to get much more complicated behavior. The key idea is to consider rules which look at numbers that are n…,RESOLVED
L0369,B0369,CHAPTERS/04-Systems-Based-on-Numbers.md:L179-180[U000724];CHAPTERS/04-Systems-Based-on-Numbers.md:L181-182[U000725];CHAPTERS/04-Systems-Based-on-Numbers.md:L183-184[U000726];CHAPTERS/04-Systems-Based-on-Numbers.md:L185-186[U000727],But it turns out that with slightly more complicated rules it is possible to get much more complicated behavior. The key idea is to consider rules which look at numbers that are n…,RESOLVED
L0370,B0370,CHAPTERS/04-Systems-Based-on-Numbers.md:L179-180[U000724];CHAPTERS/04-Systems-Based-on-Numbers.md:L181-182[U000725];CHAPTERS/04-Systems-Based-on-Numbers.md:L183-184[U000726];CHAPTERS/04-Systems-Based-on-Numbers.md:L185-186[U000727],But it turns out that with slightly more complicated rules it is possible to get much more complicated behavior. The key idea is to consider rules which look at numbers that are n…,RESOLVED
L0371,B0371,CHAPTERS/04-Systems-Based-on-Numbers.md:L187-188[U000728],![](_page_145_Figure_1.jpeg),RESOLVED
L0372,B0372,CHAPTERS/04-Systems-Based-on-Numbers.md:L187-188[U000728],![](_page_145_Figure_1.jpeg),RESOLVED
L0373,B0373,CHAPTERS/04-Systems-Based-on-Numbers.md:L201-202[U000735],"In case (d), the fluctuation in each $f[n]$ turns out to be essentially just the number of 1’s that occur in the base 2 digit sequence for $n$. And in case (c), the fluctuations a…",WEAK
L0374,B0374,CHAPTERS/04-Systems-Based-on-Numbers.md:L201-202[U000735],"In case (d), the fluctuation in each $f[n]$ turns out to be essentially just the number of 1’s that occur in the base 2 digit sequence for $n$. And in case (c), the fluctuations a…",WEAK
L0375,B0375,CHAPTERS/04-Systems-Based-on-Numbers.md:L209-210[U000739],"In the sequence of all possible numbers 1, 2, 3, 4, 5, 6, 7, 8, … most are divisible by others—so that for example 6 is divisible by 2 and 3. But this is not true of every number.…",WEAK
L0376,B0376,CHAPTERS/04-Systems-Based-on-Numbers.md:L211-212[U000740];CHAPTERS/04-Systems-Based-on-Numbers.md:L213-214[U000741],"The picture below shows a simple rule by which such primes can be obtained. The idea is to start out on the top line with all possible numbers. Then on the second line, one remove…",SERIOUS
L0377,B0377,CHAPTERS/04-Systems-Based-on-Numbers.md:L219-220[U000744],![](_page_148_Figure_1.jpeg),WEAK
L0378,B0378,CHAPTERS/04-Systems-Based-on-Numbers.md:L219-220[U000744],![](_page_148_Figure_1.jpeg),WEAK
L0379,B0379,CHAPTERS/04-Systems-Based-on-Numbers.md:L219-220[U000744],![](_page_148_Figure_1.jpeg),WEAK
L0380,B0380,CHAPTERS/04-Systems-Based-on-Numbers.md:L219-220[U000744],![](_page_148_Figure_1.jpeg),WEAK
L0381,B0381,CHAPTERS/04-Systems-Based-on-Numbers.md:L219-220[U000744],![](_page_148_Figure_1.jpeg),WEAK
L0382,B0382,CHAPTERS/04-Systems-Based-on-Numbers.md:L219-220[U000744],![](_page_148_Figure_1.jpeg),WEAK
L0383,B0383,CHAPTERS/04-Systems-Based-on-Numbers.md:L237-238[U000753],![](_page_150_Figure_1.jpeg),WEAK
L0384,B0384,CHAPTERS/04-Systems-Based-on-Numbers.md:L239-240[U000754],![](_page_150_Figure_2.jpeg),WEAK
L0385,B0385,CHAPTERS/04-Systems-Based-on-Numbers.md:L241-242[U000755],![](_page_150_Figure_3.jpeg),WEAK
L0386,B0386,CHAPTERS/04-Systems-Based-on-Numbers.md:L243-244[U000756];CHAPTERS/04-Systems-Based-on-Numbers.md:L247-248[U000758],![](_page_150_Figure_4.jpeg),WEAK
L0387,B0387,CHAPTERS/04-Systems-Based-on-Numbers.md:L245-246[U000757];CHAPTERS/04-Systems-Based-on-Numbers.md:L249-250[U000759],![](_page_150_Figure_5.jpeg),WEAK
L0388,B0388,CHAPTERS/04-Systems-Based-on-Numbers.md:L251-252[U000760],Sequences based on various simple properties of numbers. Extensive work in number theory has managed to establish only a few properties of these. It is for example known that (d)…,WEAK
L0389,B0389,CHAPTERS/04-Systems-Based-on-Numbers.md:L251-252[U000760],Sequences based on various simple properties of numbers. Extensive work in number theory has managed to establish only a few properties of these. It is for example known that (d)…,WEAK
L0390,B0390,CHAPTERS/04-Systems-Based-on-Numbers.md:L251-252[U000760],Sequences based on various simple properties of numbers. Extensive work in number theory has managed to establish only a few properties of these. It is for example known that (d)…,WEAK
L0391,B0391,CHAPTERS/04-Systems-Based-on-Numbers.md:L261-262[U000765],One might suppose that at some level it must be quite simple and regular. For the value of $\pi$ is specified by the simple definition of being the ratio of the circumference of a…,WEAK
L0392,B0392,CHAPTERS/04-Systems-Based-on-Numbers.md:L263-264[U000766];CHAPTERS/04-Systems-Based-on-Numbers.md:L265-266[U000767];CHAPTERS/04-Systems-Based-on-Numbers.md:L269-270[U000769];CHAPTERS/04-Systems-Based-on-Numbers.md:L387-388[U000798];CHAPTERS/04-Systems-Based-on-Numbers.md:L389-390[U000799];CHAPTERS/04-Systems-Based-on-Numbers.md:L391-392[U000800],"But it turns out that even though this definition is simple, the digit sequence of $\pi$ is not simple at all. The facing page shows the first 4000 digits in the sequence, both in…",WEAK
L0393,B0393,CHAPTERS/04-Systems-Based-on-Numbers.md:L265-266[U000767];CHAPTERS/04-Systems-Based-on-Numbers.md:L267-268[U000768],![](_page_151_Figure_7.jpeg),WEAK
L0394,B0394,CHAPTERS/04-Systems-Based-on-Numbers.md:L277-278[U000773],"It is however easy to find numbers whose digit sequences do not terminate. Thus, for example, the exact value of $1/3$ in base 10 is 0.3333333333333…, where the 3’s repeat forever…",WEAK
L0395,B0395,CHAPTERS/04-Systems-Based-on-Numbers.md:L299-300[U000776],"Digit sequences for various rational numbers, given in base 10 (above) and base 2 (below). For a number of the form $p/q$, the digit sequence always repeats with a period of at mo…",WEAK
L0396,B0396,CHAPTERS/04-Systems-Based-on-Numbers.md:L303-304[U000778];CHAPTERS/04-Systems-Based-on-Numbers.md:L307-308[U000780],![](_page_154_Figure_2.jpeg),SERIOUS
L0397,B0397,CHAPTERS/04-Systems-Based-on-Numbers.md:L311-312[U000782];CHAPTERS/04-Systems-Based-on-Numbers.md:L347-348[U000789],Perfect squares such as $4 = 2 \times 2$ and $9 = 3 \times 3$ are specifically set up to have square roots that are just whole numbers. But as the table at the top of the next pag…,WEAK
L0398,B0398,CHAPTERS/04-Systems-Based-on-Numbers.md:L343-344[U000787];CHAPTERS/04-Systems-Based-on-Numbers.md:L347-348[U000789];CHAPTERS/04-Systems-Based-on-Numbers.md:L349-350[U000790],"The procedure is only slightly more complicated than the one for division discussed above. It involves two numbers $r$ and $s$, which are initially set to be $n$ and 0, respective…",SERIOUS
L0399,B0399,CHAPTERS/04-Systems-Based-on-Numbers.md:L355-367[U000793],<table> <tbody> <tr><td>\(\sqrt[3]{2} = 1.2599210498948731647672106072782283505702514647015079800819751121552996765139594837293965624362550941543102560\ldots\)</td></tr> <tr><td>\…,WEAK
L0400,B0400,CHAPTERS/04-Systems-Based-on-Numbers.md:L355-367[U000793],<table> <tbody> <tr><td>\(\sqrt[3]{2} = 1.2599210498948731647672106072782283505702514647015079800819751121552996765139594837293965624362550941543102560\ldots\)</td></tr> <tr><td>\…,WEAK
L0401,B0401,CHAPTERS/04-Systems-Based-on-Numbers.md:L355-367[U000793],<table> <tbody> <tr><td>\(\sqrt[3]{2} = 1.2599210498948731647672106072782283505702514647015079800819751121552996765139594837293965624362550941543102560\ldots\)</td></tr> <tr><td>\…,WEAK
L0402,B0402,CHAPTERS/04-Systems-Based-on-Numbers.md:L355-367[U000793],<table> <tbody> <tr><td>\(\sqrt[3]{2} = 1.2599210498948731647672106072782283505702514647015079800819751121552996765139594837293965624362550941543102560\ldots\)</td></tr> <tr><td>\…,WEAK
L0403,B0403,CHAPTERS/04-Systems-Based-on-Numbers.md:L393-394[U000801];CHAPTERS/04-Systems-Based-on-Numbers.md:L395-396[U000802];CHAPTERS/04-Systems-Based-on-Numbers.md:L399-400[U000804];CHAPTERS/04-Systems-Based-on-Numbers.md:L401-402[U000805];CHAPTERS/04-Systems-Based-on-Numbers.md:L407-433[U000808];CHAPTERS/04-Systems-Based-on-Numbers.md:L434-435[U000809],By replacing the addition and multiplication that appear above by other operations one can then get other representations for numbers. A common example are so-called continued fra…,RESOLVED
L0404,B0404,CHAPTERS/04-Systems-Based-on-Numbers.md:L395-396[U000802];CHAPTERS/04-Systems-Based-on-Numbers.md:L397-398[U000803];CHAPTERS/04-Systems-Based-on-Numbers.md:L399-400[U000804];CHAPTERS/04-Systems-Based-on-Numbers.md:L401-402[U000805],$$3 + \frac{1}{7 + \frac{1}{15 + \frac{1}{1 + \frac{1}{292 + \frac{1}{1 + \frac{1}{1 + \frac{1}{1 + \frac{1}{2 + \frac{1}{1 + \frac{1}{3 + \frac{1}{1 + \frac{1}{14 + \ldots}}}}}}}…,RESOLVED
L0405,B0405,CHAPTERS/04-Systems-Based-on-Numbers.md:L403-404[U000806],"What about other representations of numbers? At some level, one can always use symbolic expressions like $\sqrt{2} + e^{\sqrt{3}}$ to represent numbers. And almost by definition,…",WEAK
L0406,B0406,CHAPTERS/04-Systems-Based-on-Numbers.md:L448-449[U000816],"But if one looks at combinations of these standard functions, it is fairly easy to get more complicated results. The pictures on the next page show what happens, for example, if o…",WEAK
L0407,B0407,CHAPTERS/04-Systems-Based-on-Numbers.md:L450-451[U000817],![](_page_161_Figure_1.jpeg),WEAK
L0408,B0408,CHAPTERS/04-Systems-Based-on-Numbers.md:L450-451[U000817],![](_page_161_Figure_1.jpeg),WEAK
L0409,B0409,CHAPTERS/04-Systems-Based-on-Numbers.md:L450-451[U000817],![](_page_161_Figure_1.jpeg),WEAK
L0410,B0410,CHAPTERS/04-Systems-Based-on-Numbers.md:L450-451[U000817],![](_page_161_Figure_1.jpeg),WEAK
L0411,B0411,CHAPTERS/04-Systems-Based-on-Numbers.md:L454-455[U000819];CHAPTERS/04-Systems-Based-on-Numbers.md:L458-459[U000821],"In the third picture, however, the points where the curve crosses the axis come in two regularly spaced families. And as the pictures on the facing page indicate, for any curve li…",SERIOUS
L0412,B0412,CHAPTERS/04-Systems-Based-on-Numbers.md:L458-459[U000821],![](_page_162_Figure_1.jpeg),SERIOUS
L0413,B0413,CHAPTERS/04-Systems-Based-on-Numbers.md:L458-459[U000821];CHAPTERS/04-Systems-Based-on-Numbers.md:L460-461[U000822],![](_page_162_Figure_1.jpeg),SERIOUS
L0414,B0414,CHAPTERS/04-Systems-Based-on-Numbers.md:L458-459[U000821],![](_page_162_Figure_1.jpeg),RESOLVED
L0415,B0415,CHAPTERS/04-Systems-Based-on-Numbers.md:L458-459[U000821],![](_page_162_Figure_1.jpeg),RESOLVED
L0416,B0416,CHAPTERS/04-Systems-Based-on-Numbers.md:L462-463[U000823];CHAPTERS/04-Systems-Based-on-Numbers.md:L466-467[U000825];CHAPTERS/04-Systems-Based-on-Numbers.md:L468-469[U000826],"Among all the various mathematical functions defined, say, in *Mathematica* it turns out that there are also a few—not traditionally common in natural science—which yield complex…",WEAK
L0417,B0417,CHAPTERS/04-Systems-Based-on-Numbers.md:L464-465[U000824];CHAPTERS/04-Systems-Based-on-Numbers.md:L466-467[U000825];CHAPTERS/04-Systems-Based-on-Numbers.md:L468-469[U000826],The basic definition of this function is fairly simple. But in the end the function turns out to be related to the distribution of primes—and the curve it generates is quite compl…,WEAK
L0418,B0418,CHAPTERS/04-Systems-Based-on-Numbers.md:L466-467[U000825];CHAPTERS/04-Systems-Based-on-Numbers.md:L468-469[U000826],![](_page_163_Figure_4.jpeg),WEAK
L0419,B0419,CHAPTERS/04-Systems-Based-on-Numbers.md:L472-473[U000828];CHAPTERS/04-Systems-Based-on-Numbers.md:L486-487[U000835],"The basic idea of an iterated map is to take a number between 0 and 1, and then in a sequence of steps to update this number according to a fixed rule or “map”. Many of the maps I…",SERIOUS
L0420,B0420,CHAPTERS/04-Systems-Based-on-Numbers.md:L478-479[U000831];CHAPTERS/04-Systems-Based-on-Numbers.md:L486-487[U000835],On the first of the next two pages all the examples start with the number $1/2$—which has a simple digit sequence. But the examples on the second of the next two pages instead sta…,RESOLVED
L0421,B0421,CHAPTERS/04-Systems-Based-on-Numbers.md:L478-479[U000831];CHAPTERS/04-Systems-Based-on-Numbers.md:L490-491[U000837],On the first of the next two pages all the examples start with the number $1/2$—which has a simple digit sequence. But the examples on the second of the next two pages instead sta…,RESOLVED
L0422,B0422,CHAPTERS/04-Systems-Based-on-Numbers.md:L482-483[U000833];CHAPTERS/04-Systems-Based-on-Numbers.md:L486-487[U000835];CHAPTERS/04-Systems-Based-on-Numbers.md:L490-491[U000837];CHAPTERS/04-Systems-Based-on-Numbers.md:L510-511[U000847];CHAPTERS/04-Systems-Based-on-Numbers.md:L512-513[U000848];CHAPTERS/04-Systems-Based-on-Numbers.md:L514-515[U000849];CHAPTERS/04-Systems-Based-on-Numbers.md:L516-517[U000850],"If one looks at digit sequences, it is rather clear why this happens. For as the picture illustrates, the so-called shift map used in case (d) simply serves to shift all digits on…",RESOLVED
L0423,B0423,CHAPTERS/04-Systems-Based-on-Numbers.md:L486-487[U000835];CHAPTERS/04-Systems-Based-on-Numbers.md:L488-489[U000836];CHAPTERS/04-Systems-Based-on-Numbers.md:L490-491[U000837];CHAPTERS/04-Systems-Based-on-Numbers.md:L530-531[U000857],![](_page_165_Figure_1.jpeg),RESOLVED
L0424,B0424,CHAPTERS/04-Systems-Based-on-Numbers.md:L486-487[U000835];CHAPTERS/04-Systems-Based-on-Numbers.md:L488-489[U000836];CHAPTERS/04-Systems-Based-on-Numbers.md:L490-491[U000837];CHAPTERS/04-Systems-Based-on-Numbers.md:L530-531[U000857],![](_page_165_Figure_1.jpeg),RESOLVED
L0425,B0425,CHAPTERS/04-Systems-Based-on-Numbers.md:L486-487[U000835];CHAPTERS/04-Systems-Based-on-Numbers.md:L490-491[U000837],![](_page_165_Figure_1.jpeg),RESOLVED
L0426,B0426,CHAPTERS/04-Systems-Based-on-Numbers.md:L502-503[U000843];CHAPTERS/04-Systems-Based-on-Numbers.md:L506-507[U000845];CHAPTERS/04-Systems-Based-on-Numbers.md:L508-509[U000846];CHAPTERS/04-Systems-Based-on-Numbers.md:L510-511[U000847];CHAPTERS/04-Systems-Based-on-Numbers.md:L512-513[U000848];CHAPTERS/04-Systems-Based-on-Numbers.md:L514-515[U000849],The pictures at the top of the facing page show what happens if one uses as the initial conditions for this system two numbers whose sizes differ by just one part in a billion bil…,WEAK
L0427,B0427,CHAPTERS/04-Systems-Based-on-Numbers.md:L522-523[U000853],"But it turns out that if one picks a number at random subject only to the constraint that its size be in a certain range, then it is overwhelmingly likely that the number one gets…",RESOLVED
L0428,B0428,CHAPTERS/04-Systems-Based-on-Numbers.md:L534-535[U000859],![](_page_170_Picture_2.jpeg),RESOLVED
L0429,B0429,CHAPTERS/04-Systems-Based-on-Numbers.md:L546-547[U000865];CHAPTERS/04-Systems-Based-on-Numbers.md:L548-549[U000866];CHAPTERS/04-Systems-Based-on-Numbers.md:L550-551[U000867],"And to address this question, what I will do in this section is to consider a generalization of cellular automata in which each cell is not just black or white, but instead can ha…",SERIOUS
L0430,B0430,CHAPTERS/04-Systems-Based-on-Numbers.md:L548-549[U000866],"The idea is to look at the average gray level of a cell and its immediate neighbors, and then to get the gray level for that cell at the next step by applying a fixed mapping to t…",SERIOUS
L0431,B0431,CHAPTERS/04-Systems-Based-on-Numbers.md:L548-549[U000866];CHAPTERS/04-Systems-Based-on-Numbers.md:L550-551[U000867];CHAPTERS/04-Systems-Based-on-Numbers.md:L552-562[U000868],"The idea is to look at the average gray level of a cell and its immediate neighbors, and then to get the gray level for that cell at the next step by applying a fixed mapping to t…",SERIOUS
L0432,B0432,CHAPTERS/04-Systems-Based-on-Numbers.md:L565-566[U000870];CHAPTERS/04-Systems-Based-on-Numbers.md:L567-568[U000871];CHAPTERS/04-Systems-Based-on-Numbers.md:L569-579[U000872];CHAPTERS/04-Systems-Based-on-Numbers.md:L580-581[U000873],"The picture on the facing page shows what happens with a slightly more complicated rule in which the average gray level is multiplied by $3/2$, and then only the fractional part i…",RESOLVED
L0433,B0433,CHAPTERS/04-Systems-Based-on-Numbers.md:L584-585[U000875];CHAPTERS/04-Systems-Based-on-Numbers.md:L597-598[U000877];CHAPTERS/04-Systems-Based-on-Numbers.md:L599-600[U000878];CHAPTERS/04-Systems-Based-on-Numbers.md:L601-602[U000879];CHAPTERS/04-Systems-Based-on-Numbers.md:L603-604[U000880];CHAPTERS/04-Systems-Based-on-Numbers.md:L609-610[U000883];CHAPTERS/04-Systems-Based-on-Numbers.md:L611-612[U000884];CHAPTERS/04-Systems-Based-on-Numbers.md:L613-614[U000885];CHAPTERS/04-Systems-Based-on-Numbers.md:L615-616[U000886],"In fact, it turns out that in continuous cellular automata it takes only extremely simple rules to generate behavior of considerable complexity. So as an example the picture below…",RESOLVED
L0434,B0434,CHAPTERS/04-Systems-Based-on-Numbers.md:L584-585[U000875];CHAPTERS/04-Systems-Based-on-Numbers.md:L609-610[U000883];CHAPTERS/04-Systems-Based-on-Numbers.md:L611-612[U000884],"In fact, it turns out that in continuous cellular automata it takes only extremely simple rules to generate behavior of considerable complexity. So as an example the picture below…",RESOLVED
L0435,B0435,CHAPTERS/04-Systems-Based-on-Numbers.md:L584-585[U000875];CHAPTERS/04-Systems-Based-on-Numbers.md:L609-610[U000883];CHAPTERS/04-Systems-Based-on-Numbers.md:L611-612[U000884],"In fact, it turns out that in continuous cellular automata it takes only extremely simple rules to generate behavior of considerable complexity. So as an example the picture below…",RESOLVED
L0436,B0436,CHAPTERS/04-Systems-Based-on-Numbers.md:L584-585[U000875];CHAPTERS/04-Systems-Based-on-Numbers.md:L609-610[U000883];CHAPTERS/04-Systems-Based-on-Numbers.md:L611-612[U000884],"In fact, it turns out that in continuous cellular automata it takes only extremely simple rules to generate behavior of considerable complexity. So as an example the picture below…",RESOLVED
L0437,B0437,CHAPTERS/04-Systems-Based-on-Numbers.md:L584-585[U000875];CHAPTERS/04-Systems-Based-on-Numbers.md:L609-610[U000883];CHAPTERS/04-Systems-Based-on-Numbers.md:L611-612[U000884],"In fact, it turns out that in continuous cellular automata it takes only extremely simple rules to generate behavior of considerable complexity. So as an example the picture below…",RESOLVED
L0438,B0438,CHAPTERS/04-Systems-Based-on-Numbers.md:L584-585[U000875];CHAPTERS/04-Systems-Based-on-Numbers.md:L609-610[U000883];CHAPTERS/04-Systems-Based-on-Numbers.md:L611-612[U000884];CHAPTERS/04-Systems-Based-on-Numbers.md:L613-614[U000885],"In fact, it turns out that in continuous cellular automata it takes only extremely simple rules to generate behavior of considerable complexity. So as an example the picture below…",RESOLVED
L0439,B0439,CHAPTERS/04-Systems-Based-on-Numbers.md:L584-585[U000875];CHAPTERS/04-Systems-Based-on-Numbers.md:L609-610[U000883];CHAPTERS/04-Systems-Based-on-Numbers.md:L611-612[U000884],"In fact, it turns out that in continuous cellular automata it takes only extremely simple rules to generate behavior of considerable complexity. So as an example the picture below…",RESOLVED
L0440,B0440,CHAPTERS/04-Systems-Based-on-Numbers.md:L584-585[U000875];CHAPTERS/04-Systems-Based-on-Numbers.md:L609-610[U000883];CHAPTERS/04-Systems-Based-on-Numbers.md:L611-612[U000884],"In fact, it turns out that in continuous cellular automata it takes only extremely simple rules to generate behavior of considerable complexity. So as an example the picture below…",RESOLVED
L0441,B0441,CHAPTERS/04-Systems-Based-on-Numbers.md:L584-585[U000875];CHAPTERS/04-Systems-Based-on-Numbers.md:L609-610[U000883];CHAPTERS/04-Systems-Based-on-Numbers.md:L611-612[U000884],"In fact, it turns out that in continuous cellular automata it takes only extremely simple rules to generate behavior of considerable complexity. So as an example the picture below…",RESOLVED
L0442,B0442,CHAPTERS/04-Systems-Based-on-Numbers.md:L584-585[U000875];CHAPTERS/04-Systems-Based-on-Numbers.md:L609-610[U000883];CHAPTERS/04-Systems-Based-on-Numbers.md:L611-612[U000884],"In fact, it turns out that in continuous cellular automata it takes only extremely simple rules to generate behavior of considerable complexity. So as an example the picture below…",RESOLVED
L0443,B0443,CHAPTERS/04-Systems-Based-on-Numbers.md:L584-585[U000875];CHAPTERS/04-Systems-Based-on-Numbers.md:L609-610[U000883];CHAPTERS/04-Systems-Based-on-Numbers.md:L611-612[U000884],"In fact, it turns out that in continuous cellular automata it takes only extremely simple rules to generate behavior of considerable complexity. So as an example the picture below…",RESOLVED
L0444,B0444,CHAPTERS/04-Systems-Based-on-Numbers.md:L584-585[U000875];CHAPTERS/04-Systems-Based-on-Numbers.md:L597-598[U000877];CHAPTERS/04-Systems-Based-on-Numbers.md:L599-600[U000878];CHAPTERS/04-Systems-Based-on-Numbers.md:L601-602[U000879];CHAPTERS/04-Systems-Based-on-Numbers.md:L603-604[U000880];CHAPTERS/04-Systems-Based-on-Numbers.md:L611-612[U000884],"In fact, it turns out that in continuous cellular automata it takes only extremely simple rules to generate behavior of considerable complexity. So as an example the picture below…",RESOLVED
L0445,B0445,CHAPTERS/04-Systems-Based-on-Numbers.md:L584-585[U000875];CHAPTERS/04-Systems-Based-on-Numbers.md:L609-610[U000883];CHAPTERS/04-Systems-Based-on-Numbers.md:L611-612[U000884],"In fact, it turns out that in continuous cellular automata it takes only extremely simple rules to generate behavior of considerable complexity. So as an example the picture below…",RESOLVED
L0446,B0446,CHAPTERS/04-Systems-Based-on-Numbers.md:L584-585[U000875];CHAPTERS/04-Systems-Based-on-Numbers.md:L609-610[U000883];CHAPTERS/04-Systems-Based-on-Numbers.md:L611-612[U000884];CHAPTERS/04-Systems-Based-on-Numbers.md:L613-614[U000885],"In fact, it turns out that in continuous cellular automata it takes only extremely simple rules to generate behavior of considerable complexity. So as an example the picture below…",RESOLVED
L0447,B0447,CHAPTERS/04-Systems-Based-on-Numbers.md:L584-585[U000875];CHAPTERS/04-Systems-Based-on-Numbers.md:L609-610[U000883];CHAPTERS/04-Systems-Based-on-Numbers.md:L611-612[U000884];CHAPTERS/04-Systems-Based-on-Numbers.md:L613-614[U000885],"In fact, it turns out that in continuous cellular automata it takes only extremely simple rules to generate behavior of considerable complexity. So as an example the picture below…",RESOLVED
L0448,B0448,CHAPTERS/04-Systems-Based-on-Numbers.md:L584-585[U000875];CHAPTERS/04-Systems-Based-on-Numbers.md:L609-610[U000883];CHAPTERS/04-Systems-Based-on-Numbers.md:L611-612[U000884];CHAPTERS/04-Systems-Based-on-Numbers.md:L613-614[U000885],"In fact, it turns out that in continuous cellular automata it takes only extremely simple rules to generate behavior of considerable complexity. So as an example the picture below…",RESOLVED
L0449,B0449,CHAPTERS/04-Systems-Based-on-Numbers.md:L584-585[U000875];CHAPTERS/04-Systems-Based-on-Numbers.md:L609-610[U000883];CHAPTERS/04-Systems-Based-on-Numbers.md:L611-612[U000884],"In fact, it turns out that in continuous cellular automata it takes only extremely simple rules to generate behavior of considerable complexity. So as an example the picture below…",RESOLVED
L0450,B0450,CHAPTERS/04-Systems-Based-on-Numbers.md:L584-585[U000875];CHAPTERS/04-Systems-Based-on-Numbers.md:L609-610[U000883];CHAPTERS/04-Systems-Based-on-Numbers.md:L611-612[U000884],"In fact, it turns out that in continuous cellular automata it takes only extremely simple rules to generate behavior of considerable complexity. So as an example the picture below…",RESOLVED
L0451,B0451,CHAPTERS/04-Systems-Based-on-Numbers.md:L584-585[U000875];CHAPTERS/04-Systems-Based-on-Numbers.md:L609-610[U000883];CHAPTERS/04-Systems-Based-on-Numbers.md:L611-612[U000884],"In fact, it turns out that in continuous cellular automata it takes only extremely simple rules to generate behavior of considerable complexity. So as an example the picture below…",RESOLVED
L0452,B0452,CHAPTERS/04-Systems-Based-on-Numbers.md:L584-585[U000875];CHAPTERS/04-Systems-Based-on-Numbers.md:L609-610[U000883];CHAPTERS/04-Systems-Based-on-Numbers.md:L611-612[U000884],"In fact, it turns out that in continuous cellular automata it takes only extremely simple rules to generate behavior of considerable complexity. So as an example the picture below…",RESOLVED
L0453,B0453,CHAPTERS/04-Systems-Based-on-Numbers.md:L584-585[U000875];CHAPTERS/04-Systems-Based-on-Numbers.md:L609-610[U000883];CHAPTERS/04-Systems-Based-on-Numbers.md:L611-612[U000884];CHAPTERS/04-Systems-Based-on-Numbers.md:L613-614[U000885],"In fact, it turns out that in continuous cellular automata it takes only extremely simple rules to generate behavior of considerable complexity. So as an example the picture below…",RESOLVED
L0454,B0454,CHAPTERS/04-Systems-Based-on-Numbers.md:L584-585[U000875];CHAPTERS/04-Systems-Based-on-Numbers.md:L609-610[U000883];CHAPTERS/04-Systems-Based-on-Numbers.md:L611-612[U000884],"In fact, it turns out that in continuous cellular automata it takes only extremely simple rules to generate behavior of considerable complexity. So as an example the picture below…",RESOLVED
L0455,B0455,CHAPTERS/04-Systems-Based-on-Numbers.md:L584-585[U000875];CHAPTERS/04-Systems-Based-on-Numbers.md:L607-608[U000882];CHAPTERS/04-Systems-Based-on-Numbers.md:L609-610[U000883];CHAPTERS/04-Systems-Based-on-Numbers.md:L613-614[U000885],"In fact, it turns out that in continuous cellular automata it takes only extremely simple rules to generate behavior of considerable complexity. So as an example the picture below…",RESOLVED
L0456,B0456,CHAPTERS/04-Systems-Based-on-Numbers.md:L584-585[U000875];CHAPTERS/04-Systems-Based-on-Numbers.md:L609-610[U000883];CHAPTERS/04-Systems-Based-on-Numbers.md:L613-614[U000885],"In fact, it turns out that in continuous cellular automata it takes only extremely simple rules to generate behavior of considerable complexity. So as an example the picture below…",RESOLVED
L0457,B0457,CHAPTERS/04-Systems-Based-on-Numbers.md:L584-585[U000875];CHAPTERS/04-Systems-Based-on-Numbers.md:L609-610[U000883];CHAPTERS/04-Systems-Based-on-Numbers.md:L613-614[U000885],"In fact, it turns out that in continuous cellular automata it takes only extremely simple rules to generate behavior of considerable complexity. So as an example the picture below…",RESOLVED
L0458,B0458,CHAPTERS/04-Systems-Based-on-Numbers.md:L613-614[U000885];CHAPTERS/04-Systems-Based-on-Numbers.md:L615-616[U000886],![](_page_175_Figure_2.jpeg),RESOLVED
L0459,B0459,CHAPTERS/04-Systems-Based-on-Numbers.md:L625-626[U000891];CHAPTERS/04-Systems-Based-on-Numbers.md:L667-668[U000912];CHAPTERS/04-Systems-Based-on-Numbers.md:L671-672[U000914];CHAPTERS/04-Systems-Based-on-Numbers.md:L673-674[U000915],"But how does one give rules for the evolution of such a system? Having no explicit time steps to work with, one must instead just specify the rate at which the gray level changes…",SERIOUS
L0460,B0460,CHAPTERS/04-Systems-Based-on-Numbers.md:L637-638[U000897];CHAPTERS/04-Systems-Based-on-Numbers.md:L649-650[U000903];CHAPTERS/04-Systems-Based-on-Numbers.md:L651-652[U000904];CHAPTERS/04-Systems-Based-on-Numbers.md:L653-654[U000905];CHAPTERS/04-Systems-Based-on-Numbers.md:L667-668[U000912],"The first picture shows the diffusion equation, which can be viewed as a limiting case of the continuous cellular automaton on page 156. Its behavior is always very simple: any in…",RESOLVED
L0461,B0461,CHAPTERS/04-Systems-Based-on-Numbers.md:L655-656[U000906];CHAPTERS/04-Systems-Based-on-Numbers.md:L657-658[U000907];CHAPTERS/04-Systems-Based-on-Numbers.md:L659-660[U000908];CHAPTERS/04-Systems-Based-on-Numbers.md:L667-668[U000912],![](_page_178_Picture_5.jpeg),RESOLVED
L0462,B0462,CHAPTERS/04-Systems-Based-on-Numbers.md:L661-662[U000909];CHAPTERS/04-Systems-Based-on-Numbers.md:L663-664[U000910];CHAPTERS/04-Systems-Based-on-Numbers.md:L665-666[U000911];CHAPTERS/04-Systems-Based-on-Numbers.md:L667-668[U000912],![](_page_178_Picture_8.jpeg),RESOLVED
L0463,B0463,CHAPTERS/04-Systems-Based-on-Numbers.md:L649-650[U000903];CHAPTERS/04-Systems-Based-on-Numbers.md:L651-652[U000904];CHAPTERS/04-Systems-Based-on-Numbers.md:L655-656[U000906];CHAPTERS/04-Systems-Based-on-Numbers.md:L657-658[U000907];CHAPTERS/04-Systems-Based-on-Numbers.md:L661-662[U000909];CHAPTERS/04-Systems-Based-on-Numbers.md:L663-664[U000910];CHAPTERS/04-Systems-Based-on-Numbers.md:L667-668[U000912];CHAPTERS/04-Systems-Based-on-Numbers.md:L683-684[U000920];CHAPTERS/04-Systems-Based-on-Numbers.md:L685-686[U000921];CHAPTERS/04-Systems-Based-on-Numbers.md:L689-690[U000923];CHAPTERS/04-Systems-Based-on-Numbers.md:L691-692[U000924];CHAPTERS/04-Systems-Based-on-Numbers.md:L695-696[U000926];CHAPTERS/04-Systems-Based-on-Numbers.md:L697-698[U000927];CHAPTERS/04-Systems-Based-on-Numbers.md:L703-704[U000930];CHAPTERS/04-Systems-Based-on-Numbers.md:L707-708[U000932];CHAPTERS/04-Systems-Based-on-Numbers.md:L711-712[U000934],![](_page_178_Picture_2.jpeg),RESOLVED
L0464,B0464,CHAPTERS/04-Systems-Based-on-Numbers.md:L671-672[U000914],"Nevertheless, by representing formulas as symbolic expressions with discrete sets of possible components, one can devise at least some schemes for sampling partial differential eq…",WEAK
L0465,B0465,CHAPTERS/04-Systems-Based-on-Numbers.md:L683-684[U000920];CHAPTERS/04-Systems-Based-on-Numbers.md:L685-686[U000921];CHAPTERS/04-Systems-Based-on-Numbers.md:L687-688[U000922];CHAPTERS/04-Systems-Based-on-Numbers.md:L703-704[U000930];CHAPTERS/04-Systems-Based-on-Numbers.md:L705-706[U000931];CHAPTERS/04-Systems-Based-on-Numbers.md:L715-716[U000936],![](_page_180_Picture_2.jpeg),RESOLVED
L0466,B0466,CHAPTERS/04-Systems-Based-on-Numbers.md:L689-690[U000923];CHAPTERS/04-Systems-Based-on-Numbers.md:L691-692[U000924];CHAPTERS/04-Systems-Based-on-Numbers.md:L693-694[U000925];CHAPTERS/04-Systems-Based-on-Numbers.md:L707-708[U000932];CHAPTERS/04-Systems-Based-on-Numbers.md:L709-710[U000933];CHAPTERS/04-Systems-Based-on-Numbers.md:L715-716[U000936],![](_page_180_Picture_5.jpeg),RESOLVED
L0467,B0467,CHAPTERS/04-Systems-Based-on-Numbers.md:L695-696[U000926];CHAPTERS/04-Systems-Based-on-Numbers.md:L697-698[U000927];CHAPTERS/04-Systems-Based-on-Numbers.md:L699-700[U000928];CHAPTERS/04-Systems-Based-on-Numbers.md:L711-712[U000934];CHAPTERS/04-Systems-Based-on-Numbers.md:L713-714[U000935];CHAPTERS/04-Systems-Based-on-Numbers.md:L715-716[U000936],![](_page_180_Picture_8.jpeg),RESOLVED
L0468,B0468,CHAPTERS/04-Systems-Based-on-Numbers.md:L715-716[U000936],<sup>◀</sup> Solutions to the same equations as on the previous page over a longer period of time. Note the appearance of discrete structures. Particularly in the last picture som…,RESOLVED
L0469,B0469,BACK-MATTER/NOTES/04-Systems-Based-on-Numbers-Notes.md:L5-6[U005639];BACK-MATTER/NOTES/04-Systems-Based-on-Numbers-Notes.md:L7-10[U005640],"■ **Implementation of digit sequences.** A whole number *n* can be converted to a sequence of digits in base *k* using `IntegerDigits[n, k]` or (see also page 1094)",RESOLVED
L0470,B0470,BACK-MATTER/NOTES/04-Systems-Based-on-Numbers-Notes.md:L11-12[U005641];BACK-MATTER/NOTES/04-Systems-Based-on-Numbers-Notes.md:L13-16[U005642],"and from a sequence of digits using `FromDigits[list, k]` or",RESOLVED
L0471,B0471,BACK-MATTER/NOTES/04-Systems-Based-on-Numbers-Notes.md:L17-18[U005643];BACK-MATTER/NOTES/04-Systems-Based-on-Numbers-Notes.md:L19-22[U005644],"For a number *x* between 0 and 1, the first *m* digits in its digit sequence in base *k* are given by `RealDigits[x, k, m]` or",RESOLVED
L0472,B0472,BACK-MATTER/NOTES/04-Systems-Based-on-Numbers-Notes.md:L23-24[U005645];BACK-MATTER/NOTES/04-Systems-Based-on-Numbers-Notes.md:L25-28[U005646],"and from these digits one can reconstruct an approximation to the number using `FromDigits[{list, 0}, k]` or",RESOLVED
L0473,B0473,BACK-MATTER/NOTES/04-Systems-Based-on-Numbers-Notes.md:L29-30[U005647];BACK-MATTER/NOTES/04-Systems-Based-on-Numbers-Notes.md:L31-35[U005648];BACK-MATTER/NOTES/04-Systems-Based-on-Numbers-Notes.md:L36-37[U005649],"■ **Gray code.** In looking at digit sequences, it is sometimes useful to consider ordering numbers by a criterion other than their size. An example is Gray code ordering, in whic…",RESOLVED
L0474,B0474,BACK-MATTER/NOTES/04-Systems-Based-on-Numbers-Notes.md:L36-37[U005649];BACK-MATTER/NOTES/04-Systems-Based-on-Numbers-Notes.md:L213-214[U005725],The succession of sizes and digit sequences of numbers ordered in this way are shown below. (Note that the digit sequence picture is turned on its side relative to those in the ma…,RESOLVED
L0475,B0475,BACK-MATTER/NOTES/04-Systems-Based-on-Numbers-Notes.md:L52-53[U005657],"■ **Page 117 · Substitution systems.** There are many connections between digit sequences and substitution systems, as discussed on page 891. The pattern shown here is essentially…",RESOLVED
L0476,B0476,BACK-MATTER/NOTES/04-Systems-Based-on-Numbers-Notes.md:L54-55[U005658];BACK-MATTER/NOTES/04-Systems-Based-on-Numbers-Notes.md:L56-59[U005659];BACK-MATTER/NOTES/04-Systems-Based-on-Numbers-Notes.md:L60-61[U005660],"■ **Page 117 · Digit counts.** The number of black squares on row *n* in the pattern shown here is given by `DigitCount[n, 2, 1]` and is plotted below. This function appeared on p…",RESOLVED
L0477,B0477,BACK-MATTER/NOTES/04-Systems-Based-on-Numbers-Notes.md:L64-65[U005662],"■ **Negative bases.** Given a suitable list of digits from 0 to *k* - 1 one can obtain any positive or negative number using `FromDigits[list, -k]`. The picture below shows the di…",RESOLVED
L0478,B0478,BACK-MATTER/NOTES/04-Systems-Based-on-Numbers-Notes.md:L68-69[U005664],"■ **Non-power bases.** One can consider representing numbers by `Sum[a[n] f[n], {n, 0, Infinity}]` where the `f[n]` need not be `k^n`. So long as `f[n]` grows less rapidly than `2…",RESOLVED
L0479,B0479,BACK-MATTER/NOTES/04-Systems-Based-on-Numbers-Notes.md:L70-71[U005665],■ **Multiplicative digit sequences.** One can consider generalizations of digit sequences in which numbers are broken into parts combined not by addition but by multiplication. Si…,RESOLVED
L0480,B0480,BACK-MATTER/NOTES/04-Systems-Based-on-Numbers-Notes.md:L74-75[U005667],"■ **Page 120 · Powers of three in base 2.** The *n*th row in the pattern shown can be obtained simply as `IntegerDigits[3^n, 2]`. Even such individual rows seem in many respects r…",RESOLVED
L0481,B0481,BACK-MATTER/NOTES/04-Systems-Based-on-Numbers-Notes.md:L78-79[U005669];BACK-MATTER/NOTES/04-Systems-Based-on-Numbers-Notes.md:L80-81[U005670],"If one looks only at the rightmost *s* columns of the pattern, one sees repetition—but the period of the repetition grows like `2^s`. Typical vertical columns have one obvious dev…",WEAK
L0482,B0482,BACK-MATTER/NOTES/04-Systems-Based-on-Numbers-Notes.md:L82-83[U005671],"Note that if one uses base 6 rather than base 2, then as shown on page 614 powers of 3 still yield a complicated pattern, but all operations are strictly local, and the system cor…",RESOLVED
L0483,B0483,BACK-MATTER/NOTES/04-Systems-Based-on-Numbers-Notes.md:L86-87[U005673],"■ **Page 122 · Powers of 3/2.** The *n*th value shown in the plot here is `Mod[(3/2)^n, 1]`. Measurements suggest that these values are uniformly distributed in the range 0 to 1,…",RESOLVED
L0484,B0484,BACK-MATTER/NOTES/04-Systems-Based-on-Numbers-Notes.md:L88-89[U005674];BACK-MATTER/NOTES/04-Systems-Based-on-Numbers-Notes.md:L90-94[U005675];BACK-MATTER/NOTES/04-Systems-Based-on-Numbers-Notes.md:L95-96[U005676],"In base 6, `(3/2)^n` is a cellular automaton with rule",RESOLVED
L0485,B0485,BACK-MATTER/NOTES/04-Systems-Based-on-Numbers-Notes.md:L97-98[U005677],"■ **General powers.** It has been known in principle since the 1930s that `Mod[h^n, 1]` is uniformly distributed in the range 0 to 1 for almost all values of *h*. However, no spec…",WEAK
L0486,B0486,BACK-MATTER/NOTES/04-Systems-Based-on-Numbers-Notes.md:L99-100[U005678];BACK-MATTER/NOTES/04-Systems-Based-on-Numbers-Notes.md:L103-104[U005680];BACK-MATTER/NOTES/04-Systems-Based-on-Numbers-Notes.md:L105-106[U005681],"■ **Multiples of irrational numbers.** Instead of powers one can consider successive multiples `Mod[h n, 1]` of a number *h*. The pictures below show results obtained as a functio…",RESOLVED
L0487,B0487,BACK-MATTER/NOTES/04-Systems-Based-on-Numbers-Notes.md:L105-106[U005681],"■ **Relation to substitution systems.** Despite the uniform distribution result in the note above, the sequence `Floor[(n + 1) h] - Floor[n h]` is definitely not completely random…",RESOLVED
L0488,B0488,BACK-MATTER/NOTES/04-Systems-Based-on-Numbers-Notes.md:L107-111[U005682];BACK-MATTER/NOTES/04-Systems-Based-on-Numbers-Notes.md:L112-113[U005683];BACK-MATTER/NOTES/04-Systems-Based-on-Numbers-Notes.md:L114-115[U005684];BACK-MATTER/NOTES/04-Systems-Based-on-Numbers-Notes.md:L116-117[U005685];BACK-MATTER/NOTES/04-Systems-Based-on-Numbers-Notes.md:L105-106[U005681],"``` Map[({0 -> Join[#, {1}], 1 -> Join[#, {1, 0}]} &)[ Table[0, {# - 1}]] &, Reverse[Rest[ContinuedFraction[h, m]]]] ```",RESOLVED
L0489,B0489,BACK-MATTER/NOTES/04-Systems-Based-on-Numbers-Notes.md:L118-119[U005686],"■ **Other uniformly distributed sequences.** Cases in which `Mod[a[n], 1]` is uniformly distributed include `Sqrt[n]`, `n Log[n]`, `Log[Fibonacci[n]]`, `Log[n!]`, `h n^2` and `h P…",WEAK
L0490,B0490,BACK-MATTER/NOTES/04-Systems-Based-on-Numbers-Notes.md:L120-121[U005687];BACK-MATTER/NOTES/04-Systems-Based-on-Numbers-Notes.md:L122-123[U005688],■ **Page 122 · Implementation.** The evolution for *t* steps of the system at the top of the page can be computed simply by,RESOLVED
L0491,B0491,BACK-MATTER/NOTES/04-Systems-Based-on-Numbers-Notes.md:L124-125[U005689],"■ **Page 122 · The 3n+1 problem.** The system described here is similar to the so-called 3n+1 problem, in which one looks at the rule `n -> If[EvenQ[n], n/2, (3 n + 1)/2]` and ask…",RESOLVED
L0492,B0492,BACK-MATTER/NOTES/04-Systems-Based-on-Numbers-Notes.md:L124-125[U005689];BACK-MATTER/NOTES/04-Systems-Based-on-Numbers-Notes.md:L126-129[U005690],"■ **Page 122 · The 3n+1 problem.** The system described here is similar to the so-called 3n+1 problem, in which one looks at the rule `n -> If[EvenQ[n], n/2, (3 n + 1)/2]` and ask…",RESOLVED
L0493,B0493,BACK-MATTER/NOTES/04-Systems-Based-on-Numbers-Notes.md:L126-129[U005690],"``` FixedPoint[(3 #/2^IntegerExponent[#, 2] + 1)/2 &, n] == 2 ```",RESOLVED
L0494,B0494,BACK-MATTER/NOTES/04-Systems-Based-on-Numbers-Notes.md:L130-131[U005691],"With the rule `n -> If[EvenQ[n], 5 n/2, (n + 1)/2]` used in the main text, the sequence produced repeats if *n* ever reaches 2, 4 or 40 (and possibly higher numbers). But with ini…",RESOLVED
L0495,B0495,BACK-MATTER/NOTES/04-Systems-Based-on-Numbers-Notes.md:L136-137[U005694],The pictures below show how many steps are needed to reach value 1 starting from different values of *n*. Case (a) is the standard 3n+1 problem. Cases (b) and (c) use somewhat dif…,RESOLVED
L0496,B0496,BACK-MATTER/NOTES/04-Systems-Based-on-Numbers-Notes.md:L136-137[U005694],The pictures below show how many steps are needed to reach value 1 starting from different values of *n*. Case (a) is the standard 3n+1 problem. Cases (b) and (c) use somewhat dif…,RESOLVED
L0497,B0497,BACK-MATTER/NOTES/04-Systems-Based-on-Numbers-Notes.md:L140-141[U005696];BACK-MATTER/NOTES/04-Systems-Based-on-Numbers-Notes.md:L142-146[U005697];BACK-MATTER/NOTES/04-Systems-Based-on-Numbers-Notes.md:L147-148[U005698],"■ **3n+1 problem as cellular automaton.** If one writes the digits of *n* in base 6, then the rule for updating the digit sequence is a cellular automaton with 7 possible colors (…",RESOLVED
L0498,B0498,BACK-MATTER/NOTES/04-Systems-Based-on-Numbers-Notes.md:L149-150[U005699];BACK-MATTER/NOTES/04-Systems-Based-on-Numbers-Notes.md:L151-157[U005700],"■ **Reconstructing initial conditions.** Given a particular starting value of *n*, it is difficult to predict what precise sequence of even and odd values will be obtained in the…",RESOLVED
L0499,B0499,BACK-MATTER/NOTES/04-Systems-Based-on-Numbers-Notes.md:L158-159[U005701];BACK-MATTER/NOTES/04-Systems-Based-on-Numbers-Notes.md:L160-161[U005702];BACK-MATTER/NOTES/04-Systems-Based-on-Numbers-Notes.md:L162-163[U005703];BACK-MATTER/NOTES/04-Systems-Based-on-Numbers-Notes.md:L164-165[U005704],■ **A reversible system.** In both the ordinary 3n+1 problem and in the systems discussed in the main text different numbers often evolve to the same value so that there is no uni…,RESOLVED
L0500,B0500,BACK-MATTER/NOTES/04-Systems-Based-on-Numbers-Notes.md:L170-171[U005707];BACK-MATTER/NOTES/04-Systems-Based-on-Numbers-Notes.md:L172-173[U005708];BACK-MATTER/NOTES/04-Systems-Based-on-Numbers-Notes.md:L174-175[U005709];BACK-MATTER/NOTES/04-Systems-Based-on-Numbers-Notes.md:L178-179[U005711],■ **Page 125 · Reversal-addition systems.** The operation that is performed here is,SERIOUS
L0501,B0501,BACK-MATTER/NOTES/04-Systems-Based-on-Numbers-Notes.md:L182-183[U005713];BACK-MATTER/NOTES/04-Systems-Based-on-Numbers-Notes.md:L184-188[U005714],■ **Digit reversal.** Sequences of the form,RESOLVED
L0502,B0502,BACK-MATTER/NOTES/04-Systems-Based-on-Numbers-Notes.md:L193-194[U005717];BACK-MATTER/NOTES/04-Systems-Based-on-Numbers-Notes.md:L195-198[U005718],■ **Iterated run-length encoding.** Starting say with `{1}` consider repeatedly replacing `list` by (see page 1070),SERIOUS
L0503,B0503,BACK-MATTER/NOTES/04-Systems-Based-on-Numbers-Notes.md:L199-200[U005719];BACK-MATTER/NOTES/04-Systems-Based-on-Numbers-Notes.md:L201-202[U005720],"The resulting sequences contain only the numbers 1, 2 and 3, but otherwise at first appear fairly random. However, as noticed by John Conway around 1986, the sequences can actuall…",RESOLVED
L0504,B0504,BACK-MATTER/NOTES/04-Systems-Based-on-Numbers-Notes.md:L203-204[U005721];BACK-MATTER/NOTES/04-Systems-Based-on-Numbers-Notes.md:L205-208[U005722];BACK-MATTER/NOTES/04-Systems-Based-on-Numbers-Notes.md:L209-210[U005723],■ **Digit count sequences.** Starting say with `{1}` repeatedly replace `list` by,SERIOUS
L0505,B0505,BACK-MATTER/NOTES/04-Systems-Based-on-Numbers-Notes.md:L213-214[U005725],■ **Iterated bitwise operations.** The pictures below show digit sequences generated by repeatedly applying combinations of bitwise and arithmetic operations. The first example co…,RESOLVED
L0506,B0506,BACK-MATTER/NOTES/04-Systems-Based-on-Numbers-Notes.md:L213-214[U005725],■ **Iterated bitwise operations.** The pictures below show digit sequences generated by repeatedly applying combinations of bitwise and arithmetic operations. The first example co…,RESOLVED
L0507,B0507,BACK-MATTER/NOTES/04-Systems-Based-on-Numbers-Notes.md:L213-214[U005725],■ **Iterated bitwise operations.** The pictures below show digit sequences generated by repeatedly applying combinations of bitwise and arithmetic operations. The first example co…,RESOLVED
L0508,B0508,BACK-MATTER/NOTES/04-Systems-Based-on-Numbers-Notes.md:L213-214[U005725],■ **Iterated bitwise operations.** The pictures below show digit sequences generated by repeatedly applying combinations of bitwise and arithmetic operations. The first example co…,RESOLVED
L0509,B0509,BACK-MATTER/NOTES/04-Systems-Based-on-Numbers-Notes.md:L213-214[U005725],■ **Iterated bitwise operations.** The pictures below show digit sequences generated by repeatedly applying combinations of bitwise and arithmetic operations. The first example co…,RESOLVED
L0510,B0510,BACK-MATTER/NOTES/04-Systems-Based-on-Numbers-Notes.md:L219-220[U005728],■ **Page 128 · Recurrence relations.** The rules for the sequences given here all have the form of linear recurrence relations. An explicit formula for the *n*th term in each sequ…,SERIOUS
L0511,B0511,BACK-MATTER/NOTES/04-Systems-Based-on-Numbers-Notes.md:L221-222[U005729];BACK-MATTER/NOTES/04-Systems-Based-on-Numbers-Notes.md:L223-226[U005730],Standard examples of recursive sequences that do not come from linear recurrence relations include factorial,RESOLVED
L0512,B0512,BACK-MATTER/NOTES/04-Systems-Based-on-Numbers-Notes.md:L229-230[U005732];BACK-MATTER/NOTES/04-Systems-Based-on-Numbers-Notes.md:L231-234[U005733];BACK-MATTER/NOTES/04-Systems-Based-on-Numbers-Notes.md:L235-236[U005734],A recurrence relation like,RESOLVED
L0513,B0513,BACK-MATTER/NOTES/04-Systems-Based-on-Numbers-Notes.md:L237-238[U005735];BACK-MATTER/NOTES/04-Systems-Based-on-Numbers-Notes.md:L239-243[U005736],■ **Ackermann functions.** A convenient example is,SERIOUS
L0514,B0514,BACK-MATTER/NOTES/04-Systems-Based-on-Numbers-Notes.md:L244-245[U005737];BACK-MATTER/NOTES/04-Systems-Based-on-Numbers-Notes.md:L246-250[U005738];BACK-MATTER/NOTES/04-Systems-Based-on-Numbers-Notes.md:L251-252[U005739];BACK-MATTER/NOTES/04-Systems-Based-on-Numbers-Notes.md:L253-257[U005740];BACK-MATTER/NOTES/04-Systems-Based-on-Numbers-Notes.md:L258-259[U005741],The original function constructed by Wilhelm Ackermann around 1926 is essentially,RESOLVED
L0515,B0515,BACK-MATTER/NOTES/04-Systems-Based-on-Numbers-Notes.md:L260-261[U005742];BACK-MATTER/NOTES/04-Systems-Based-on-Numbers-Notes.md:L262-266[U005743];BACK-MATTER/NOTES/04-Systems-Based-on-Numbers-Notes.md:L267-268[U005744],"■ **Page 129 · Computation of sequences.** It is straightforward to compute the various sequences given here, but to avoid a rapid increase in computer time, it is essential to st…",WEAK
L0516,B0516,BACK-MATTER/NOTES/04-Systems-Based-on-Numbers-Notes.md:L267-268[U005744],"The question of which recursive definitions yield meaningful sequences can depend on the details of how the rules are applied. For example, f[-1] may occur, but if the complete ex…",SERIOUS
L0517,B0517,BACK-MATTER/NOTES/04-Systems-Based-on-Numbers-Notes.md:L269-270[U005745];BACK-MATTER/NOTES/04-Systems-Based-on-Numbers-Notes.md:L271-274[U005746];BACK-MATTER/NOTES/04-Systems-Based-on-Numbers-Notes.md:L275-279[U005747];BACK-MATTER/NOTES/04-Systems-Based-on-Numbers-Notes.md:L280-281[U005748];BACK-MATTER/NOTES/04-Systems-Based-on-Numbers-Notes.md:L282-283[U005749];BACK-MATTER/NOTES/04-Systems-Based-on-Numbers-Notes.md:L284-285[U005750];BACK-MATTER/NOTES/04-Systems-Based-on-Numbers-Notes.md:L286-287[U005751];BACK-MATTER/NOTES/04-Systems-Based-on-Numbers-Notes.md:L288-289[U005752],■ **Page 131 · Properties of sequences.** Sequence (d) is given by,WEAK
L0518,B0518,BACK-MATTER/NOTES/04-Systems-Based-on-Numbers-Notes.md:L290-291[U005753];BACK-MATTER/NOTES/04-Systems-Based-on-Numbers-Notes.md:L292-297[U005754];BACK-MATTER/NOTES/04-Systems-Based-on-Numbers-Notes.md:L298-299[U005755];BACK-MATTER/NOTES/04-Systems-Based-on-Numbers-Notes.md:L300-305[U005756],The form of sequence (c) is similar to that obtained from concatenation numbers on page 913. Hump *m* in the picture of sequence (c) shown is given by,WEAK
L0519,B0519,BACK-MATTER/NOTES/04-Systems-Based-on-Numbers-Notes.md:L308-309[U005758];BACK-MATTER/NOTES/04-Systems-Based-on-Numbers-Notes.md:L312-313[U005760],"In the sequences discussed here, `f[n_]` always has the form `f[p[n]] + f[q[n]]`. The plots at the top of the next page show `p[n]` and `q[n]` as a function of *n*.",RESOLVED
L0520,B0520,BACK-MATTER/NOTES/04-Systems-Based-on-Numbers-Notes.md:L316-317[U005762];BACK-MATTER/NOTES/04-Systems-Based-on-Numbers-Notes.md:L318-319[U005763];BACK-MATTER/NOTES/04-Systems-Based-on-Numbers-Notes.md:L320-324[U005764];BACK-MATTER/NOTES/04-Systems-Based-on-Numbers-Notes.md:L334-335[U005768];BACK-MATTER/NOTES/04-Systems-Based-on-Numbers-Notes.md:L336-339[U005769],■ **Primitive recursive functions.** As part of trying to formalize foundations of arithmetic Richard Dedekind began around 1888 to discuss possible functions that could be define…,SERIOUS
L0521,B0521,BACK-MATTER/NOTES/04-Systems-Based-on-Numbers-Notes.md:L325-326[U005765];BACK-MATTER/NOTES/04-Systems-Based-on-Numbers-Notes.md:L327-331[U005766],Plus and Times can then for example be defined as,RESOLVED
L0522,B0522,BACK-MATTER/NOTES/04-Systems-Based-on-Numbers-Notes.md:L325-326[U005765];BACK-MATTER/NOTES/04-Systems-Based-on-Numbers-Notes.md:L327-331[U005766],Plus and Times can then for example be defined as,RESOLVED
L0523,B0523,BACK-MATTER/NOTES/04-Systems-Based-on-Numbers-Notes.md:L340-341[U005770];BACK-MATTER/NOTES/04-Systems-Based-on-Numbers-Notes.md:L342-345[U005771];BACK-MATTER/NOTES/04-Systems-Based-on-Numbers-Notes.md:L346-347[U005772],And what this means is that any computation that for example fundamentally involves a search that might not terminate cannot be implemented by a primitive recursive function. Gene…,SERIOUS
L0524,B0524,BACK-MATTER/NOTES/04-Systems-Based-on-Numbers-Notes.md:L348-349[U005773];BACK-MATTER/NOTES/04-Systems-Based-on-Numbers-Notes.md:L350-355[U005774];BACK-MATTER/NOTES/04-Systems-Based-on-Numbers-Notes.md:L356-357[U005775];BACK-MATTER/NOTES/04-Systems-Based-on-Numbers-Notes.md:L358-362[U005776];BACK-MATTER/NOTES/04-Systems-Based-on-Numbers-Notes.md:L363-364[U005777],In enumerating recursive functions it is convenient to use symbolic definitions for composition and primitive recursion,SERIOUS
L0525,B0525,BACK-MATTER/NOTES/04-Systems-Based-on-Numbers-Notes.md:L369-370[U005780],"▪ `r[z, r[s, s]]`, which is `1/2 # (# + 1) &`, with quadratic growth",RESOLVED
L0526,B0526,BACK-MATTER/NOTES/04-Systems-Based-on-Numbers-Notes.md:L371-372[U005781],"▪ `r[z, r[s, c[s, s]]]`, which is `2^(# + 1) - # - 2 &`, with exponential growth",RESOLVED
L0527,B0527,BACK-MATTER/NOTES/04-Systems-Based-on-Numbers-Notes.md:L373-374[U005782],"▪ `r[z, r[s, p[2]]]`, which is `2^Ceiling[Log[2, # + 2]] - # - 2 &`, which shows very simple nesting",RESOLVED
L0528,B0528,BACK-MATTER/NOTES/04-Systems-Based-on-Numbers-Notes.md:L375-376[U005783],"▪ `r[z, r[c[s, z], z]]`, which is `Mod[#, 2] &`, with repetitive behavior",RESOLVED
L0529,B0529,BACK-MATTER/NOTES/04-Systems-Based-on-Numbers-Notes.md:L377-378[U005784],"▪ `r[z, r[s, r[s, s]]]` which is `Fold[1/2 #1 (#1 + 1) + #2 &, 0, Range[#]] &`, growing like `2^(2^x)`",RESOLVED
L0530,B0530,BACK-MATTER/NOTES/04-Systems-Based-on-Numbers-Notes.md:L379-380[U005785];BACK-MATTER/NOTES/04-Systems-Based-on-Numbers-Notes.md:L381-385[U005786];BACK-MATTER/NOTES/04-Systems-Based-on-Numbers-Notes.md:L386-387[U005787];BACK-MATTER/NOTES/04-Systems-Based-on-Numbers-Notes.md:L390-391[U005789],"`r[z, r[s, r[s, r[s, p[2]]]]]` is the first function to show significantly more complex behavior, and indeed as the picture below indicates, it already shows remarkable randomness…",RESOLVED
L0531,B0531,BACK-MATTER/NOTES/04-Systems-Based-on-Numbers-Notes.md:L394-395[U005791],"Note that functions of the form Nest[r[c[s, z], #] &, c[s, s], n] are given in terms of the original Ackermann function in the note above by f[n + 1, 2, # + 1] - 1 &.",RESOLVED
L0532,B0532,BACK-MATTER/NOTES/04-Systems-Based-on-Numbers-Notes.md:L398-399[U005793],"Among functions with simple explicit definitions, essentially the only examples known fundamentally to be not primitive recursive are ones closely related to the Ackermann functio…",WEAK
L0533,B0533,BACK-MATTER/NOTES/04-Systems-Based-on-Numbers-Notes.md:L404-405[U005796];BACK-MATTER/NOTES/04-Systems-Based-on-Numbers-Notes.md:L406-407[U005797];BACK-MATTER/NOTES/04-Systems-Based-on-Numbers-Notes.md:L408-409[U005798],■ **Ulam sequences.** Slightly more complicated definitions in terms of numbers yield all sorts of sequences with very complicated forms. An example suggested by Stanislaw Ulam ar…,SERIOUS
L0534,B0534,BACK-MATTER/NOTES/04-Systems-Based-on-Numbers-Notes.md:L416-417[U005802],"■ **Page 132 · Finding primes.** The sieve of Eratosthenes shown in the picture is an appropriate procedure if one wants to find every prime, but testing whether an individual num…",RESOLVED
L0535,B0535,BACK-MATTER/NOTES/04-Systems-Based-on-Numbers-Notes.md:L418-419[U005803],"■ **Decimation systems.** A somewhat similar system starts with a line of cells, then at each step removes every *k*th cell that remains, as in the pictures below. The number of s…",SERIOUS
L0536,B0536,BACK-MATTER/NOTES/04-Systems-Based-on-Numbers-Notes.md:L420-424[U005804];BACK-MATTER/NOTES/04-Systems-Based-on-Numbers-Notes.md:L425-426[U005805],"``` Module[{q = n + k - 1, s = 1}, While[Mod[q, k] != 0, q = Ceiling[(k - 1) q/k]; s++]; s] ```",RESOLVED
L0537,B0537,BACK-MATTER/NOTES/04-Systems-Based-on-Numbers-Notes.md:L429-430[U005807],"If the cells are arranged on a circle of size *n*, the question of which cell is removed last is the so-called Josephus problem. The solution is `Fold[Mod[#1 + k, #2, 1] &, 0, Ran…",RESOLVED
L0538,B0538,BACK-MATTER/NOTES/04-Systems-Based-on-Numbers-Notes.md:L435-436[U005810],"■ **Page 133 · Results about primes.** `Prime[n]` is given approximately by `n Log[n] + n Log[Log[n]]`. (`Prime[10^9]` is 22,801,763,489 while the approximation gives `2.38 × 10^1…",WEAK
L0539,B0539,BACK-MATTER/NOTES/04-Systems-Based-on-Numbers-Notes.md:L435-436[U005810];BACK-MATTER/NOTES/04-Systems-Based-on-Numbers-Notes.md:L775-777[U005956],"■ **Page 133 · Results about primes.** `Prime[n]` is given approximately by `n Log[n] + n Log[Log[n]]`. (`Prime[10^9]` is 22,801,763,489 while the approximation gives `2.38 × 10^1…",WEAK
L0540,B0540,BACK-MATTER/NOTES/04-Systems-Based-on-Numbers-Notes.md:L445-446[U005815],"■ **Page 134 · Numbers of primes.** The fact that curve (c) must cross the axis was proved by John Littlewood in 1914, and it is known to have at least one crossing below `10^317`…",WEAK
L0541,B0541,BACK-MATTER/NOTES/04-Systems-Based-on-Numbers-Notes.md:L445-446[U005815],"■ **Page 134 · Numbers of primes.** The fact that curve (c) must cross the axis was proved by John Littlewood in 1914, and it is known to have at least one crossing below `10^317`…",WEAK
L0542,B0542,BACK-MATTER/NOTES/04-Systems-Based-on-Numbers-Notes.md:L447-448[U005816],■ **Relative primes.** A single number is prime if it has no non-trivial factors. Two numbers are said to be relatively prime if they share no non-trivial factors. The pattern for…,WEAK
L0543,B0543,BACK-MATTER/NOTES/04-Systems-Based-on-Numbers-Notes.md:L449-450[U005817],"■ **Page 135 · Properties.** (a) The number of divisors of *n* is given by `DivisorSigma[0, n]`, equal to `Length[Divisors[n]]`. For large *n* this number is on average of order `…",WEAK
L0544,B0544,BACK-MATTER/NOTES/04-Systems-Based-on-Numbers-Notes.md:L451-452[U005818];BACK-MATTER/NOTES/04-Systems-Based-on-Numbers-Notes.md:L453-457[U005819],"(b) (*Aliquot sums*) The quantity that is plotted is `DivisorSigma[1, n] - 2 n`, equal to `Apply[Plus, Divisors[n]] - 2 n`. This quantity was considered of great significance in a…",RESOLVED
L0545,B0545,BACK-MATTER/NOTES/04-Systems-Based-on-Numbers-Notes.md:L458-459[U005820],"(c) Squares are taken to be of positive or negative integers, or zero. The number of ways of expressing an integer *n* as the sum of two such squares is `4 Apply[Plus, Im[I^Diviso…",RESOLVED
L0546,B0546,BACK-MATTER/NOTES/04-Systems-Based-on-Numbers-Notes.md:L458-459[U005820],"(c) Squares are taken to be of positive or negative integers, or zero. The number of ways of expressing an integer *n* as the sum of two such squares is `4 Apply[Plus, Im[I^Diviso…",RESOLVED
L0547,B0547,BACK-MATTER/NOTES/04-Systems-Based-on-Numbers-Notes.md:L460-461[U005821],The total number of ways that integers less than *n* can be expressed as a sum of *d* squares is equal to the number of integer lattice points that lie inside a sphere of radius `…,RESOLVED
L0548,B0548,BACK-MATTER/NOTES/04-Systems-Based-on-Numbers-Notes.md:L462-463[U005822],"(d) All numbers *n* can be expressed as the sum of four squares, in exactly `8 Apply[Plus, Select[Divisors[n], Mod[#, 4] != 0 &]]` ways, as established by Carl Jacobi in 1829. Edw…",RESOLVED
L0549,B0549,BACK-MATTER/NOTES/04-Systems-Based-on-Numbers-Notes.md:L462-463[U005822],"(d) All numbers *n* can be expressed as the sum of four squares, in exactly `8 Apply[Plus, Select[Divisors[n], Mod[#, 4] != 0 &]]` ways, as established by Carl Jacobi in 1829. Edw…",RESOLVED
L0550,B0550,BACK-MATTER/NOTES/04-Systems-Based-on-Numbers-Notes.md:L464-465[U005823],(e) Goldbach’s Conjecture has been verified for all even numbers up to `4 × 10^14`. In 1973 it was proved that any even number can be written as the sum of a prime and a number th…,WEAK
L0551,B0551,BACK-MATTER/NOTES/04-Systems-Based-on-Numbers-Notes.md:L464-465[U005823];BACK-MATTER/NOTES/04-Systems-Based-on-Numbers-Notes.md:L466-470[U005824],(e) Goldbach’s Conjecture has been verified for all even numbers up to `4 × 10^14`. In 1973 it was proved that any even number can be written as the sum of a prime and a number th…,WEAK
L0552,B0552,BACK-MATTER/NOTES/04-Systems-Based-on-Numbers-Notes.md:L473-474[U005826],"■ **Trapezoidal primes.** If one lays out *n* objects in an *a* × *b* rectangular array, then *n* is prime if either *a* or *b* must be 1. Following the Pythagorean idea of figura…",WEAK
L0553,B0553,BACK-MATTER/NOTES/04-Systems-Based-on-Numbers-Notes.md:L481-482[U005830],"■ **Perfect numbers.** Perfect numbers with the property that `Apply[Plus, Divisors[n]] == 2 n` have been studied since at least the time of Pythagoras around 500 BC. The first fe…",WEAK
L0554,B0554,BACK-MATTER/NOTES/04-Systems-Based-on-Numbers-Notes.md:L481-482[U005830],"■ **Perfect numbers.** Perfect numbers with the property that `Apply[Plus, Divisors[n]] == 2 n` have been studied since at least the time of Pythagoras around 500 BC. The first fe…",WEAK
L0555,B0555,BACK-MATTER/NOTES/04-Systems-Based-on-Numbers-Notes.md:L485-486[U005832],"Whether any odd perfect numbers exist is probably the single oldest unsolved problem in mathematics. It is known that any odd perfect number must be greater than $10^{300}$ , must…",WEAK
L0556,B0556,BACK-MATTER/NOTES/04-Systems-Based-on-Numbers-Notes.md:L485-486[U005832],"Whether any odd perfect numbers exist is probably the single oldest unsolved problem in mathematics. It is known that any odd perfect number must be greater than $10^{300}$ , must…",WEAK
L0557,B0557,BACK-MATTER/NOTES/04-Systems-Based-on-Numbers-Notes.md:L487-488[U005833];BACK-MATTER/NOTES/04-Systems-Based-on-Numbers-Notes.md:L491-492[U005835];BACK-MATTER/NOTES/04-Systems-Based-on-Numbers-Notes.md:L493-494[U005836],"■ **Iterated aliquot sums.** Related to case (b) above is a system which repeats the replacement `n -> Apply[Plus, Divisors[n]] - n` or equivalently `n -> DivisorSigma[1, n] - n`.…",RESOLVED
L0558,B0558,BACK-MATTER/NOTES/04-Systems-Based-on-Numbers-Notes.md:L495-496[U005837],"The question of whether such values can increase forever was considered by Eugène Catalan in 1887, and has remained unresolved since.",WEAK
L0559,B0559,BACK-MATTER/NOTES/04-Systems-Based-on-Numbers-Notes.md:L505-506[U005841];BACK-MATTER/NOTES/04-Systems-Based-on-Numbers-Notes.md:L507-508[U005842],An early approximation to π was,WEAK
L0560,B0560,BACK-MATTER/NOTES/04-Systems-Based-on-Numbers-Notes.md:L509-510[U005843];BACK-MATTER/NOTES/04-Systems-Based-on-Numbers-Notes.md:L511-512[U005844],30 digits were obtained with,WEAK
L0561,B0561,BACK-MATTER/NOTES/04-Systems-Based-on-Numbers-Notes.md:L513-514[U005845];BACK-MATTER/NOTES/04-Systems-Based-on-Numbers-Notes.md:L515-521[U005846];BACK-MATTER/NOTES/04-Systems-Based-on-Numbers-Notes.md:L522-523[U005847],An efficient way to compute π to *n* digits of precision is,WEAK
L0562,B0562,BACK-MATTER/NOTES/04-Systems-Based-on-Numbers-Notes.md:L524-525[U005848];BACK-MATTER/NOTES/04-Systems-Based-on-Numbers-Notes.md:L526-531[U005849];BACK-MATTER/NOTES/04-Systems-Based-on-Numbers-Notes.md:L532-533[U005850],■ **Computing nth digits directly.** Most methods for computing mathematical constants progressively generate each additional digit. But following work by Simon Plouffe and others…,WEAK
L0563,B0563,BACK-MATTER/NOTES/04-Systems-Based-on-Numbers-Notes.md:L534-538[U005851];BACK-MATTER/NOTES/04-Systems-Based-on-Numbers-Notes.md:L539-540[U005852],"``` Sum[16^-k (4/(8 k + 1) - 2/(8 k + 4) - 1/(8 k + 5) - 1/(8 k + 6)), {k, 0, Infinity}] ```",WEAK
L0564,B0564,BACK-MATTER/NOTES/04-Systems-Based-on-Numbers-Notes.md:L543-544[U005854];BACK-MATTER/NOTES/04-Systems-Based-on-Numbers-Notes.md:L545-546[U005855];BACK-MATTER/NOTES/04-Systems-Based-on-Numbers-Notes.md:L547-548[U005856];BACK-MATTER/NOTES/04-Systems-Based-on-Numbers-Notes.md:L549-550[U005857],■ **Page 139 · Rational numbers.** The pictures above show the base 2 digit sequences of numbers m/n for successive m.,WEAK
L0565,B0565,BACK-MATTER/NOTES/04-Systems-Based-on-Numbers-Notes.md:L555-556[U005860],A number is said to be “normal” in a particular base if every digit and every block of digits of any length occur with equal frequency. Note that the fact that a number is normal…,WEAK
L0566,B0566,BACK-MATTER/NOTES/04-Systems-Based-on-Numbers-Notes.md:L555-556[U005860],A number is said to be “normal” in a particular base if every digit and every block of digits of any length occur with equal frequency. Note that the fact that a number is normal…,WEAK
L0567,B0567,BACK-MATTER/NOTES/04-Systems-Based-on-Numbers-Notes.md:L557-558[U005861],"■ **Page 141 · Square roots.** A standard way to compute $\sqrt{n}$ is Newton's method (actually used already in 2000 BC by the Babylonians), in which one takes an estimate of the…",RESOLVED
L0568,B0568,BACK-MATTER/NOTES/04-Systems-Based-on-Numbers-Notes.md:L559-560[U005862],Another approach to computing square roots is based on the fact that the ratio of successive terms in for example the sequence f[i] = 2f[i-1] + f[i-2] with f[1] = f[2] = 1 tends t…,RESOLVED
L0569,B0569,BACK-MATTER/NOTES/04-Systems-Based-on-Numbers-Notes.md:L561-562[U005863],"The method of computing square roots shown in the main text is less efficient (it computes *t* digits in *t* steps), but illustrates more of the mechanisms involved. The basic ide…",SERIOUS
L0570,B0570,BACK-MATTER/NOTES/04-Systems-Based-on-Numbers-Notes.md:L563-564[U005864],"■ **Nested digit sequences.** The number obtained from the substitution system `{1 -> {1, 0}, 0 -> {0, 1}}` is approximately 0.587545966 in base 10. It is certainly conceivable th…",RESOLVED
L0571,B0571,BACK-MATTER/NOTES/04-Systems-Based-on-Numbers-Notes.md:L565-566[U005865],"From the result on page 890, the number whose digits are obtained from `{1 -> {1, 0}, 0 -> {1}}` is given by `Sum[2^(-Floor[n GoldenRatio]), {n, Infinity}]`. This number is known…",RESOLVED
L0572,B0572,BACK-MATTER/NOTES/04-Systems-Based-on-Numbers-Notes.md:L569-570[U005867];BACK-MATTER/NOTES/04-Systems-Based-on-Numbers-Notes.md:L555-556[U005860],"■ **Concatenation sequences.** One can consider forming sequences by concatenating digits of successive integers in base k, as in Flatten[Table[IntegerDigits[i, k], {i, n}]]. In t…",SERIOUS
L0573,B0573,BACK-MATTER/NOTES/04-Systems-Based-on-Numbers-Notes.md:L573-574[U005869],"Applying FoldList[Plus, 0, 2 list - 1] to the whole sequence yields the pattern shown below.",RESOLVED
L0574,B0574,BACK-MATTER/NOTES/04-Systems-Based-on-Numbers-Notes.md:L577-578[U005871];BACK-MATTER/NOTES/04-Systems-Based-on-Numbers-Notes.md:L581-582[U005873];BACK-MATTER/NOTES/04-Systems-Based-on-Numbers-Notes.md:L583-587[U005874],The systematic increase is a consequence of the leading 1 in each concatenated sequence. Dropping this 1 yields the pattern below.,RESOLVED
L0575,B0575,BACK-MATTER/NOTES/04-Systems-Based-on-Numbers-Notes.md:L588-589[U005875];BACK-MATTER/NOTES/04-Systems-Based-on-Numbers-Notes.md:L590-595[U005876];BACK-MATTER/NOTES/04-Systems-Based-on-Numbers-Notes.md:L596-597[U005877];BACK-MATTER/NOTES/04-Systems-Based-on-Numbers-Notes.md:L598-599[U005878],"Note that although the picture above has a nested structure, the original concatenation sequences are not nested, and so cannot be generated by substitution systems. The element a…",SERIOUS
L0576,B0576,BACK-MATTER/NOTES/04-Systems-Based-on-Numbers-Notes.md:L600-601[U005879];BACK-MATTER/NOTES/04-Systems-Based-on-Numbers-Notes.md:L602-609[U005880],Following work by Maxim Rytin in the late 1990s about $k^{n+1}$ digits of a concatenation sequence can be found fairly efficiently from,WEAK
L0577,B0577,BACK-MATTER/NOTES/04-Systems-Based-on-Numbers-Notes.md:L614-615[U005883],"■ **Specially constructed transcendental numbers.** Numbers known to be transcendental include ones whose digit sequences contain 1’s only at positions *n*!, $2^n$ or `Fibonacci[n…",WEAK
L0578,B0578,BACK-MATTER/NOTES/04-Systems-Based-on-Numbers-Notes.md:L616-617[U005884];BACK-MATTER/NOTES/04-Systems-Based-on-Numbers-Notes.md:L618-619[U005885],"■ **Runs of digits.** One can consider any base 2 digit sequence as consisting of successive runs of 0’s and 1’s, constructed from the list of run lengths by",RESOLVED
L0579,B0579,BACK-MATTER/NOTES/04-Systems-Based-on-Numbers-Notes.md:L620-621[U005886],This representation is related to so-called surreal numbers (though with the first few digits different). The number with run lengths corresponding to successive integers (so that…,WEAK
L0580,B0580,BACK-MATTER/NOTES/04-Systems-Based-on-Numbers-Notes.md:L622-624[U005887],"■ **Leading digits.** Even though in individual numbers generated by simple mathematical procedures all possible digits often appear to occur with equal frequency, leading digits…",WEAK
L0581,B0581,BACK-MATTER/NOTES/04-Systems-Based-on-Numbers-Notes.md:L622-624[U005887];BACK-MATTER/NOTES/04-Systems-Based-on-Numbers-Notes.md:L625-626[U005888],"■ **Leading digits.** Even though in individual numbers generated by simple mathematical procedures all possible digits often appear to occur with equal frequency, leading digits…",WEAK
L0582,B0582,BACK-MATTER/NOTES/04-Systems-Based-on-Numbers-Notes.md:L627-628[U005889];BACK-MATTER/NOTES/04-Systems-Based-on-Numbers-Notes.md:L629-630[U005890],A rational approximation to the number *x* can be reconstructed from the continued fraction using *FromContinuedFraction* or by,RESOLVED
L0583,B0583,BACK-MATTER/NOTES/04-Systems-Based-on-Numbers-Notes.md:L631-632[U005891],"The pictures below show the digit sequences of successive iterates obtained from NestList[1/Mod[#, 1] &, x, n] for several numbers x.",RESOLVED
L0584,B0584,BACK-MATTER/NOTES/04-Systems-Based-on-Numbers-Notes.md:L635-636[U005893],"Unlike ordinary digits, the individual terms in a continued fraction can be of any size. In the continued fraction for a randomly chosen number, the probability to find a term of…",WEAK
L0585,B0585,BACK-MATTER/NOTES/04-Systems-Based-on-Numbers-Notes.md:L639-640[U005895];BACK-MATTER/NOTES/04-Systems-Based-on-Numbers-Notes.md:L641-642[U005896];BACK-MATTER/NOTES/04-Systems-Based-on-Numbers-Notes.md:L643-644[U005897],"Note that although the usual continued fraction for $\pi$ looks quite random, modified forms such as",WEAK
L0586,B0586,BACK-MATTER/NOTES/04-Systems-Based-on-Numbers-Notes.md:L645-646[U005898],The continued fractions for `Exp[2/k]` and `Tan[k/2]` have simple forms (as discussed by Leonhard Euler in the mid-1700s); other rational powers of *e* and tangents do not appear…,WEAK
L0587,B0587,BACK-MATTER/NOTES/04-Systems-Based-on-Numbers-Notes.md:L647-648[U005899];BACK-MATTER/NOTES/04-Systems-Based-on-Numbers-Notes.md:L649-654[U005900],"As discovered by Jeffrey Shallit in 1979, numbers of the form $Sum[1/k^{2^i}, \{i, 0, \infty\}]$ that have nonzero digits in base k only at positions $2^i$ turn out to have contin…",WEAK
L0588,B0588,BACK-MATTER/NOTES/04-Systems-Based-on-Numbers-Notes.md:L663-664[U005905];BACK-MATTER/NOTES/04-Systems-Based-on-Numbers-Notes.md:L665-667[U005906];BACK-MATTER/NOTES/04-Systems-Based-on-Numbers-Notes.md:L668-669[U005907],In analogy to digits in a concatenation sequence the terms in the sequence,WEAK
L0589,B0589,BACK-MATTER/NOTES/04-Systems-Based-on-Numbers-Notes.md:L670-671[U005908];BACK-MATTER/NOTES/04-Systems-Based-on-Numbers-Notes.md:L672-673[U005909];BACK-MATTER/NOTES/04-Systems-Based-on-Numbers-Notes.md:L674-675[U005910],The pictures below show as a function of *n* the quantity,WEAK
L0590,B0590,BACK-MATTER/NOTES/04-Systems-Based-on-Numbers-Notes.md:L678-679[U005912],"■ **History.** Euclid’s algorithm states that starting from integers `{a, b}` iterating `{a_, b_} -> If[a > b, {a - b, b}, {a, b - a}]` eventually leads to `{GCD[a, b], 0}`. (See…",SERIOUS
L0591,B0591,BACK-MATTER/NOTES/04-Systems-Based-on-Numbers-Notes.md:L682-683[U005914],"It was discovered in antiquity that Euclid’s algorithm starting with $\{x, 1\}$ terminates only when x is rational. In all cases, however, the relationship with continued fraction…",RESOLVED
L0592,B0592,BACK-MATTER/NOTES/04-Systems-Based-on-Numbers-Notes.md:L688-690[U005917],"■ **Egyptian fractions.** Following the ancient Egyptian number system, rational numbers can be represented by sums of reciprocals, as in 3/7 = 1/3 + 1/11 + 1/231. With suitable d…",RESOLVED
L0593,B0593,BACK-MATTER/NOTES/04-Systems-Based-on-Numbers-Notes.md:L688-690[U005917],"■ **Egyptian fractions.** Following the ancient Egyptian number system, rational numbers can be represented by sums of reciprocals, as in 3/7 = 1/3 + 1/11 + 1/231. With suitable d…",RESOLVED
L0594,B0594,BACK-MATTER/NOTES/04-Systems-Based-on-Numbers-Notes.md:L691-692[U005918];BACK-MATTER/NOTES/04-Systems-Based-on-Numbers-Notes.md:L693-694[U005919];BACK-MATTER/NOTES/04-Systems-Based-on-Numbers-Notes.md:L695-696[U005920],sufficient to represent uniquely all numbers between 1 and 2. For any number *x* the first *n* digits are given by,RESOLVED
L0595,B0595,BACK-MATTER/NOTES/04-Systems-Based-on-Numbers-Notes.md:L697-698[U005921];BACK-MATTER/NOTES/05-Two-Dimensions-and-Beyond-Notes.md:L306-307[U006182],■ **Digital slope representation.** One can approximate a line of any slope h as in the picture below by a sequence of segments on a square grid (such as a digital display device)…,RESOLVED
L0596,B0596,BACK-MATTER/NOTES/04-Systems-Based-on-Numbers-Notes.md:L697-698[U005921];BACK-MATTER/NOTES/04-Systems-Based-on-Numbers-Notes.md:L699-700[U005922],■ **Digital slope representation.** One can approximate a line of any slope h as in the picture below by a sequence of segments on a square grid (such as a digital display device)…,RESOLVED
L0597,B0597,BACK-MATTER/NOTES/04-Systems-Based-on-Numbers-Notes.md:L701-702[U005923];BACK-MATTER/NOTES/04-Systems-Based-on-Numbers-Notes.md:L703-704[U005924],The fractional part of the result obtained is always an element of the Farey sequence,WEAK
L0598,B0598,BACK-MATTER/NOTES/04-Systems-Based-on-Numbers-Notes.md:L709-711[U005927];BACK-MATTER/NOTES/04-Systems-Based-on-Numbers-Notes.md:L712-713[U005928],■ **Representations for integers.** See page 560. ■ **Operator representations.** Instead of repeatedly applying an operation to a sequence of digits one can consider forming inte…,RESOLVED
L0599,B0599,BACK-MATTER/NOTES/04-Systems-Based-on-Numbers-Notes.md:L716-717[U005930];BACK-MATTER/NOTES/04-Systems-Based-on-Numbers-Notes.md:L718-723[U005931];BACK-MATTER/NOTES/04-Systems-Based-on-Numbers-Notes.md:L724-725[U005932],■ **Number classification.** One can imagine classifying real numbers in terms of what kinds of operations are needed to obtain them from integers. Rational numbers require only d…,WEAK
L0600,B0600,BACK-MATTER/NOTES/04-Systems-Based-on-Numbers-Notes.md:L730-731[U005935],"■ **Lissajous figures.** Plotting multiple sine functions each on different coordinate axes yields so-called Lissajous or Bowditch figures, as illustrated below. If the coefficien…",RESOLVED
L0601,B0601,BACK-MATTER/NOTES/04-Systems-Based-on-Numbers-Notes.md:L734-738[U005937],"■ **Page 146 · Two sine functions.** Sin[ax] + Sin[bx] can be rewritten as 2 Sin[1/2(a+b)x] Cos[1/2(a-b)x] (using TrigFactor), implying that the function has two families of equal…",WEAK
L0602,B0602,BACK-MATTER/NOTES/04-Systems-Based-on-Numbers-Notes.md:L734-738[U005937],"■ **Page 146 · Two sine functions.** Sin[ax] + Sin[bx] can be rewritten as 2 Sin[1/2(a+b)x] Cos[1/2(a-b)x] (using TrigFactor), implying that the function has two families of equal…",WEAK
L0603,B0603,BACK-MATTER/NOTES/04-Systems-Based-on-Numbers-Notes.md:L734-738[U005937];BACK-MATTER/NOTES/04-Systems-Based-on-Numbers-Notes.md:L739-740[U005938];BACK-MATTER/NOTES/04-Systems-Based-on-Numbers-Notes.md:L745-746[U005941],"■ **Page 146 · Two sine functions.** Sin[ax] + Sin[bx] can be rewritten as 2 Sin[1/2(a+b)x] Cos[1/2(a-b)x] (using TrigFactor), implying that the function has two families of equal…",WEAK
L0604,B0604,BACK-MATTER/NOTES/04-Systems-Based-on-Numbers-Notes.md:L749-750[U005943];BACK-MATTER/NOTES/04-Systems-Based-on-Numbers-Notes.md:L751-752[U005944],"■ **Page 147 · Substitution systems.** Cos[ax] - Cos[bx] has two families of zeros: $2\pi n/(a+b)$ and $2\pi n/(b-a)$ . Assuming b > a > 0, the number of zeros from the second fam…",RESOLVED
L0605,B0605,BACK-MATTER/NOTES/04-Systems-Based-on-Numbers-Notes.md:L753-754[U005945],and as discussed on page 903 this sequence can be obtained by applying a sequence of substitution rules. For Sin[ax] + Sin[bx] a more complicated sequence of substitution rules yi…,SERIOUS
L0606,B0606,BACK-MATTER/NOTES/04-Systems-Based-on-Numbers-Notes.md:L755-756[U005946],"■ **Many sine functions.** Adding many sine functions yields a so-called Fourier series (see page 1074). The pictures below show $Sum[Sin[nx]/n, \{n, k\}]$ for various numbers of…",WEAK
L0607,B0607,BACK-MATTER/NOTES/04-Systems-Based-on-Numbers-Notes.md:L759-760[U005948];BACK-MATTER/NOTES/04-Systems-Based-on-Numbers-Notes.md:L761-762[U005949];BACK-MATTER/NOTES/04-Systems-Based-on-Numbers-Notes.md:L763-764[U005950],"The pictures below show $Sum[Sin[n^2 x]/n^2, \{n, k\}]$ , where in effect all coefficients of Sin[mx] other than those where m is",WEAK
L0608,B0608,BACK-MATTER/NOTES/04-Systems-Based-on-Numbers-Notes.md:L767-768[U005952],"The pictures below show $Sum[Cos[2^n x], \{n, k\}]$ (as studied by Karl Weierstrass in 1872). The curves obtained in this case show a definite nested structure, in which the value…",WEAK
L0609,B0609,BACK-MATTER/NOTES/04-Systems-Based-on-Numbers-Notes.md:L771-772[U005954],"The curves below are approximations to $Sum[Cos[2^n x]/2^{an}, \{n, \infty\}]$ . They can be thought of as having dimensions 2-a and smoothed power spectra $\omega^{-(1+2a)}$ .",WEAK
L0610,B0610,BACK-MATTER/NOTES/04-Systems-Based-on-Numbers-Notes.md:L775-777[U005956],"■ **FM synthesis.** More complicated curves can be obtained for example using FM synthesis, as discussed on page 1079. ■ **Page 148 · Zeta function.** For real *s* the Riemann zet…",WEAK
L0611,B0611,BACK-MATTER/NOTES/04-Systems-Based-on-Numbers-Notes.md:L775-777[U005956],"■ **FM synthesis.** More complicated curves can be obtained for example using FM synthesis, as discussed on page 1079. ■ **Page 148 · Zeta function.** For real *s* the Riemann zet…",WEAK
L0612,B0612,BACK-MATTER/NOTES/04-Systems-Based-on-Numbers-Notes.md:L778-779[U005957],"The picture in the main text shows `RiemannSiegelZ[t]`, defined as `Zeta[1/2 + I t] Exp[I RiemannSiegelTheta[t]]`, where",WEAK
L0613,B0613,BACK-MATTER/NOTES/04-Systems-Based-on-Numbers-Notes.md:L780-781[U005958];BACK-MATTER/NOTES/04-Systems-Based-on-Numbers-Notes.md:L782-783[U005959];BACK-MATTER/NOTES/04-Systems-Based-on-Numbers-Notes.md:L784-785[U005960],`RiemannSiegelTheta[t_] = Arg[Gamma[1/4 + I t/2]] - t Log[Pi]/2`,WEAK
L0614,B0614,BACK-MATTER/NOTES/04-Systems-Based-on-Numbers-Notes.md:L794-795[U005964],In 1972 Sergei Voronin showed that Zeta[z + (3/4 + I t)] has a certain universality in that there always in principle exists some t (presumably in practice usually astronomically…,WEAK
L0615,B0615,BACK-MATTER/NOTES/04-Systems-Based-on-Numbers-Notes.md:L800-801[U005967],In connection with his study of continued fractions Carl Friedrich Gauss noted in 1799 complexity in the behavior of the iterated map $x \to FractionalPart[1/x]$ . Beginning in th…,RESOLVED
L0616,B0616,BACK-MATTER/NOTES/04-Systems-Based-on-Numbers-Notes.md:L802-805[U005968];BACK-MATTER/NOTES/04-Systems-Based-on-Numbers-Notes.md:L824-825[U005978],■ **History of chaos theory.** See page 971. ■ **Page 150 · Exact iterates.** For any integer a the $n^{th}$ iterate of $x \to FractionalPart[ax]$ can be written as $FractionalPar…,WEAK
L0617,B0617,BACK-MATTER/NOTES/04-Systems-Based-on-Numbers-Notes.md:L802-805[U005968],■ **History of chaos theory.** See page 971. ■ **Page 150 · Exact iterates.** For any integer a the $n^{th}$ iterate of $x \to FractionalPart[ax]$ can be written as $FractionalPar…,WEAK
L0618,B0618,BACK-MATTER/NOTES/04-Systems-Based-on-Numbers-Notes.md:L812-813[U005972];BACK-MATTER/NOTES/04-Systems-Based-on-Numbers-Notes.md:L816-817[U005974];BACK-MATTER/NOTES/04-Systems-Based-on-Numbers-Notes.md:L818-819[U005975];BACK-MATTER/NOTES/04-Systems-Based-on-Numbers-Notes.md:L824-825[U005978],"As an example, consider the iterated map $x \to Mod[2x, 1]$ discussed in the main text. At each step, this map shifts all the base 2 digits in x one position to the left. But if t…",RESOLVED
L0619,B0619,BACK-MATTER/NOTES/04-Systems-Based-on-Numbers-Notes.md:L814-815[U005973];BACK-MATTER/NOTES/04-Systems-Based-on-Numbers-Notes.md:L816-817[U005974];BACK-MATTER/NOTES/04-Systems-Based-on-Numbers-Notes.md:L820-821[U005976];BACK-MATTER/NOTES/04-Systems-Based-on-Numbers-Notes.md:L822-823[U005977];BACK-MATTER/NOTES/04-Systems-Based-on-Numbers-Notes.md:L824-825[U005978],But it turns out that a typical pocket calculator gives a different result. For pocket calculators effectively represent numbers in base 10 (actually so-called binary-coded decima…,WEAK
L0620,B0620,BACK-MATTER/NOTES/04-Systems-Based-on-Numbers-Notes.md:L830-831[U005981],Other chaotic systems have a similar sensitivity to the details of computer arithmetic. But the simple behavior of the shift map turns out to be rather rare: in most cases—such as…,WEAK
L0621,B0621,BACK-MATTER/NOTES/04-Systems-Based-on-Numbers-Notes.md:L848-850[U005990];BACK-MATTER/NOTES/04-Systems-Based-on-Numbers-Notes.md:L851-852[U005991],"■ **Information content of initial conditions.** Common sense suggests that it is a quite different thing to specify a simple initial condition containing, say, a single black cel…",WEAK
L0622,B0622,BACK-MATTER/NOTES/04-Systems-Based-on-Numbers-Notes.md:L851-852[U005991],sequences obtained with this map starting from x = 1/8 are shown below for various values of a. The quadratic nature of the map typically causes the total number of digits to doub…,RESOLVED
L0623,B0623,BACK-MATTER/NOTES/04-Systems-Based-on-Numbers-Notes.md:L855-857[U005993],"■ **Higher-dimensional generalizations.** One can consider so-called Anosov maps such as `{x, y} -> Mod[m . {x, y}, 1]` where *m* is a matrix such as `{{2, 1}, {1, 1}}`. Any initi…",SERIOUS
L0624,B0624,BACK-MATTER/NOTES/04-Systems-Based-on-Numbers-Notes.md:L860-863[U005995],■ **Page 155 · Lyapunov exponents.** The number of new digits that are affected at each step by a small change in initial conditions gives the so-called Lyapunov exponent $\lambda…,RESOLVED
L0625,B0625,BACK-MATTER/NOTES/04-Systems-Based-on-Numbers-Notes.md:L866-867[U005997];BACK-MATTER/NOTES/04-Systems-Based-on-Numbers-Notes.md:L868-874[U005998];BACK-MATTER/NOTES/04-Systems-Based-on-Numbers-Notes.md:L875-876[U005999];BACK-MATTER/NOTES/04-Systems-Based-on-Numbers-Notes.md:L877-878[U006000],"■ **Implementation.** The state of a continuous cellular automaton at a particular step can be represented by a list of numbers, each lying between 0 and 1. This list can then be…",RESOLVED
L0626,B0626,BACK-MATTER/NOTES/04-Systems-Based-on-Numbers-Notes.md:L866-867[U005997];BACK-MATTER/NOTES/04-Systems-Based-on-Numbers-Notes.md:L868-874[U005998];BACK-MATTER/NOTES/04-Systems-Based-on-Numbers-Notes.md:L875-876[U005999];BACK-MATTER/NOTES/04-Systems-Based-on-Numbers-Notes.md:L877-878[U006000],"■ **Implementation.** The state of a continuous cellular automaton at a particular step can be represented by a list of numbers, each lying between 0 and 1. This list can then be…",RESOLVED
L0627,B0627,BACK-MATTER/NOTES/04-Systems-Based-on-Numbers-Notes.md:L866-867[U005997];BACK-MATTER/NOTES/04-Systems-Based-on-Numbers-Notes.md:L868-874[U005998];BACK-MATTER/NOTES/04-Systems-Based-on-Numbers-Notes.md:L875-876[U005999];BACK-MATTER/NOTES/04-Systems-Based-on-Numbers-Notes.md:L877-878[U006000],"■ **Implementation.** The state of a continuous cellular automaton at a particular step can be represented by a list of numbers, each lying between 0 and 1. This list can then be…",RESOLVED
L0628,B0628,BACK-MATTER/NOTES/04-Systems-Based-on-Numbers-Notes.md:L883-884[U006003],"■ **Page 158 · Properties.** At step t the background is FractionalPart[at]. For rational a this always repeats, cycling through Denominator[a] possible values (compare page 255).…",WEAK
L0629,B0629,BACK-MATTER/NOTES/04-Systems-Based-on-Numbers-Notes.md:L883-884[U006003],"■ **Page 158 · Properties.** At step t the background is FractionalPart[at]. For rational a this always repeats, cycling through Denominator[a] possible values (compare page 255).…",WEAK
L0630,B0630,BACK-MATTER/NOTES/04-Systems-Based-on-Numbers-Notes.md:L889-890[U006006];BACK-MATTER/NOTES/04-Systems-Based-on-Numbers-Notes.md:L891-892[U006007];BACK-MATTER/NOTES/04-Systems-Based-on-Numbers-Notes.md:L893-894[U006008],■ **Additive rules.** In the case a = 0 the systems on page 159 are purely additive. A simpler example is the rule,RESOLVED
L0631,B0631,BACK-MATTER/NOTES/04-Systems-Based-on-Numbers-Notes.md:L897-898[U006010],"■ **Probabilistic cellular automata.** As an alternative to having continuous values at each cell, one can consider ordinary cellular automata with discrete values, but introduce…",SERIOUS
L0632,B0632,BACK-MATTER/NOTES/04-Systems-Based-on-Numbers-Notes.md:L901-902[U006012],"■ **Ordinary differential equations.** It is also possible to set up systems which have a finite number of continuous variables (say a[t], b[t], etc.) that change continuously wit…",SERIOUS
L0633,B0633,BACK-MATTER/NOTES/04-Systems-Based-on-Numbers-Notes.md:L901-902[U006012],"■ **Ordinary differential equations.** It is also possible to set up systems which have a finite number of continuous variables (say a[t], b[t], etc.) that change continuously wit…",RESOLVED
L0634,B0634,BACK-MATTER/NOTES/04-Systems-Based-on-Numbers-Notes.md:L907-908[U006015],"■ **Klein-Gordon equation.** The behavior of the Klein-Gordon equation $\partial_{tt} u[t, x] = \partial_{xx} u[t, x] - u[t, x]$ is visually very similar to that shown for the sin…",RESOLVED
L0635,B0635,BACK-MATTER/NOTES/04-Systems-Based-on-Numbers-Notes.md:L907-908[U006015];BACK-MATTER/NOTES/04-Systems-Based-on-Numbers-Notes.md:L909-910[U006016],"■ **Klein-Gordon equation.** The behavior of the Klein-Gordon equation $\partial_{tt} u[t, x] = \partial_{xx} u[t, x] - u[t, x]$ is visually very similar to that shown for the sin…",RESOLVED
L0636,B0636,BACK-MATTER/NOTES/04-Systems-Based-on-Numbers-Notes.md:L915-916[U006019],■ **Nonlinearity.** The pictures below show behavior with initial conditions containing two Gaussians (and periodic boundary conditions). The diffusion and wave equations are line…,WEAK
L0637,B0637,BACK-MATTER/NOTES/04-Systems-Based-on-Numbers-Notes.md:L919-920[U006021];BACK-MATTER/NOTES/04-Systems-Based-on-Numbers-Notes.md:L923-924[U006023],"■ **Higher dimensions.** The pictures below show as examples the solution to the wave equation in 1D, 2D and 3D starting from a stationary square pulse.",RESOLVED
L0638,B0638,BACK-MATTER/NOTES/04-Systems-Based-on-Numbers-Notes.md:L925-926[U006024];BACK-MATTER/NOTES/04-Systems-Based-on-Numbers-Notes.md:L927-928[U006025];BACK-MATTER/NOTES/04-Systems-Based-on-Numbers-Notes.md:L929-930[U006026],■ **Page 164 · Singular behavior.** An example of an equation that yields inconsistent behavior is the diffusion equation with a negative diffusion constant:,SERIOUS
L0639,B0639,BACK-MATTER/NOTES/04-Systems-Based-on-Numbers-Notes.md:L933-934[U006028],"■ **Existence and uniqueness.** Unlike systems such as cellular automata, PDEs do not have a built-in notion of “evolution” or “time”. Instead, as discussed on page 940, a PDE is…",SERIOUS
L0640,B0640,BACK-MATTER/NOTES/04-Systems-Based-on-Numbers-Notes.md:L935-936[U006029];BACK-MATTER/NOTES/04-Systems-Based-on-Numbers-Notes.md:L937-938[U006030];BACK-MATTER/NOTES/04-Systems-Based-on-Numbers-Notes.md:L939-940[U006031],■ **Page 165 · Field equations.** Any equation of the form,SERIOUS
L0641,B0641,BACK-MATTER/NOTES/04-Systems-Based-on-Numbers-Notes.md:L941-942[U006032],"v[u] = -Integrate[f[u], u]",WEAK
L0642,B0642,BACK-MATTER/NOTES/04-Systems-Based-on-Numbers-Notes.md:L943-944[U006033];BACK-MATTER/NOTES/04-Systems-Based-on-Numbers-Notes.md:L945-946[U006034],the field then has Lagrangian density,WEAK
L0643,B0643,BACK-MATTER/NOTES/04-Systems-Based-on-Numbers-Notes.md:L947-948[U006035];BACK-MATTER/NOTES/04-Systems-Based-on-Numbers-Notes.md:L949-950[U006036];BACK-MATTER/NOTES/04-Systems-Based-on-Numbers-Notes.md:L951-952[U006037],and conserves the Hamiltonian (energy function),WEAK
L0644,B0644,BACK-MATTER/NOTES/04-Systems-Based-on-Numbers-Notes.md:L953-954[U006038];BACK-MATTER/NOTES/04-Systems-Based-on-Numbers-Notes.md:L955-956[U006039];BACK-MATTER/NOTES/04-Systems-Based-on-Numbers-Notes.md:L957-958[U006040],"■ **Equation for the background.** If u[t, x] is independent of x, as it is sufficiently far away from the main pattern, then the partial differential equation on page 165 reduces…",RESOLVED
L0645,B0645,BACK-MATTER/NOTES/04-Systems-Based-on-Numbers-Notes.md:L959-960[U006041];BACK-MATTER/NOTES/04-Systems-Based-on-Numbers-Notes.md:L961-962[U006042],"For a = 0, the solution to this equation can be written in terms of Jacobi elliptic functions as",WEAK
L0646,B0646,BACK-MATTER/NOTES/04-Systems-Based-on-Numbers-Notes.md:L963-964[U006043];BACK-MATTER/NOTES/04-Systems-Based-on-Numbers-Notes.md:L965-966[U006044];BACK-MATTER/NOTES/04-Systems-Based-on-Numbers-Notes.md:L967-968[U006045];BACK-MATTER/NOTES/04-Systems-Based-on-Numbers-Notes.md:L969-970[U006046];BACK-MATTER/NOTES/04-Systems-Based-on-Numbers-Notes.md:L971-972[U006047];BACK-MATTER/NOTES/04-Systems-Based-on-Numbers-Notes.md:L973-974[U006048];BACK-MATTER/NOTES/04-Systems-Based-on-Numbers-Notes.md:L975-976[U006049];BACK-MATTER/NOTES/04-Systems-Based-on-Numbers-Notes.md:L977-978[U006050];BACK-MATTER/NOTES/04-Systems-Based-on-Numbers-Notes.md:L979-980[U006051],In general the solution is,WEAK
L0647,B0647,BACK-MATTER/NOTES/04-Systems-Based-on-Numbers-Notes.md:L981-982[U006052],■ **Numerical analysis.** To find numerical solutions to PDEs on a digital computer one has no choice but to make approximations. In the typical case of the finite difference meth…,WEAK
L0648,B0648,BACK-MATTER/NOTES/04-Systems-Based-on-Numbers-Notes.md:L983-984[U006053],"Several things can go wrong, however. The pictures below show as one example what happens with the diffusion equation when the cells have size dt in time and dx in space. So long…",WEAK
L0649,B0649,BACK-MATTER/NOTES/04-Systems-Based-on-Numbers-Notes.md:L993-994[U006058];BACK-MATTER/NOTES/04-Systems-Based-on-Numbers-Notes.md:L995-996[U006059];BACK-MATTER/NOTES/04-Systems-Based-on-Numbers-Notes.md:L997-998[U006060];BACK-MATTER/NOTES/04-Systems-Based-on-Numbers-Notes.md:L999-1003[U006061];BACK-MATTER/NOTES/04-Systems-Based-on-Numbers-Notes.md:L1004-1005[U006062];BACK-MATTER/NOTES/04-Systems-Based-on-Numbers-Notes.md:L1006-1013[U006063],"■ **Implementation.** All the numerical solutions shown were found using the `NDSolve` function built into *Mathematica*. In general, finite difference methods, the method of line…",WEAK
L0650,B0650,BACK-MATTER/NOTES/04-Systems-Based-on-Numbers-Notes.md:L1014-1015[U006064];BACK-MATTER/NOTES/04-Systems-Based-on-Numbers-Notes.md:L1016-1021[U006065],With this approach an approximation to the top example on page 165 can be obtained from,WEAK
L0651,B0651,BACK-MATTER/NOTES/04-Systems-Based-on-Numbers-Notes.md:L1022-1023[U006066],"For both this example and the middle one the results converge rapidly as dx decreases. But for the bottom example, the pictures below show that convergence is not so rapid, and in…",WEAK
L0652,B0652,BACK-MATTER/NOTES/04-Systems-Based-on-Numbers-Notes.md:L1026-1027[U006068];BACK-MATTER/NOTES/04-Systems-Based-on-Numbers-Notes.md:L1028-1029[U006069];BACK-MATTER/NOTES/04-Systems-Based-on-Numbers-Notes.md:L1030-1031[U006070],■ **Different powers.** The equations,RESOLVED
L0653,B0653,BACK-MATTER/NOTES/04-Systems-Based-on-Numbers-Notes.md:L1034-1035[U006072],"■ **Other PDEs.** The pictures above show three PDEs that have been studied in recent years. All are of the so-called parabolic type, so that, unlike my equation, they have no lim…",SERIOUS
L0654,B0654,BACK-MATTER/NOTES/04-Systems-Based-on-Numbers-Notes.md:L1032-1033[U006071];BACK-MATTER/NOTES/04-Systems-Based-on-Numbers-Notes.md:L1034-1035[U006072],![](_page_940_Picture_4.jpeg),RESOLVED
L0655,B0655,BACK-MATTER/NOTES/04-Systems-Based-on-Numbers-Notes.md:L1032-1033[U006071];BACK-MATTER/NOTES/04-Systems-Based-on-Numbers-Notes.md:L1034-1035[U006072],![](_page_940_Picture_4.jpeg),RESOLVED
L0656,B0656,BACK-MATTER/NOTES/04-Systems-Based-on-Numbers-Notes.md:L1032-1033[U006071];BACK-MATTER/NOTES/04-Systems-Based-on-Numbers-Notes.md:L1034-1035[U006072],![](_page_940_Picture_4.jpeg),RESOLVED
L0657,B0657,CHAPTERS/05-Two-Dimensions-and-Beyond.md:L27-28[U000960];CHAPTERS/05-Two-Dimensions-and-Beyond.md:L29-30[U000961];CHAPTERS/05-Two-Dimensions-and-Beyond.md:L31-32[U000962],"The cellular automata that we have discussed so far in this book are all purely one-dimensional, so that at each step, they involve only a single line of cells. But one can also c…",SERIOUS
L0658,B0658,CHAPTERS/05-Two-Dimensions-and-Beyond.md:L33-34[U000963];CHAPTERS/05-Two-Dimensions-and-Beyond.md:L35-36[U000964];CHAPTERS/05-Two-Dimensions-and-Beyond.md:L37-38[U000965],The pictures below show what happens with an especially simple rule in which a particular cell is taken to become black if any of its four neighbors were black on the previous ste…,RESOLVED
L0659,B0659,CHAPTERS/05-Two-Dimensions-and-Beyond.md:L39-40[U000966];CHAPTERS/05-Two-Dimensions-and-Beyond.md:L41-42[U000967];CHAPTERS/05-Two-Dimensions-and-Beyond.md:L43-44[U000968],"Starting from a single black cell, this rule just yields a uniformly expanding diamond-shaped region of black cells. But by changing the rule slightly, one can obtain more complic…",WEAK
L0660,B0660,CHAPTERS/05-Two-Dimensions-and-Beyond.md:L71-72[U000982];CHAPTERS/05-Two-Dimensions-and-Beyond.md:L73-74[U000983];CHAPTERS/05-Two-Dimensions-and-Beyond.md:L75-76[U000984];CHAPTERS/05-Two-Dimensions-and-Beyond.md:L91-92[U000992];CHAPTERS/05-Two-Dimensions-and-Beyond.md:L93-94[U000993];CHAPTERS/05-Two-Dimensions-and-Beyond.md:L99-100[U000996];CHAPTERS/05-Two-Dimensions-and-Beyond.md:L101-102[U000997];CHAPTERS/05-Two-Dimensions-and-Beyond.md:L103-104[U000998];CHAPTERS/05-Two-Dimensions-and-Beyond.md:L105-106[U000999];CHAPTERS/05-Two-Dimensions-and-Beyond.md:L107-108[U001000];CHAPTERS/05-Two-Dimensions-and-Beyond.md:L109-110[U001001];CHAPTERS/05-Two-Dimensions-and-Beyond.md:L111-112[U001002],"But it is certainly not the case that all two-dimensional cellular automata produce only simple overall shapes. The pictures on pages 179–181 show one rule, for example, that does…",WEAK
L0661,B0661,CHAPTERS/05-Two-Dimensions-and-Beyond.md:L79-80[U000986];CHAPTERS/05-Two-Dimensions-and-Beyond.md:L83-84[U000988];CHAPTERS/05-Two-Dimensions-and-Beyond.md:L85-86[U000989];CHAPTERS/05-Two-Dimensions-and-Beyond.md:L67-68[U000980],![](_page_192_Figure_2.jpeg),RESOLVED
L0662,B0662,CHAPTERS/05-Two-Dimensions-and-Beyond.md:L69-70[U000981];CHAPTERS/05-Two-Dimensions-and-Beyond.md:L87-88[U000990];CHAPTERS/05-Two-Dimensions-and-Beyond.md:L89-90[U000991];BACK-MATTER/NOTES/05-Two-Dimensions-and-Beyond-Notes.md:L159-165[U006121],"In this particular case, however, it turns out that on a larger scale the surface follows a rather smooth curve. And indeed, as the picture on page 178 shows, it is even possible…",RESOLVED
L0663,B0663,CHAPTERS/05-Two-Dimensions-and-Beyond.md:L95-96[U000994],So what about three-dimensional cellular automata? It is straightforward to generalize the setup for two-dimensional rules to the three-dimensional case. But particularly on a pri…,RESOLVED
L0664,B0664,CHAPTERS/05-Two-Dimensions-and-Beyond.md:L113-114[U001003];CHAPTERS/05-Two-Dimensions-and-Beyond.md:L115-116[U001004];CHAPTERS/05-Two-Dimensions-and-Beyond.md:L117-118[U001005],![](_page_197_Picture_1.jpeg),RESOLVED
L0665,B0665,CHAPTERS/05-Two-Dimensions-and-Beyond.md:L113-114[U001003];CHAPTERS/05-Two-Dimensions-and-Beyond.md:L115-116[U001004];CHAPTERS/05-Two-Dimensions-and-Beyond.md:L117-118[U001005],![](_page_197_Picture_1.jpeg),RESOLVED
L0666,B0666,CHAPTERS/05-Two-Dimensions-and-Beyond.md:L119-120[U001006];CHAPTERS/05-Two-Dimensions-and-Beyond.md:L121-122[U001007];CHAPTERS/05-Two-Dimensions-and-Beyond.md:L123-124[U001008],![](_page_198_Picture_2.jpeg),RESOLVED
L0667,B0667,CHAPTERS/05-Two-Dimensions-and-Beyond.md:L119-120[U001006];CHAPTERS/05-Two-Dimensions-and-Beyond.md:L121-122[U001007];CHAPTERS/05-Two-Dimensions-and-Beyond.md:L123-124[U001008],![](_page_198_Picture_2.jpeg),RESOLVED
L0668,B0668,CHAPTERS/05-Two-Dimensions-and-Beyond.md:L127-128[U001010];CHAPTERS/05-Two-Dimensions-and-Beyond.md:L129-130[U001011],"Much as for cellular automata, it is straightforward to generalize Turing machines to two dimensions. The basic idea—shown in the picture below—is to allow the head of the Turing…",SERIOUS
L0669,B0669,CHAPTERS/05-Two-Dimensions-and-Beyond.md:L173-174[U001033];CHAPTERS/05-Two-Dimensions-and-Beyond.md:L175-176[U001034];CHAPTERS/05-Two-Dimensions-and-Beyond.md:L185-186[U001039],One-dimensional substitution systems of the kind we discussed on page 82 can be thought of as working by progressively subdividing each element they contain into several smaller e…,SERIOUS
L0670,B0670,CHAPTERS/05-Two-Dimensions-and-Beyond.md:L177-178[U001035];CHAPTERS/05-Two-Dimensions-and-Beyond.md:L179-180[U001036];CHAPTERS/05-Two-Dimensions-and-Beyond.md:L181-182[U001037],![](_page_202_Picture_4.jpeg),RESOLVED
L0671,B0671,CHAPTERS/05-Two-Dimensions-and-Beyond.md:L191-192[U001042];CHAPTERS/05-Two-Dimensions-and-Beyond.md:L207-208[U001050];CHAPTERS/05-Two-Dimensions-and-Beyond.md:L209-210[U001051];CHAPTERS/05-Two-Dimensions-and-Beyond.md:L213-214[U001053],But in fact there is nothing about this basic process that depends on the squares being arranged in any kind of rigid grid. And the picture below shows what happens if one just us…,SERIOUS
L0672,B0672,CHAPTERS/05-Two-Dimensions-and-Beyond.md:L191-192[U001042];CHAPTERS/05-Two-Dimensions-and-Beyond.md:L193-194[U001043];CHAPTERS/05-Two-Dimensions-and-Beyond.md:L195-196[U001044];CHAPTERS/05-Two-Dimensions-and-Beyond.md:L197-198[U001045];CHAPTERS/05-Two-Dimensions-and-Beyond.md:L213-214[U001053],But in fact there is nothing about this basic process that depends on the squares being arranged in any kind of rigid grid. And the picture below shows what happens if one just us…,RESOLVED
L0673,B0673,CHAPTERS/05-Two-Dimensions-and-Beyond.md:L199-200[U001046];CHAPTERS/05-Two-Dimensions-and-Beyond.md:L201-202[U001047];CHAPTERS/05-Two-Dimensions-and-Beyond.md:L203-204[U001048];CHAPTERS/05-Two-Dimensions-and-Beyond.md:L205-206[U001049],"In a substitution system where black squares are arranged on a grid, one can be sure that different squares will never overlap. But if there is just a geometrical rule that is use…",RESOLVED
L0674,B0674,CHAPTERS/05-Two-Dimensions-and-Beyond.md:L211-212[U001052];CHAPTERS/05-Two-Dimensions-and-Beyond.md:L219-220[U001056];CHAPTERS/05-Two-Dimensions-and-Beyond.md:L221-222[U001057];CHAPTERS/05-Two-Dimensions-and-Beyond.md:L223-224[U001058];CHAPTERS/05-Two-Dimensions-and-Beyond.md:L225-226[U001059],"So what does it take to get patterns with more complicated structure? The basic answer, much as we saw in one-dimensional substitution systems on page 85, is some form of interact…",SERIOUS
L0675,B0675,CHAPTERS/05-Two-Dimensions-and-Beyond.md:L239-240[U001066];CHAPTERS/05-Two-Dimensions-and-Beyond.md:L241-242[U001067];CHAPTERS/05-Two-Dimensions-and-Beyond.md:L245-246[U001069];CHAPTERS/05-Two-Dimensions-and-Beyond.md:L247-248[U001070],"It turns out, however, that it is possible to construct systems in which there is no such invariance in basic structure, and in this section I discuss as an example one version of…",SERIOUS
L0676,B0676,CHAPTERS/05-Two-Dimensions-and-Beyond.md:L249-250[U001071];CHAPTERS/05-Two-Dimensions-and-Beyond.md:L287-288[U001090];CHAPTERS/05-Two-Dimensions-and-Beyond.md:L295-296[U001094],In constructing network systems one could in general allow each node to have any number of connections coming from it. But at least for the purposes of this section nothing fundam…,RESOLVED
L0677,B0677,CHAPTERS/05-Two-Dimensions-and-Beyond.md:L251-252[U001072];CHAPTERS/05-Two-Dimensions-and-Beyond.md:L253-254[U001073];CHAPTERS/05-Two-Dimensions-and-Beyond.md:L255-256[U001074],"With this setup the very simplest possible network consists of just one node, with both connections from the node looping back, as in the top picture below. With two nodes, there…",RESOLVED
L0678,B0678,CHAPTERS/05-Two-Dimensions-and-Beyond.md:L279-280[U001086];CHAPTERS/05-Two-Dimensions-and-Beyond.md:L281-282[U001087];CHAPTERS/05-Two-Dimensions-and-Beyond.md:L283-284[U001088],"In general, there is great variety in the possible structures that can be set up in network systems, and as one further example the picture below shows a network that forms a nest…",WEAK
L0679,B0679,CHAPTERS/05-Two-Dimensions-and-Beyond.md:L297-298[U001095];CHAPTERS/05-Two-Dimensions-and-Beyond.md:L299-300[U001096];CHAPTERS/05-Two-Dimensions-and-Beyond.md:L301-302[U001097];CHAPTERS/05-Two-Dimensions-and-Beyond.md:L303-304[U001098];CHAPTERS/05-Two-Dimensions-and-Beyond.md:L305-306[U001099],"The pictures on the facing page show examples of evolution obtained with four different choices of underlying rules. In the first case, the rule specifies that the “above” connect…",RESOLVED
L0680,B0680,CHAPTERS/05-Two-Dimensions-and-Beyond.md:L297-298[U001095];CHAPTERS/05-Two-Dimensions-and-Beyond.md:L299-300[U001096];CHAPTERS/05-Two-Dimensions-and-Beyond.md:L301-302[U001097];CHAPTERS/05-Two-Dimensions-and-Beyond.md:L303-304[U001098];CHAPTERS/05-Two-Dimensions-and-Beyond.md:L305-306[U001099],"The pictures on the facing page show examples of evolution obtained with four different choices of underlying rules. In the first case, the rule specifies that the “above” connect…",RESOLVED
L0681,B0681,CHAPTERS/05-Two-Dimensions-and-Beyond.md:L297-298[U001095];CHAPTERS/05-Two-Dimensions-and-Beyond.md:L299-300[U001096];CHAPTERS/05-Two-Dimensions-and-Beyond.md:L301-302[U001097];CHAPTERS/05-Two-Dimensions-and-Beyond.md:L303-304[U001098];CHAPTERS/05-Two-Dimensions-and-Beyond.md:L305-306[U001099],"The pictures on the facing page show examples of evolution obtained with four different choices of underlying rules. In the first case, the rule specifies that the “above” connect…",RESOLVED
L0682,B0682,CHAPTERS/05-Two-Dimensions-and-Beyond.md:L297-298[U001095];CHAPTERS/05-Two-Dimensions-and-Beyond.md:L299-300[U001096];CHAPTERS/05-Two-Dimensions-and-Beyond.md:L301-302[U001097];CHAPTERS/05-Two-Dimensions-and-Beyond.md:L303-304[U001098];CHAPTERS/05-Two-Dimensions-and-Beyond.md:L305-306[U001099],"The pictures on the facing page show examples of evolution obtained with four different choices of underlying rules. In the first case, the rule specifies that the “above” connect…",RESOLVED
L0683,B0683,CHAPTERS/05-Two-Dimensions-and-Beyond.md:L307-308[U001100];CHAPTERS/05-Two-Dimensions-and-Beyond.md:L309-310[U001101];CHAPTERS/05-Two-Dimensions-and-Beyond.md:L311-312[U001102];CHAPTERS/05-Two-Dimensions-and-Beyond.md:L315-316[U001104],"By changing the underlying rules, however, the number of nodes in a network can also be made to increase. The basic way this can be done is by breaking a connection coming from a…",SERIOUS
L0684,B0684,CHAPTERS/05-Two-Dimensions-and-Beyond.md:L307-308[U001100];CHAPTERS/05-Two-Dimensions-and-Beyond.md:L309-310[U001101];CHAPTERS/05-Two-Dimensions-and-Beyond.md:L313-314[U001103];CHAPTERS/05-Two-Dimensions-and-Beyond.md:L315-316[U001104],"By changing the underlying rules, however, the number of nodes in a network can also be made to increase. The basic way this can be done is by breaking a connection coming from a…",RESOLVED
L0685,B0685,CHAPTERS/05-Two-Dimensions-and-Beyond.md:L319-320[U001106];CHAPTERS/05-Two-Dimensions-and-Beyond.md:L321-322[U001107];CHAPTERS/05-Two-Dimensions-and-Beyond.md:L325-326[U001109];CHAPTERS/05-Two-Dimensions-and-Beyond.md:L327-328[U001110];CHAPTERS/05-Two-Dimensions-and-Beyond.md:L323-324[U001108],"In general, however, one can set up network systems that have rules in which different operations are performed at different nodes, depending on the local structure of the network…",SERIOUS
L0686,B0686,CHAPTERS/05-Two-Dimensions-and-Beyond.md:L329-330[U001111];CHAPTERS/05-Two-Dimensions-and-Beyond.md:L335-336[U001114];CHAPTERS/05-Two-Dimensions-and-Beyond.md:L337-338[U001115],"But as soon as one allows dependence on slightly longer-range features of the network, much more complicated behavior immediately becomes possible. And indeed, the pictures on the…",RESOLVED
L0687,B0687,CHAPTERS/05-Two-Dimensions-and-Beyond.md:L339-340[U001116];CHAPTERS/05-Two-Dimensions-and-Beyond.md:L341-342[U001117];CHAPTERS/05-Two-Dimensions-and-Beyond.md:L343-346[U001118];CHAPTERS/05-Two-Dimensions-and-Beyond.md:L353-354[U001121];CHAPTERS/05-Two-Dimensions-and-Beyond.md:L329-330[U001111],![](_page_218_Figure_2.jpeg),RESOLVED
L0688,B0688,CHAPTERS/05-Two-Dimensions-and-Beyond.md:L339-340[U001116];CHAPTERS/05-Two-Dimensions-and-Beyond.md:L347-348[U001119];CHAPTERS/05-Two-Dimensions-and-Beyond.md:L349-352[U001120];CHAPTERS/05-Two-Dimensions-and-Beyond.md:L353-354[U001121];CHAPTERS/05-Two-Dimensions-and-Beyond.md:L329-330[U001111],![](_page_218_Figure_2.jpeg),RESOLVED
L0689,B0689,CHAPTERS/05-Two-Dimensions-and-Beyond.md:L359-360[U001124];CHAPTERS/05-Two-Dimensions-and-Beyond.md:L369-370[U001129],"Multiway systems, however, are defined so that they can have not just a single state, but a whole collection of possible states at any given step.",SERIOUS
L0690,B0690,CHAPTERS/05-Two-Dimensions-and-Beyond.md:L363-364[U001126];CHAPTERS/05-Two-Dimensions-and-Beyond.md:L365-366[U001127];CHAPTERS/05-Two-Dimensions-and-Beyond.md:L367-368[U001128],![](_page_219_Picture_6.jpeg),RESOLVED
L0691,B0691,CHAPTERS/05-Two-Dimensions-and-Beyond.md:L391-392[U001140];CHAPTERS/05-Two-Dimensions-and-Beyond.md:L393-394[U001141];CHAPTERS/05-Two-Dimensions-and-Beyond.md:L395-396[U001142];CHAPTERS/05-Two-Dimensions-and-Beyond.md:L397-398[U001143];CHAPTERS/05-Two-Dimensions-and-Beyond.md:L399-400[U001144];BACK-MATTER/NOTES/05-Two-Dimensions-and-Beyond-Notes.md:L536-537[U006255];BACK-MATTER/NOTES/05-Two-Dimensions-and-Beyond-Notes.md:L548-551[U006261],But in both these cases it turns out to be not too long before these fluctuations essentially repeat. The picture below shows an example where a larger amount of apparent randomne…,WEAK
L0692,B0692,CHAPTERS/05-Two-Dimensions-and-Beyond.md:L401-402[U001145];CHAPTERS/05-Two-Dimensions-and-Beyond.md:L403-404[U001146];CHAPTERS/05-Two-Dimensions-and-Beyond.md:L405-406[U001147],"One can get some idea about how such systems behave, however, just by looking at the states that occur at early steps. The picture below shows an example—with ultimately fairly si…",WEAK
L0693,B0693,CHAPTERS/05-Two-Dimensions-and-Beyond.md:L413-414[U001151];CHAPTERS/05-Two-Dimensions-and-Beyond.md:L415-416[U001152];CHAPTERS/05-Two-Dimensions-and-Beyond.md:L419-420[U001154];CHAPTERS/05-Two-Dimensions-and-Beyond.md:L421-422[U001155];CHAPTERS/05-Two-Dimensions-and-Beyond.md:L423-424[U001156];CHAPTERS/05-Two-Dimensions-and-Beyond.md:L425-426[U001157];CHAPTERS/05-Two-Dimensions-and-Beyond.md:L427-428[U001158],"Looking carefully at the pictures of multiway system evolution on previous pages, a feature one notices is that the same sequences often occur on several different steps. Yet it i…",RESOLVED
L0694,B0694,CHAPTERS/05-Two-Dimensions-and-Beyond.md:L433-434[U001161],"In traditional science, however, it is common to consider systems that are set up in a rather different way: instead of having explicit rules for evolution, the systems are just g…",SERIOUS
L0695,B0695,CHAPTERS/05-Two-Dimensions-and-Beyond.md:L435-436[U001162];CHAPTERS/05-Two-Dimensions-and-Beyond.md:L437-438[U001163];CHAPTERS/05-Two-Dimensions-and-Beyond.md:L439-440[U001164],"As a simple example, consider a line of cells in which each cell is colored black or white, and in which the arrangement of colors is subject to the constraint that every cell sho…",RESOLVED
L0696,B0696,CHAPTERS/05-Two-Dimensions-and-Beyond.md:L443-444[U001166];CHAPTERS/05-Two-Dimensions-and-Beyond.md:L445-446[U001167];CHAPTERS/05-Two-Dimensions-and-Beyond.md:L447-448[U001168],"Other constraints, however, can allow more freedom. Thus, for example, with the constraint that every cell must have at least one neighbor whose color is different from its own, a…",RESOLVED
L0697,B0697,CHAPTERS/05-Two-Dimensions-and-Beyond.md:L457-458[U001173];CHAPTERS/05-Two-Dimensions-and-Beyond.md:L459-460[U001174];CHAPTERS/05-Two-Dimensions-and-Beyond.md:L461-462[U001175];CHAPTERS/05-Two-Dimensions-and-Beyond.md:L471-472[U001180],"As a first example of a two-dimensional system, consider an array of black and white cells in which the constraint is imposed that every black cell should have exactly one black n…",RESOLVED
L0698,B0698,CHAPTERS/05-Two-Dimensions-and-Beyond.md:L467-468[U001178];CHAPTERS/05-Two-Dimensions-and-Beyond.md:L471-472[U001180];CHAPTERS/05-Two-Dimensions-and-Beyond.md:L473-474[U001181],What about other constraints? The pictures on the facing page show schematically what happens with constraints that require each cell to have various numbers of black and white ne…,RESOLVED
L0699,B0699,CHAPTERS/05-Two-Dimensions-and-Beyond.md:L475-476[U001182];CHAPTERS/05-Two-Dimensions-and-Beyond.md:L477-478[U001183];CHAPTERS/05-Two-Dimensions-and-Beyond.md:L479-480[U001184];CHAPTERS/05-Two-Dimensions-and-Beyond.md:L481-482[U001185];CHAPTERS/05-Two-Dimensions-and-Beyond.md:L487-488[U001188],So what about more complicated constraints? The pictures below show examples based on constraints that require the local arrangement of colors around every cell to match a fixed s…,SERIOUS
L0700,B0700,CHAPTERS/05-Two-Dimensions-and-Beyond.md:L477-478[U001183];CHAPTERS/05-Two-Dimensions-and-Beyond.md:L479-480[U001184],![](_page_228_Figure_5.jpeg),RESOLVED
L0701,B0701,CHAPTERS/05-Two-Dimensions-and-Beyond.md:L477-478[U001183];CHAPTERS/05-Two-Dimensions-and-Beyond.md:L479-480[U001184],![](_page_228_Figure_5.jpeg),RESOLVED
L0702,B0702,CHAPTERS/05-Two-Dimensions-and-Beyond.md:L481-482[U001185];CHAPTERS/05-Two-Dimensions-and-Beyond.md:L483-484[U001186];CHAPTERS/05-Two-Dimensions-and-Beyond.md:L485-486[U001187];CHAPTERS/05-Two-Dimensions-and-Beyond.md:L487-488[U001188];CHAPTERS/05-Two-Dimensions-and-Beyond.md:L479-480[U001184],"There are a total of 4,294,967,296 possible sets of such templates. And of these, 766,979,044 lead to constraints that cannot be satisfied by any pattern. But among the 3,527,988,…",WEAK
L0703,B0703,CHAPTERS/05-Two-Dimensions-and-Beyond.md:L491-492[U001190];CHAPTERS/05-Two-Dimensions-and-Beyond.md:L493-494[U001191];CHAPTERS/05-Two-Dimensions-and-Beyond.md:L495-496[U001192];CHAPTERS/05-Two-Dimensions-and-Beyond.md:L497-498[U001193];CHAPTERS/05-Two-Dimensions-and-Beyond.md:L535-536[U001212],The basic answer is that one must extend at least slightly the kinds of constraints that one considers. And one way to do this is to require not only that the colors around each c…,SERIOUS
L0704,B0704,CHAPTERS/05-Two-Dimensions-and-Beyond.md:L499-500[U001194];CHAPTERS/05-Two-Dimensions-and-Beyond.md:L501-502[U001195];CHAPTERS/05-Two-Dimensions-and-Beyond.md:L503-504[U001196];CHAPTERS/05-Two-Dimensions-and-Beyond.md:L505-506[U001197],"So how can one find constraints that force more complex patterns? To do so has been fairly difficult, and in fact has taken almost as much computational effort as any other single…",WEAK
L0705,B0705,CHAPTERS/05-Two-Dimensions-and-Beyond.md:L507-508[U001198];CHAPTERS/05-Two-Dimensions-and-Beyond.md:L509-510[U001199];CHAPTERS/05-Two-Dimensions-and-Beyond.md:L511-512[U001200];CHAPTERS/05-Two-Dimensions-and-Beyond.md:L513-514[U001201];CHAPTERS/05-Two-Dimensions-and-Beyond.md:L515-516[U001202];CHAPTERS/05-Two-Dimensions-and-Beyond.md:L519-520[U001204];CHAPTERS/05-Two-Dimensions-and-Beyond.md:L521-522[U001205],"A more practical alternative is to build up patterns iteratively, starting with a small region, and then adding new cells in essentially all possible ways, at each stage backtrack…",WEAK
L0706,B0706,CHAPTERS/05-Two-Dimensions-and-Beyond.md:L519-520[U001204];CHAPTERS/05-Two-Dimensions-and-Beyond.md:L521-522[U001205],![](_page_233_Figure_1.jpeg),WEAK
L0707,B0707,CHAPTERS/05-Two-Dimensions-and-Beyond.md:L519-520[U001204];CHAPTERS/05-Two-Dimensions-and-Beyond.md:L521-522[U001205];CHAPTERS/05-Two-Dimensions-and-Beyond.md:L513-514[U001201],![](_page_233_Figure_1.jpeg),WEAK
L0708,B0708,CHAPTERS/05-Two-Dimensions-and-Beyond.md:L523-524[U001206];CHAPTERS/05-Two-Dimensions-and-Beyond.md:L527-528[U001208];CHAPTERS/05-Two-Dimensions-and-Beyond.md:L529-530[U001209];CHAPTERS/05-Two-Dimensions-and-Beyond.md:L531-532[U001210];CHAPTERS/05-Two-Dimensions-and-Beyond.md:L535-536[U001212],"But if one systematically examines possible constraints in the order shown on pages 214 and 215, then it turns out that after examining more than 18 million of them, one finally d…",RESOLVED
L0709,B0709,CHAPTERS/05-Two-Dimensions-and-Beyond.md:L535-536[U001212];CHAPTERS/05-Two-Dimensions-and-Beyond.md:L537-538[U001213],"There are altogether 137,438,953,472 constraints of the type shown on page 216. And of the millions of these that I have tested, none have forced anything more complicated than th…",WEAK
L0710,B0710,CHAPTERS/05-Two-Dimensions-and-Beyond.md:L539-540[U001214];CHAPTERS/05-Two-Dimensions-and-Beyond.md:L541-542[U001215];CHAPTERS/05-Two-Dimensions-and-Beyond.md:L543-544[U001216],![](_page_235_Picture_4.jpeg),RESOLVED
L0711,B0711,CHAPTERS/05-Two-Dimensions-and-Beyond.md:L545-546[U001217];CHAPTERS/05-Two-Dimensions-and-Beyond.md:L547-548[U001218];CHAPTERS/05-Two-Dimensions-and-Beyond.md:L549-550[U001219];CHAPTERS/05-Two-Dimensions-and-Beyond.md:L551-552[U001220],"What about more complex patterns? Searches have not succeeded in finding anything. But explicit construction, based on correspondence with one-dimensional cellular automata, leads…",RESOLVED
L0712,B0712,CHAPTERS/05-Two-Dimensions-and-Beyond.md:L53-54[U000973];CHAPTERS/05-Two-Dimensions-and-Beyond.md:L55-56[U000974];CHAPTERS/05-Two-Dimensions-and-Beyond.md:L51-52[U000972];CHAPTERS/05-Two-Dimensions-and-Beyond.md:L59-60[U000976];CHAPTERS/05-Two-Dimensions-and-Beyond.md:L63-64[U000978],![](_page_188_Figure_1.jpeg),RESOLVED
L0713,B0713,CHAPTERS/05-Two-Dimensions-and-Beyond.md:L53-54[U000973];CHAPTERS/05-Two-Dimensions-and-Beyond.md:L55-56[U000974];CHAPTERS/05-Two-Dimensions-and-Beyond.md:L51-52[U000972];CHAPTERS/05-Two-Dimensions-and-Beyond.md:L59-60[U000976];CHAPTERS/05-Two-Dimensions-and-Beyond.md:L63-64[U000978],![](_page_188_Figure_1.jpeg),RESOLVED
L0714,B0714,CHAPTERS/05-Two-Dimensions-and-Beyond.md:L53-54[U000973];CHAPTERS/05-Two-Dimensions-and-Beyond.md:L55-56[U000974];CHAPTERS/05-Two-Dimensions-and-Beyond.md:L51-52[U000972];CHAPTERS/05-Two-Dimensions-and-Beyond.md:L59-60[U000976];CHAPTERS/05-Two-Dimensions-and-Beyond.md:L63-64[U000978],![](_page_188_Figure_1.jpeg),RESOLVED
L0715,B0715,CHAPTERS/05-Two-Dimensions-and-Beyond.md:L53-54[U000973];CHAPTERS/05-Two-Dimensions-and-Beyond.md:L55-56[U000974];CHAPTERS/05-Two-Dimensions-and-Beyond.md:L51-52[U000972];CHAPTERS/05-Two-Dimensions-and-Beyond.md:L59-60[U000976];CHAPTERS/05-Two-Dimensions-and-Beyond.md:L63-64[U000978],![](_page_188_Figure_1.jpeg),RESOLVED
L0716,B0716,CHAPTERS/05-Two-Dimensions-and-Beyond.md:L53-54[U000973];CHAPTERS/05-Two-Dimensions-and-Beyond.md:L55-56[U000974];CHAPTERS/05-Two-Dimensions-and-Beyond.md:L51-52[U000972];CHAPTERS/05-Two-Dimensions-and-Beyond.md:L59-60[U000976];CHAPTERS/05-Two-Dimensions-and-Beyond.md:L63-64[U000978],![](_page_188_Figure_1.jpeg),RESOLVED
L0717,B0717,CHAPTERS/05-Two-Dimensions-and-Beyond.md:L53-54[U000973];CHAPTERS/05-Two-Dimensions-and-Beyond.md:L55-56[U000974];CHAPTERS/05-Two-Dimensions-and-Beyond.md:L51-52[U000972];CHAPTERS/05-Two-Dimensions-and-Beyond.md:L59-60[U000976];CHAPTERS/05-Two-Dimensions-and-Beyond.md:L63-64[U000978],![](_page_188_Figure_1.jpeg),RESOLVED
L0718,B0718,CHAPTERS/05-Two-Dimensions-and-Beyond.md:L53-54[U000973];CHAPTERS/05-Two-Dimensions-and-Beyond.md:L55-56[U000974];CHAPTERS/05-Two-Dimensions-and-Beyond.md:L51-52[U000972];CHAPTERS/05-Two-Dimensions-and-Beyond.md:L59-60[U000976];CHAPTERS/05-Two-Dimensions-and-Beyond.md:L63-64[U000978],![](_page_188_Figure_1.jpeg),RESOLVED
L0719,B0719,CHAPTERS/05-Two-Dimensions-and-Beyond.md:L53-54[U000973];CHAPTERS/05-Two-Dimensions-and-Beyond.md:L55-56[U000974];CHAPTERS/05-Two-Dimensions-and-Beyond.md:L51-52[U000972];CHAPTERS/05-Two-Dimensions-and-Beyond.md:L59-60[U000976];CHAPTERS/05-Two-Dimensions-and-Beyond.md:L63-64[U000978],![](_page_188_Figure_1.jpeg),RESOLVED
L0720,B0720,CHAPTERS/05-Two-Dimensions-and-Beyond.md:L53-54[U000973];CHAPTERS/05-Two-Dimensions-and-Beyond.md:L55-56[U000974];CHAPTERS/05-Two-Dimensions-and-Beyond.md:L51-52[U000972];CHAPTERS/05-Two-Dimensions-and-Beyond.md:L59-60[U000976];CHAPTERS/05-Two-Dimensions-and-Beyond.md:L63-64[U000978],![](_page_188_Figure_1.jpeg),RESOLVED
L0721,B0721,CHAPTERS/05-Two-Dimensions-and-Beyond.md:L53-54[U000973];CHAPTERS/05-Two-Dimensions-and-Beyond.md:L55-56[U000974];CHAPTERS/05-Two-Dimensions-and-Beyond.md:L51-52[U000972];CHAPTERS/05-Two-Dimensions-and-Beyond.md:L59-60[U000976];CHAPTERS/05-Two-Dimensions-and-Beyond.md:L63-64[U000978],![](_page_188_Figure_1.jpeg),RESOLVED
L0722,B0722,CHAPTERS/05-Two-Dimensions-and-Beyond.md:L53-54[U000973];CHAPTERS/05-Two-Dimensions-and-Beyond.md:L55-56[U000974];CHAPTERS/05-Two-Dimensions-and-Beyond.md:L51-52[U000972];CHAPTERS/05-Two-Dimensions-and-Beyond.md:L59-60[U000976];CHAPTERS/05-Two-Dimensions-and-Beyond.md:L63-64[U000978],![](_page_188_Figure_1.jpeg),RESOLVED
L0723,B0723,CHAPTERS/05-Two-Dimensions-and-Beyond.md:L53-54[U000973];CHAPTERS/05-Two-Dimensions-and-Beyond.md:L55-56[U000974];CHAPTERS/05-Two-Dimensions-and-Beyond.md:L51-52[U000972];CHAPTERS/05-Two-Dimensions-and-Beyond.md:L59-60[U000976];CHAPTERS/05-Two-Dimensions-and-Beyond.md:L63-64[U000978],![](_page_188_Figure_1.jpeg),RESOLVED
L0724,B0724,CHAPTERS/05-Two-Dimensions-and-Beyond.md:L53-54[U000973];CHAPTERS/05-Two-Dimensions-and-Beyond.md:L55-56[U000974];CHAPTERS/05-Two-Dimensions-and-Beyond.md:L51-52[U000972];CHAPTERS/05-Two-Dimensions-and-Beyond.md:L59-60[U000976];CHAPTERS/05-Two-Dimensions-and-Beyond.md:L63-64[U000978],![](_page_188_Figure_1.jpeg),RESOLVED
L0725,B0725,CHAPTERS/05-Two-Dimensions-and-Beyond.md:L53-54[U000973];CHAPTERS/05-Two-Dimensions-and-Beyond.md:L55-56[U000974];CHAPTERS/05-Two-Dimensions-and-Beyond.md:L51-52[U000972];CHAPTERS/05-Two-Dimensions-and-Beyond.md:L59-60[U000976];CHAPTERS/05-Two-Dimensions-and-Beyond.md:L63-64[U000978],![](_page_188_Figure_1.jpeg),RESOLVED
L0726,B0726,CHAPTERS/05-Two-Dimensions-and-Beyond.md:L53-54[U000973];CHAPTERS/05-Two-Dimensions-and-Beyond.md:L55-56[U000974];CHAPTERS/05-Two-Dimensions-and-Beyond.md:L51-52[U000972];CHAPTERS/05-Two-Dimensions-and-Beyond.md:L59-60[U000976];CHAPTERS/05-Two-Dimensions-and-Beyond.md:L63-64[U000978],![](_page_188_Figure_1.jpeg),RESOLVED
L0727,B0727,CHAPTERS/05-Two-Dimensions-and-Beyond.md:L53-54[U000973];CHAPTERS/05-Two-Dimensions-and-Beyond.md:L55-56[U000974];CHAPTERS/05-Two-Dimensions-and-Beyond.md:L51-52[U000972];CHAPTERS/05-Two-Dimensions-and-Beyond.md:L59-60[U000976];CHAPTERS/05-Two-Dimensions-and-Beyond.md:L63-64[U000978],![](_page_188_Figure_1.jpeg),RESOLVED
L0728,B0728,CHAPTERS/05-Two-Dimensions-and-Beyond.md:L53-54[U000973];CHAPTERS/05-Two-Dimensions-and-Beyond.md:L55-56[U000974];CHAPTERS/05-Two-Dimensions-and-Beyond.md:L51-52[U000972];CHAPTERS/05-Two-Dimensions-and-Beyond.md:L59-60[U000976];CHAPTERS/05-Two-Dimensions-and-Beyond.md:L63-64[U000978],![](_page_188_Figure_1.jpeg),RESOLVED
L0729,B0729,CHAPTERS/05-Two-Dimensions-and-Beyond.md:L53-54[U000973];CHAPTERS/05-Two-Dimensions-and-Beyond.md:L55-56[U000974];CHAPTERS/05-Two-Dimensions-and-Beyond.md:L51-52[U000972];CHAPTERS/05-Two-Dimensions-and-Beyond.md:L59-60[U000976];CHAPTERS/05-Two-Dimensions-and-Beyond.md:L63-64[U000978],![](_page_188_Figure_1.jpeg),RESOLVED
L0730,B0730,CHAPTERS/05-Two-Dimensions-and-Beyond.md:L53-54[U000973];CHAPTERS/05-Two-Dimensions-and-Beyond.md:L55-56[U000974];CHAPTERS/05-Two-Dimensions-and-Beyond.md:L51-52[U000972];CHAPTERS/05-Two-Dimensions-and-Beyond.md:L59-60[U000976];CHAPTERS/05-Two-Dimensions-and-Beyond.md:L63-64[U000978],![](_page_188_Figure_1.jpeg),RESOLVED
L0731,B0731,CHAPTERS/05-Two-Dimensions-and-Beyond.md:L53-54[U000973];CHAPTERS/05-Two-Dimensions-and-Beyond.md:L55-56[U000974];CHAPTERS/05-Two-Dimensions-and-Beyond.md:L51-52[U000972];CHAPTERS/05-Two-Dimensions-and-Beyond.md:L59-60[U000976];CHAPTERS/05-Two-Dimensions-and-Beyond.md:L63-64[U000978],![](_page_188_Figure_1.jpeg),RESOLVED
L0732,B0732,CHAPTERS/05-Two-Dimensions-and-Beyond.md:L53-54[U000973];CHAPTERS/05-Two-Dimensions-and-Beyond.md:L55-56[U000974];CHAPTERS/05-Two-Dimensions-and-Beyond.md:L51-52[U000972];CHAPTERS/05-Two-Dimensions-and-Beyond.md:L59-60[U000976];CHAPTERS/05-Two-Dimensions-and-Beyond.md:L63-64[U000978],![](_page_188_Figure_1.jpeg),RESOLVED
L0733,B0733,CHAPTERS/05-Two-Dimensions-and-Beyond.md:L53-54[U000973];CHAPTERS/05-Two-Dimensions-and-Beyond.md:L55-56[U000974];CHAPTERS/05-Two-Dimensions-and-Beyond.md:L51-52[U000972];CHAPTERS/05-Two-Dimensions-and-Beyond.md:L59-60[U000976];CHAPTERS/05-Two-Dimensions-and-Beyond.md:L63-64[U000978],![](_page_188_Figure_1.jpeg),RESOLVED
L0734,B0734,CHAPTERS/05-Two-Dimensions-and-Beyond.md:L53-54[U000973];CHAPTERS/05-Two-Dimensions-and-Beyond.md:L55-56[U000974];CHAPTERS/05-Two-Dimensions-and-Beyond.md:L51-52[U000972];CHAPTERS/05-Two-Dimensions-and-Beyond.md:L59-60[U000976];CHAPTERS/05-Two-Dimensions-and-Beyond.md:L63-64[U000978],![](_page_188_Figure_1.jpeg),RESOLVED
L0735,B0735,CHAPTERS/05-Two-Dimensions-and-Beyond.md:L53-54[U000973];CHAPTERS/05-Two-Dimensions-and-Beyond.md:L55-56[U000974];CHAPTERS/05-Two-Dimensions-and-Beyond.md:L51-52[U000972];CHAPTERS/05-Two-Dimensions-and-Beyond.md:L59-60[U000976];CHAPTERS/05-Two-Dimensions-and-Beyond.md:L63-64[U000978],![](_page_188_Figure_1.jpeg),RESOLVED
L0736,B0736,CHAPTERS/05-Two-Dimensions-and-Beyond.md:L53-54[U000973];CHAPTERS/05-Two-Dimensions-and-Beyond.md:L55-56[U000974];CHAPTERS/05-Two-Dimensions-and-Beyond.md:L51-52[U000972];CHAPTERS/05-Two-Dimensions-and-Beyond.md:L59-60[U000976];CHAPTERS/05-Two-Dimensions-and-Beyond.md:L63-64[U000978],![](_page_188_Figure_1.jpeg),RESOLVED
L0737,B0737,CHAPTERS/05-Two-Dimensions-and-Beyond.md:L53-54[U000973];CHAPTERS/05-Two-Dimensions-and-Beyond.md:L55-56[U000974];CHAPTERS/05-Two-Dimensions-and-Beyond.md:L51-52[U000972];CHAPTERS/05-Two-Dimensions-and-Beyond.md:L59-60[U000976];CHAPTERS/05-Two-Dimensions-and-Beyond.md:L63-64[U000978],![](_page_188_Figure_1.jpeg),RESOLVED
L0738,B0738,CHAPTERS/05-Two-Dimensions-and-Beyond.md:L53-54[U000973];CHAPTERS/05-Two-Dimensions-and-Beyond.md:L55-56[U000974];CHAPTERS/05-Two-Dimensions-and-Beyond.md:L51-52[U000972];CHAPTERS/05-Two-Dimensions-and-Beyond.md:L59-60[U000976];CHAPTERS/05-Two-Dimensions-and-Beyond.md:L63-64[U000978],![](_page_188_Figure_1.jpeg),RESOLVED
L0739,B0739,CHAPTERS/05-Two-Dimensions-and-Beyond.md:L53-54[U000973];CHAPTERS/05-Two-Dimensions-and-Beyond.md:L55-56[U000974];CHAPTERS/05-Two-Dimensions-and-Beyond.md:L51-52[U000972];CHAPTERS/05-Two-Dimensions-and-Beyond.md:L59-60[U000976];CHAPTERS/05-Two-Dimensions-and-Beyond.md:L63-64[U000978],![](_page_188_Figure_1.jpeg),RESOLVED
L0740,B0740,CHAPTERS/05-Two-Dimensions-and-Beyond.md:L53-54[U000973];CHAPTERS/05-Two-Dimensions-and-Beyond.md:L55-56[U000974];CHAPTERS/05-Two-Dimensions-and-Beyond.md:L51-52[U000972];CHAPTERS/05-Two-Dimensions-and-Beyond.md:L59-60[U000976];CHAPTERS/05-Two-Dimensions-and-Beyond.md:L63-64[U000978],![](_page_188_Figure_1.jpeg),RESOLVED
L0741,B0741,CHAPTERS/05-Two-Dimensions-and-Beyond.md:L53-54[U000973];CHAPTERS/05-Two-Dimensions-and-Beyond.md:L55-56[U000974];CHAPTERS/05-Two-Dimensions-and-Beyond.md:L51-52[U000972];CHAPTERS/05-Two-Dimensions-and-Beyond.md:L59-60[U000976];CHAPTERS/05-Two-Dimensions-and-Beyond.md:L63-64[U000978],![](_page_188_Figure_1.jpeg),RESOLVED
L0742,B0742,CHAPTERS/05-Two-Dimensions-and-Beyond.md:L53-54[U000973];CHAPTERS/05-Two-Dimensions-and-Beyond.md:L55-56[U000974];CHAPTERS/05-Two-Dimensions-and-Beyond.md:L51-52[U000972];CHAPTERS/05-Two-Dimensions-and-Beyond.md:L59-60[U000976];CHAPTERS/05-Two-Dimensions-and-Beyond.md:L63-64[U000978],![](_page_188_Figure_1.jpeg),RESOLVED
L0743,B0743,CHAPTERS/05-Two-Dimensions-and-Beyond.md:L53-54[U000973];CHAPTERS/05-Two-Dimensions-and-Beyond.md:L55-56[U000974];CHAPTERS/05-Two-Dimensions-and-Beyond.md:L51-52[U000972];CHAPTERS/05-Two-Dimensions-and-Beyond.md:L59-60[U000976];CHAPTERS/05-Two-Dimensions-and-Beyond.md:L63-64[U000978],![](_page_188_Figure_1.jpeg),RESOLVED
L0744,B0744,CHAPTERS/05-Two-Dimensions-and-Beyond.md:L53-54[U000973];CHAPTERS/05-Two-Dimensions-and-Beyond.md:L55-56[U000974];CHAPTERS/05-Two-Dimensions-and-Beyond.md:L51-52[U000972];CHAPTERS/05-Two-Dimensions-and-Beyond.md:L59-60[U000976];CHAPTERS/05-Two-Dimensions-and-Beyond.md:L63-64[U000978],![](_page_188_Figure_1.jpeg),RESOLVED
L0745,B0745,CHAPTERS/05-Two-Dimensions-and-Beyond.md:L53-54[U000973];CHAPTERS/05-Two-Dimensions-and-Beyond.md:L55-56[U000974];CHAPTERS/05-Two-Dimensions-and-Beyond.md:L51-52[U000972];CHAPTERS/05-Two-Dimensions-and-Beyond.md:L59-60[U000976];CHAPTERS/05-Two-Dimensions-and-Beyond.md:L63-64[U000978],![](_page_188_Figure_1.jpeg),RESOLVED
L0746,B0746,CHAPTERS/05-Two-Dimensions-and-Beyond.md:L53-54[U000973];CHAPTERS/05-Two-Dimensions-and-Beyond.md:L55-56[U000974];CHAPTERS/05-Two-Dimensions-and-Beyond.md:L51-52[U000972];CHAPTERS/05-Two-Dimensions-and-Beyond.md:L59-60[U000976];CHAPTERS/05-Two-Dimensions-and-Beyond.md:L63-64[U000978],![](_page_188_Figure_1.jpeg),RESOLVED
L0747,B0747,CHAPTERS/05-Two-Dimensions-and-Beyond.md:L53-54[U000973];CHAPTERS/05-Two-Dimensions-and-Beyond.md:L55-56[U000974];CHAPTERS/05-Two-Dimensions-and-Beyond.md:L51-52[U000972];CHAPTERS/05-Two-Dimensions-and-Beyond.md:L59-60[U000976];CHAPTERS/05-Two-Dimensions-and-Beyond.md:L63-64[U000978],![](_page_188_Figure_1.jpeg),RESOLVED
L0748,B0748,CHAPTERS/05-Two-Dimensions-and-Beyond.md:L53-54[U000973];CHAPTERS/05-Two-Dimensions-and-Beyond.md:L55-56[U000974];CHAPTERS/05-Two-Dimensions-and-Beyond.md:L51-52[U000972];CHAPTERS/05-Two-Dimensions-and-Beyond.md:L59-60[U000976];CHAPTERS/05-Two-Dimensions-and-Beyond.md:L63-64[U000978],![](_page_188_Figure_1.jpeg),RESOLVED
L0749,B0749,CHAPTERS/05-Two-Dimensions-and-Beyond.md:L53-54[U000973];CHAPTERS/05-Two-Dimensions-and-Beyond.md:L55-56[U000974];CHAPTERS/05-Two-Dimensions-and-Beyond.md:L51-52[U000972];CHAPTERS/05-Two-Dimensions-and-Beyond.md:L59-60[U000976];CHAPTERS/05-Two-Dimensions-and-Beyond.md:L63-64[U000978],![](_page_188_Figure_1.jpeg),RESOLVED
L0750,B0750,CHAPTERS/05-Two-Dimensions-and-Beyond.md:L53-54[U000973];CHAPTERS/05-Two-Dimensions-and-Beyond.md:L55-56[U000974];CHAPTERS/05-Two-Dimensions-and-Beyond.md:L51-52[U000972];CHAPTERS/05-Two-Dimensions-and-Beyond.md:L59-60[U000976];CHAPTERS/05-Two-Dimensions-and-Beyond.md:L63-64[U000978],![](_page_188_Figure_1.jpeg),RESOLVED
L0751,B0751,CHAPTERS/05-Two-Dimensions-and-Beyond.md:L53-54[U000973];CHAPTERS/05-Two-Dimensions-and-Beyond.md:L55-56[U000974];CHAPTERS/05-Two-Dimensions-and-Beyond.md:L51-52[U000972];CHAPTERS/05-Two-Dimensions-and-Beyond.md:L59-60[U000976];CHAPTERS/05-Two-Dimensions-and-Beyond.md:L63-64[U000978],![](_page_188_Figure_1.jpeg),RESOLVED
L0752,B0752,CHAPTERS/05-Two-Dimensions-and-Beyond.md:L53-54[U000973];CHAPTERS/05-Two-Dimensions-and-Beyond.md:L55-56[U000974];CHAPTERS/05-Two-Dimensions-and-Beyond.md:L51-52[U000972];CHAPTERS/05-Two-Dimensions-and-Beyond.md:L59-60[U000976];CHAPTERS/05-Two-Dimensions-and-Beyond.md:L63-64[U000978],![](_page_188_Figure_1.jpeg),RESOLVED
L0753,B0753,CHAPTERS/05-Two-Dimensions-and-Beyond.md:L53-54[U000973];CHAPTERS/05-Two-Dimensions-and-Beyond.md:L55-56[U000974];CHAPTERS/05-Two-Dimensions-and-Beyond.md:L51-52[U000972];CHAPTERS/05-Two-Dimensions-and-Beyond.md:L59-60[U000976];CHAPTERS/05-Two-Dimensions-and-Beyond.md:L63-64[U000978],![](_page_188_Figure_1.jpeg),RESOLVED
L0754,B0754,CHAPTERS/05-Two-Dimensions-and-Beyond.md:L53-54[U000973];CHAPTERS/05-Two-Dimensions-and-Beyond.md:L55-56[U000974];CHAPTERS/05-Two-Dimensions-and-Beyond.md:L51-52[U000972];CHAPTERS/05-Two-Dimensions-and-Beyond.md:L59-60[U000976];CHAPTERS/05-Two-Dimensions-and-Beyond.md:L63-64[U000978],![](_page_188_Figure_1.jpeg),RESOLVED
L0755,B0755,CHAPTERS/05-Two-Dimensions-and-Beyond.md:L53-54[U000973];CHAPTERS/05-Two-Dimensions-and-Beyond.md:L55-56[U000974];CHAPTERS/05-Two-Dimensions-and-Beyond.md:L51-52[U000972];CHAPTERS/05-Two-Dimensions-and-Beyond.md:L59-60[U000976];CHAPTERS/05-Two-Dimensions-and-Beyond.md:L63-64[U000978],![](_page_188_Figure_1.jpeg),RESOLVED
L0756,B0756,CHAPTERS/05-Two-Dimensions-and-Beyond.md:L53-54[U000973];CHAPTERS/05-Two-Dimensions-and-Beyond.md:L55-56[U000974];CHAPTERS/05-Two-Dimensions-and-Beyond.md:L51-52[U000972];CHAPTERS/05-Two-Dimensions-and-Beyond.md:L59-60[U000976];CHAPTERS/05-Two-Dimensions-and-Beyond.md:L63-64[U000978],![](_page_188_Figure_1.jpeg),RESOLVED
L0757,B0757,CHAPTERS/05-Two-Dimensions-and-Beyond.md:L53-54[U000973];CHAPTERS/05-Two-Dimensions-and-Beyond.md:L55-56[U000974];CHAPTERS/05-Two-Dimensions-and-Beyond.md:L51-52[U000972];CHAPTERS/05-Two-Dimensions-and-Beyond.md:L59-60[U000976];CHAPTERS/05-Two-Dimensions-and-Beyond.md:L63-64[U000978],![](_page_188_Figure_1.jpeg),RESOLVED
L0758,B0758,CHAPTERS/05-Two-Dimensions-and-Beyond.md:L53-54[U000973];CHAPTERS/05-Two-Dimensions-and-Beyond.md:L55-56[U000974];CHAPTERS/05-Two-Dimensions-and-Beyond.md:L51-52[U000972];CHAPTERS/05-Two-Dimensions-and-Beyond.md:L59-60[U000976];CHAPTERS/05-Two-Dimensions-and-Beyond.md:L63-64[U000978],![](_page_188_Figure_1.jpeg),RESOLVED
L0759,B0759,CHAPTERS/05-Two-Dimensions-and-Beyond.md:L53-54[U000973];CHAPTERS/05-Two-Dimensions-and-Beyond.md:L55-56[U000974];CHAPTERS/05-Two-Dimensions-and-Beyond.md:L51-52[U000972];CHAPTERS/05-Two-Dimensions-and-Beyond.md:L59-60[U000976];CHAPTERS/05-Two-Dimensions-and-Beyond.md:L63-64[U000978],![](_page_188_Figure_1.jpeg),RESOLVED
L0760,B0760,CHAPTERS/05-Two-Dimensions-and-Beyond.md:L53-54[U000973];CHAPTERS/05-Two-Dimensions-and-Beyond.md:L55-56[U000974];CHAPTERS/05-Two-Dimensions-and-Beyond.md:L51-52[U000972];CHAPTERS/05-Two-Dimensions-and-Beyond.md:L59-60[U000976];CHAPTERS/05-Two-Dimensions-and-Beyond.md:L63-64[U000978],![](_page_188_Figure_1.jpeg),RESOLVED
L0761,B0761,CHAPTERS/05-Two-Dimensions-and-Beyond.md:L127-128[U001010];CHAPTERS/05-Two-Dimensions-and-Beyond.md:L129-130[U001011];CHAPTERS/05-Two-Dimensions-and-Beyond.md:L131-132[U001012],"Much as for cellular automata, it is straightforward to generalize Turing machines to two dimensions. The basic idea—shown in the picture below—is to allow the head of the Turing…",RESOLVED
L0762,B0762,CHAPTERS/05-Two-Dimensions-and-Beyond.md:L139-140[U001016];CHAPTERS/05-Two-Dimensions-and-Beyond.md:L141-142[U001017];CHAPTERS/05-Two-Dimensions-and-Beyond.md:L157-158[U001025];CHAPTERS/05-Two-Dimensions-and-Beyond.md:L159-160[U001026],The facing page shows some examples of two-dimensional Turing machines with four states. Simple behavior is overwhelmingly the most common. But out of a million randomly chosen ru…,RESOLVED
L0763,B0763,CHAPTERS/05-Two-Dimensions-and-Beyond.md:L139-140[U001016];CHAPTERS/05-Two-Dimensions-and-Beyond.md:L145-146[U001019];CHAPTERS/05-Two-Dimensions-and-Beyond.md:L157-158[U001025];CHAPTERS/05-Two-Dimensions-and-Beyond.md:L159-160[U001026],The facing page shows some examples of two-dimensional Turing machines with four states. Simple behavior is overwhelmingly the most common. But out of a million randomly chosen ru…,RESOLVED
L0764,B0764,CHAPTERS/05-Two-Dimensions-and-Beyond.md:L139-140[U001016];CHAPTERS/05-Two-Dimensions-and-Beyond.md:L147-148[U001020];CHAPTERS/05-Two-Dimensions-and-Beyond.md:L157-158[U001025];CHAPTERS/05-Two-Dimensions-and-Beyond.md:L159-160[U001026],The facing page shows some examples of two-dimensional Turing machines with four states. Simple behavior is overwhelmingly the most common. But out of a million randomly chosen ru…,RESOLVED
L0765,B0765,CHAPTERS/05-Two-Dimensions-and-Beyond.md:L139-140[U001016];CHAPTERS/05-Two-Dimensions-and-Beyond.md:L151-152[U001022];CHAPTERS/05-Two-Dimensions-and-Beyond.md:L157-158[U001025];CHAPTERS/05-Two-Dimensions-and-Beyond.md:L159-160[U001026],The facing page shows some examples of two-dimensional Turing machines with four states. Simple behavior is overwhelmingly the most common. But out of a million randomly chosen ru…,RESOLVED
L0766,B0766,CHAPTERS/05-Two-Dimensions-and-Beyond.md:L139-140[U001016];CHAPTERS/05-Two-Dimensions-and-Beyond.md:L153-154[U001023];CHAPTERS/05-Two-Dimensions-and-Beyond.md:L157-158[U001025];CHAPTERS/05-Two-Dimensions-and-Beyond.md:L159-160[U001026];CHAPTERS/05-Two-Dimensions-and-Beyond.md:L161-162[U001027];CHAPTERS/05-Two-Dimensions-and-Beyond.md:L165-166[U001029];CHAPTERS/05-Two-Dimensions-and-Beyond.md:L169-170[U001031],The facing page shows some examples of two-dimensional Turing machines with four states. Simple behavior is overwhelmingly the most common. But out of a million randomly chosen ru…,RESOLVED
L0767,B0767,CHAPTERS/05-Two-Dimensions-and-Beyond.md:L183-184[U001038];CHAPTERS/05-Two-Dimensions-and-Beyond.md:L187-188[U001040];CHAPTERS/05-Two-Dimensions-and-Beyond.md:L189-190[U001041];BACK-MATTER/NOTES/05-Two-Dimensions-and-Beyond-Notes.md:L236-237[U006149],The next page gives some more examples of two-dimensional substitution systems. The patterns that are produced are certainly quite intricate. But there is nevertheless great regul…,RESOLVED
L0768,B0768,CHAPTERS/05-Two-Dimensions-and-Beyond.md:L183-184[U001038];CHAPTERS/05-Two-Dimensions-and-Beyond.md:L187-188[U001040];CHAPTERS/05-Two-Dimensions-and-Beyond.md:L189-190[U001041];BACK-MATTER/NOTES/05-Two-Dimensions-and-Beyond-Notes.md:L236-237[U006149],The next page gives some more examples of two-dimensional substitution systems. The patterns that are produced are certainly quite intricate. But there is nevertheless great regul…,RESOLVED
L0769,B0769,CHAPTERS/05-Two-Dimensions-and-Beyond.md:L183-184[U001038];CHAPTERS/05-Two-Dimensions-and-Beyond.md:L187-188[U001040];CHAPTERS/05-Two-Dimensions-and-Beyond.md:L189-190[U001041];BACK-MATTER/NOTES/05-Two-Dimensions-and-Beyond-Notes.md:L236-237[U006149],The next page gives some more examples of two-dimensional substitution systems. The patterns that are produced are certainly quite intricate. But there is nevertheless great regul…,RESOLVED
L0770,B0770,CHAPTERS/05-Two-Dimensions-and-Beyond.md:L183-184[U001038];CHAPTERS/05-Two-Dimensions-and-Beyond.md:L187-188[U001040];CHAPTERS/05-Two-Dimensions-and-Beyond.md:L189-190[U001041];BACK-MATTER/NOTES/05-Two-Dimensions-and-Beyond-Notes.md:L236-237[U006149],The next page gives some more examples of two-dimensional substitution systems. The patterns that are produced are certainly quite intricate. But there is nevertheless great regul…,RESOLVED
L0771,B0771,CHAPTERS/05-Two-Dimensions-and-Beyond.md:L183-184[U001038];CHAPTERS/05-Two-Dimensions-and-Beyond.md:L187-188[U001040];CHAPTERS/05-Two-Dimensions-and-Beyond.md:L189-190[U001041];BACK-MATTER/NOTES/05-Two-Dimensions-and-Beyond-Notes.md:L236-237[U006149],The next page gives some more examples of two-dimensional substitution systems. The patterns that are produced are certainly quite intricate. But there is nevertheless great regul…,RESOLVED
L0772,B0772,CHAPTERS/05-Two-Dimensions-and-Beyond.md:L183-184[U001038];CHAPTERS/05-Two-Dimensions-and-Beyond.md:L187-188[U001040];CHAPTERS/05-Two-Dimensions-and-Beyond.md:L189-190[U001041];BACK-MATTER/NOTES/05-Two-Dimensions-and-Beyond-Notes.md:L236-237[U006149],The next page gives some more examples of two-dimensional substitution systems. The patterns that are produced are certainly quite intricate. But there is nevertheless great regul…,RESOLVED
L0773,B0773,CHAPTERS/05-Two-Dimensions-and-Beyond.md:L183-184[U001038];CHAPTERS/05-Two-Dimensions-and-Beyond.md:L187-188[U001040];CHAPTERS/05-Two-Dimensions-and-Beyond.md:L189-190[U001041],The next page gives some more examples of two-dimensional substitution systems. The patterns that are produced are certainly quite intricate. But there is nevertheless great regul…,RESOLVED
L0774,B0774,CHAPTERS/05-Two-Dimensions-and-Beyond.md:L183-184[U001038];CHAPTERS/05-Two-Dimensions-and-Beyond.md:L187-188[U001040];CHAPTERS/05-Two-Dimensions-and-Beyond.md:L189-190[U001041],The next page gives some more examples of two-dimensional substitution systems. The patterns that are produced are certainly quite intricate. But there is nevertheless great regul…,RESOLVED
L0775,B0775,CHAPTERS/05-Two-Dimensions-and-Beyond.md:L183-184[U001038];CHAPTERS/05-Two-Dimensions-and-Beyond.md:L187-188[U001040];CHAPTERS/05-Two-Dimensions-and-Beyond.md:L189-190[U001041],The next page gives some more examples of two-dimensional substitution systems. The patterns that are produced are certainly quite intricate. But there is nevertheless great regul…,RESOLVED
L0776,B0776,CHAPTERS/05-Two-Dimensions-and-Beyond.md:L207-208[U001050];CHAPTERS/05-Two-Dimensions-and-Beyond.md:L209-210[U001051];CHAPTERS/05-Two-Dimensions-and-Beyond.md:L215-216[U001054];CHAPTERS/05-Two-Dimensions-and-Beyond.md:L217-218[U001055];CHAPTERS/05-Two-Dimensions-and-Beyond.md:L213-214[U001053],The general idea of building up patterns by repeatedly applying geometrical rules is at the heart of so-called fractal geometry. And the pictures on the facing page show several m…,RESOLVED
L0777,B0777,CHAPTERS/05-Two-Dimensions-and-Beyond.md:L207-208[U001050];CHAPTERS/05-Two-Dimensions-and-Beyond.md:L209-210[U001051];CHAPTERS/05-Two-Dimensions-and-Beyond.md:L215-216[U001054];CHAPTERS/05-Two-Dimensions-and-Beyond.md:L217-218[U001055];CHAPTERS/05-Two-Dimensions-and-Beyond.md:L213-214[U001053],The general idea of building up patterns by repeatedly applying geometrical rules is at the heart of so-called fractal geometry. And the pictures on the facing page show several m…,RESOLVED
L0778,B0778,CHAPTERS/05-Two-Dimensions-and-Beyond.md:L207-208[U001050];CHAPTERS/05-Two-Dimensions-and-Beyond.md:L209-210[U001051];CHAPTERS/05-Two-Dimensions-and-Beyond.md:L215-216[U001054];CHAPTERS/05-Two-Dimensions-and-Beyond.md:L217-218[U001055];CHAPTERS/05-Two-Dimensions-and-Beyond.md:L213-214[U001053],The general idea of building up patterns by repeatedly applying geometrical rules is at the heart of so-called fractal geometry. And the pictures on the facing page show several m…,RESOLVED
L0779,B0779,CHAPTERS/05-Two-Dimensions-and-Beyond.md:L207-208[U001050];CHAPTERS/05-Two-Dimensions-and-Beyond.md:L209-210[U001051];CHAPTERS/05-Two-Dimensions-and-Beyond.md:L215-216[U001054];CHAPTERS/05-Two-Dimensions-and-Beyond.md:L217-218[U001055];CHAPTERS/05-Two-Dimensions-and-Beyond.md:L213-214[U001053],The general idea of building up patterns by repeatedly applying geometrical rules is at the heart of so-called fractal geometry. And the pictures on the facing page show several m…,RESOLVED
L0780,B0780,CHAPTERS/05-Two-Dimensions-and-Beyond.md:L223-224[U001058];CHAPTERS/05-Two-Dimensions-and-Beyond.md:L225-226[U001059];CHAPTERS/05-Two-Dimensions-and-Beyond.md:L219-220[U001056],![](_page_207_Figure_1.jpeg),RESOLVED
L0781,B0781,CHAPTERS/05-Two-Dimensions-and-Beyond.md:L223-224[U001058];CHAPTERS/05-Two-Dimensions-and-Beyond.md:L225-226[U001059];CHAPTERS/05-Two-Dimensions-and-Beyond.md:L227-228[U001060];CHAPTERS/05-Two-Dimensions-and-Beyond.md:L219-220[U001056],![](_page_207_Figure_1.jpeg),RESOLVED
L0782,B0782,CHAPTERS/05-Two-Dimensions-and-Beyond.md:L223-224[U001058];CHAPTERS/05-Two-Dimensions-and-Beyond.md:L225-226[U001059];CHAPTERS/05-Two-Dimensions-and-Beyond.md:L227-228[U001060];CHAPTERS/05-Two-Dimensions-and-Beyond.md:L219-220[U001056],![](_page_207_Figure_1.jpeg),RESOLVED
L0783,B0783,CHAPTERS/05-Two-Dimensions-and-Beyond.md:L223-224[U001058];CHAPTERS/05-Two-Dimensions-and-Beyond.md:L225-226[U001059];CHAPTERS/05-Two-Dimensions-and-Beyond.md:L227-228[U001060];CHAPTERS/05-Two-Dimensions-and-Beyond.md:L219-220[U001056],![](_page_207_Figure_1.jpeg),RESOLVED
L0784,B0784,CHAPTERS/05-Two-Dimensions-and-Beyond.md:L223-224[U001058];CHAPTERS/05-Two-Dimensions-and-Beyond.md:L225-226[U001059];CHAPTERS/05-Two-Dimensions-and-Beyond.md:L227-228[U001060];CHAPTERS/05-Two-Dimensions-and-Beyond.md:L219-220[U001056],![](_page_207_Figure_1.jpeg),RESOLVED
L0785,B0785,CHAPTERS/05-Two-Dimensions-and-Beyond.md:L223-224[U001058];CHAPTERS/05-Two-Dimensions-and-Beyond.md:L225-226[U001059];CHAPTERS/05-Two-Dimensions-and-Beyond.md:L227-228[U001060];CHAPTERS/05-Two-Dimensions-and-Beyond.md:L219-220[U001056],![](_page_207_Figure_1.jpeg),RESOLVED
L0786,B0786,CHAPTERS/05-Two-Dimensions-and-Beyond.md:L223-224[U001058];CHAPTERS/05-Two-Dimensions-and-Beyond.md:L225-226[U001059];CHAPTERS/05-Two-Dimensions-and-Beyond.md:L227-228[U001060];CHAPTERS/05-Two-Dimensions-and-Beyond.md:L219-220[U001056],![](_page_207_Figure_1.jpeg),RESOLVED
L0787,B0787,CHAPTERS/05-Two-Dimensions-and-Beyond.md:L223-224[U001058];CHAPTERS/05-Two-Dimensions-and-Beyond.md:L225-226[U001059];CHAPTERS/05-Two-Dimensions-and-Beyond.md:L227-228[U001060];CHAPTERS/05-Two-Dimensions-and-Beyond.md:L219-220[U001056],![](_page_207_Figure_1.jpeg),RESOLVED
L0788,B0788,CHAPTERS/05-Two-Dimensions-and-Beyond.md:L223-224[U001058];CHAPTERS/05-Two-Dimensions-and-Beyond.md:L225-226[U001059];CHAPTERS/05-Two-Dimensions-and-Beyond.md:L227-228[U001060];CHAPTERS/05-Two-Dimensions-and-Beyond.md:L219-220[U001056],![](_page_207_Figure_1.jpeg),RESOLVED
L0789,B0789,CHAPTERS/05-Two-Dimensions-and-Beyond.md:L261-262[U001077];CHAPTERS/05-Two-Dimensions-and-Beyond.md:L265-266[U001079];CHAPTERS/05-Two-Dimensions-and-Beyond.md:L267-268[U001080];CHAPTERS/05-Two-Dimensions-and-Beyond.md:L257-258[U001075];CHAPTERS/05-Two-Dimensions-and-Beyond.md:L259-260[U001076],![](_page_210_Picture_1.jpeg),WEAK
L0790,B0790,CHAPTERS/05-Two-Dimensions-and-Beyond.md:L261-262[U001077];CHAPTERS/05-Two-Dimensions-and-Beyond.md:L263-264[U001078];CHAPTERS/05-Two-Dimensions-and-Beyond.md:L265-266[U001079];CHAPTERS/05-Two-Dimensions-and-Beyond.md:L269-270[U001081];CHAPTERS/05-Two-Dimensions-and-Beyond.md:L257-258[U001075];CHAPTERS/05-Two-Dimensions-and-Beyond.md:L259-260[U001076],![](_page_210_Picture_1.jpeg),WEAK
L0791,B0791,CHAPTERS/05-Two-Dimensions-and-Beyond.md:L261-262[U001077];CHAPTERS/05-Two-Dimensions-and-Beyond.md:L265-266[U001079];CHAPTERS/05-Two-Dimensions-and-Beyond.md:L271-272[U001082];CHAPTERS/05-Two-Dimensions-and-Beyond.md:L257-258[U001075];CHAPTERS/05-Two-Dimensions-and-Beyond.md:L259-260[U001076],![](_page_210_Picture_1.jpeg),WEAK
L0792,B0792,CHAPTERS/05-Two-Dimensions-and-Beyond.md:L273-274[U001083];CHAPTERS/05-Two-Dimensions-and-Beyond.md:L275-276[U001084];CHAPTERS/05-Two-Dimensions-and-Beyond.md:L277-278[U001085],The pictures below show examples of networks that form infinite trees rather than arrays. Notice that the first and last networks shown actually have an identical pattern of conne…,RESOLVED
L0793,B0793,CHAPTERS/05-Two-Dimensions-and-Beyond.md:L273-274[U001083];CHAPTERS/05-Two-Dimensions-and-Beyond.md:L275-276[U001084];CHAPTERS/05-Two-Dimensions-and-Beyond.md:L277-278[U001085],The pictures below show examples of networks that form infinite trees rather than arrays. Notice that the first and last networks shown actually have an identical pattern of conne…,RESOLVED
L0794,B0794,CHAPTERS/05-Two-Dimensions-and-Beyond.md:L325-326[U001109];CHAPTERS/05-Two-Dimensions-and-Beyond.md:L327-328[U001110];CHAPTERS/05-Two-Dimensions-and-Beyond.md:L323-324[U001108],![](_page_216_Figure_1.jpeg),RESOLVED
L0795,B0795,CHAPTERS/05-Two-Dimensions-and-Beyond.md:L325-326[U001109];CHAPTERS/05-Two-Dimensions-and-Beyond.md:L327-328[U001110];CHAPTERS/05-Two-Dimensions-and-Beyond.md:L323-324[U001108],![](_page_216_Figure_1.jpeg),RESOLVED
L0796,B0796,CHAPTERS/05-Two-Dimensions-and-Beyond.md:L325-326[U001109];CHAPTERS/05-Two-Dimensions-and-Beyond.md:L327-328[U001110];CHAPTERS/05-Two-Dimensions-and-Beyond.md:L323-324[U001108],![](_page_216_Figure_1.jpeg),RESOLVED
L0797,B0797,CHAPTERS/05-Two-Dimensions-and-Beyond.md:L335-336[U001114];CHAPTERS/05-Two-Dimensions-and-Beyond.md:L337-338[U001115];CHAPTERS/05-Two-Dimensions-and-Beyond.md:L329-330[U001111],![](_page_217_Figure_1.jpeg),RESOLVED
L0798,B0798,CHAPTERS/05-Two-Dimensions-and-Beyond.md:L335-336[U001114];CHAPTERS/05-Two-Dimensions-and-Beyond.md:L337-338[U001115];CHAPTERS/05-Two-Dimensions-and-Beyond.md:L329-330[U001111],![](_page_217_Figure_1.jpeg),RESOLVED
L0799,B0799,CHAPTERS/05-Two-Dimensions-and-Beyond.md:L335-336[U001114];CHAPTERS/05-Two-Dimensions-and-Beyond.md:L337-338[U001115];CHAPTERS/05-Two-Dimensions-and-Beyond.md:L329-330[U001111],![](_page_217_Figure_1.jpeg),RESOLVED
L0800,B0800,CHAPTERS/05-Two-Dimensions-and-Beyond.md:L385-386[U001137];CHAPTERS/05-Two-Dimensions-and-Beyond.md:L389-390[U001139],![](_page_220_Figure_10.jpeg),RESOLVED
L0801,B0801,CHAPTERS/05-Two-Dimensions-and-Beyond.md:L377-378[U001133];CHAPTERS/05-Two-Dimensions-and-Beyond.md:L379-380[U001134],![](_page_220_Figure_6.jpeg),RESOLVED
L0802,B0802,CHAPTERS/05-Two-Dimensions-and-Beyond.md:L383-384[U001136];CHAPTERS/05-Two-Dimensions-and-Beyond.md:L389-390[U001139],![](_page_220_Figure_9.jpeg),RESOLVED
L0803,B0803,CHAPTERS/05-Two-Dimensions-and-Beyond.md:L373-374[U001131];CHAPTERS/05-Two-Dimensions-and-Beyond.md:L379-380[U001134],![](_page_220_Picture_4.jpeg),RESOLVED
L0804,B0804,CHAPTERS/05-Two-Dimensions-and-Beyond.md:L375-376[U001132];CHAPTERS/05-Two-Dimensions-and-Beyond.md:L379-380[U001134],![](_page_220_Picture_5.jpeg),RESOLVED
L0805,B0805,CHAPTERS/05-Two-Dimensions-and-Beyond.md:L407-408[U001148];CHAPTERS/05-Two-Dimensions-and-Beyond.md:L409-410[U001149];CHAPTERS/05-Two-Dimensions-and-Beyond.md:L411-412[U001150],The pictures on the next page show some more examples. Sometimes the set of states that get generated at a particular step show essential repetition—though often with a long perio…,WEAK
L0806,B0806,CHAPTERS/05-Two-Dimensions-and-Beyond.md:L407-408[U001148];CHAPTERS/05-Two-Dimensions-and-Beyond.md:L409-410[U001149];CHAPTERS/05-Two-Dimensions-and-Beyond.md:L411-412[U001150],The pictures on the next page show some more examples. Sometimes the set of states that get generated at a particular step show essential repetition—though often with a long perio…,WEAK
L0807,B0807,CHAPTERS/05-Two-Dimensions-and-Beyond.md:L407-408[U001148];CHAPTERS/05-Two-Dimensions-and-Beyond.md:L409-410[U001149];CHAPTERS/05-Two-Dimensions-and-Beyond.md:L411-412[U001150],The pictures on the next page show some more examples. Sometimes the set of states that get generated at a particular step show essential repetition—though often with a long perio…,WEAK
L0808,B0808,CHAPTERS/05-Two-Dimensions-and-Beyond.md:L407-408[U001148];CHAPTERS/05-Two-Dimensions-and-Beyond.md:L409-410[U001149];CHAPTERS/05-Two-Dimensions-and-Beyond.md:L411-412[U001150],The pictures on the next page show some more examples. Sometimes the set of states that get generated at a particular step show essential repetition—though often with a long perio…,WEAK
L0809,B0809,CHAPTERS/05-Two-Dimensions-and-Beyond.md:L407-408[U001148];CHAPTERS/05-Two-Dimensions-and-Beyond.md:L409-410[U001149];CHAPTERS/05-Two-Dimensions-and-Beyond.md:L411-412[U001150],The pictures on the next page show some more examples. Sometimes the set of states that get generated at a particular step show essential repetition—though often with a long perio…,WEAK
L0810,B0810,CHAPTERS/05-Two-Dimensions-and-Beyond.md:L407-408[U001148];CHAPTERS/05-Two-Dimensions-and-Beyond.md:L409-410[U001149];CHAPTERS/05-Two-Dimensions-and-Beyond.md:L411-412[U001150],The pictures on the next page show some more examples. Sometimes the set of states that get generated at a particular step show essential repetition—though often with a long perio…,WEAK
L0811,B0811,CHAPTERS/05-Two-Dimensions-and-Beyond.md:L407-408[U001148];CHAPTERS/05-Two-Dimensions-and-Beyond.md:L409-410[U001149];CHAPTERS/05-Two-Dimensions-and-Beyond.md:L411-412[U001150],The pictures on the next page show some more examples. Sometimes the set of states that get generated at a particular step show essential repetition—though often with a long perio…,WEAK
L0812,B0812,CHAPTERS/05-Two-Dimensions-and-Beyond.md:L407-408[U001148];CHAPTERS/05-Two-Dimensions-and-Beyond.md:L409-410[U001149];CHAPTERS/05-Two-Dimensions-and-Beyond.md:L411-412[U001150],The pictures on the next page show some more examples. Sometimes the set of states that get generated at a particular step show essential repetition—though often with a long perio…,WEAK
L0813,B0813,CHAPTERS/05-Two-Dimensions-and-Beyond.md:L407-408[U001148];CHAPTERS/05-Two-Dimensions-and-Beyond.md:L409-410[U001149];CHAPTERS/05-Two-Dimensions-and-Beyond.md:L411-412[U001150],The pictures on the next page show some more examples. Sometimes the set of states that get generated at a particular step show essential repetition—though often with a long perio…,WEAK
L0814,B0814,CHAPTERS/05-Two-Dimensions-and-Beyond.md:L407-408[U001148];CHAPTERS/05-Two-Dimensions-and-Beyond.md:L409-410[U001149];CHAPTERS/05-Two-Dimensions-and-Beyond.md:L411-412[U001150],The pictures on the next page show some more examples. Sometimes the set of states that get generated at a particular step show essential repetition—though often with a long perio…,WEAK
L0815,B0815,CHAPTERS/05-Two-Dimensions-and-Beyond.md:L407-408[U001148];CHAPTERS/05-Two-Dimensions-and-Beyond.md:L409-410[U001149];CHAPTERS/05-Two-Dimensions-and-Beyond.md:L411-412[U001150],The pictures on the next page show some more examples. Sometimes the set of states that get generated at a particular step show essential repetition—though often with a long perio…,WEAK
L0816,B0816,CHAPTERS/05-Two-Dimensions-and-Beyond.md:L407-408[U001148];CHAPTERS/05-Two-Dimensions-and-Beyond.md:L409-410[U001149];CHAPTERS/05-Two-Dimensions-and-Beyond.md:L411-412[U001150],The pictures on the next page show some more examples. Sometimes the set of states that get generated at a particular step show essential repetition—though often with a long perio…,WEAK
L0817,B0817,CHAPTERS/05-Two-Dimensions-and-Beyond.md:L407-408[U001148];CHAPTERS/05-Two-Dimensions-and-Beyond.md:L409-410[U001149];CHAPTERS/05-Two-Dimensions-and-Beyond.md:L411-412[U001150],The pictures on the next page show some more examples. Sometimes the set of states that get generated at a particular step show essential repetition—though often with a long perio…,WEAK
L0818,B0818,CHAPTERS/05-Two-Dimensions-and-Beyond.md:L413-414[U001151];CHAPTERS/05-Two-Dimensions-and-Beyond.md:L417-418[U001153];CHAPTERS/05-Two-Dimensions-and-Beyond.md:L415-416[U001152],"Looking carefully at the pictures of multiway system evolution on previous pages, a feature one notices is that the same sequences often occur on several different steps. Yet it i…",RESOLVED
L0819,B0819,CHAPTERS/05-Two-Dimensions-and-Beyond.md:L471-472[U001180];CHAPTERS/05-Two-Dimensions-and-Beyond.md:L473-474[U001181];CHAPTERS/05-Two-Dimensions-and-Beyond.md:L467-468[U001178],![](_page_227_Figure_3.jpeg),RESOLVED
L0820,B0820,CHAPTERS/05-Two-Dimensions-and-Beyond.md:L471-472[U001180];CHAPTERS/05-Two-Dimensions-and-Beyond.md:L473-474[U001181];CHAPTERS/05-Two-Dimensions-and-Beyond.md:L467-468[U001178],![](_page_227_Figure_3.jpeg),RESOLVED
L0821,B0821,CHAPTERS/05-Two-Dimensions-and-Beyond.md:L471-472[U001180];CHAPTERS/05-Two-Dimensions-and-Beyond.md:L473-474[U001181];CHAPTERS/05-Two-Dimensions-and-Beyond.md:L467-468[U001178],![](_page_227_Figure_3.jpeg),RESOLVED
L0822,B0822,CHAPTERS/05-Two-Dimensions-and-Beyond.md:L471-472[U001180];CHAPTERS/05-Two-Dimensions-and-Beyond.md:L473-474[U001181];CHAPTERS/05-Two-Dimensions-and-Beyond.md:L467-468[U001178],![](_page_227_Figure_3.jpeg),RESOLVED
L0823,B0823,CHAPTERS/05-Two-Dimensions-and-Beyond.md:L471-472[U001180];CHAPTERS/05-Two-Dimensions-and-Beyond.md:L473-474[U001181];CHAPTERS/05-Two-Dimensions-and-Beyond.md:L467-468[U001178],![](_page_227_Figure_3.jpeg),RESOLVED
L0824,B0824,CHAPTERS/05-Two-Dimensions-and-Beyond.md:L471-472[U001180];CHAPTERS/05-Two-Dimensions-and-Beyond.md:L473-474[U001181];CHAPTERS/05-Two-Dimensions-and-Beyond.md:L467-468[U001178],![](_page_227_Figure_3.jpeg),RESOLVED
L0825,B0825,CHAPTERS/05-Two-Dimensions-and-Beyond.md:L471-472[U001180];CHAPTERS/05-Two-Dimensions-and-Beyond.md:L473-474[U001181];CHAPTERS/05-Two-Dimensions-and-Beyond.md:L467-468[U001178],![](_page_227_Figure_3.jpeg),RESOLVED
L0826,B0826,CHAPTERS/05-Two-Dimensions-and-Beyond.md:L471-472[U001180];CHAPTERS/05-Two-Dimensions-and-Beyond.md:L473-474[U001181];CHAPTERS/05-Two-Dimensions-and-Beyond.md:L467-468[U001178],![](_page_227_Figure_3.jpeg),RESOLVED
L0827,B0827,CHAPTERS/05-Two-Dimensions-and-Beyond.md:L471-472[U001180];CHAPTERS/05-Two-Dimensions-and-Beyond.md:L473-474[U001181];CHAPTERS/05-Two-Dimensions-and-Beyond.md:L467-468[U001178],![](_page_227_Figure_3.jpeg),RESOLVED
L0828,B0828,CHAPTERS/05-Two-Dimensions-and-Beyond.md:L471-472[U001180];CHAPTERS/05-Two-Dimensions-and-Beyond.md:L473-474[U001181];CHAPTERS/05-Two-Dimensions-and-Beyond.md:L467-468[U001178],![](_page_227_Figure_3.jpeg),RESOLVED
L0829,B0829,CHAPTERS/05-Two-Dimensions-and-Beyond.md:L471-472[U001180];CHAPTERS/05-Two-Dimensions-and-Beyond.md:L473-474[U001181];CHAPTERS/05-Two-Dimensions-and-Beyond.md:L467-468[U001178],![](_page_227_Figure_3.jpeg),RESOLVED
L0830,B0830,CHAPTERS/05-Two-Dimensions-and-Beyond.md:L471-472[U001180];CHAPTERS/05-Two-Dimensions-and-Beyond.md:L473-474[U001181];CHAPTERS/05-Two-Dimensions-and-Beyond.md:L467-468[U001178],![](_page_227_Figure_3.jpeg),RESOLVED
L0831,B0831,CHAPTERS/05-Two-Dimensions-and-Beyond.md:L471-472[U001180];CHAPTERS/05-Two-Dimensions-and-Beyond.md:L473-474[U001181];CHAPTERS/05-Two-Dimensions-and-Beyond.md:L467-468[U001178],![](_page_227_Figure_3.jpeg),RESOLVED
L0832,B0832,CHAPTERS/05-Two-Dimensions-and-Beyond.md:L471-472[U001180];CHAPTERS/05-Two-Dimensions-and-Beyond.md:L473-474[U001181];CHAPTERS/05-Two-Dimensions-and-Beyond.md:L467-468[U001178],![](_page_227_Figure_3.jpeg),RESOLVED
L0833,B0833,CHAPTERS/05-Two-Dimensions-and-Beyond.md:L471-472[U001180];CHAPTERS/05-Two-Dimensions-and-Beyond.md:L473-474[U001181];CHAPTERS/05-Two-Dimensions-and-Beyond.md:L467-468[U001178],![](_page_227_Figure_3.jpeg),RESOLVED
L0834,B0834,CHAPTERS/05-Two-Dimensions-and-Beyond.md:L471-472[U001180];CHAPTERS/05-Two-Dimensions-and-Beyond.md:L473-474[U001181];CHAPTERS/05-Two-Dimensions-and-Beyond.md:L467-468[U001178],![](_page_227_Figure_3.jpeg),RESOLVED
L0835,B0835,CHAPTERS/05-Two-Dimensions-and-Beyond.md:L471-472[U001180];CHAPTERS/05-Two-Dimensions-and-Beyond.md:L473-474[U001181];CHAPTERS/05-Two-Dimensions-and-Beyond.md:L467-468[U001178],![](_page_227_Figure_3.jpeg),RESOLVED
L0836,B0836,CHAPTERS/05-Two-Dimensions-and-Beyond.md:L471-472[U001180];CHAPTERS/05-Two-Dimensions-and-Beyond.md:L473-474[U001181];CHAPTERS/05-Two-Dimensions-and-Beyond.md:L467-468[U001178],![](_page_227_Figure_3.jpeg),RESOLVED
L0837,B0837,CHAPTERS/05-Two-Dimensions-and-Beyond.md:L471-472[U001180];CHAPTERS/05-Two-Dimensions-and-Beyond.md:L473-474[U001181];CHAPTERS/05-Two-Dimensions-and-Beyond.md:L467-468[U001178],![](_page_227_Figure_3.jpeg),RESOLVED
L0838,B0838,CHAPTERS/05-Two-Dimensions-and-Beyond.md:L471-472[U001180];CHAPTERS/05-Two-Dimensions-and-Beyond.md:L473-474[U001181];CHAPTERS/05-Two-Dimensions-and-Beyond.md:L467-468[U001178],![](_page_227_Figure_3.jpeg),RESOLVED
L0839,B0839,CHAPTERS/05-Two-Dimensions-and-Beyond.md:L471-472[U001180];CHAPTERS/05-Two-Dimensions-and-Beyond.md:L473-474[U001181];CHAPTERS/05-Two-Dimensions-and-Beyond.md:L467-468[U001178],![](_page_227_Figure_3.jpeg),RESOLVED
L0840,B0840,CHAPTERS/05-Two-Dimensions-and-Beyond.md:L471-472[U001180];CHAPTERS/05-Two-Dimensions-and-Beyond.md:L473-474[U001181];CHAPTERS/05-Two-Dimensions-and-Beyond.md:L467-468[U001178],![](_page_227_Figure_3.jpeg),RESOLVED
L0841,B0841,CHAPTERS/05-Two-Dimensions-and-Beyond.md:L471-472[U001180];CHAPTERS/05-Two-Dimensions-and-Beyond.md:L473-474[U001181];CHAPTERS/05-Two-Dimensions-and-Beyond.md:L467-468[U001178],![](_page_227_Figure_3.jpeg),RESOLVED
L0842,B0842,CHAPTERS/05-Two-Dimensions-and-Beyond.md:L471-472[U001180];CHAPTERS/05-Two-Dimensions-and-Beyond.md:L473-474[U001181];CHAPTERS/05-Two-Dimensions-and-Beyond.md:L467-468[U001178],![](_page_227_Figure_3.jpeg),RESOLVED
L0843,B0843,CHAPTERS/05-Two-Dimensions-and-Beyond.md:L495-496[U001192];CHAPTERS/05-Two-Dimensions-and-Beyond.md:L497-498[U001193],![](_page_231_Picture_4.jpeg),RESOLVED
L0844,B0844,CHAPTERS/05-Two-Dimensions-and-Beyond.md:L495-496[U001192];CHAPTERS/05-Two-Dimensions-and-Beyond.md:L497-498[U001193],![](_page_231_Picture_4.jpeg),RESOLVED
L0845,B0845,CHAPTERS/05-Two-Dimensions-and-Beyond.md:L495-496[U001192];CHAPTERS/05-Two-Dimensions-and-Beyond.md:L497-498[U001193];CHAPTERS/05-Two-Dimensions-and-Beyond.md:L519-520[U001204];CHAPTERS/05-Two-Dimensions-and-Beyond.md:L521-522[U001205],![](_page_231_Picture_4.jpeg),RESOLVED
L0846,B0846,CHAPTERS/05-Two-Dimensions-and-Beyond.md:L495-496[U001192];CHAPTERS/05-Two-Dimensions-and-Beyond.md:L497-498[U001193],![](_page_231_Picture_4.jpeg),RESOLVED
L0847,B0847,CHAPTERS/05-Two-Dimensions-and-Beyond.md:L495-496[U001192];CHAPTERS/05-Two-Dimensions-and-Beyond.md:L497-498[U001193],![](_page_231_Picture_4.jpeg),RESOLVED
L0848,B0848,CHAPTERS/05-Two-Dimensions-and-Beyond.md:L495-496[U001192];CHAPTERS/05-Two-Dimensions-and-Beyond.md:L497-498[U001193],![](_page_231_Picture_4.jpeg),RESOLVED
L0849,B0849,CHAPTERS/05-Two-Dimensions-and-Beyond.md:L495-496[U001192];CHAPTERS/05-Two-Dimensions-and-Beyond.md:L497-498[U001193],![](_page_231_Picture_4.jpeg),RESOLVED
L0850,B0850,CHAPTERS/05-Two-Dimensions-and-Beyond.md:L495-496[U001192];CHAPTERS/05-Two-Dimensions-and-Beyond.md:L497-498[U001193],![](_page_231_Picture_4.jpeg),RESOLVED
L0851,B0851,CHAPTERS/05-Two-Dimensions-and-Beyond.md:L495-496[U001192];CHAPTERS/05-Two-Dimensions-and-Beyond.md:L497-498[U001193],![](_page_231_Picture_4.jpeg),RESOLVED
L0852,B0852,CHAPTERS/05-Two-Dimensions-and-Beyond.md:L495-496[U001192];CHAPTERS/05-Two-Dimensions-and-Beyond.md:L497-498[U001193],![](_page_231_Picture_4.jpeg),RESOLVED
L0853,B0853,BACK-MATTER/NOTES/05-Two-Dimensions-and-Beyond-Notes.md:L16-17[U006082];BACK-MATTER/NOTES/05-Two-Dimensions-and-Beyond-Notes.md:L18-23[U006083];BACK-MATTER/NOTES/05-Two-Dimensions-and-Beyond-Notes.md:L24-25[U006084],For the 5-neighbor rules introduced on page 170 each step can be implemented by,WEAK
L0854,B0854,BACK-MATTER/NOTES/05-Two-Dimensions-and-Beyond-Notes.md:L26-27[U006085];BACK-MATTER/NOTES/05-Two-Dimensions-and-Beyond-Notes.md:L28-33[U006086];BACK-MATTER/NOTES/05-Two-Dimensions-and-Beyond-Notes.md:L34-35[U006087],For the 9-neighbor rules introduced on page 177,WEAK
L0855,B0855,BACK-MATTER/NOTES/05-Two-Dimensions-and-Beyond-Notes.md:L36-37[U006088];BACK-MATTER/NOTES/05-Two-Dimensions-and-Beyond-Notes.md:L38-45[U006089];BACK-MATTER/NOTES/05-Two-Dimensions-and-Beyond-Notes.md:L46-47[U006090],"In *d* dimensions with *k* colors, 5-neighbor rules generalize to (2*d* + 1)-neighbor rules, with",RESOLVED
L0856,B0856,BACK-MATTER/NOTES/05-Two-Dimensions-and-Beyond-Notes.md:L48-49[U006091];BACK-MATTER/NOTES/05-Two-Dimensions-and-Beyond-Notes.md:L50-57[U006092];BACK-MATTER/NOTES/05-Two-Dimensions-and-Beyond-Notes.md:L58-59[U006093],"9-neighbor rules generalize to 3<sup>*d*</sup>-neighbor rules, with",RESOLVED
L0857,B0857,BACK-MATTER/NOTES/05-Two-Dimensions-and-Beyond-Notes.md:L66-67[U006096];BACK-MATTER/NOTES/05-Two-Dimensions-and-Beyond-Notes.md:L73-74[U006098];BACK-MATTER/NOTES/05-Two-Dimensions-and-Beyond-Notes.md:L75-80[U006099];BACK-MATTER/NOTES/05-Two-Dimensions-and-Beyond-Notes.md:L83-88[U006101],■ **General rules.** One can specify the neighborhood for any rule in any dimension by giving a list of the offsets for the cells used to update a given cell. For 1D elementary ru…,RESOLVED
L0858,B0858,BACK-MATTER/NOTES/05-Two-Dimensions-and-Beyond-Notes.md:L89-90[U006102];BACK-MATTER/NOTES/05-Two-Dimensions-and-Beyond-Notes.md:L97-105[U006105],■ **Numbers of possible rules.** The table below gives the total number of 2D rules of various types with two possible colors for each cell. Given an initial pattern with a certai…,WEAK
L0859,B0859,BACK-MATTER/NOTES/05-Two-Dimensions-and-Beyond-Notes.md:L89-90[U006102];BACK-MATTER/NOTES/05-Two-Dimensions-and-Beyond-Notes.md:L91-92[U006103];BACK-MATTER/NOTES/05-Two-Dimensions-and-Beyond-Notes.md:L93-96[U006104],■ **Numbers of possible rules.** The table below gives the total number of 2D rules of various types with two possible colors for each cell. Given an initial pattern with a certai…,WEAK
L0860,B0860,BACK-MATTER/NOTES/05-Two-Dimensions-and-Beyond-Notes.md:L89-90[U006102];BACK-MATTER/NOTES/05-Two-Dimensions-and-Beyond-Notes.md:L121-122[U006110],■ **Numbers of possible rules.** The table below gives the total number of 2D rules of various types with two possible colors for each cell. Given an initial pattern with a certai…,WEAK
L0861,B0861,BACK-MATTER/NOTES/05-Two-Dimensions-and-Beyond-Notes.md:L106-107[U006106];BACK-MATTER/NOTES/05-Two-Dimensions-and-Beyond-Notes.md:L108-113[U006107];BACK-MATTER/NOTES/05-Two-Dimensions-and-Beyond-Notes.md:L114-115[U006108];BACK-MATTER/NOTES/05-Two-Dimensions-and-Beyond-Notes.md:L116-120[U006109],"■ **Symmetric 5-neighbor rules.** Among the 32 possible 5-cell neighborhoods shown for example on page 941 there are 12 classes related by symmetries, given by",WEAK
L0862,B0862,BACK-MATTER/NOTES/05-Two-Dimensions-and-Beyond-Notes.md:L121-122[U006110];BACK-MATTER/NOTES/05-Two-Dimensions-and-Beyond-Notes.md:L123-124[U006111],■ **Growth rules.** The pictures below show examples of rules in which a cell becomes black if it has exactly the specified numbers of black neighbors (the initial conditions used…,RESOLVED
L0863,B0863,BACK-MATTER/NOTES/05-Two-Dimensions-and-Beyond-Notes.md:L121-122[U006110];BACK-MATTER/NOTES/05-Two-Dimensions-and-Beyond-Notes.md:L123-124[U006111],■ **Growth rules.** The pictures below show examples of rules in which a cell becomes black if it has exactly the specified numbers of black neighbors (the initial conditions used…,RESOLVED
L0864,B0864,BACK-MATTER/NOTES/05-Two-Dimensions-and-Beyond-Notes.md:L121-122[U006110];BACK-MATTER/NOTES/05-Two-Dimensions-and-Beyond-Notes.md:L123-124[U006111],■ **Growth rules.** The pictures below show examples of rules in which a cell becomes black if it has exactly the specified numbers of black neighbors (the initial conditions used…,RESOLVED
L0865,B0865,BACK-MATTER/NOTES/05-Two-Dimensions-and-Beyond-Notes.md:L121-122[U006110];BACK-MATTER/NOTES/05-Two-Dimensions-and-Beyond-Notes.md:L123-124[U006111],■ **Growth rules.** The pictures below show examples of rules in which a cell becomes black if it has exactly the specified numbers of black neighbors (the initial conditions used…,RESOLVED
L0866,B0866,BACK-MATTER/NOTES/05-Two-Dimensions-and-Beyond-Notes.md:L121-122[U006110];BACK-MATTER/NOTES/05-Two-Dimensions-and-Beyond-Notes.md:L123-124[U006111],■ **Growth rules.** The pictures below show examples of rules in which a cell becomes black if it has exactly the specified numbers of black neighbors (the initial conditions used…,RESOLVED
L0867,B0867,BACK-MATTER/NOTES/05-Two-Dimensions-and-Beyond-Notes.md:L129-131[U006114];BACK-MATTER/NOTES/05-Two-Dimensions-and-Beyond-Notes.md:L132-148[U006115];BACK-MATTER/NOTES/05-Two-Dimensions-and-Beyond-Notes.md:L149-150[U006116],"■ **History.** As indicated on pages 876–878, 2D cellular automata were historically studied more extensively than 1D ones—though rarely with simple initial conditions. The 5-cell…",WEAK
L0868,B0868,BACK-MATTER/NOTES/05-Two-Dimensions-and-Beyond-Notes.md:L132-148[U006115];BACK-MATTER/NOTES/05-Two-Dimensions-and-Beyond-Notes.md:L151-152[U006117];BACK-MATTER/NOTES/05-Two-Dimensions-and-Beyond-Notes.md:L153-154[U006118],"``` Map[First, First[Nest[UStep[p[q[r[#1], #2]] &, {{1, 0}, {0, 1}, {-1, 0}, {0, -1}}, #] &, ({#, #} &)[{{{0, 0}, {0, 0}}}], t]]] UStep[f_, os_, {a_, b_}] := ({Join[a, #], #} &)[f…",SERIOUS
L0869,B0869,BACK-MATTER/NOTES/05-Two-Dimensions-and-Beyond-Notes.md:L132-148[U006115];BACK-MATTER/NOTES/05-Two-Dimensions-and-Beyond-Notes.md:L153-154[U006118],"``` Map[First, First[Nest[UStep[p[q[r[#1], #2]] &, {{1, 0}, {0, 1}, {-1, 0}, {0, -1}}, #] &, ({#, #} &)[{{{0, 0}, {0, 0}}}], t]]] UStep[f_, os_, {a_, b_}] := ({Join[a, #], #} &)[f…",RESOLVED
L0870,B0870,BACK-MATTER/NOTES/05-Two-Dimensions-and-Beyond-Notes.md:L132-148[U006115];BACK-MATTER/NOTES/05-Two-Dimensions-and-Beyond-Notes.md:L153-154[U006118],"``` Map[First, First[Nest[UStep[p[q[r[#1], #2]] &, {{1, 0}, {0, 1}, {-1, 0}, {0, -1}}, #] &, ({#, #} &)[{{{0, 0}, {0, 0}}}], t]]] UStep[f_, os_, {a_, b_}] := ({Join[a, #], #} &)[f…",RESOLVED
L0871,B0871,BACK-MATTER/NOTES/05-Two-Dimensions-and-Beyond-Notes.md:L132-148[U006115];BACK-MATTER/NOTES/05-Two-Dimensions-and-Beyond-Notes.md:L153-154[U006118],"``` Map[First, First[Nest[UStep[p[q[r[#1], #2]] &, {{1, 0}, {0, 1}, {-1, 0}, {0, -1}}, #] &, ({#, #} &)[{{{0, 0}, {0, 0}}}], t]]] UStep[f_, os_, {a_, b_}] := ({Join[a, #], #} &)[f…",RESOLVED
L0872,B0872,BACK-MATTER/NOTES/05-Two-Dimensions-and-Beyond-Notes.md:L132-148[U006115];BACK-MATTER/NOTES/05-Two-Dimensions-and-Beyond-Notes.md:L153-154[U006118],"``` Map[First, First[Nest[UStep[p[q[r[#1], #2]] &, {{1, 0}, {0, 1}, {-1, 0}, {0, -1}}, #] &, ({#, #} &)[{{{0, 0}, {0, 0}}}], t]]] UStep[f_, os_, {a_, b_}] := ({Join[a, #], #} &)[f…",RESOLVED
L0873,B0873,BACK-MATTER/NOTES/05-Two-Dimensions-and-Beyond-Notes.md:L132-148[U006115];BACK-MATTER/NOTES/05-Two-Dimensions-and-Beyond-Notes.md:L153-154[U006118],"``` Map[First, First[Nest[UStep[p[q[r[#1], #2]] &, {{1, 0}, {0, 1}, {-1, 0}, {0, -1}}, #] &, ({#, #} &)[{{{0, 0}, {0, 0}}}], t]]] UStep[f_, os_, {a_, b_}] := ({Join[a, #], #} &)[f…",RESOLVED
L0874,B0874,BACK-MATTER/NOTES/05-Two-Dimensions-and-Beyond-Notes.md:L155-156[U006119];BACK-MATTER/NOTES/05-Two-Dimensions-and-Beyond-Notes.md:L157-158[U006120],"Ulam also in 1967 considered the pure 2D cellular automaton with outer totalistic code 12 (though he stated its rule in a complicated way). As shown in the pictures below, when st…",RESOLVED
L0875,B0875,BACK-MATTER/NOTES/05-Two-Dimensions-and-Beyond-Notes.md:L168-169[U006123];BACK-MATTER/NOTES/05-Two-Dimensions-and-Beyond-Notes.md:L170-171[U006124],"■ **Page 183 · Projections from 3D.** Looking from above, with closer cells shown darker, the following show patterns generated after 30 steps, by (a) the rule at the top of page…",RESOLVED
L0876,B0876,BACK-MATTER/NOTES/05-Two-Dimensions-and-Beyond-Notes.md:L172-173[U006125];BACK-MATTER/NOTES/05-Two-Dimensions-and-Beyond-Notes.md:L174-175[U006126];BACK-MATTER/NOTES/05-Two-Dimensions-and-Beyond-Notes.md:L176-177[U006127],"■ **Other geometries.** Systems like cellular automata can readily be set up on any geometrical structure in which a limited number of types of cells can be identified, with every…",SERIOUS
L0877,B0877,BACK-MATTER/NOTES/05-Two-Dimensions-and-Beyond-Notes.md:L178-179[U006128];BACK-MATTER/NOTES/05-Two-Dimensions-and-Beyond-Notes.md:L180-181[U006129],"In general, there is no need for individual cells in a cellular automaton to have the same orientation. A triangular lattice is one example where they do not. And indeed, any tili…",RESOLVED
L0878,B0878,BACK-MATTER/NOTES/05-Two-Dimensions-and-Beyond-Notes.md:L178-179[U006128];BACK-MATTER/NOTES/05-Two-Dimensions-and-Beyond-Notes.md:L180-181[U006129],"In general, there is no need for individual cells in a cellular automaton to have the same orientation. A triangular lattice is one example where they do not. And indeed, any tili…",RESOLVED
L0879,B0879,BACK-MATTER/NOTES/05-Two-Dimensions-and-Beyond-Notes.md:L178-179[U006128];BACK-MATTER/NOTES/05-Two-Dimensions-and-Beyond-Notes.md:L180-181[U006129],"In general, there is no need for individual cells in a cellular automaton to have the same orientation. A triangular lattice is one example where they do not. And indeed, any tili…",RESOLVED
L0880,B0880,BACK-MATTER/NOTES/05-Two-Dimensions-and-Beyond-Notes.md:L178-179[U006128];BACK-MATTER/NOTES/05-Two-Dimensions-and-Beyond-Notes.md:L180-181[U006129],"In general, there is no need for individual cells in a cellular automaton to have the same orientation. A triangular lattice is one example where they do not. And indeed, any tili…",RESOLVED
L0881,B0881,BACK-MATTER/NOTES/05-Two-Dimensions-and-Beyond-Notes.md:L178-179[U006128];BACK-MATTER/NOTES/05-Two-Dimensions-and-Beyond-Notes.md:L180-181[U006129],"In general, there is no need for individual cells in a cellular automaton to have the same orientation. A triangular lattice is one example where they do not. And indeed, any tili…",RESOLVED
L0882,B0882,BACK-MATTER/NOTES/05-Two-Dimensions-and-Beyond-Notes.md:L178-179[U006128];BACK-MATTER/NOTES/05-Two-Dimensions-and-Beyond-Notes.md:L180-181[U006129],"In general, there is no need for individual cells in a cellular automaton to have the same orientation. A triangular lattice is one example where they do not. And indeed, any tili…",RESOLVED
L0883,B0883,BACK-MATTER/NOTES/05-Two-Dimensions-and-Beyond-Notes.md:L178-179[U006128];BACK-MATTER/NOTES/05-Two-Dimensions-and-Beyond-Notes.md:L180-181[U006129],"In general, there is no need for individual cells in a cellular automaton to have the same orientation. A triangular lattice is one example where they do not. And indeed, any tili…",RESOLVED
L0884,B0884,BACK-MATTER/NOTES/05-Two-Dimensions-and-Beyond-Notes.md:L182-183[U006130];BACK-MATTER/NOTES/05-Two-Dimensions-and-Beyond-Notes.md:L184-185[U006131],There is even no need for the tiling to be repetitive; the picture below shows a cellular automaton on a nested Penrose tiling (see page 932). This tiling has two different shapes…,RESOLVED
L0885,B0885,BACK-MATTER/NOTES/05-Two-Dimensions-and-Beyond-Notes.md:L182-183[U006130];BACK-MATTER/NOTES/05-Two-Dimensions-and-Beyond-Notes.md:L184-185[U006131],There is even no need for the tiling to be repetitive; the picture below shows a cellular automaton on a nested Penrose tiling (see page 932). This tiling has two different shapes…,RESOLVED
L0886,B0886,BACK-MATTER/NOTES/05-Two-Dimensions-and-Beyond-Notes.md:L182-183[U006130];BACK-MATTER/NOTES/05-Two-Dimensions-and-Beyond-Notes.md:L184-185[U006131],There is even no need for the tiling to be repetitive; the picture below shows a cellular automaton on a nested Penrose tiling (see page 932). This tiling has two different shapes…,RESOLVED
L0887,B0887,BACK-MATTER/NOTES/05-Two-Dimensions-and-Beyond-Notes.md:L182-183[U006130];BACK-MATTER/NOTES/05-Two-Dimensions-and-Beyond-Notes.md:L184-185[U006131],There is even no need for the tiling to be repetitive; the picture below shows a cellular automaton on a nested Penrose tiling (see page 932). This tiling has two different shapes…,RESOLVED
L0888,B0888,BACK-MATTER/NOTES/05-Two-Dimensions-and-Beyond-Notes.md:L182-183[U006130];BACK-MATTER/NOTES/05-Two-Dimensions-and-Beyond-Notes.md:L184-185[U006131],There is even no need for the tiling to be repetitive; the picture below shows a cellular automaton on a nested Penrose tiling (see page 932). This tiling has two different shapes…,RESOLVED
L0889,B0889,BACK-MATTER/NOTES/05-Two-Dimensions-and-Beyond-Notes.md:L182-183[U006130];BACK-MATTER/NOTES/05-Two-Dimensions-and-Beyond-Notes.md:L184-185[U006131],There is even no need for the tiling to be repetitive; the picture below shows a cellular automaton on a nested Penrose tiling (see page 932). This tiling has two different shapes…,RESOLVED
L0890,B0890,BACK-MATTER/NOTES/05-Two-Dimensions-and-Beyond-Notes.md:L182-183[U006130];BACK-MATTER/NOTES/05-Two-Dimensions-and-Beyond-Notes.md:L184-185[U006131],There is even no need for the tiling to be repetitive; the picture below shows a cellular automaton on a nested Penrose tiling (see page 932). This tiling has two different shapes…,RESOLVED
L0891,B0891,BACK-MATTER/NOTES/05-Two-Dimensions-and-Beyond-Notes.md:L186-187[U006132];BACK-MATTER/NOTES/05-Two-Dimensions-and-Beyond-Notes.md:L474-476[U006236];BACK-MATTER/NOTES/05-Two-Dimensions-and-Beyond-Notes.md:L477-481[U006237],■ **Networks.** Cellular automata can be set up so that each cell corresponds to a node in a network. (See page 936.) The only requirement is that around each node the network mus…,SERIOUS
L0892,B0892,BACK-MATTER/NOTES/05-Two-Dimensions-and-Beyond-Notes.md:L190-191[U006134];BACK-MATTER/NOTES/05-Two-Dimensions-and-Beyond-Notes.md:L192-197[U006135];BACK-MATTER/NOTES/05-Two-Dimensions-and-Beyond-Notes.md:L198-199[U006136],"■ **Implementation.** With rules represented as a list of elements of the form $\{s, a\} \rightarrow \{sp, ap, \{dx, dy\}\}$ (s is the state of the head and a the color of the cel…",WEAK
L0893,B0893,BACK-MATTER/NOTES/05-Two-Dimensions-and-Beyond-Notes.md:L198-199[U006136];BACK-MATTER/NOTES/05-Two-Dimensions-and-Beyond-Notes.md:L200-204[U006137];BACK-MATTER/NOTES/05-Two-Dimensions-and-Beyond-Notes.md:L205-206[U006138],■ **History.** At a formal level 2D Turing machines have been studied since at least the 1950s. And on several occasions systems equivalent to specific simple 2D Turing machines h…,WEAK
L0894,B0894,BACK-MATTER/NOTES/05-Two-Dimensions-and-Beyond-Notes.md:L211-212[U006141];BACK-MATTER/NOTES/05-Two-Dimensions-and-Beyond-Notes.md:L213-214[U006142],"Some 2D Turing machines exhibit elements of randomness at some steps, but then fill in every so often to form simple repetitive patterns. An example is the 3-state rule",RESOLVED
L0895,B0895,BACK-MATTER/NOTES/05-Two-Dimensions-and-Beyond-Notes.md:L215-217[U006143],■ **Rules based on turning.** The rules used in the main text specify the displacement of the head at each step in terms of fixed directions in the underlying grid. An alternative…,SERIOUS
L0896,B0896,BACK-MATTER/NOTES/05-Two-Dimensions-and-Beyond-Notes.md:L215-217[U006143],■ **Rules based on turning.** The rules used in the main text specify the displacement of the head at each step in terms of fixed directions in the underlying grid. An alternative…,RESOLVED
L0897,B0897,BACK-MATTER/NOTES/05-Two-Dimensions-and-Beyond-Notes.md:L220-221[U006145];BACK-MATTER/NOTES/05-Two-Dimensions-and-Beyond-Notes.md:L222-228[U006146],"■ **Implementation.** With the rule on page 187 given for example by `{1 -> {{1, 0}, {1, 1}}, 0 -> {{0, 0}, {0, 0}}}`, the result of *t* steps in the evolution of a 2D substitutio…",WEAK
L0898,B0898,BACK-MATTER/NOTES/05-Two-Dimensions-and-Beyond-Notes.md:L220-221[U006145];BACK-MATTER/NOTES/05-Two-Dimensions-and-Beyond-Notes.md:L222-228[U006146];BACK-MATTER/NOTES/05-Two-Dimensions-and-Beyond-Notes.md:L236-237[U006149];BACK-MATTER/NOTES/05-Two-Dimensions-and-Beyond-Notes.md:L238-239[U006150],"■ **Implementation.** With the rule on page 187 given for example by `{1 -> {{1, 0}, {1, 1}}, 0 -> {{0, 0}, {0, 0}}}`, the result of *t* steps in the evolution of a 2D substitutio…",WEAK
L0899,B0899,BACK-MATTER/NOTES/05-Two-Dimensions-and-Beyond-Notes.md:L264-265[U006168];BACK-MATTER/NOTES/05-Two-Dimensions-and-Beyond-Notes.md:L266-267[U006169],■ **Non-white backgrounds.** The pictures below show substitution systems in which white squares are replaced by blocks which contain black squares. There is still a nested struct…,RESOLVED
L0900,B0900,BACK-MATTER/NOTES/05-Two-Dimensions-and-Beyond-Notes.md:L268-269[U006170];BACK-MATTER/NOTES/05-Two-Dimensions-and-Beyond-Notes.md:L270-277[U006171],■ **Higher-dimensional generalizations.** The state of a d-dimensional substitution system can be represented by a nested list of depth d. The evolution of the system for t steps…,RESOLVED
L0901,B0901,BACK-MATTER/NOTES/05-Two-Dimensions-and-Beyond-Notes.md:L278-279[U006172];BACK-MATTER/NOTES/05-Two-Dimensions-and-Beyond-Notes.md:L280-283[U006173];BACK-MATTER/NOTES/05-Two-Dimensions-and-Beyond-Notes.md:L284-285[U006174],The analog in 3D of the 2D rule on page 187 is,RESOLVED
L0902,B0902,BACK-MATTER/NOTES/05-Two-Dimensions-and-Beyond-Notes.md:L286-287[U006175];BACK-MATTER/NOTES/05-Two-Dimensions-and-Beyond-Notes.md:L288-289[U006176],■ **Other shapes.** The systems on pages 187 and 188 are based on subdividing squares into smaller squares. But one can also set up substitution systems that are based on subdivid…,RESOLVED
L0903,B0903,BACK-MATTER/NOTES/05-Two-Dimensions-and-Beyond-Notes.md:L286-287[U006175];BACK-MATTER/NOTES/05-Two-Dimensions-and-Beyond-Notes.md:L288-289[U006176];BACK-MATTER/NOTES/05-Two-Dimensions-and-Beyond-Notes.md:L290-291[U006177],■ **Other shapes.** The systems on pages 187 and 188 are based on subdividing squares into smaller squares. But one can also set up substitution systems that are based on subdivid…,RESOLVED
L0904,B0904,BACK-MATTER/NOTES/05-Two-Dimensions-and-Beyond-Notes.md:L292-293[U006178];BACK-MATTER/NOTES/05-Two-Dimensions-and-Beyond-Notes.md:L294-295[U006179];BACK-MATTER/NOTES/05-Two-Dimensions-and-Beyond-Notes.md:L296-297[U006180];BACK-MATTER/NOTES/05-Two-Dimensions-and-Beyond-Notes.md:L298-305[U006181],■ **Penrose tilings.** The nested pattern shown below was studied by Roger Penrose in 1974 (see page 943).,RESOLVED
L0905,B0905,BACK-MATTER/NOTES/05-Two-Dimensions-and-Beyond-Notes.md:L310-311[U006184];BACK-MATTER/NOTES/05-Two-Dimensions-and-Beyond-Notes.md:L312-313[U006185],"■ **Page 189 · Dragon curve.** The pattern shown here can be obtained in several related ways, including from numbers in base i-1 (see below) and from a doubled version of the pat…",RESOLVED
L0906,B0906,BACK-MATTER/NOTES/05-Two-Dimensions-and-Beyond-Notes.md:L312-313[U006185],"■ **Implementation.** The most convenient approach is to represent each pattern by a list of complex numbers, with the center of each square being given in terms of each complex n…",WEAK
L0907,B0907,BACK-MATTER/NOTES/05-Two-Dimensions-and-Beyond-Notes.md:L312-313[U006185];BACK-MATTER/NOTES/05-Two-Dimensions-and-Beyond-Notes.md:L314-319[U006186],"■ **Implementation.** The most convenient approach is to represent each pattern by a list of complex numbers, with the center of each square being given in terms of each complex n…",WEAK
L0908,B0908,BACK-MATTER/NOTES/05-Two-Dimensions-and-Beyond-Notes.md:L312-313[U006185];BACK-MATTER/NOTES/05-Two-Dimensions-and-Beyond-Notes.md:L314-319[U006186],"■ **Implementation.** The most convenient approach is to represent each pattern by a list of complex numbers, with the center of each square being given in terms of each complex n…",WEAK
L0909,B0909,BACK-MATTER/NOTES/05-Two-Dimensions-and-Beyond-Notes.md:L312-313[U006185];BACK-MATTER/NOTES/05-Two-Dimensions-and-Beyond-Notes.md:L314-319[U006186],"■ **Implementation.** The most convenient approach is to represent each pattern by a list of complex numbers, with the center of each square being given in terms of each complex n…",WEAK
L0910,B0910,BACK-MATTER/NOTES/05-Two-Dimensions-and-Beyond-Notes.md:L332-334[U006192],■ **Parameter space sets.** See pages 407 and 1006 for a discussion of varying parameters in geometrical substitution systems. ■ **Affine transformations.** Any set of so-called a…,SERIOUS
L0911,B0911,BACK-MATTER/NOTES/05-Two-Dimensions-and-Beyond-Notes.md:L335-337[U006193],■ **Complex maps.** Many kinds of nonlinear transformations on complex numbers yield nested patterns. Sets of so-called Möbius transformations of the form $z \rightarrow (az + b)/…,SERIOUS
L0912,B0912,BACK-MATTER/NOTES/05-Two-Dimensions-and-Beyond-Notes.md:L335-337[U006193];BACK-MATTER/NOTES/05-Two-Dimensions-and-Beyond-Notes.md:L346-347[U006198];BACK-MATTER/NOTES/05-Two-Dimensions-and-Beyond-Notes.md:L348-349[U006199],■ **Complex maps.** Many kinds of nonlinear transformations on complex numbers yield nested patterns. Sets of so-called Möbius transformations of the form $z \rightarrow (az + b)/…,RESOLVED
L0913,B0913,BACK-MATTER/NOTES/05-Two-Dimensions-and-Beyond-Notes.md:L346-347[U006198];BACK-MATTER/NOTES/05-Two-Dimensions-and-Beyond-Notes.md:L350-351[U006200];BACK-MATTER/NOTES/05-Two-Dimensions-and-Beyond-Notes.md:L352-353[U006201],"■ **The Mandelbrot set.** The pictures below show Julia sets produced by the procedure of taking the transformation $z \rightarrow \{Sqrt[z-c], -Sqrt[z-c]\}$ discussed above and i…",RESOLVED
L0914,B0914,BACK-MATTER/NOTES/05-Two-Dimensions-and-Beyond-Notes.md:L360-361[U006205];BACK-MATTER/NOTES/05-Two-Dimensions-and-Beyond-Notes.md:L362-365[U006206];BACK-MATTER/NOTES/05-Two-Dimensions-and-Beyond-Notes.md:L366-367[U006207],"■ **Page 192 · Neighbor-dependent substitution systems.** Given a list of individual replacement rules such as `{{_, 1}, {0, 1}} -> {{1, 0}, {1, 1}}`, each step in the evolution s…",RESOLVED
L0915,B0915,BACK-MATTER/NOTES/05-Two-Dimensions-and-Beyond-Notes.md:L368-369[U006208];BACK-MATTER/NOTES/05-Two-Dimensions-and-Beyond-Notes.md:L370-374[U006209],■ **Page 192 · Space-filling curves.** One can conveniently scan a finite 2D grid just by going along each successive row in turn. One can scan a quadrant of an infinite grid usin…,RESOLVED
L0916,B0916,BACK-MATTER/NOTES/05-Two-Dimensions-and-Beyond-Notes.md:L377-378[U006211];BACK-MATTER/NOTES/05-Two-Dimensions-and-Beyond-Notes.md:L386-389[U006214];BACK-MATTER/NOTES/05-Two-Dimensions-and-Beyond-Notes.md:L392-397[U006216];BACK-MATTER/NOTES/05-Two-Dimensions-and-Beyond-Notes.md:L398-399[U006217];BACK-MATTER/NOTES/05-Two-Dimensions-and-Beyond-Notes.md:L400-410[U006218];BACK-MATTER/NOTES/05-Two-Dimensions-and-Beyond-Notes.md:L427-432[U006224];BACK-MATTER/NOTES/05-Two-Dimensions-and-Beyond-Notes.md:L425-426[U006223],"■ **Implementation.** The nodes in a network system can conveniently be labelled by numbers 1, 2, ... n, and the network obtained at a particular step can be represented by a list…",WEAK
L0917,B0917,BACK-MATTER/NOTES/05-Two-Dimensions-and-Beyond-Notes.md:L435-437[U006226],"■ **Rule structure.** For depth 1, the possible results from NeighborNumbers are {1} and {2}. For depth 2, they are {1, 1}, {1, 2}, {2, 1}, {2, 2}, {2, 3} and {2, 4}. In general,…",RESOLVED
L0918,B0918,BACK-MATTER/NOTES/05-Two-Dimensions-and-Beyond-Notes.md:L453-454[U006229];BACK-MATTER/NOTES/05-Two-Dimensions-and-Beyond-Notes.md:L455-456[U006230],"■ **Sequential network systems.** In the network systems discussed in the main text, every node is updated in parallel at each step. It is however also possible to consider system…",SERIOUS
L0919,B0919,BACK-MATTER/NOTES/05-Two-Dimensions-and-Beyond-Notes.md:L455-456[U006230];BACK-MATTER/NOTES/05-Two-Dimensions-and-Beyond-Notes.md:L457-458[U006231];BACK-MATTER/NOTES/05-Two-Dimensions-and-Beyond-Notes.md:L459-467[U006232];BACK-MATTER/NOTES/05-Two-Dimensions-and-Beyond-Notes.md:L468-469[U006233],![](_page_951_Sequential_Networks_Three_Panel_Row.jpeg),RESOLVED
L0920,B0920,BACK-MATTER/NOTES/05-Two-Dimensions-and-Beyond-Notes.md:L482-483[U006238],"■ **Boolean networks.** Several lines of development from the cybernetics movement (notably in immunology, genetics and management science) led in the 1960s to a study of random B…",SERIOUS
L0921,B0921,BACK-MATTER/NOTES/05-Two-Dimensions-and-Beyond-Notes.md:L486-487[U006240];BACK-MATTER/NOTES/05-Two-Dimensions-and-Beyond-Notes.md:L488-491[U006241];BACK-MATTER/NOTES/05-Two-Dimensions-and-Beyond-Notes.md:L494-502[U006243];BACK-MATTER/NOTES/05-Two-Dimensions-and-Beyond-Notes.md:L512-516[U006247];BACK-MATTER/NOTES/05-Two-Dimensions-and-Beyond-Notes.md:L523-524[U006250];BACK-MATTER/NOTES/05-Two-Dimensions-and-Beyond-Notes.md:L548-551[U006261];BACK-MATTER/NOTES/05-Two-Dimensions-and-Beyond-Notes.md:L510-511[U006246];BACK-MATTER/NOTES/05-Two-Dimensions-and-Beyond-Notes.md:L492-493[U006242];BACK-MATTER/NOTES/05-Two-Dimensions-and-Beyond-Notes.md:L503-504[U006244];BACK-MATTER/NOTES/05-Two-Dimensions-and-Beyond-Notes.md:L505-509[U006245];BACK-MATTER/NOTES/05-Two-Dimensions-and-Beyond-Notes.md:L525-526[U006251],"■ **Implementation.** It is convenient to represent the state of a multiway system at each step by a list of strings, where an individual string is for example ""ABBAAB"". The rules…",WEAK
L0922,B0922,BACK-MATTER/NOTES/05-Two-Dimensions-and-Beyond-Notes.md:L517-518[U006248];BACK-MATTER/NOTES/05-Two-Dimensions-and-Beyond-Notes.md:L519-522[U006249];BACK-MATTER/NOTES/05-Two-Dimensions-and-Beyond-Notes.md:L523-524[U006250];BACK-MATTER/NOTES/05-Two-Dimensions-and-Beyond-Notes.md:L546-547[U006260];BACK-MATTER/NOTES/05-Two-Dimensions-and-Beyond-Notes.md:L536-537[U006255];BACK-MATTER/NOTES/05-Two-Dimensions-and-Beyond-Notes.md:L542-543[U006258];BACK-MATTER/NOTES/05-Two-Dimensions-and-Beyond-Notes.md:L544-545[U006259];BACK-MATTER/NOTES/05-Two-Dimensions-and-Beyond-Notes.md:L548-551[U006261],The case shown on page 206 is,RESOLVED
L0923,B0923,BACK-MATTER/NOTES/05-Two-Dimensions-and-Beyond-Notes.md:L529-530[U006253];BACK-MATTER/NOTES/05-Two-Dimensions-and-Beyond-Notes.md:L531-535[U006254],"In cases where all strings that appear both in rules and initial conditions are sorted—so that for example A's appear before B's—any string generated will also be sorted, so it ca…",RESOLVED
L0924,B0924,BACK-MATTER/NOTES/05-Two-Dimensions-and-Beyond-Notes.md:L548-551[U006261],"■ **Frequency of behavior.** Among multiway systems with randomly chosen rules, one finds about equal numbers that grow rapidly and die out completely. A few percent exhibit repet…",WEAK
L0925,B0925,BACK-MATTER/NOTES/05-Two-Dimensions-and-Beyond-Notes.md:L548-551[U006261],"■ **Frequency of behavior.** Among multiway systems with randomly chosen rules, one finds about equal numbers that grow rapidly and die out completely. A few percent exhibit repet…",WEAK
L0926,B0926,BACK-MATTER/NOTES/05-Two-Dimensions-and-Beyond-Notes.md:L562-563[U006267];BACK-MATTER/NOTES/05-Two-Dimensions-and-Beyond-Notes.md:L564-565[U006268],■ **Formal languages.** The multiway systems that I discuss are similar to so-called generative grammars in the theory of formal languages. The idea of a generative grammar is tha…,RESOLVED
L0927,B0927,BACK-MATTER/NOTES/05-Two-Dimensions-and-Beyond-Notes.md:L562-563[U006267];BACK-MATTER/NOTES/05-Two-Dimensions-and-Beyond-Notes.md:L566-567[U006269],■ **Formal languages.** The multiway systems that I discuss are similar to so-called generative grammars in the theory of formal languages. The idea of a generative grammar is tha…,RESOLVED
L0928,B0928,BACK-MATTER/NOTES/05-Two-Dimensions-and-Beyond-Notes.md:L562-563[U006267];BACK-MATTER/NOTES/05-Two-Dimensions-and-Beyond-Notes.md:L568-569[U006270],■ **Formal languages.** The multiway systems that I discuss are similar to so-called generative grammars in the theory of formal languages. The idea of a generative grammar is tha…,RESOLVED
L0929,B0929,BACK-MATTER/NOTES/05-Two-Dimensions-and-Beyond-Notes.md:L562-563[U006267];BACK-MATTER/NOTES/05-Two-Dimensions-and-Beyond-Notes.md:L570-571[U006271],■ **Formal languages.** The multiway systems that I discuss are similar to so-called generative grammars in the theory of formal languages. The idea of a generative grammar is tha…,RESOLVED
L0930,B0930,BACK-MATTER/NOTES/05-Two-Dimensions-and-Beyond-Notes.md:L574-578[U006273],■ **Multidimensional multiway systems.** As a generalization of multiway systems based on 1D strings one can consider systems in which rules operate on arbitrary blocks of element…,SERIOUS
L0931,B0931,BACK-MATTER/NOTES/05-Two-Dimensions-and-Beyond-Notes.md:L574-578[U006273],■ **Multidimensional multiway systems.** As a generalization of multiway systems based on 1D strings one can consider systems in which rules operate on arbitrary blocks of element…,RESOLVED
L0932,B0932,BACK-MATTER/NOTES/05-Two-Dimensions-and-Beyond-Notes.md:L574-578[U006273];BACK-MATTER/NOTES/05-Two-Dimensions-and-Beyond-Notes.md:L579-582[U006274];BACK-MATTER/NOTES/05-Two-Dimensions-and-Beyond-Notes.md:L583-584[U006275],■ **Multidimensional multiway systems.** As a generalization of multiway systems based on 1D strings one can consider systems in which rules operate on arbitrary blocks of element…,RESOLVED
L0933,B0933,BACK-MATTER/NOTES/05-Two-Dimensions-and-Beyond-Notes.md:L585-588[U006276],■ **Non-deterministic systems.** Multiway systems are examples of what are often in computer science called nondeterministic systems. The general idea of a nondeterministic system…,RESOLVED
L0934,B0934,BACK-MATTER/NOTES/05-Two-Dimensions-and-Beyond-Notes.md:L591-592[U006278],"■ **The notion of equations.** In the mathematical framework traditionally used in the exact sciences, laws of nature are usually represented not by explicit rules for evolution,…",WEAK
L0935,B0935,BACK-MATTER/NOTES/05-Two-Dimensions-and-Beyond-Notes.md:L593-594[U006279],In the language of differential equations—the most widely used models in traditional science—the two cases we are discussing are essentially so-called initial value and boundary v…,WEAK
L0936,B0936,BACK-MATTER/NOTES/05-Two-Dimensions-and-Beyond-Notes.md:L593-594[U006279],In the language of differential equations—the most widely used models in traditional science—the two cases we are discussing are essentially so-called initial value and boundary v…,WEAK
L0937,B0937,BACK-MATTER/NOTES/05-Two-Dimensions-and-Beyond-Notes.md:L597-598[U006281],■ **Linear and nonlinear systems.** A vast number of different applications of traditional mathematics are ultimately based on linear equations of the form `u == m . v` where *u*…,WEAK
L0938,B0938,BACK-MATTER/NOTES/05-Two-Dimensions-and-Beyond-Notes.md:L597-598[U006281],■ **Linear and nonlinear systems.** A vast number of different applications of traditional mathematics are ultimately based on linear equations of the form `u == m . v` where *u*…,WEAK
L0939,B0939,BACK-MATTER/NOTES/05-Two-Dimensions-and-Beyond-Notes.md:L599-601[U006282],"■ **Explanations based on constraints.** In some areas of science it is common to give explanations in terms of constraints rather than mechanisms. Thus, for example, in physics t…",WEAK
L0940,B0940,BACK-MATTER/NOTES/05-Two-Dimensions-and-Beyond-Notes.md:L599-601[U006282];BACK-MATTER/NOTES/05-Two-Dimensions-and-Beyond-Notes.md:L604-605[U006284];BACK-MATTER/NOTES/05-Two-Dimensions-and-Beyond-Notes.md:L606-609[U006285];BACK-MATTER/NOTES/05-Two-Dimensions-and-Beyond-Notes.md:L720-722[U006323],"■ **Explanations based on constraints.** In some areas of science it is common to give explanations in terms of constraints rather than mechanisms. Thus, for example, in physics t…",WEAK
L0941,B0941,BACK-MATTER/NOTES/05-Two-Dimensions-and-Beyond-Notes.md:L599-601[U006282];BACK-MATTER/NOTES/05-Two-Dimensions-and-Beyond-Notes.md:L602-603[U006283];BACK-MATTER/NOTES/05-Two-Dimensions-and-Beyond-Notes.md:L604-605[U006284];BACK-MATTER/NOTES/05-Two-Dimensions-and-Beyond-Notes.md:L720-722[U006323],"■ **Explanations based on constraints.** In some areas of science it is common to give explanations in terms of constraints rather than mechanisms. Thus, for example, in physics t…",WEAK
L0942,B0942,BACK-MATTER/NOTES/05-Two-Dimensions-and-Beyond-Notes.md:L606-609[U006285],"■ **1D cellular automata.** In a cellular automaton with k colors and r neighbors, configurations that are left invariant after t steps of evolution according to the cellular auto…",RESOLVED
L0943,B0943,BACK-MATTER/NOTES/05-Two-Dimensions-and-Beyond-Notes.md:L606-609[U006285];BACK-MATTER/NOTES/05-Two-Dimensions-and-Beyond-Notes.md:L610-611[U006286];BACK-MATTER/NOTES/05-Two-Dimensions-and-Beyond-Notes.md:L612-613[U006287];BACK-MATTER/NOTES/05-Two-Dimensions-and-Beyond-Notes.md:L614-616[U006288];BACK-MATTER/NOTES/05-Two-Dimensions-and-Beyond-Notes.md:L617-622[U006289],"■ **1D cellular automata.** In a cellular automaton with k colors and r neighbors, configurations that are left invariant after t steps of evolution according to the cellular auto…",RESOLVED
L0944,B0944,BACK-MATTER/NOTES/05-Two-Dimensions-and-Beyond-Notes.md:L640-641[U006294],■ **Searching for patterns.** The basic approach to finding a pattern which satisfies a particular constraint on an infinite array of cells is to start with a pattern which satisf…,WEAK
L0945,B0945,BACK-MATTER/NOTES/05-Two-Dimensions-and-Beyond-Notes.md:L642-646[U006295];BACK-MATTER/NOTES/05-Two-Dimensions-and-Beyond-Notes.md:L647-654[U006296];BACK-MATTER/NOTES/05-Two-Dimensions-and-Beyond-Notes.md:L655-656[U006297],■ **Undecidability.** The general problem of whether an infinite pattern exists that satisfies a particular constraint is formally undecidable (see page 1139). This means that in…,WEAK
L0946,B0946,BACK-MATTER/NOTES/05-Two-Dimensions-and-Beyond-Notes.md:L657-658[U006298];BACK-MATTER/NOTES/05-Two-Dimensions-and-Beyond-Notes.md:L659-660[U006299],■ **Other types of constraints.** Constraints based on smaller templates simply require smaller numbers of repetitive patterns:,RESOLVED
L0947,B0947,BACK-MATTER/NOTES/05-Two-Dimensions-and-Beyond-Notes.md:L661-662[U006300],"To extend the class of systems considered in the main text, one can increase the size of the templates, or increase the number of possible colors for each cell. For 3×3 templates…",RESOLVED
L0948,B0948,BACK-MATTER/NOTES/05-Two-Dimensions-and-Beyond-Notes.md:L663-664[U006301];BACK-MATTER/NOTES/05-Two-Dimensions-and-Beyond-Notes.md:L665-672[U006302];BACK-MATTER/NOTES/05-Two-Dimensions-and-Beyond-Notes.md:L673-674[U006303];BACK-MATTER/NOTES/05-Two-Dimensions-and-Beyond-Notes.md:L675-676[U006304],■ **Forcing nested patterns.** It is straightforward to find constraints that allow nested patterns; the challenge is to find ones that force such patterns to occur. Many nested p…,RESOLVED
L0949,B0949,BACK-MATTER/NOTES/05-Two-Dimensions-and-Beyond-Notes.md:L677-678[U006305],■ **Relation to 2D cellular automata.** The kind of constraints discussed are exactly those that must be satisfied by configurations that remain unchanged in the evolution of a 2D…,RESOLVED
L0950,B0950,BACK-MATTER/NOTES/05-Two-Dimensions-and-Beyond-Notes.md:L679-680[U006306];BACK-MATTER/NOTES/05-Two-Dimensions-and-Beyond-Notes.md:L681-682[U006307];BACK-MATTER/NOTES/05-Two-Dimensions-and-Beyond-Notes.md:L683-684[U006308];BACK-MATTER/NOTES/05-Two-Dimensions-and-Beyond-Notes.md:L685-686[U006309],■ **Relation to 1D cellular automata.** A picture that shows the evolution of a 1D cellular automaton can be thought of as a 2D array of cells in which the color of each cell sati…,SERIOUS
L0951,B0951,BACK-MATTER/NOTES/05-Two-Dimensions-and-Beyond-Notes.md:L687-689[U006310];BACK-MATTER/NOTES/05-Two-Dimensions-and-Beyond-Notes.md:L692-693[U006312];BACK-MATTER/NOTES/05-Two-Dimensions-and-Beyond-Notes.md:L694-695[U006313],■ **Non-computable patterns.** It is known to be possible to set up constraints that will force patterns in which finding the color of a particular cell can require doing somethin…,WEAK
L0952,B0952,BACK-MATTER/NOTES/05-Two-Dimensions-and-Beyond-Notes.md:L687-689[U006310];BACK-MATTER/NOTES/05-Two-Dimensions-and-Beyond-Notes.md:L692-693[U006312];BACK-MATTER/NOTES/05-Two-Dimensions-and-Beyond-Notes.md:L694-695[U006313],■ **Non-computable patterns.** It is known to be possible to set up constraints that will force patterns in which finding the color of a particular cell can require doing somethin…,WEAK
L0953,B0953,BACK-MATTER/NOTES/05-Two-Dimensions-and-Beyond-Notes.md:L696-697[U006314];BACK-MATTER/NOTES/05-Two-Dimensions-and-Beyond-Notes.md:L698-699[U006315],■ **Polyominoes.** An example of a tiling problem that is in some respects particularly close to the grid-based constraint systems discussed in the main text concerns covering the…,SERIOUS
L0954,B0954,BACK-MATTER/NOTES/05-Two-Dimensions-and-Beyond-Notes.md:L696-697[U006314];BACK-MATTER/NOTES/05-Two-Dimensions-and-Beyond-Notes.md:L698-699[U006315];BACK-MATTER/NOTES/05-Two-Dimensions-and-Beyond-Notes.md:L700-701[U006316];BACK-MATTER/NOTES/05-Two-Dimensions-and-Beyond-Notes.md:L702-703[U006317],■ **Polyominoes.** An example of a tiling problem that is in some respects particularly close to the grid-based constraint systems discussed in the main text concerns covering the…,RESOLVED
L0955,B0955,BACK-MATTER/NOTES/05-Two-Dimensions-and-Beyond-Notes.md:L704-708[U006318],■ **Ground states of spin systems.** The constraints discussed in the main text are similar to those that arise in the physics of 2D spin systems. An example of such a system is t…,SERIOUS
L0956,B0956,BACK-MATTER/NOTES/05-Two-Dimensions-and-Beyond-Notes.md:L704-708[U006318],■ **Ground states of spin systems.** The constraints discussed in the main text are similar to those that arise in the physics of 2D spin systems. An example of such a system is t…,RESOLVED
L0957,B0957,BACK-MATTER/NOTES/05-Two-Dimensions-and-Beyond-Notes.md:L704-708[U006318],■ **Ground states of spin systems.** The constraints discussed in the main text are similar to those that arise in the physics of 2D spin systems. An example of such a system is t…,RESOLVED
L0958,B0958,BACK-MATTER/NOTES/05-Two-Dimensions-and-Beyond-Notes.md:L704-708[U006318],■ **Ground states of spin systems.** The constraints discussed in the main text are similar to those that arise in the physics of 2D spin systems. An example of such a system is t…,RESOLVED
L0959,B0959,BACK-MATTER/NOTES/05-Two-Dimensions-and-Beyond-Notes.md:L704-708[U006318];BACK-MATTER/NOTES/05-Two-Dimensions-and-Beyond-Notes.md:L709-713[U006319];BACK-MATTER/NOTES/05-Two-Dimensions-and-Beyond-Notes.md:L714-715[U006320],■ **Ground states of spin systems.** The constraints discussed in the main text are similar to those that arise in the physics of 2D spin systems. An example of such a system is t…,RESOLVED
L0960,B0960,BACK-MATTER/NOTES/05-Two-Dimensions-and-Beyond-Notes.md:L716-717[U006321],The constraint that no triple of identical blocks appear together turns out to be satisfied by the Thue-Morse nested sequence from page 83—as already noted by Axel Thue in 1906. (…,RESOLVED
L0961,B0961,BACK-MATTER/NOTES/05-Two-Dimensions-and-Beyond-Notes.md:L718-719[U006322],"For any given *k*, many combinations of blocks will inevitably occur in sufficiently long sequences (compare page 1068). (For example, with *k* = 2, `{___, x__, y__, x__, y__, ___…",WEAK
L0962,B0962,BACK-MATTER/NOTES/05-Two-Dimensions-and-Beyond-Notes.md:L720-722[U006323],■ **Formal languages.** Formal languages of the kind discussed on page 938 can be used to define constraints on 1D sequences. The constraints shown on page 210 correspond to speci…,RESOLVED
L0963,B0963,BACK-MATTER/NOTES/05-Two-Dimensions-and-Beyond-Notes.md:L723-724[U006324];BACK-MATTER/NOTES/05-Two-Dimensions-and-Beyond-Notes.md:L725-726[U006325],"Linear Diophantine equations such as `a x == b y + c` yield simple repetitive results, as in the pictures below, and can be handled essentially just by knowing `ExtendedGCD[a, b]`.",SERIOUS
L0964,B0964,BACK-MATTER/NOTES/05-Two-Dimensions-and-Beyond-Notes.md:L723-724[U006324];BACK-MATTER/NOTES/05-Two-Dimensions-and-Beyond-Notes.md:L725-726[U006325],"Linear Diophantine equations such as `a x == b y + c` yield simple repetitive results, as in the pictures below, and can be handled essentially just by knowing `ExtendedGCD[a, b]`.",RESOLVED
L0965,B0965,BACK-MATTER/NOTES/05-Two-Dimensions-and-Beyond-Notes.md:L723-724[U006324];BACK-MATTER/NOTES/05-Two-Dimensions-and-Beyond-Notes.md:L725-726[U006325],"Linear Diophantine equations such as `a x == b y + c` yield simple repetitive results, as in the pictures below, and can be handled essentially just by knowing `ExtendedGCD[a, b]`.",RESOLVED
L0966,B0966,BACK-MATTER/NOTES/05-Two-Dimensions-and-Beyond-Notes.md:L723-724[U006324];BACK-MATTER/NOTES/05-Two-Dimensions-and-Beyond-Notes.md:L725-726[U006325],"Linear Diophantine equations such as `a x == b y + c` yield simple repetitive results, as in the pictures below, and can be handled essentially just by knowing `ExtendedGCD[a, b]`.",RESOLVED
L0967,B0967,BACK-MATTER/NOTES/05-Two-Dimensions-and-Beyond-Notes.md:L723-724[U006324];BACK-MATTER/NOTES/05-Two-Dimensions-and-Beyond-Notes.md:L725-726[U006325],"Linear Diophantine equations such as `a x == b y + c` yield simple repetitive results, as in the pictures below, and can be handled essentially just by knowing `ExtendedGCD[a, b]`.",RESOLVED
L0968,B0968,BACK-MATTER/NOTES/05-Two-Dimensions-and-Beyond-Notes.md:L727-728[U006326];BACK-MATTER/NOTES/05-Two-Dimensions-and-Beyond-Notes.md:L729-734[U006327];BACK-MATTER/NOTES/05-Two-Dimensions-and-Beyond-Notes.md:L735-736[U006328];BACK-MATTER/NOTES/05-Two-Dimensions-and-Beyond-Notes.md:L737-738[U006329],Even the simplest quadratic Diophantine equations can already show much more complex behavior. The equation `x^2 == a y^2` has no solution except when a is a perfect square. But t…,RESOLVED
L0969,B0969,BACK-MATTER/NOTES/05-Two-Dimensions-and-Beyond-Notes.md:L739-740[U006330];BACK-MATTER/NOTES/05-Two-Dimensions-and-Beyond-Notes.md:L741-742[U006331],"In three variables, the equation `x^2 + y^2 == z^2` yields so-called Pythagorean triples {3, 4, 5}, {5, 12, 13}, etc. And even in this case the set of possible solutions for x and…",RESOLVED
L0970,B0970,BACK-MATTER/NOTES/05-Two-Dimensions-and-Beyond-Notes.md:L743-744[U006332];BACK-MATTER/NOTES/05-Two-Dimensions-and-Beyond-Notes.md:L745-746[U006333],"The pictures below show the possible solutions for *x* and *y* in various Diophantine equations. As in other systems based on numbers, nested patterns are not common—though page 1…",RESOLVED
L0971,B0971,BACK-MATTER/NOTES/05-Two-Dimensions-and-Beyond-Notes.md:L743-744[U006332];BACK-MATTER/NOTES/05-Two-Dimensions-and-Beyond-Notes.md:L745-746[U006333],"The pictures below show the possible solutions for *x* and *y* in various Diophantine equations. As in other systems based on numbers, nested patterns are not common—though page 1…",RESOLVED
L0972,B0972,BACK-MATTER/NOTES/05-Two-Dimensions-and-Beyond-Notes.md:L743-744[U006332];BACK-MATTER/NOTES/05-Two-Dimensions-and-Beyond-Notes.md:L745-746[U006333],"The pictures below show the possible solutions for *x* and *y* in various Diophantine equations. As in other systems based on numbers, nested patterns are not common—though page 1…",RESOLVED
L0973,B0973,BACK-MATTER/NOTES/05-Two-Dimensions-and-Beyond-Notes.md:L743-744[U006332];BACK-MATTER/NOTES/05-Two-Dimensions-and-Beyond-Notes.md:L745-746[U006333],"The pictures below show the possible solutions for *x* and *y* in various Diophantine equations. As in other systems based on numbers, nested patterns are not common—though page 1…",RESOLVED
L0974,B0974,BACK-MATTER/NOTES/05-Two-Dimensions-and-Beyond-Notes.md:L743-744[U006332];BACK-MATTER/NOTES/05-Two-Dimensions-and-Beyond-Notes.md:L745-746[U006333],"The pictures below show the possible solutions for *x* and *y* in various Diophantine equations. As in other systems based on numbers, nested patterns are not common—though page 1…",RESOLVED
L0975,B0975,BACK-MATTER/NOTES/05-Two-Dimensions-and-Beyond-Notes.md:L743-744[U006332];BACK-MATTER/NOTES/05-Two-Dimensions-and-Beyond-Notes.md:L745-746[U006333],"The pictures below show the possible solutions for *x* and *y* in various Diophantine equations. As in other systems based on numbers, nested patterns are not common—though page 1…",RESOLVED
L0976,B0976,BACK-MATTER/NOTES/05-Two-Dimensions-and-Beyond-Notes.md:L743-744[U006332];BACK-MATTER/NOTES/05-Two-Dimensions-and-Beyond-Notes.md:L745-746[U006333],"The pictures below show the possible solutions for *x* and *y* in various Diophantine equations. As in other systems based on numbers, nested patterns are not common—though page 1…",RESOLVED
L0977,B0977,BACK-MATTER/NOTES/05-Two-Dimensions-and-Beyond-Notes.md:L743-744[U006332];BACK-MATTER/NOTES/05-Two-Dimensions-and-Beyond-Notes.md:L745-746[U006333],"The pictures below show the possible solutions for *x* and *y* in various Diophantine equations. As in other systems based on numbers, nested patterns are not common—though page 1…",RESOLVED
L0978,B0978,BACK-MATTER/NOTES/05-Two-Dimensions-and-Beyond-Notes.md:L747-748[U006334];BACK-MATTER/NOTES/05-Two-Dimensions-and-Beyond-Notes.md:L749-750[U006335],Many Diophantine equations have at most very sparse solutions. And indeed for example Fermat's Last Theorem states that `x^n + y^n == z^n` can never be satisfied for *n* > 2. With…,WEAK
L0979,B0979,BACK-MATTER/NOTES/05-Two-Dimensions-and-Beyond-Notes.md:L751-753[U006336],"■ **Matrices satisfying constraints.** One can consider for example magic squares, Latin squares (quasigroup multiplication tables), and matrices having the Hadamard property disc…",RESOLVED
L0980,B0980,BACK-MATTER/NOTES/05-Two-Dimensions-and-Beyond-Notes.md:L756-757[U006338],■ **Constraints on formulas.** Many standard problems of algebraic computation can be viewed as consisting in finding formulas that satisfy certain constraints. An example is exac…,RESOLVED
L0981,B0981,BACK-MATTER/NOTES/05-Two-Dimensions-and-Beyond-Notes.md:L66-67[U006096];BACK-MATTER/NOTES/05-Two-Dimensions-and-Beyond-Notes.md:L68-72[U006097],■ **General rules.** One can specify the neighborhood for any rule in any dimension by giving a list of the offsets for the cells used to update a given cell. For 1D elementary ru…,RESOLVED
L0982,B0982,BACK-MATTER/NOTES/05-Two-Dimensions-and-Beyond-Notes.md:L66-67[U006096];BACK-MATTER/NOTES/05-Two-Dimensions-and-Beyond-Notes.md:L73-74[U006098];BACK-MATTER/NOTES/05-Two-Dimensions-and-Beyond-Notes.md:L75-80[U006099];BACK-MATTER/NOTES/05-Two-Dimensions-and-Beyond-Notes.md:L83-88[U006101],■ **General rules.** One can specify the neighborhood for any rule in any dimension by giving a list of the offsets for the cells used to update a given cell. For 1D elementary ru…,RESOLVED
L0983,B0983,BACK-MATTER/NOTES/05-Two-Dimensions-and-Beyond-Notes.md:L89-90[U006102];BACK-MATTER/NOTES/05-Two-Dimensions-and-Beyond-Notes.md:L97-105[U006105],■ **Numbers of possible rules.** The table below gives the total number of 2D rules of various types with two possible colors for each cell. Given an initial pattern with a certai…,WEAK
L0984,B0984,BACK-MATTER/NOTES/05-Two-Dimensions-and-Beyond-Notes.md:L91-92[U006103];BACK-MATTER/NOTES/05-Two-Dimensions-and-Beyond-Notes.md:L93-96[U006104];BACK-MATTER/NOTES/05-Two-Dimensions-and-Beyond-Notes.md:L121-122[U006110],"In such a rule, given a list of how many neighbors around a given cell (out of *s* possible) make the cell turn black, the outer totalistic code for the rule can be obtained from",RESOLVED
L0985,B0985,BACK-MATTER/NOTES/05-Two-Dimensions-and-Beyond-Notes.md:L106-107[U006106];BACK-MATTER/NOTES/05-Two-Dimensions-and-Beyond-Notes.md:L108-113[U006107];BACK-MATTER/NOTES/05-Two-Dimensions-and-Beyond-Notes.md:L114-115[U006108];BACK-MATTER/NOTES/05-Two-Dimensions-and-Beyond-Notes.md:L116-120[U006109],"■ **Symmetric 5-neighbor rules.** Among the 32 possible 5-cell neighborhoods shown for example on page 941 there are 12 classes related by symmetries, given by",WEAK
L0986,B0986,BACK-MATTER/NOTES/05-Two-Dimensions-and-Beyond-Notes.md:L89-90[U006102];BACK-MATTER/NOTES/05-Two-Dimensions-and-Beyond-Notes.md:L151-152[U006117];BACK-MATTER/NOTES/05-Two-Dimensions-and-Beyond-Notes.md:L153-154[U006118],■ **Numbers of possible rules.** The table below gives the total number of 2D rules of various types with two possible colors for each cell. Given an initial pattern with a certai…,WEAK
L0987,B0987,BACK-MATTER/NOTES/05-Two-Dimensions-and-Beyond-Notes.md:L482-483[U006238],"■ **Boolean networks.** Several lines of development from the cybernetics movement (notably in immunology, genetics and management science) led in the 1960s to a study of random B…",RESOLVED
L0988,B0988,BACK-MATTER/NOTES/05-Two-Dimensions-and-Beyond-Notes.md:L207-208[U006139];BACK-MATTER/NOTES/05-Two-Dimensions-and-Beyond-Notes.md:L209-210[U006140];CHAPTERS/05-Two-Dimensions-and-Beyond.md:L169-170[U001031],■ **Visualization.** The pictures below show the 2D position of the head at 500 successive steps for the rules on page 185.,RESOLVED
L0989,B0989,BACK-MATTER/NOTES/05-Two-Dimensions-and-Beyond-Notes.md:L215-217[U006143],■ **Rules based on turning.** The rules used in the main text specify the displacement of the head at each step in terms of fixed directions in the underlying grid. An alternative…,RESOLVED
L0990,B0990,BACK-MATTER/NOTES/05-Two-Dimensions-and-Beyond-Notes.md:L585-588[U006276],■ **Non-deterministic systems.** Multiway systems are examples of what are often in computer science called nondeterministic systems. The general idea of a nondeterministic system…,RESOLVED
L0991,B0991,BACK-MATTER/NOTES/05-Two-Dimensions-and-Beyond-Notes.md:L229-230[U006147];BACK-MATTER/NOTES/05-Two-Dimensions-and-Beyond-Notes.md:L231-235[U006148];BACK-MATTER/NOTES/05-Two-Dimensions-and-Beyond-Notes.md:L236-237[U006149],"■ **Connection with digit sequences.** Just as in the 1D case discussed on page 891, the color of a cell at position {i, j} in a 2D substitution system can be determined using a f…",RESOLVED
L0992,B0992,BACK-MATTER/NOTES/05-Two-Dimensions-and-Beyond-Notes.md:L306-307[U006182],"This pattern can be viewed as generalizations of the pattern generated by the 1D Fibonacci substitution system (c) on page 83. As discussed on page 903, this 1D sequence can be ob…",RESOLVED
L0993,B0993,BACK-MATTER/NOTES/05-Two-Dimensions-and-Beyond-Notes.md:L308-309[U006183],"In general, projections onto any regular lattice in any number of dimensions from hyperplanes with any quadratic irrational slopes will yield nested patterns that can be generated…",RESOLVED
L0994,B0994,BACK-MATTER/NOTES/05-Two-Dimensions-and-Beyond-Notes.md:L328-329[U006190];BACK-MATTER/NOTES/05-Two-Dimensions-and-Beyond-Notes.md:L330-331[U006191],■ **Visualization.** The 3D pictures below show successive steps in the evolution of each of the geometric substitution systems from the main text,RESOLVED
L0995,B0995,BACK-MATTER/NOTES/05-Two-Dimensions-and-Beyond-Notes.md:L335-337[U006193];BACK-MATTER/NOTES/05-Two-Dimensions-and-Beyond-Notes.md:L338-339[U006194];BACK-MATTER/NOTES/05-Two-Dimensions-and-Beyond-Notes.md:L340-341[U006195],■ **Complex maps.** Many kinds of nonlinear transformations on complex numbers yield nested patterns. Sets of so-called Möbius transformations of the form $z \rightarrow (az + b)/…,RESOLVED
L0996,B0996,BACK-MATTER/NOTES/05-Two-Dimensions-and-Beyond-Notes.md:L342-343[U006196],"Fractal dimensions characterize some aspects of nested patterns, but patterns with the same dimension can often look very different. One approach to getting better characterizatio…",RESOLVED
L0997,B0997,BACK-MATTER/NOTES/05-Two-Dimensions-and-Beyond-Notes.md:L354-355[U006202];BACK-MATTER/NOTES/05-Two-Dimensions-and-Beyond-Notes.md:L356-357[U006203];BACK-MATTER/NOTES/05-Two-Dimensions-and-Beyond-Notes.md:L358-359[U006204],"On pages 407 and 1006 I discuss parameter space sets that are somewhat analogous to the Mandelbrot set, but whose properties are in many respects much clearer. And from this discu…",RESOLVED
L0998,B0998,BACK-MATTER/NOTES/05-Two-Dimensions-and-Beyond-Notes.md:L356-357[U006203];BACK-MATTER/NOTES/05-Two-Dimensions-and-Beyond-Notes.md:L358-359[U006204],"The set of values of c for which it does corresponds exactly to the boundary of the Mandelbrot set. The pictures below show a generalization of this idea, in which gray level indi…",RESOLVED
L0999,B0999,BACK-MATTER/NOTES/05-Two-Dimensions-and-Beyond-Notes.md:L562-563[U006267],■ **Formal languages.** The multiway systems that I discuss are similar to so-called generative grammars in the theory of formal languages. The idea of a generative grammar is tha…,RESOLVED
L1000,B1000,BACK-MATTER/NOTES/05-Two-Dimensions-and-Beyond-Notes.md:L574-578[U006273];BACK-MATTER/NOTES/05-Two-Dimensions-and-Beyond-Notes.md:L579-582[U006274];BACK-MATTER/NOTES/05-Two-Dimensions-and-Beyond-Notes.md:L583-584[U006275],■ **Multidimensional multiway systems.** As a generalization of multiway systems based on 1D strings one can consider systems in which rules operate on arbitrary blocks of element…,RESOLVED
L1001,B1001,BACK-MATTER/NOTES/05-Two-Dimensions-and-Beyond-Notes.md:L663-664[U006301];BACK-MATTER/NOTES/05-Two-Dimensions-and-Beyond-Notes.md:L665-672[U006302];BACK-MATTER/NOTES/05-Two-Dimensions-and-Beyond-Notes.md:L673-674[U006303];BACK-MATTER/NOTES/05-Two-Dimensions-and-Beyond-Notes.md:L675-676[U006304],■ **Forcing nested patterns.** It is straightforward to find constraints that allow nested patterns; the challenge is to find ones that force such patterns to occur. Many nested p…,RESOLVED
L1002,B1002,BACK-MATTER/NOTES/05-Two-Dimensions-and-Beyond-Notes.md:L663-664[U006301];BACK-MATTER/NOTES/05-Two-Dimensions-and-Beyond-Notes.md:L665-672[U006302];BACK-MATTER/NOTES/05-Two-Dimensions-and-Beyond-Notes.md:L673-674[U006303],■ **Forcing nested patterns.** It is straightforward to find constraints that allow nested patterns; the challenge is to find ones that force such patterns to occur. Many nested p…,RESOLVED
L1003,B1003,BACK-MATTER/NOTES/05-Two-Dimensions-and-Beyond-Notes.md:L704-708[U006318];BACK-MATTER/NOTES/05-Two-Dimensions-and-Beyond-Notes.md:L709-713[U006319],■ **Ground states of spin systems.** The constraints discussed in the main text are similar to those that arise in the physics of 2D spin systems. An example of such a system is t…,RESOLVED
L1004,B1004,BACK-MATTER/NOTES/05-Two-Dimensions-and-Beyond-Notes.md:L704-708[U006318],■ **Ground states of spin systems.** The constraints discussed in the main text are similar to those that arise in the physics of 2D spin systems. An example of such a system is t…,RESOLVED
L1005,B1005,CHAPTERS/05-Two-Dimensions-and-Beyond.md:L289-290[U001091];CHAPTERS/05-Two-Dimensions-and-Beyond.md:L291-292[U001092];CHAPTERS/05-Two-Dimensions-and-Beyond.md:L293-294[U001093];CHAPTERS/05-Two-Dimensions-and-Beyond.md:L295-296[U001094];BACK-MATTER/NOTES/05-Two-Dimensions-and-Beyond-Notes.md:L433-434[U006225],"But to see the effect of any such rules, one must first find a uniform way of displaying the networks that can be produced. The pictures at the top of the next page show one possi…",RESOLVED
L1006,B1006,CHAPTERS/05-Two-Dimensions-and-Beyond.md:L331-332[U001112];CHAPTERS/05-Two-Dimensions-and-Beyond.md:L335-336[U001114];CHAPTERS/05-Two-Dimensions-and-Beyond.md:L337-338[U001115],"With such rules, the sequence of networks obtained no longer needs to form any kind of simple progression, and indeed one finds that even the total number of nodes at each step ca…",WEAK
L1007,B1007,BACK-MATTER/NOTES/05-Two-Dimensions-and-Beyond-Notes.md:L320-321[U006187];BACK-MATTER/NOTES/05-Two-Dimensions-and-Beyond-Notes.md:L322-325[U006188];BACK-MATTER/NOTES/05-Two-Dimensions-and-Beyond-Notes.md:L326-327[U006189],■ **Connection with digit sequences.** Patterns after t steps can be viewed as containing all t-digit integers in an appropriate complex base. Thus the patterns on page 189 can be…,RESOLVED
L1008,B1008,BACK-MATTER/NOTES/05-Two-Dimensions-and-Beyond-Notes.md:L377-378[U006211];BACK-MATTER/NOTES/05-Two-Dimensions-and-Beyond-Notes.md:L379-383[U006212],"■ **Implementation.** The nodes in a network system can conveniently be labelled by numbers 1, 2, ... n, and the network obtained at a particular step can be represented by a list…",WEAK
L1009,B1009,BACK-MATTER/NOTES/05-Two-Dimensions-and-Beyond-Notes.md:L384-385[U006213];BACK-MATTER/NOTES/05-Two-Dimensions-and-Beyond-Notes.md:L386-389[U006214],"With above connections represented as 1 and the below connections as 2, the node reached by following a succession s of connections from node i is given by",WEAK
L1010,B1010,BACK-MATTER/NOTES/05-Two-Dimensions-and-Beyond-Notes.md:L390-391[U006215];BACK-MATTER/NOTES/05-Two-Dimensions-and-Beyond-Notes.md:L392-397[U006216],The total number of distinct nodes reached by following all possible succession of connections up to length *d* is given by,WEAK
L1011,B1011,BACK-MATTER/NOTES/05-Two-Dimensions-and-Beyond-Notes.md:L411-412[U006219];BACK-MATTER/NOTES/05-Two-Dimensions-and-Beyond-Notes.md:L413-417[U006220],The set of nodes that can be reached from node *i* is given by,WEAK
L1012,B1012,BACK-MATTER/NOTES/05-Two-Dimensions-and-Beyond-Notes.md:L418-419[U006221];BACK-MATTER/NOTES/05-Two-Dimensions-and-Beyond-Notes.md:L420-424[U006222],and disconnected nodes can be removed using,WEAK
L1013,B1013,BACK-MATTER/NOTES/05-Two-Dimensions-and-Beyond-Notes.md:L438-440[U006227];BACK-MATTER/NOTES/05-Two-Dimensions-and-Beyond-Notes.md:L441-452[U006228],■ **Page 199 · Computer science.** The networks discussed here can be thought of as very simple analogs of data structures in practical computer programs. The connections correspo…,WEAK
L1014,B1014,BACK-MATTER/NOTES/05-Two-Dimensions-and-Beyond-Notes.md:L470-471[U006234];BACK-MATTER/NOTES/05-Two-Dimensions-and-Beyond-Notes.md:L472-473[U006235],"■ **Dimensionality of networks.** As discussed on page 479, if a sufficiently large network has a *d*-dimensional form, then by following r connections in succession from a given…",RESOLVED
L1015,B1015,BACK-MATTER/NOTES/05-Two-Dimensions-and-Beyond-Notes.md:L554-555[U006263],"Given a particular representation of a group or semigroup in terms of rules for a multiway system, an object that is often useful is the so-called Cayley graph—a network where eac…",RESOLVED
L1016,B1016,BACK-MATTER/NOTES/05-Two-Dimensions-and-Beyond-Notes.md:L554-555[U006263],"Given a particular representation of a group or semigroup in terms of rules for a multiway system, an object that is often useful is the so-called Cayley graph—a network where eac…",RESOLVED
L1017,B1017,BACK-MATTER/NOTES/05-Two-Dimensions-and-Beyond-Notes.md:L554-555[U006263],"Given a particular representation of a group or semigroup in terms of rules for a multiway system, an object that is often useful is the so-called Cayley graph—a network where eac…",RESOLVED
L1018,B1018,CHAPTERS/05-Two-Dimensions-and-Beyond.md:L379-380[U001134],"Examples of simple multiway systems. The number of distinct sequences at step $t$ in these three systems is respectively $\operatorname{Ceiling}[t/2]$, $t$ and $\operatorname{Fibo…",RESOLVED
L1019,B1019,CHAPTERS/05-Two-Dimensions-and-Beyond.md:L379-380[U001134],"Examples of simple multiway systems. The number of distinct sequences at step $t$ in these three systems is respectively $\operatorname{Ceiling}[t/2]$, $t$ and $\operatorname{Fibo…",RESOLVED
L1020,B1020,CHAPTERS/05-Two-Dimensions-and-Beyond.md:L379-380[U001134],"Examples of simple multiway systems. The number of distinct sequences at step $t$ in these three systems is respectively $\operatorname{Ceiling}[t/2]$, $t$ and $\operatorname{Fibo…",RESOLVED
L1021,B1021,CHAPTERS/05-Two-Dimensions-and-Beyond.md:L405-406[U001147],The collections of states generated on successive steps by a simple multiway system with rapid growth shown on page 205. The particular rule used here eventually generates all sta…,WEAK
L1022,B1022,CHAPTERS/05-Two-Dimensions-and-Beyond.md:L405-406[U001147],The collections of states generated on successive steps by a simple multiway system with rapid growth shown on page 205. The particular rule used here eventually generates all sta…,WEAK
L1023,B1023,BACK-MATTER/NOTES/05-Two-Dimensions-and-Beyond-Notes.md:L548-551[U006261];BACK-MATTER/NOTES/05-Two-Dimensions-and-Beyond-Notes.md:L552-553[U006262],"■ **Frequency of behavior.** Among multiway systems with randomly chosen rules, one finds about equal numbers that grow rapidly and die out completely. A few percent exhibit repet…",WEAK
L1024,B1024,BACK-MATTER/NOTES/05-Two-Dimensions-and-Beyond-Notes.md:L556-557[U006264],"For some sets of underlying rules, the total number of distinct elements in a group or semigroup is finite. (Compare page 945.) A major mathematical achievement in the 1980s was t…",WEAK
L1025,B1025,BACK-MATTER/NOTES/05-Two-Dimensions-and-Beyond-Notes.md:L556-557[U006264];BACK-MATTER/NOTES/05-Two-Dimensions-and-Beyond-Notes.md:L558-559[U006265],"For some sets of underlying rules, the total number of distinct elements in a group or semigroup is finite. (Compare page 945.) A major mathematical achievement in the 1980s was t…",WEAK
L1026,B1026,BACK-MATTER/NOTES/05-Two-Dimensions-and-Beyond-Notes.md:L562-563[U006267];BACK-MATTER/NOTES/05-Two-Dimensions-and-Beyond-Notes.md:L564-565[U006268],■ **Formal languages.** The multiway systems that I discuss are similar to so-called generative grammars in the theory of formal languages. The idea of a generative grammar is tha…,RESOLVED
L1027,B1027,BACK-MATTER/NOTES/05-Two-Dimensions-and-Beyond-Notes.md:L562-563[U006267];BACK-MATTER/NOTES/05-Two-Dimensions-and-Beyond-Notes.md:L566-567[U006269],■ **Formal languages.** The multiway systems that I discuss are similar to so-called generative grammars in the theory of formal languages. The idea of a generative grammar is tha…,RESOLVED
L1028,B1028,BACK-MATTER/NOTES/05-Two-Dimensions-and-Beyond-Notes.md:L562-563[U006267];BACK-MATTER/NOTES/05-Two-Dimensions-and-Beyond-Notes.md:L568-569[U006270],■ **Formal languages.** The multiway systems that I discuss are similar to so-called generative grammars in the theory of formal languages. The idea of a generative grammar is tha…,RESOLVED
L1029,B1029,BACK-MATTER/NOTES/05-Two-Dimensions-and-Beyond-Notes.md:L751-753[U006336];BACK-MATTER/NOTES/05-Two-Dimensions-and-Beyond-Notes.md:L754-755[U006337],"■ **Matrices satisfying constraints.** One can consider for example magic squares, Latin squares (quasigroup multiplication tables), and matrices having the Hadamard property disc…",RESOLVED
L1030,B1030,CHAPTERS/05-Two-Dimensions-and-Beyond.md:L477-478[U001183];CHAPTERS/05-Two-Dimensions-and-Beyond.md:L479-480[U001184];CHAPTERS/05-Two-Dimensions-and-Beyond.md:L481-482[U001185];CHAPTERS/05-Two-Dimensions-and-Beyond.md:L483-484[U001186];CHAPTERS/05-Two-Dimensions-and-Beyond.md:L485-486[U001187],![](_page_228_Figure_5.jpeg),RESOLVED
L1031,B1031,CHAPTERS/05-Two-Dimensions-and-Beyond.md:L535-536[U001212],"There are altogether 137,438,953,472 constraints of the type shown on page 216. And of the millions of these that I have tested, none have forced anything more complicated than th…",WEAK
L1032,B1032,BACK-MATTER/NOTES/05-Two-Dimensions-and-Beyond-Notes.md:L597-598[U006281],■ **Linear and nonlinear systems.** A vast number of different applications of traditional mathematics are ultimately based on linear equations of the form `u == m . v` where *u*…,WEAK
L1033,B1033,BACK-MATTER/NOTES/05-Two-Dimensions-and-Beyond-Notes.md:L597-598[U006281],■ **Linear and nonlinear systems.** A vast number of different applications of traditional mathematics are ultimately based on linear equations of the form `u == m . v` where *u*…,WEAK
L1034,B1034,BACK-MATTER/NOTES/05-Two-Dimensions-and-Beyond-Notes.md:L597-598[U006281],■ **Linear and nonlinear systems.** A vast number of different applications of traditional mathematics are ultimately based on linear equations of the form `u == m . v` where *u*…,WEAK
L1035,B1035,BACK-MATTER/NOTES/05-Two-Dimensions-and-Beyond-Notes.md:L610-611[U006286];BACK-MATTER/NOTES/05-Two-Dimensions-and-Beyond-Notes.md:L612-613[U006287];BACK-MATTER/NOTES/05-Two-Dimensions-and-Beyond-Notes.md:L614-616[U006288],"■ **Numbering scheme.** The constraint numbered *n* allows the templates at `Position[IntegerDigits[n, 2, 32], 1]` in the list below. (See also page 927.)",WEAK
L1036,B1036,BACK-MATTER/NOTES/05-Two-Dimensions-and-Beyond-Notes.md:L614-616[U006288];BACK-MATTER/NOTES/05-Two-Dimensions-and-Beyond-Notes.md:L617-622[U006289],"■ **Identifying the 171 patterns.** The number of constraints to consider can be reduced by symmetries, by discarding sets of templates that are supersets of ones already known to…",WEAK
L1037,B1037,BACK-MATTER/NOTES/05-Two-Dimensions-and-Beyond-Notes.md:L623-624[U006290];BACK-MATTER/NOTES/05-Two-Dimensions-and-Beyond-Notes.md:L625-628[U006291],■ **Representing repetitive patterns.** Repetitive patterns are often most conveniently represented as tessellations of rectangles whose corners overlap. Pattern (a) on page 213 c…,RESOLVED
L1038,B1038,BACK-MATTER/NOTES/05-Two-Dimensions-and-Beyond-Notes.md:L743-744[U006332],"The pictures below show the possible solutions for *x* and *y* in various Diophantine equations. As in other systems based on numbers, nested patterns are not common—though page 1…",RESOLVED
L1039,B1039,BACK-MATTER/NOTES/05-Two-Dimensions-and-Beyond-Notes.md:L743-744[U006332],"The pictures below show the possible solutions for *x* and *y* in various Diophantine equations. As in other systems based on numbers, nested patterns are not common—though page 1…",RESOLVED
L1040,B1040,BACK-MATTER/NOTES/05-Two-Dimensions-and-Beyond-Notes.md:L595-596[U006280],"Given a partial differential equation with initial or boundary values, there is then the question of solving it. To do this on a computer requires constructing a discrete approxim…",WEAK
L1041,B1041,BACK-MATTER/NOTES/05-Two-Dimensions-and-Beyond-Notes.md:L696-697[U006314];BACK-MATTER/NOTES/05-Two-Dimensions-and-Beyond-Notes.md:L700-701[U006316];BACK-MATTER/NOTES/05-Two-Dimensions-and-Beyond-Notes.md:L702-703[U006317],■ **Polyominoes.** An example of a tiling problem that is in some respects particularly close to the grid-based constraint systems discussed in the main text concerns covering the…,RESOLVED
L1042,B1042,BACK-MATTER/NOTES/05-Two-Dimensions-and-Beyond-Notes.md:L727-728[U006326];BACK-MATTER/NOTES/05-Two-Dimensions-and-Beyond-Notes.md:L729-734[U006327];BACK-MATTER/NOTES/05-Two-Dimensions-and-Beyond-Notes.md:L735-736[U006328];BACK-MATTER/NOTES/05-Two-Dimensions-and-Beyond-Notes.md:L737-738[U006329],Even the simplest quadratic Diophantine equations can already show much more complex behavior. The equation `x^2 == a y^2` has no solution except when a is a perfect square. But t…,RESOLVED
L1043,B1043,BACK-MATTER/NOTES/05-Two-Dimensions-and-Beyond-Notes.md:L727-728[U006326],Even the simplest quadratic Diophantine equations can already show much more complex behavior. The equation `x^2 == a y^2` has no solution except when a is a perfect square. But t…,RESOLVED
L1044,B1044,BACK-MATTER/NOTES/05-Two-Dimensions-and-Beyond-Notes.md:L739-740[U006330];BACK-MATTER/NOTES/05-Two-Dimensions-and-Beyond-Notes.md:L741-742[U006331],"In three variables, the equation `x^2 + y^2 == z^2` yields so-called Pythagorean triples {3, 4, 5}, {5, 12, 13}, etc. And even in this case the set of possible solutions for x and…",RESOLVED
L1045,B1045,CHAPTERS/05-Two-Dimensions-and-Beyond.md:L45-46[U000969];CHAPTERS/05-Two-Dimensions-and-Beyond.md:L47-48[U000970];CHAPTERS/05-Two-Dimensions-and-Beyond.md:L49-50[U000971];CHAPTERS/05-Two-Dimensions-and-Beyond.md:L99-100[U000996];CHAPTERS/05-Two-Dimensions-and-Beyond.md:L101-102[U000997],"The patterns produced in this case no longer have a simple geometrical form, but instead often exhibit an intricate structure somewhat reminiscent of a snowflake. Yet despite this…",WEAK
L1046,B1046,CHAPTERS/05-Two-Dimensions-and-Beyond.md:L229-230[U001061];BACK-MATTER/NOTES/05-Two-Dimensions-and-Beyond-Notes.md:L368-369[U006208],So how can this be generalized to higher dimensions? On a two-dimensional grid one can certainly imagine snaking backwards and forwards or spiralling outwards to scan all the elem…,RESOLVED
L1047,B1047,CHAPTERS/05-Two-Dimensions-and-Beyond.md:L371-372[U001130];CHAPTERS/05-Two-Dimensions-and-Beyond.md:L379-380[U001134];CHAPTERS/05-Two-Dimensions-and-Beyond.md:L381-382[U001135];CHAPTERS/05-Two-Dimensions-and-Beyond.md:L387-388[U001138];CHAPTERS/05-Two-Dimensions-and-Beyond.md:L389-390[U001139];BACK-MATTER/NOTES/05-Two-Dimensions-and-Beyond-Notes.md:L536-537[U006255],The pictures below show what happens with some very simple rules. In each of these examples the behavior turns out to be rather simple—with for example the number of possible sequ…,RESOLVED
L1048,B1048,BACK-MATTER/NOTES/05-Two-Dimensions-and-Beyond-Notes.md:L10-11[U006080];BACK-MATTER/NOTES/05-Two-Dimensions-and-Beyond-Notes.md:L12-15[U006081],■ **Implementation.** An *n*×*n* array of white squares with a single black square in the middle can be generated by,RESOLVED
L1049,B1049,BACK-MATTER/NOTES/05-Two-Dimensions-and-Beyond-Notes.md:L238-239[U006150];BACK-MATTER/NOTES/05-Two-Dimensions-and-Beyond-Notes.md:L240[U006151],■ **Page 187 · Sierpiński pattern.** Other ways to generate step *n* of the pattern shown here in various orientations include:,RESOLVED
L1050,B1050,BACK-MATTER/NOTES/05-Two-Dimensions-and-Beyond-Notes.md:L238-239[U006150];BACK-MATTER/NOTES/05-Two-Dimensions-and-Beyond-Notes.md:L241[U006152],■ **Page 187 · Sierpiński pattern.** Other ways to generate step *n* of the pattern shown here in various orientations include:,RESOLVED
L1051,B1051,BACK-MATTER/NOTES/05-Two-Dimensions-and-Beyond-Notes.md:L238-239[U006150];BACK-MATTER/NOTES/05-Two-Dimensions-and-Beyond-Notes.md:L242[U006153],■ **Page 187 · Sierpiński pattern.** Other ways to generate step *n* of the pattern shown here in various orientations include:,RESOLVED
L1052,B1052,BACK-MATTER/NOTES/05-Two-Dimensions-and-Beyond-Notes.md:L238-239[U006150];BACK-MATTER/NOTES/05-Two-Dimensions-and-Beyond-Notes.md:L243[U006154],■ **Page 187 · Sierpiński pattern.** Other ways to generate step *n* of the pattern shown here in various orientations include:,RESOLVED
L1053,B1053,BACK-MATTER/NOTES/05-Two-Dimensions-and-Beyond-Notes.md:L238-239[U006150];BACK-MATTER/NOTES/05-Two-Dimensions-and-Beyond-Notes.md:L244[U006155],■ **Page 187 · Sierpiński pattern.** Other ways to generate step *n* of the pattern shown here in various orientations include:,RESOLVED
L1054,B1054,BACK-MATTER/NOTES/05-Two-Dimensions-and-Beyond-Notes.md:L238-239[U006150];BACK-MATTER/NOTES/05-Two-Dimensions-and-Beyond-Notes.md:L245[U006156],■ **Page 187 · Sierpiński pattern.** Other ways to generate step *n* of the pattern shown here in various orientations include:,RESOLVED
L1055,B1055,BACK-MATTER/NOTES/05-Two-Dimensions-and-Beyond-Notes.md:L238-239[U006150];BACK-MATTER/NOTES/05-Two-Dimensions-and-Beyond-Notes.md:L246[U006157],■ **Page 187 · Sierpiński pattern.** Other ways to generate step *n* of the pattern shown here in various orientations include:,RESOLVED
L1056,B1056,BACK-MATTER/NOTES/05-Two-Dimensions-and-Beyond-Notes.md:L238-239[U006150];BACK-MATTER/NOTES/05-Two-Dimensions-and-Beyond-Notes.md:L247[U006158],■ **Page 187 · Sierpiński pattern.** Other ways to generate step *n* of the pattern shown here in various orientations include:,RESOLVED
L1057,B1057,BACK-MATTER/NOTES/05-Two-Dimensions-and-Beyond-Notes.md:L238-239[U006150];BACK-MATTER/NOTES/05-Two-Dimensions-and-Beyond-Notes.md:L248-249[U006159],■ **Page 187 · Sierpiński pattern.** Other ways to generate step *n* of the pattern shown here in various orientations include:,RESOLVED
L1058,B1058,BACK-MATTER/NOTES/05-Two-Dimensions-and-Beyond-Notes.md:L238-239[U006150];BACK-MATTER/NOTES/05-Two-Dimensions-and-Beyond-Notes.md:L250-251[U006160];BACK-MATTER/NOTES/05-Two-Dimensions-and-Beyond-Notes.md:L252[U006161],■ **Page 187 · Sierpiński pattern.** Other ways to generate step *n* of the pattern shown here in various orientations include:,RESOLVED
L1059,B1059,BACK-MATTER/NOTES/05-Two-Dimensions-and-Beyond-Notes.md:L238-239[U006150];BACK-MATTER/NOTES/05-Two-Dimensions-and-Beyond-Notes.md:L250-251[U006160];BACK-MATTER/NOTES/05-Two-Dimensions-and-Beyond-Notes.md:L253[U006162],■ **Page 187 · Sierpiński pattern.** Other ways to generate step *n* of the pattern shown here in various orientations include:,RESOLVED
L1060,B1060,BACK-MATTER/NOTES/05-Two-Dimensions-and-Beyond-Notes.md:L238-239[U006150];BACK-MATTER/NOTES/05-Two-Dimensions-and-Beyond-Notes.md:L250-251[U006160];BACK-MATTER/NOTES/05-Two-Dimensions-and-Beyond-Notes.md:L254[U006163],■ **Page 187 · Sierpiński pattern.** Other ways to generate step *n* of the pattern shown here in various orientations include:,RESOLVED
L1061,B1061,BACK-MATTER/NOTES/05-Two-Dimensions-and-Beyond-Notes.md:L238-239[U006150];BACK-MATTER/NOTES/05-Two-Dimensions-and-Beyond-Notes.md:L250-251[U006160];BACK-MATTER/NOTES/05-Two-Dimensions-and-Beyond-Notes.md:L255[U006164],■ **Page 187 · Sierpiński pattern.** Other ways to generate step *n* of the pattern shown here in various orientations include:,RESOLVED
L1062,B1062,BACK-MATTER/NOTES/05-Two-Dimensions-and-Beyond-Notes.md:L238-239[U006150];BACK-MATTER/NOTES/05-Two-Dimensions-and-Beyond-Notes.md:L250-251[U006160];BACK-MATTER/NOTES/05-Two-Dimensions-and-Beyond-Notes.md:L256-257[U006165],■ **Page 187 · Sierpiński pattern.** Other ways to generate step *n* of the pattern shown here in various orientations include:,RESOLVED
L1063,B1063,BACK-MATTER/NOTES/05-Two-Dimensions-and-Beyond-Notes.md:L290-291[U006177],"The second example involves two distinct shapes: a square and a GoldenRatio aspect ratio rectangle. Labelling each shape and orientation with a different color, the behavior of th…",RESOLVED
L1064,B1064,BACK-MATTER/NOTES/05-Two-Dimensions-and-Beyond-Notes.md:L486-487[U006240];BACK-MATTER/NOTES/05-Two-Dimensions-and-Beyond-Notes.md:L494-502[U006243];BACK-MATTER/NOTES/05-Two-Dimensions-and-Beyond-Notes.md:L527-528[U006252],"■ **Implementation.** It is convenient to represent the state of a multiway system at each step by a list of strings, where an individual string is for example ""ABBAAB"". The rules…",WEAK
L1065,B1065,BACK-MATTER/NOTES/05-Two-Dimensions-and-Beyond-Notes.md:L527-528[U006252],"If there was no merging, then if a typical state yielded more than one new state, then inevitably the total number of states would increase exponentially. But when there is mergin…",SERIOUS
L1066,B1066,BACK-MATTER/NOTES/05-Two-Dimensions-and-Beyond-Notes.md:L538-539[U006256];BACK-MATTER/NOTES/05-Two-Dimensions-and-Beyond-Notes.md:L540-541[U006257],"The pictures below show in stacked form (as on page 208) all sequences generated at various steps of evolution. Note that after just a few steps, the sequences produced always see…",RESOLVED
L1067,B1067,BACK-MATTER/NOTES/05-Two-Dimensions-and-Beyond-Notes.md:L542-543[U006258];BACK-MATTER/NOTES/05-Two-Dimensions-and-Beyond-Notes.md:L544-545[U006259],In analogy with page 796 the picture below shows wh different strings with lengths up to 10 are reached in the evolution of the system.,RESOLVED
L1068,B1068,BACK-MATTER/NOTES/05-Two-Dimensions-and-Beyond-Notes.md:L629-630[U006292];BACK-MATTER/NOTES/05-Two-Dimensions-and-Beyond-Notes.md:L631-639[U006293],"Given this, a complete *n*<sub>x</sub> by *n*<sub>y</sub> array filled with this pattern can be constructed from",WEAK
L1069,B1069,BACK-MATTER/NOTES/05-Two-Dimensions-and-Beyond-Notes.md:L704-708[U006318];BACK-MATTER/NOTES/05-Two-Dimensions-and-Beyond-Notes.md:L709-713[U006319];BACK-MATTER/NOTES/05-Two-Dimensions-and-Beyond-Notes.md:L714-715[U006320];BACK-MATTER/NOTES/05-Two-Dimensions-and-Beyond-Notes.md:L716-717[U006321];BACK-MATTER/NOTES/05-Two-Dimensions-and-Beyond-Notes.md:L718-719[U006322],■ **Ground states of spin systems.** The constraints discussed in the main text are similar to those that arise in the physics of 2D spin systems. An example of such a system is t…,RESOLVED
L1070,B1070,CHAPTERS/06-Starting-from-Randomness.md:L9-10[U001227];CHAPTERS/06-Starting-from-Randomness.md:L187-188[U001316];CHAPTERS/06-Starting-from-Randomness.md:L203-204[U001324];CHAPTERS/06-Starting-from-Randomness.md:L217-218[U001331];CHAPTERS/06-Starting-from-Randomness.md:L221-222[U001333];CHAPTERS/06-Starting-from-Randomness.md:L389-390[U001416];CHAPTERS/06-Starting-from-Randomness.md:L399-400[U001421],"My purpose in this chapter is to go to the opposite extreme, and to consider completely random initial conditions, in which, for example, every cell is chosen to be black or white…",RESOLVED
L1071,B1071,CHAPTERS/06-Starting-from-Randomness.md:L13-14[U001229];CHAPTERS/06-Starting-from-Randomness.md:L17-18[U001231];CHAPTERS/06-Starting-from-Randomness.md:L19-20[U001232];CHAPTERS/06-Starting-from-Randomness.md:L21-22[U001233],"The picture at the top of the next page shows as a simple first example a cellular automaton which starts from a typical random initial condition, then evolves down the page accor…",RESOLVED
L1072,B1072,CHAPTERS/06-Starting-from-Randomness.md:L25-26[U001235];CHAPTERS/06-Starting-from-Randomness.md:L27-28[U001236],![](_page_239_Picture_5.jpeg),RESOLVED
L1073,B1073,CHAPTERS/06-Starting-from-Randomness.md:L33-34[U001239];CHAPTERS/06-Starting-from-Randomness.md:L35-36[U001240];CHAPTERS/06-Starting-from-Randomness.md:L527-528[U001485];CHAPTERS/06-Starting-from-Randomness.md:L529-530[U001486],![](_page_240_Figure_2.jpeg),RESOLVED
L1074,B1074,CHAPTERS/06-Starting-from-Randomness.md:L39-40[U001242];CHAPTERS/06-Starting-from-Randomness.md:L41-42[U001243];CHAPTERS/06-Starting-from-Randomness.md:L43-44[U001244];CHAPTERS/06-Starting-from-Randomness.md:L431-432[U001437];CHAPTERS/06-Starting-from-Randomness.md:L433-434[U001438];CHAPTERS/06-Starting-from-Randomness.md:L435-436[U001439],![](_page_241_Picture_2.jpeg),RESOLVED
L1075,B1075,CHAPTERS/06-Starting-from-Randomness.md:L45-46[U001245];CHAPTERS/06-Starting-from-Randomness.md:L369-370[U001406];CHAPTERS/06-Starting-from-Randomness.md:L371-372[U001407];CHAPTERS/06-Starting-from-Randomness.md:L375-376[U001409];CHAPTERS/06-Starting-from-Randomness.md:L377-378[U001410];CHAPTERS/06-Starting-from-Randomness.md:L397-398[U001420];CHAPTERS/06-Starting-from-Randomness.md:L399-400[U001421];CHAPTERS/06-Starting-from-Randomness.md:L457-458[U001450],![](_page_242_Figure_2.jpeg),RESOLVED
L1076,B1076,CHAPTERS/06-Starting-from-Randomness.md:L47-48[U001246];CHAPTERS/06-Starting-from-Randomness.md:L357-358[U001400];CHAPTERS/06-Starting-from-Randomness.md:L359-360[U001401];CHAPTERS/06-Starting-from-Randomness.md:L361-362[U001402];CHAPTERS/06-Starting-from-Randomness.md:L407-408[U001425];CHAPTERS/06-Starting-from-Randomness.md:L409-410[U001426];CHAPTERS/06-Starting-from-Randomness.md:L411-412[U001427];CHAPTERS/06-Starting-from-Randomness.md:L413-414[U001428];CHAPTERS/06-Starting-from-Randomness.md:L415-416[U001429];CHAPTERS/06-Starting-from-Randomness.md:L417-418[U001430];CHAPTERS/06-Starting-from-Randomness.md:L419-420[U001431];CHAPTERS/06-Starting-from-Randomness.md:L427-428[U001435];CHAPTERS/06-Starting-from-Randomness.md:L437-438[U001440];CHAPTERS/06-Starting-from-Randomness.md:L439-440[U001441],![](_page_242_Rule_30.jpeg),RESOLVED
L1077,B1077,CHAPTERS/06-Starting-from-Randomness.md:L49-50[U001247];CHAPTERS/06-Starting-from-Randomness.md:L477-478[U001460];CHAPTERS/06-Starting-from-Randomness.md:L479-480[U001461];CHAPTERS/06-Starting-from-Randomness.md:L481-482[U001462];CHAPTERS/06-Starting-from-Randomness.md:L483-484[U001463];CHAPTERS/06-Starting-from-Randomness.md:L485-486[U001464],![](_page_242_Picture_4.jpeg),RESOLVED
L1078,B1078,CHAPTERS/06-Starting-from-Randomness.md:L51-52[U001248],![](_page_242_Picture_5.jpeg),RESOLVED
L1079,B1079,CHAPTERS/06-Starting-from-Randomness.md:L55-56[U001250];CHAPTERS/06-Starting-from-Randomness.md:L383-384[U001413];CHAPTERS/06-Starting-from-Randomness.md:L385-386[U001414];CHAPTERS/06-Starting-from-Randomness.md:L397-398[U001420];CHAPTERS/06-Starting-from-Randomness.md:L399-400[U001421];CHAPTERS/06-Starting-from-Randomness.md:L449-450[U001446];CHAPTERS/06-Starting-from-Randomness.md:L451-452[U001447];CHAPTERS/06-Starting-from-Randomness.md:L453-454[U001448];CHAPTERS/06-Starting-from-Randomness.md:L457-458[U001450];CHAPTERS/06-Starting-from-Randomness.md:L467-468[U001455];CHAPTERS/06-Starting-from-Randomness.md:L469-470[U001456];CHAPTERS/06-Starting-from-Randomness.md:L471-472[U001457];CHAPTERS/06-Starting-from-Randomness.md:L473-474[U001458];CHAPTERS/06-Starting-from-Randomness.md:L483-484[U001463];CHAPTERS/06-Starting-from-Randomness.md:L485-486[U001464],![](_page_243_Picture_1.jpeg),RESOLVED
L1080,B1080,CHAPTERS/06-Starting-from-Randomness.md:L55-56[U001250],![](_page_243_Picture_1.jpeg),RESOLVED
L1081,B1081,CHAPTERS/06-Starting-from-Randomness.md:L63-64[U001254];CHAPTERS/06-Starting-from-Randomness.md:L65-66[U001255];CHAPTERS/06-Starting-from-Randomness.md:L67-68[U001256];CHAPTERS/06-Starting-from-Randomness.md:L69-70[U001257];CHAPTERS/06-Starting-from-Randomness.md:L275-276[U001359];CHAPTERS/06-Starting-from-Randomness.md:L277-278[U001360];CHAPTERS/06-Starting-from-Randomness.md:L279-280[U001361];CHAPTERS/06-Starting-from-Randomness.md:L281-282[U001362];CHAPTERS/06-Starting-from-Randomness.md:L671-672[U001557];CHAPTERS/06-Starting-from-Randomness.md:L673-674[U001558];CHAPTERS/06-Starting-from-Randomness.md:L677-678[U001560];CHAPTERS/06-Starting-from-Randomness.md:L679-680[U001561];CHAPTERS/06-Starting-from-Randomness.md:L685-686[U001564];CHAPTERS/06-Starting-from-Randomness.md:L699-700[U001571];CHAPTERS/06-Starting-from-Randomness.md:L701-702[U001572];CHAPTERS/06-Starting-from-Randomness.md:L703-704[U001573];CHAPTERS/06-Starting-from-Randomness.md:L705-706[U001574];CHAPTERS/06-Starting-from-Randomness.md:L707-708[U001575];CHAPTERS/06-Starting-from-Randomness.md:L709-710[U001576],The facing page and the one that follows show as an example the cellular automaton that we first discussed on page 32. The initial conditions used are again completely random. But…,RESOLVED
L1082,B1082,CHAPTERS/06-Starting-from-Randomness.md:L83-84[U001264];CHAPTERS/06-Starting-from-Randomness.md:L85-86[U001265];CHAPTERS/06-Starting-from-Randomness.md:L87-88[U001266];CHAPTERS/06-Starting-from-Randomness.md:L89-90[U001267];CHAPTERS/06-Starting-from-Randomness.md:L91-92[U001268];CHAPTERS/06-Starting-from-Randomness.md:L93-94[U001269];CHAPTERS/06-Starting-from-Randomness.md:L95-96[U001270];CHAPTERS/06-Starting-from-Randomness.md:L97-98[U001271];CHAPTERS/06-Starting-from-Randomness.md:L111-112[U001278];CHAPTERS/06-Starting-from-Randomness.md:L113-114[U001279];CHAPTERS/06-Starting-from-Randomness.md:L115-116[U001280];CHAPTERS/06-Starting-from-Randomness.md:L141-142[U001293];CHAPTERS/06-Starting-from-Randomness.md:L143-144[U001294];CHAPTERS/06-Starting-from-Randomness.md:L145-146[U001295];CHAPTERS/06-Starting-from-Randomness.md:L147-148[U001296];CHAPTERS/06-Starting-from-Randomness.md:L149-150[U001297];CHAPTERS/06-Starting-from-Randomness.md:L151-152[U001298],"Indeed, among all kinds of cellular automata, it seems that the patterns which arise can almost always be assigned quite easily to one of just four basic classes illustrated below.",WEAK
L1083,B1083,CHAPTERS/06-Starting-from-Randomness.md:L99-100[U001272];CHAPTERS/06-Starting-from-Randomness.md:L101-102[U001273],![](_page_247_Figure_2.jpeg),WEAK
L1084,B1084,CHAPTERS/06-Starting-from-Randomness.md:L103-104[U001274];CHAPTERS/06-Starting-from-Randomness.md:L105-106[U001275],![](_page_248_Figure_2.jpeg),WEAK
L1085,B1085,CHAPTERS/06-Starting-from-Randomness.md:L107-108[U001276];CHAPTERS/06-Starting-from-Randomness.md:L109-110[U001277],![](_page_249_Picture_1.jpeg),WEAK
L1086,B1086,CHAPTERS/06-Starting-from-Randomness.md:L125-126[U001285];CHAPTERS/06-Starting-from-Randomness.md:L127-128[U001286];CHAPTERS/06-Starting-from-Randomness.md:L129-130[U001287],Examples of class 4 cellular automata with totalistic rules involving nearest neighbors and three possible colors for each cell. Each picture shows 1500 steps of evolution from ra…,RESOLVED
L1087,B1087,CHAPTERS/06-Starting-from-Randomness.md:L125-126[U001285];CHAPTERS/06-Starting-from-Randomness.md:L131-132[U001288];CHAPTERS/06-Starting-from-Randomness.md:L133-134[U001289],Examples of class 4 cellular automata with totalistic rules involving nearest neighbors and three possible colors for each cell. Each picture shows 1500 steps of evolution from ra…,RESOLVED
L1088,B1088,CHAPTERS/06-Starting-from-Randomness.md:L125-126[U001285];CHAPTERS/06-Starting-from-Randomness.md:L135-136[U001290],Examples of class 4 cellular automata with totalistic rules involving nearest neighbors and three possible colors for each cell. Each picture shows 1500 steps of evolution from ra…,RESOLVED
L1089,B1089,CHAPTERS/06-Starting-from-Randomness.md:L125-126[U001285];CHAPTERS/06-Starting-from-Randomness.md:L137-138[U001291];CHAPTERS/06-Starting-from-Randomness.md:L139-140[U001292],Examples of class 4 cellular automata with totalistic rules involving nearest neighbors and three possible colors for each cell. Each picture shows 1500 steps of evolution from ra…,RESOLVED
L1090,B1090,CHAPTERS/06-Starting-from-Randomness.md:L165-166[U001305];CHAPTERS/06-Starting-from-Randomness.md:L167-168[U001306],![](_page_256_Figure_2.jpeg),WEAK
L1091,B1091,CHAPTERS/06-Starting-from-Randomness.md:L177-178[U001311];CHAPTERS/06-Starting-from-Randomness.md:L185-186[U001315];CHAPTERS/06-Starting-from-Randomness.md:L187-188[U001316];CHAPTERS/06-Starting-from-Randomness.md:L189-190[U001317];CHAPTERS/06-Starting-from-Randomness.md:L191-192[U001318];CHAPTERS/06-Starting-from-Randomness.md:L193-194[U001319];CHAPTERS/06-Starting-from-Randomness.md:L195-196[U001320];CHAPTERS/06-Starting-from-Randomness.md:L201-202[U001323],The facing page shows a sequence of continuous cellular automata of the kind we discussed on page 155. The underlying rules in such systems involve a parameter that can vary smoot…,RESOLVED
L1092,B1092,CHAPTERS/06-Starting-from-Randomness.md:L189-190[U001317];CHAPTERS/06-Starting-from-Randomness.md:L193-194[U001319];CHAPTERS/06-Starting-from-Randomness.md:L197-198[U001321];CHAPTERS/06-Starting-from-Randomness.md:L201-202[U001323],![](_page_259_Picture_2.jpeg),RESOLVED
L1093,B1093,CHAPTERS/06-Starting-from-Randomness.md:L197-198[U001321];CHAPTERS/06-Starting-from-Randomness.md:L199-200[U001322];CHAPTERS/06-Starting-from-Randomness.md:L201-202[U001323],![](_page_259_Picture_6.jpeg),RESOLVED
L1094,B1094,CHAPTERS/06-Starting-from-Randomness.md:L205-206[U001325];CHAPTERS/06-Starting-from-Randomness.md:L207-208[U001326];CHAPTERS/06-Starting-from-Randomness.md:L209-210[U001327];CHAPTERS/06-Starting-from-Randomness.md:L223-224[U001334];CHAPTERS/06-Starting-from-Randomness.md:L225-226[U001335],"But the correspondence with one dimension becomes much more obvious if one looks not at the complete state of a two-dimensional cellular automaton at a few specific steps, but rat…",RESOLVED
L1095,B1095,CHAPTERS/06-Starting-from-Randomness.md:L213-214[U001329];CHAPTERS/06-Starting-from-Randomness.md:L227-228[U001336];CHAPTERS/06-Starting-from-Randomness.md:L229-232[U001337];CHAPTERS/06-Starting-from-Randomness.md:L233-234[U001338];CHAPTERS/06-Starting-from-Randomness.md:L235-236[U001339];CHAPTERS/06-Starting-from-Randomness.md:L237-238[U001340];CHAPTERS/06-Starting-from-Randomness.md:L239-240[U001341],And so as one example page 249 shows a two-dimensional cellular automaton often called the Game of Life in which all sorts of localized structures occur even on a white background…,RESOLVED
L1096,B1096,CHAPTERS/06-Starting-from-Randomness.md:L215-216[U001330];CHAPTERS/06-Starting-from-Randomness.md:L217-218[U001331];CHAPTERS/06-Starting-from-Randomness.md:L219-220[U001332];CHAPTERS/06-Starting-from-Randomness.md:L221-222[U001333];CHAPTERS/06-Starting-from-Randomness.md:L223-224[U001334];CHAPTERS/06-Starting-from-Randomness.md:L225-226[U001335],![](_page_261_Figure_2.jpeg),RESOLVED
L1097,B1097,CHAPTERS/06-Starting-from-Randomness.md:L227-228[U001336];CHAPTERS/06-Starting-from-Randomness.md:L233-234[U001338];CHAPTERS/06-Starting-from-Randomness.md:L235-236[U001339];CHAPTERS/06-Starting-from-Randomness.md:L237-238[U001340];CHAPTERS/06-Starting-from-Randomness.md:L239-240[U001341],![](_page_264_Picture_2.jpeg),RESOLVED
L1098,B1098,CHAPTERS/06-Starting-from-Randomness.md:L245-246[U001344];CHAPTERS/06-Starting-from-Randomness.md:L247-248[U001345];CHAPTERS/06-Starting-from-Randomness.md:L249-250[U001346];CHAPTERS/06-Starting-from-Randomness.md:L253-254[U001348];CHAPTERS/06-Starting-from-Randomness.md:L255-256[U001349];CHAPTERS/06-Starting-from-Randomness.md:L257-258[U001350];CHAPTERS/06-Starting-from-Randomness.md:L259-260[U001351];CHAPTERS/06-Starting-from-Randomness.md:L261-262[U001352];CHAPTERS/06-Starting-from-Randomness.md:L275-276[U001359];CHAPTERS/06-Starting-from-Randomness.md:L277-278[U001360];CHAPTERS/06-Starting-from-Randomness.md:L279-280[U001361];CHAPTERS/06-Starting-from-Randomness.md:L281-282[U001362],The pictures below show the effect of changing the initial color of a single cell in a typical cellular automaton from each of the four classes of cellular automata identified in…,RESOLVED
L1099,B1099,CHAPTERS/06-Starting-from-Randomness.md:L289-290[U001366];CHAPTERS/06-Starting-from-Randomness.md:L325-326[U001384];CHAPTERS/06-Starting-from-Randomness.md:L327-328[U001385];CHAPTERS/06-Starting-from-Randomness.md:L329-330[U001386];CHAPTERS/06-Starting-from-Randomness.md:L331-332[U001387];CHAPTERS/06-Starting-from-Randomness.md:L333-334[U001388];CHAPTERS/06-Starting-from-Randomness.md:L335-336[U001389];CHAPTERS/06-Starting-from-Randomness.md:L337-338[U001390];CHAPTERS/06-Starting-from-Randomness.md:L339-340[U001391];CHAPTERS/06-Starting-from-Randomness.md:L341-342[U001392];CHAPTERS/06-Starting-from-Randomness.md:L343-344[U001393],The answer is that the absence of long-range communication effectively forces each part of a class 2 system to behave as if it were a system of limited size. And it is then a gene…,WEAK
L1100,B1100,CHAPTERS/06-Starting-from-Randomness.md:L291-292[U001367];CHAPTERS/06-Starting-from-Randomness.md:L293-294[U001368];CHAPTERS/06-Starting-from-Randomness.md:L295-296[U001369];CHAPTERS/06-Starting-from-Randomness.md:L297-298[U001370];CHAPTERS/06-Starting-from-Randomness.md:L299-300[U001371];CHAPTERS/06-Starting-from-Randomness.md:L301-302[U001372];CHAPTERS/06-Starting-from-Randomness.md:L303-304[U001373];CHAPTERS/06-Starting-from-Randomness.md:L305-306[U001374];CHAPTERS/06-Starting-from-Randomness.md:L307-308[U001375];CHAPTERS/06-Starting-from-Randomness.md:L309-310[U001376],The pictures below show a very simple example of the basic phenomenon. In each case there is a dot that can be in one of six possible positions. And at every step the dot moves a…,RESOLVED
L1101,B1101,CHAPTERS/06-Starting-from-Randomness.md:L311-312[U001377];CHAPTERS/06-Starting-from-Randomness.md:L313-314[U001378];CHAPTERS/06-Starting-from-Randomness.md:L315-316[U001379];CHAPTERS/06-Starting-from-Randomness.md:L317-318[U001380];CHAPTERS/06-Starting-from-Randomness.md:L319-320[U001381],The pictures below show another example of a system of limited size based on a simple rule. The particular rule is at each step to double the number that represents the position o…,RESOLVED
L1102,B1102,CHAPTERS/06-Starting-from-Randomness.md:L323-324[U001383];CHAPTERS/06-Starting-from-Randomness.md:L327-328[U001385];CHAPTERS/06-Starting-from-Randomness.md:L331-332[U001387];CHAPTERS/06-Starting-from-Randomness.md:L335-336[U001389];CHAPTERS/06-Starting-from-Randomness.md:L337-338[U001390];CHAPTERS/06-Starting-from-Randomness.md:L339-340[U001391];CHAPTERS/06-Starting-from-Randomness.md:L343-344[U001393],"The pictures on the facing page show some examples of cellular automata that have a limited number of cells. In each case the cells are in effect arranged around a circle, so that…",RESOLVED
L1103,B1103,CHAPTERS/06-Starting-from-Randomness.md:L333-334[U001388];CHAPTERS/06-Starting-from-Randomness.md:L343-344[U001393],"The pictures on the next page show the actual repetition periods for various cellular automata. In general, a rapid increase with size is characteristic of class 3 behavior. Of th…",WEAK
L1104,B1104,CHAPTERS/06-Starting-from-Randomness.md:L379-380[U001411];CHAPTERS/06-Starting-from-Randomness.md:L381-382[U001412];CHAPTERS/06-Starting-from-Randomness.md:L383-384[U001413];CHAPTERS/06-Starting-from-Randomness.md:L385-386[U001414];CHAPTERS/06-Starting-from-Randomness.md:L483-484[U001463];CHAPTERS/06-Starting-from-Randomness.md:L485-486[U001464],"There are however a few cellular automata in which class 3 behavior is obtained with random initial conditions, but in which no significant randomness is ever produced with simple…",WEAK
L1105,B1105,CHAPTERS/06-Starting-from-Randomness.md:L421-422[U001432];CHAPTERS/06-Starting-from-Randomness.md:L423-424[U001433];CHAPTERS/06-Starting-from-Randomness.md:L425-426[U001434];CHAPTERS/06-Starting-from-Randomness.md:L427-428[U001435];CHAPTERS/06-Starting-from-Randomness.md:L437-438[U001440];CHAPTERS/06-Starting-from-Randomness.md:L439-440[U001441];CHAPTERS/06-Starting-from-Randomness.md:L671-672[U001557];CHAPTERS/06-Starting-from-Randomness.md:L673-674[U001558];CHAPTERS/06-Starting-from-Randomness.md:L679-680[U001561],"In fact, it turns out that in any cellular automaton it is inevitable that initial conditions which consist just of a fixed block of cells repeated forever will lead to simple rep…",WEAK
L1106,B1106,CHAPTERS/06-Starting-from-Randomness.md:L429-430[U001436];CHAPTERS/06-Starting-from-Randomness.md:L431-432[U001437];CHAPTERS/06-Starting-from-Randomness.md:L433-434[U001438];CHAPTERS/06-Starting-from-Randomness.md:L435-436[U001439],But for many rules—including a fair number of class 3 ones—the situation is different. And as one example the picture on the right below shows an initial condition for rule 126 th…,RESOLVED
L1107,B1107,CHAPTERS/06-Starting-from-Randomness.md:L445-446[U001444];CHAPTERS/06-Starting-from-Randomness.md:L447-448[U001445];CHAPTERS/06-Starting-from-Randomness.md:L449-450[U001446];CHAPTERS/06-Starting-from-Randomness.md:L451-452[U001447];CHAPTERS/06-Starting-from-Randomness.md:L453-454[U001448];CHAPTERS/06-Starting-from-Randomness.md:L455-456[U001449],Rule 126 will for example behave just like rule 90 if one starts it from special initial conditions that contain only blocks consisting of pairs of black and white cells.,RESOLVED
L1108,B1108,CHAPTERS/06-Starting-from-Randomness.md:L461-462[U001452];CHAPTERS/06-Starting-from-Randomness.md:L463-464[U001453];CHAPTERS/06-Starting-from-Randomness.md:L465-466[U001454];CHAPTERS/06-Starting-from-Randomness.md:L467-468[U001455];CHAPTERS/06-Starting-from-Randomness.md:L469-470[U001456];CHAPTERS/06-Starting-from-Randomness.md:L471-472[U001457];CHAPTERS/06-Starting-from-Randomness.md:L473-474[U001458],"The basic reason can be thought of as being that just as other rules can emulate rule 90 when their initial conditions contain only certain blocks, so also rule 90 is able to emul…",RESOLVED
L1109,B1109,CHAPTERS/06-Starting-from-Randomness.md:L475-476[U001459];CHAPTERS/06-Starting-from-Randomness.md:L477-478[U001460];CHAPTERS/06-Starting-from-Randomness.md:L479-480[U001461];CHAPTERS/06-Starting-from-Randomness.md:L481-482[U001462];CHAPTERS/06-Starting-from-Randomness.md:L483-484[U001463];CHAPTERS/06-Starting-from-Randomness.md:L485-486[U001464],So what happens with other rules? It turns out that the property of self-emulation is rather rare among cellular automaton rules. But one other example is rule 150—as illustrated…,RESOLVED
L1110,B1110,CHAPTERS/06-Starting-from-Randomness.md:L487-488[U001465];CHAPTERS/06-Starting-from-Randomness.md:L489-490[U001466];CHAPTERS/06-Starting-from-Randomness.md:L491-492[U001467];CHAPTERS/06-Starting-from-Randomness.md:L493-494[U001468];CHAPTERS/06-Starting-from-Randomness.md:L495-496[U001469];CHAPTERS/06-Starting-from-Randomness.md:L501-502[U001472];CHAPTERS/06-Starting-from-Randomness.md:L503-504[U001473];CHAPTERS/06-Starting-from-Randomness.md:L505-506[U001474];CHAPTERS/06-Starting-from-Randomness.md:L509-510[U001476];CHAPTERS/06-Starting-from-Randomness.md:L511-512[U001477],"Ultimately, however, additive rules are not the only ones that can emulate themselves. An example of another kind is rule 184, in which blocks of three cells can act like a single…",RESOLVED
L1111,B1111,CHAPTERS/06-Starting-from-Randomness.md:L487-488[U001465];CHAPTERS/06-Starting-from-Randomness.md:L489-490[U001466];CHAPTERS/06-Starting-from-Randomness.md:L491-492[U001467];CHAPTERS/06-Starting-from-Randomness.md:L493-494[U001468];CHAPTERS/06-Starting-from-Randomness.md:L495-496[U001469];CHAPTERS/06-Starting-from-Randomness.md:L507-508[U001475],"Ultimately, however, additive rules are not the only ones that can emulate themselves. An example of another kind is rule 184, in which blocks of three cells can act like a single…",RESOLVED
L1112,B1112,CHAPTERS/06-Starting-from-Randomness.md:L497-498[U001470];CHAPTERS/06-Starting-from-Randomness.md:L499-500[U001471];CHAPTERS/06-Starting-from-Randomness.md:L501-502[U001472];CHAPTERS/06-Starting-from-Randomness.md:L505-506[U001474],With simple initial conditions of the type we have used so far this rule will always produce essentially trivial behavior. But one way to see the properties of the rule is to use…,RESOLVED
L1113,B1113,CHAPTERS/06-Starting-from-Randomness.md:L515-516[U001479];CHAPTERS/06-Starting-from-Randomness.md:L517-518[U001480],![](_page_289_Picture_2.jpeg),RESOLVED
L1114,B1114,CHAPTERS/06-Starting-from-Randomness.md:L523-524[U001483];CHAPTERS/06-Starting-from-Randomness.md:L545-546[U001494];CHAPTERS/06-Starting-from-Randomness.md:L553-554[U001498],"But what can be said about the individual configurations of black and white cells that appear at each step? In random initial conditions, absolutely any sequence of black and whit…",WEAK
L1115,B1115,CHAPTERS/06-Starting-from-Randomness.md:L525-526[U001484];CHAPTERS/06-Starting-from-Randomness.md:L527-528[U001485];CHAPTERS/06-Starting-from-Randomness.md:L529-530[U001486],The first picture below shows an extreme example of a class 1 cellular automaton in which after just one step the only sequences that can occur are those that contain only black c…,WEAK
L1116,B1116,CHAPTERS/06-Starting-from-Randomness.md:L525-526[U001484];CHAPTERS/06-Starting-from-Randomness.md:L527-528[U001485];CHAPTERS/06-Starting-from-Randomness.md:L529-530[U001486];CHAPTERS/06-Starting-from-Randomness.md:L531-532[U001487],The first picture below shows an extreme example of a class 1 cellular automaton in which after just one step the only sequences that can occur are those that contain only black c…,WEAK
L1117,B1117,CHAPTERS/06-Starting-from-Randomness.md:L527-528[U001485];CHAPTERS/06-Starting-from-Randomness.md:L529-530[U001486],![](_page_290_Picture_6.jpeg),WEAK
L1118,B1118,CHAPTERS/06-Starting-from-Randomness.md:L527-528[U001485];CHAPTERS/06-Starting-from-Randomness.md:L529-530[U001486];CHAPTERS/06-Starting-from-Randomness.md:L533-534[U001488],![](_page_290_Picture_6.jpeg),WEAK
L1119,B1119,CHAPTERS/06-Starting-from-Randomness.md:L535-536[U001489];CHAPTERS/06-Starting-from-Randomness.md:L537-538[U001490];CHAPTERS/06-Starting-from-Randomness.md:L539-540[U001491],"The picture below shows that for any particular configuration of this kind, there are in general many different initial conditions that can lead to it. In a mechanical analogy eac…",WEAK
L1120,B1120,CHAPTERS/06-Starting-from-Randomness.md:L541-542[U001492];CHAPTERS/06-Starting-from-Randomness.md:L543-544[U001493];CHAPTERS/06-Starting-from-Randomness.md:L545-546[U001494];CHAPTERS/06-Starting-from-Randomness.md:L547-548[U001495];CHAPTERS/06-Starting-from-Randomness.md:L549-550[U001496];CHAPTERS/06-Starting-from-Randomness.md:L551-552[U001497];CHAPTERS/06-Starting-from-Randomness.md:L553-554[U001498];CHAPTERS/06-Starting-from-Randomness.md:L555-556[U001499];CHAPTERS/06-Starting-from-Randomness.md:L557-558[U001500];CHAPTERS/06-Starting-from-Randomness.md:L559-560[U001501];CHAPTERS/06-Starting-from-Randomness.md:L561-562[U001502];CHAPTERS/06-Starting-from-Randomness.md:L563-564[U001503];CHAPTERS/06-Starting-from-Randomness.md:L565-566[U001504];CHAPTERS/06-Starting-from-Randomness.md:L567-568[U001505];CHAPTERS/06-Starting-from-Randomness.md:L569-570[U001506];CHAPTERS/06-Starting-from-Randomness.md:L583-584[U001513];CHAPTERS/06-Starting-from-Randomness.md:L585-586[U001514];CHAPTERS/06-Starting-from-Randomness.md:L587-588[U001515],"For one-dimensional cellular automata, it turns out that there is a rather compact way to summarize all the possible sequences of black and white cells that can occur at any given…",RESOLVED
L1121,B1121,CHAPTERS/06-Starting-from-Randomness.md:L555-556[U001499];CHAPTERS/06-Starting-from-Randomness.md:L557-558[U001500];CHAPTERS/06-Starting-from-Randomness.md:L559-560[U001501];CHAPTERS/06-Starting-from-Randomness.md:L561-562[U001502];CHAPTERS/06-Starting-from-Randomness.md:L563-564[U001503],"The pictures on the next page show more examples of class 1 and 2 cellular automata. Unlike in the picture above, these rules do not reach their final states after one step, but i…",RESOLVED
L1122,B1122,CHAPTERS/06-Starting-from-Randomness.md:L573-574[U001508];CHAPTERS/06-Starting-from-Randomness.md:L575-576[U001509];CHAPTERS/06-Starting-from-Randomness.md:L577-578[U001510];CHAPTERS/06-Starting-from-Randomness.md:L579-580[U001511];CHAPTERS/06-Starting-from-Randomness.md:L581-582[U001512],The pictures at the top of the next page show four different rules that each have the property that if started from initial conditions in which all possible sequences of cells are…,WEAK
L1123,B1123,CHAPTERS/06-Starting-from-Randomness.md:L583-584[U001513];CHAPTERS/06-Starting-from-Randomness.md:L585-586[U001514];CHAPTERS/06-Starting-from-Randomness.md:L587-588[U001515],"And indeed if one starts with almost any other initial conditions—say for example ones that do not allow any pair of black cells together, then as the pictures below illustrate, r…",RESOLVED
L1124,B1124,CHAPTERS/06-Starting-from-Randomness.md:L595-596[U001519];CHAPTERS/06-Starting-from-Randomness.md:L607-608[U001525];CHAPTERS/06-Starting-from-Randomness.md:L609-610[U001526];CHAPTERS/06-Starting-from-Randomness.md:L621-622[U001532];CHAPTERS/06-Starting-from-Randomness.md:L623-624[U001533];CHAPTERS/06-Starting-from-Randomness.md:L627-628[U001535];CHAPTERS/06-Starting-from-Randomness.md:L629-630[U001536];CHAPTERS/06-Starting-from-Randomness.md:L635-636[U001539];CHAPTERS/06-Starting-from-Randomness.md:L637-638[U001540],"So how can one find out what these structures are for a particular cellular automaton? One approach is just to try each possible initial condition in turn, looking to see whether…",WEAK
L1125,B1125,CHAPTERS/06-Starting-from-Randomness.md:L595-596[U001519];CHAPTERS/06-Starting-from-Randomness.md:L621-622[U001532];CHAPTERS/06-Starting-from-Randomness.md:L623-624[U001533];CHAPTERS/06-Starting-from-Randomness.md:L625-626[U001534];CHAPTERS/06-Starting-from-Randomness.md:L627-628[U001535];CHAPTERS/06-Starting-from-Randomness.md:L629-630[U001536];CHAPTERS/06-Starting-from-Randomness.md:L641-642[U001542];CHAPTERS/06-Starting-from-Randomness.md:L643-644[U001543];CHAPTERS/06-Starting-from-Randomness.md:L645-646[U001544];CHAPTERS/06-Starting-from-Randomness.md:L647-648[U001545];CHAPTERS/06-Starting-from-Randomness.md:L649-650[U001546];CHAPTERS/06-Starting-from-Randomness.md:L653-654[U001548];CHAPTERS/06-Starting-from-Randomness.md:L655-656[U001549];CHAPTERS/06-Starting-from-Randomness.md:L657-658[U001550];CHAPTERS/06-Starting-from-Randomness.md:L659-660[U001551];CHAPTERS/06-Starting-from-Randomness.md:L661-662[U001552];CHAPTERS/06-Starting-from-Randomness.md:L663-664[U001553];CHAPTERS/06-Starting-from-Randomness.md:L665-666[U001554];CHAPTERS/06-Starting-from-Randomness.md:L667-668[U001555];CHAPTERS/06-Starting-from-Randomness.md:L669-670[U001556];CHAPTERS/06-Starting-from-Randomness.md:L681-682[U001562];CHAPTERS/06-Starting-from-Randomness.md:L683-684[U001563];CHAPTERS/06-Starting-from-Randomness.md:L691-692[U001567];CHAPTERS/06-Starting-from-Randomness.md:L693-694[U001568];CHAPTERS/06-Starting-from-Randomness.md:L695-696[U001569];CHAPTERS/06-Starting-from-Randomness.md:L697-698[U001570],"So how can one find out what these structures are for a particular cellular automaton? One approach is just to try each possible initial condition in turn, looking to see whether…",WEAK
L1126,B1126,CHAPTERS/06-Starting-from-Randomness.md:L611-612[U001527];CHAPTERS/06-Starting-from-Randomness.md:L613-614[U001528];CHAPTERS/06-Starting-from-Randomness.md:L641-642[U001542];CHAPTERS/06-Starting-from-Randomness.md:L643-644[U001543];CHAPTERS/06-Starting-from-Randomness.md:L645-646[U001544];CHAPTERS/06-Starting-from-Randomness.md:L647-648[U001545];CHAPTERS/06-Starting-from-Randomness.md:L649-650[U001546],![](_page_297_Picture_4.jpeg),RESOLVED
L1127,B1127,CHAPTERS/06-Starting-from-Randomness.md:L615-616[U001529];CHAPTERS/06-Starting-from-Randomness.md:L617-618[U001530];CHAPTERS/06-Starting-from-Randomness.md:L653-654[U001548];CHAPTERS/06-Starting-from-Randomness.md:L655-656[U001549];CHAPTERS/06-Starting-from-Randomness.md:L657-658[U001550];CHAPTERS/06-Starting-from-Randomness.md:L659-660[U001551];CHAPTERS/06-Starting-from-Randomness.md:L661-662[U001552];CHAPTERS/06-Starting-from-Randomness.md:L663-664[U001553];CHAPTERS/06-Starting-from-Randomness.md:L665-666[U001554];CHAPTERS/06-Starting-from-Randomness.md:L667-668[U001555];CHAPTERS/06-Starting-from-Randomness.md:L669-670[U001556],![](_page_297_Picture_6.jpeg),RESOLVED
L1128,B1128,CHAPTERS/06-Starting-from-Randomness.md:L623-624[U001533];CHAPTERS/06-Starting-from-Randomness.md:L629-630[U001536];CHAPTERS/06-Starting-from-Randomness.md:L645-646[U001544],The behavior of the code 20 cellular automaton from the top of the facing page for all initial conditions with black cells in a region of size less than nine. In most cases the pa…,WEAK
L1129,B1129,CHAPTERS/06-Starting-from-Randomness.md:L631-632[U001537];CHAPTERS/06-Starting-from-Randomness.md:L633-634[U001538];CHAPTERS/06-Starting-from-Randomness.md:L635-636[U001539];CHAPTERS/06-Starting-from-Randomness.md:L637-638[U001540];CHAPTERS/06-Starting-from-Randomness.md:L645-646[U001544],Are other structures possible? The largest structure in the picture above starts from a block that is 30 cells wide. And with the more than ten billion blocks between 30 and 34 ce…,WEAK
L1130,B1130,BACK-MATTER/NOTES/06-Starting-from-Randomness-Notes.md:L5-6[U006341];BACK-MATTER/NOTES/06-Starting-from-Randomness-Notes.md:L20-25[U006348],"■ **Page 226 · Properties of patterns.** For a random initial condition, the average density of black cells is exactly 1/2. For rule 126, the density after many steps is still 1/2…",WEAK
L1131,B1131,BACK-MATTER/NOTES/06-Starting-from-Randomness-Notes.md:L5-6[U006341];BACK-MATTER/NOTES/06-Starting-from-Randomness-Notes.md:L7-8[U006342];BACK-MATTER/NOTES/06-Starting-from-Randomness-Notes.md:L9-10[U006343];BACK-MATTER/NOTES/06-Starting-from-Randomness-Notes.md:L138-140[U006390],"■ **Page 226 · Properties of patterns.** For a random initial condition, the average density of black cells is exactly 1/2. For rule 126, the density after many steps is still 1/2…",WEAK
L1132,B1132,BACK-MATTER/NOTES/06-Starting-from-Randomness-Notes.md:L11-12[U006344];BACK-MATTER/NOTES/06-Starting-from-Randomness-Notes.md:L138-140[U006390],"In the algebraic representation discussed on page 869, rule 22 is $Mod[p+q+r+p\,q\,r,\,2]$ , rule 126 is $Mod[(p+q)\,(q+r)+(p+r),\,2]$ , rule 150 is $Mod[p+q+r,\,2]$ and rule 182…",RESOLVED
L1133,B1133,BACK-MATTER/NOTES/06-Starting-from-Randomness-Notes.md:L11-12[U006344],"In the algebraic representation discussed on page 869, rule 22 is $Mod[p+q+r+p\,q\,r,\,2]$ , rule 126 is $Mod[(p+q)\,(q+r)+(p+r),\,2]$ , rule 150 is $Mod[p+q+r,\,2]$ and rule 182…",RESOLVED
L1134,B1134,BACK-MATTER/NOTES/06-Starting-from-Randomness-Notes.md:L11-12[U006344],"In the algebraic representation discussed on page 869, rule 22 is $Mod[p+q+r+p\,q\,r,\,2]$ , rule 126 is $Mod[(p+q)\,(q+r)+(p+r),\,2]$ , rule 150 is $Mod[p+q+r,\,2]$ and rule 182…",RESOLVED
L1135,B1135,BACK-MATTER/NOTES/06-Starting-from-Randomness-Notes.md:L11-12[U006344],"In the algebraic representation discussed on page 869, rule 22 is $Mod[p+q+r+p\,q\,r,\,2]$ , rule 126 is $Mod[(p+q)\,(q+r)+(p+r),\,2]$ , rule 150 is $Mod[p+q+r,\,2]$ and rule 182…",RESOLVED
L1136,B1136,BACK-MATTER/NOTES/06-Starting-from-Randomness-Notes.md:L15-17[U006346];BACK-MATTER/NOTES/06-Starting-from-Randomness-Notes.md:L13-14[U006345],■ **Continual injection of randomness.** In the main text we discuss what happens when one starts from random initial conditions and then evolves according to a definite cellular…,SERIOUS
L1137,B1137,BACK-MATTER/NOTES/06-Starting-from-Randomness-Notes.md:L20-25[U006348],■ **Different runs.** The qualitative behavior seen with a given cellular automaton rule will normally look exactly the same for essentially all different large random initial con…,WEAK
L1138,B1138,BACK-MATTER/NOTES/06-Starting-from-Randomness-Notes.md:L20-25[U006348],■ **Different runs.** The qualitative behavior seen with a given cellular automaton rule will normally look exactly the same for essentially all different large random initial con…,WEAK
L1139,B1139,BACK-MATTER/NOTES/06-Starting-from-Randomness-Notes.md:L20-25[U006348];BACK-MATTER/NOTES/06-Starting-from-Randomness-Notes.md:L26-27[U006349],■ **Different runs.** The qualitative behavior seen with a given cellular automaton rule will normally look exactly the same for essentially all different large random initial con…,WEAK
L1140,B1140,BACK-MATTER/NOTES/06-Starting-from-Randomness-Notes.md:L28-34[U006350],"■ **History.** I discovered the classification scheme for cellular automata described here late in 1983, and announced it in January 1984. Much work has been done by me and others…",WEAK
L1141,B1141,BACK-MATTER/NOTES/06-Starting-from-Randomness-Notes.md:L28-34[U006350],"■ **History.** I discovered the classification scheme for cellular automata described here late in 1983, and announced it in January 1984. Much work has been done by me and others…",WEAK
L1142,B1142,BACK-MATTER/NOTES/06-Starting-from-Randomness-Notes.md:L28-34[U006350],"■ **History.** I discovered the classification scheme for cellular automata described here late in 1983, and announced it in January 1984. Much work has been done by me and others…",WEAK
L1143,B1143,BACK-MATTER/NOTES/06-Starting-from-Randomness-Notes.md:L28-34[U006350],"■ **History.** I discovered the classification scheme for cellular automata described here late in 1983, and announced it in January 1984. Much work has been done by me and others…",WEAK
L1144,B1144,BACK-MATTER/NOTES/06-Starting-from-Randomness-Notes.md:L28-34[U006350],"■ **History.** I discovered the classification scheme for cellular automata described here late in 1983, and announced it in January 1984. Much work has been done by me and others…",WEAK
L1145,B1145,BACK-MATTER/NOTES/06-Starting-from-Randomness-Notes.md:L28-34[U006350];BACK-MATTER/NOTES/06-Starting-from-Randomness-Notes.md:L35-36[U006351];BACK-MATTER/NOTES/06-Starting-from-Randomness-Notes.md:L37-42[U006352];BACK-MATTER/NOTES/06-Starting-from-Randomness-Notes.md:L43-44[U006353];BACK-MATTER/NOTES/06-Starting-from-Randomness-Notes.md:L45-52[U006354];BACK-MATTER/NOTES/06-Starting-from-Randomness-Notes.md:L53-54[U006355];BACK-MATTER/NOTES/06-Starting-from-Randomness-Notes.md:L620-623[U006570],"■ **History.** I discovered the classification scheme for cellular automata described here late in 1983, and announced it in January 1984. Much work has been done by me and others…",WEAK
L1146,B1146,BACK-MATTER/NOTES/06-Starting-from-Randomness-Notes.md:L55-56[U006356];BACK-MATTER/NOTES/06-Starting-from-Randomness-Notes.md:L57-62[U006357];BACK-MATTER/NOTES/06-Starting-from-Randomness-Notes.md:L63-64[U006358];BACK-MATTER/NOTES/06-Starting-from-Randomness-Notes.md:L65-66[U006359],"■ **3D class 4 rules.** With a cubic lattice of the type shown on page 183, and with updating rules of the form",RESOLVED
L1147,B1147,BACK-MATTER/NOTES/06-Starting-from-Randomness-Notes.md:L67-68[U006360],■ **Random initial conditions in other systems.** Whenever the initial conditions for a system can involve an infinite sequence of elements these elements can potentially be chose…,RESOLVED
L1148,B1148,BACK-MATTER/NOTES/06-Starting-from-Randomness-Notes.md:L71-72[U006362];BACK-MATTER/NOTES/06-Starting-from-Randomness-Notes.md:L73-74[U006363];BACK-MATTER/NOTES/06-Starting-from-Randomness-Notes.md:L75-76[U006364];BACK-MATTER/NOTES/06-Starting-from-Randomness-Notes.md:L77-78[U006365],"■ **Page 251 · Properties.** In rule 126, the outer edges of the region of change always expand by exactly one cell per step. The same is true of the right-hand edge in rule 30—th…",WEAK
L1149,B1149,BACK-MATTER/NOTES/06-Starting-from-Randomness-Notes.md:L77-78[U006365],"For most class 3 rules, once one is inside the region of change, the colors of cells usually become essentially uncorrelated. However, for additive rules the pattern of difference…",WEAK
L1150,B1150,BACK-MATTER/NOTES/06-Starting-from-Randomness-Notes.md:L71-72[U006362];BACK-MATTER/NOTES/06-Starting-from-Randomness-Notes.md:L73-74[U006363];BACK-MATTER/NOTES/06-Starting-from-Randomness-Notes.md:L79-80[U006366];BACK-MATTER/NOTES/06-Starting-from-Randomness-Notes.md:L81-82[U006367];BACK-MATTER/NOTES/06-Starting-from-Randomness-Notes.md:L138-140[U006390],"■ **Page 251 · Properties.** In rule 126, the outer edges of the region of change always expand by exactly one cell per step. The same is true of the right-hand edge in rule 30—th…",WEAK
L1151,B1151,BACK-MATTER/NOTES/06-Starting-from-Randomness-Notes.md:L85-86[U006369];BACK-MATTER/NOTES/06-Starting-from-Randomness-Notes.md:L87-88[U006370];BACK-MATTER/NOTES/06-Starting-from-Randomness-Notes.md:L89-90[U006371],"■ **Page 255 · Cyclic addition.** After t steps, the dot will be at position Mod[m t, n] where n is the total number of positions, and m is the number of positions moved at each s…",RESOLVED
L1152,B1152,BACK-MATTER/NOTES/06-Starting-from-Randomness-Notes.md:L91-92[U006372],"■ **Page 257 · Cyclic multiplication.** With multiplication by k at each step the dot will be at position $Mod[k^t, n]$ after t steps. If k and n have no factors in common, there…",RESOLVED
L1153,B1153,BACK-MATTER/NOTES/06-Starting-from-Randomness-Notes.md:L93-94[U006373];BACK-MATTER/NOTES/06-Starting-from-Randomness-Notes.md:L95-99[U006374];BACK-MATTER/NOTES/06-Starting-from-Randomness-Notes.md:L100-101[U006375];BACK-MATTER/NOTES/06-Starting-from-Randomness-Notes.md:L102-106[U006376];BACK-MATTER/NOTES/06-Starting-from-Randomness-Notes.md:L107-108[U006377];BACK-MATTER/NOTES/06-Starting-from-Randomness-Notes.md:L573-574[U006548],"■ **Page 260 · Maximum periods.** A cellular automaton with n cells and k colors has $k^n$ possible states, but if the system has cyclic boundary conditions, then the maximum repe…",WEAK
L1154,B1154,BACK-MATTER/NOTES/06-Starting-from-Randomness-Notes.md:L109-110[U006378];BACK-MATTER/NOTES/06-Starting-from-Randomness-Notes.md:L111-114[U006379];BACK-MATTER/NOTES/06-Starting-from-Randomness-Notes.md:L115-116[U006380];BACK-MATTER/NOTES/06-Starting-from-Randomness-Notes.md:L129-131[U006386],"■ **Additive cellular automata.** In the case of additive rules such as rule 90 and rule 60, a mathematical analysis of the repetition periods can be given (as done by Olivier Mar…",WEAK
L1155,B1155,BACK-MATTER/NOTES/06-Starting-from-Randomness-Notes.md:L115-116[U006380];BACK-MATTER/NOTES/06-Starting-from-Randomness-Notes.md:L117-120[U006381];BACK-MATTER/NOTES/06-Starting-from-Randomness-Notes.md:L121-122[U006382];BACK-MATTER/NOTES/06-Starting-from-Randomness-Notes.md:L129-131[U006386],"where z is the polynomial representing the initial state, and z = 1 for a single black cell in the first position. The state z = 1 evolves after one step to the state z = 1 + x, a…",WEAK
L1156,B1156,BACK-MATTER/NOTES/06-Starting-from-Randomness-Notes.md:L123-124[U006383],"In the case of rule 90 a similar analysis can be given, with the 1+x used at each step replaced by 1/x+x. And now the repetition period for odd *n* divides",WEAK
L1157,B1157,BACK-MATTER/NOTES/06-Starting-from-Randomness-Notes.md:L123-124[U006383];BACK-MATTER/NOTES/06-Starting-from-Randomness-Notes.md:L125-126[U006384];BACK-MATTER/NOTES/06-Starting-from-Randomness-Notes.md:L127-128[U006385],"In the case of rule 90 a similar analysis can be given, with the 1+x used at each step replaced by 1/x+x. And now the repetition period for odd *n* divides",WEAK
L1158,B1158,BACK-MATTER/NOTES/06-Starting-from-Randomness-Notes.md:L129-131[U006386];BACK-MATTER/NOTES/06-Starting-from-Randomness-Notes.md:L132-133[U006387],"■ **Rules 30 and 45.** Maximum periods are often achieved with initial conditions consisting of a single black cell. Particularly for rule 30, however, there are quite a few excep…",WEAK
L1159,B1159,BACK-MATTER/NOTES/06-Starting-from-Randomness-Notes.md:L134-135[U006388],"■ **Implementing boundary conditions.** In the bitwise representation discussed on page 865, 0's outside of a width n can be implemented by applying $BitAnd[a, 2^n - 1]$ at each s…",WEAK
L1160,B1160,BACK-MATTER/NOTES/06-Starting-from-Randomness-Notes.md:L138-140[U006390],■ **Page 263 · Rule 22.** Randomness is obtained with initial conditions consisting of two black squares $4^m$ positions apart for any $m \ge 2$ . The base 2 digit sequences for 1…,RESOLVED
L1161,B1161,BACK-MATTER/NOTES/06-Starting-from-Randomness-Notes.md:L138-140[U006390];BACK-MATTER/NOTES/06-Starting-from-Randomness-Notes.md:L141-142[U006391],■ **Page 263 · Rule 22.** Randomness is obtained with initial conditions consisting of two black squares $4^m$ positions apart for any $m \ge 2$ . The base 2 digit sequences for 1…,RESOLVED
L1162,B1162,BACK-MATTER/NOTES/06-Starting-from-Randomness-Notes.md:L143-144[U006392];BACK-MATTER/NOTES/06-Starting-from-Randomness-Notes.md:L145-146[U006393],"■ **Rule 94.** With appropriate initial conditions this class 2 rule can yield both nested and random behavior, as shown below.",RESOLVED
L1163,B1163,BACK-MATTER/NOTES/06-Starting-from-Randomness-Notes.md:L147-149[U006394],"■ **Rule 218.** If pairs of adjacent black cells appear anywhere in its initial conditions this class 2 rule gives uniform black, but if none do it gives a rule 90 nested pattern.…",RESOLVED
L1164,B1164,BACK-MATTER/NOTES/06-Starting-from-Randomness-Notes.md:L147-149[U006394];BACK-MATTER/NOTES/06-Starting-from-Randomness-Notes.md:L150-151[U006395];BACK-MATTER/NOTES/06-Starting-from-Randomness-Notes.md:L154-155[U006397];BACK-MATTER/NOTES/06-Starting-from-Randomness-Notes.md:L156-159[U006398];BACK-MATTER/NOTES/06-Starting-from-Randomness-Notes.md:L160-161[U006399];BACK-MATTER/NOTES/06-Starting-from-Randomness-Notes.md:L152-153[U006396],"■ **Rule 218.** If pairs of adjacent black cells appear anywhere in its initial conditions this class 2 rule gives uniform black, but if none do it gives a rule 90 nested pattern.…",RESOLVED
L1165,B1165,BACK-MATTER/NOTES/06-Starting-from-Randomness-Notes.md:L162-163[U006400];BACK-MATTER/NOTES/06-Starting-from-Randomness-Notes.md:L164-165[U006401];BACK-MATTER/NOTES/06-Starting-from-Randomness-Notes.md:L166-167[U006402];BACK-MATTER/NOTES/06-Starting-from-Randomness-Notes.md:L170-171[U006404];BACK-MATTER/NOTES/06-Starting-from-Randomness-Notes.md:L174-175[U006406];BACK-MATTER/NOTES/06-Starting-from-Randomness-Notes.md:L176-177[U006407];BACK-MATTER/NOTES/06-Starting-from-Randomness-Notes.md:L180-181[U006409];BACK-MATTER/NOTES/06-Starting-from-Randomness-Notes.md:L182-183[U006410];BACK-MATTER/NOTES/06-Starting-from-Randomness-Notes.md:L184-185[U006411];BACK-MATTER/NOTES/06-Starting-from-Randomness-Notes.md:L349-350[U006468];BACK-MATTER/NOTES/06-Starting-from-Randomness-Notes.md:L178-179[U006408];BACK-MATTER/NOTES/06-Starting-from-Randomness-Notes.md:L172-173[U006405];BACK-MATTER/NOTES/06-Starting-from-Randomness-Notes.md:L168-169[U006403],■ **Page 264 · Generalized additivity.** In general what it means for a system to be additive is that some addition operation $\oplus$ can be used to combine any set of evolution…,WEAK
L1166,B1166,BACK-MATTER/NOTES/06-Starting-from-Randomness-Notes.md:L186-187[U006412],If instead of an ordinary cellular automaton with a limited number of possible colors one considers a system in which every cell can have any integer value then additivity with re…,RESOLVED
L1167,B1167,BACK-MATTER/NOTES/06-Starting-from-Randomness-Notes.md:L186-187[U006412],If instead of an ordinary cellular automaton with a limited number of possible colors one considers a system in which every cell can have any integer value then additivity with re…,RESOLVED
L1168,B1168,BACK-MATTER/NOTES/06-Starting-from-Randomness-Notes.md:L188-189[U006413],"In general ⊕ need not be ordinary addition, but can be any operation that defines a commutative monoid—including an infinite one. An example is ordinary numbers modulo an irration…",RESOLVED
L1169,B1169,BACK-MATTER/NOTES/06-Starting-from-Randomness-Notes.md:L188-189[U006413],"In general ⊕ need not be ordinary addition, but can be any operation that defines a commutative monoid—including an infinite one. An example is ordinary numbers modulo an irration…",RESOLVED
L1170,B1170,BACK-MATTER/NOTES/06-Starting-from-Randomness-Notes.md:L190-191[U006414];BACK-MATTER/NOTES/06-Starting-from-Randomness-Notes.md:L192-196[U006415];BACK-MATTER/NOTES/06-Starting-from-Randomness-Notes.md:L197-198[U006416];BACK-MATTER/NOTES/06-Starting-from-Randomness-Notes.md:L199-202[U006417];BACK-MATTER/NOTES/06-Starting-from-Randomness-Notes.md:L203-204[U006418];BACK-MATTER/NOTES/06-Starting-from-Randomness-Notes.md:L209-210[U006421];BACK-MATTER/NOTES/06-Starting-from-Randomness-Notes.md:L211-212[U006422];BACK-MATTER/NOTES/06-Starting-from-Randomness-Notes.md:L213-214[U006423];BACK-MATTER/NOTES/06-Starting-from-Randomness-Notes.md:L207-208[U006420];BACK-MATTER/NOTES/06-Starting-from-Randomness-Notes.md:L205-206[U006419],■ **Probabilistic estimates.** One way to get estimates for density and other properties of class 3 cellular automata is to make the assumption that the color of each cell at each…,WEAK
L1171,B1171,BACK-MATTER/NOTES/06-Starting-from-Randomness-Notes.md:L215-216[U006424];BACK-MATTER/NOTES/06-Starting-from-Randomness-Notes.md:L217-220[U006425],■ **Density in rule 90.** From the superposition principle above and the number of black cells at step t in a pattern starting from a single black cell (see page 870) one can comp…,WEAK
L1172,B1172,BACK-MATTER/NOTES/06-Starting-from-Randomness-Notes.md:L221-222[U006426];BACK-MATTER/NOTES/06-Starting-from-Randomness-Notes.md:L223-224[U006427];BACK-MATTER/NOTES/06-Starting-from-Randomness-Notes.md:L225-226[U006428],■ **Densities in other rules.** The pictures below show how the densities on successive steps depend on the initial density. Densities are indicated by gray levels. Initial densit…,WEAK
L1173,B1173,BACK-MATTER/NOTES/06-Starting-from-Randomness-Notes.md:L227-228[U006429],"■ **Density oscillations in rule 73.** Although there are always some fluctuations, most rules yield densities that converge more or less uniformly to their final values. One exce…",WEAK
L1174,B1174,BACK-MATTER/NOTES/06-Starting-from-Randomness-Notes.md:L227-228[U006429],"■ **Density oscillations in rule 73.** Although there are always some fluctuations, most rules yield densities that converge more or less uniformly to their final values. One exce…",WEAK
L1175,B1175,BACK-MATTER/NOTES/06-Starting-from-Randomness-Notes.md:L227-228[U006429];BACK-MATTER/NOTES/06-Starting-from-Randomness-Notes.md:L229-230[U006430],"■ **Density oscillations in rule 73.** Although there are always some fluctuations, most rules yield densities that converge more or less uniformly to their final values. One exce…",WEAK
L1176,B1176,BACK-MATTER/NOTES/06-Starting-from-Randomness-Notes.md:L233-234[U006432];BACK-MATTER/NOTES/06-Starting-from-Randomness-Notes.md:L237-238[U006434];BACK-MATTER/NOTES/06-Starting-from-Randomness-Notes.md:L247-248[U006439];BACK-MATTER/NOTES/06-Starting-from-Randomness-Notes.md:L249-250[U006440];BACK-MATTER/NOTES/06-Starting-from-Randomness-Notes.md:L235-236[U006433],"■ **Page 267 · Repeating blocks.** The discussion in the main text is mostly about repetition strictly every p steps, and no sooner. (If a system repeats for example every 3 steps…",WEAK
L1177,B1177,BACK-MATTER/NOTES/06-Starting-from-Randomness-Notes.md:L239-240[U006435];BACK-MATTER/NOTES/06-Starting-from-Randomness-Notes.md:L241-242[U006436];BACK-MATTER/NOTES/06-Starting-from-Randomness-Notes.md:L243-244[U006437],"In rule 90 (as well as other additive rules such as 60 and 150) any period can occur, but all configurations that repeat must consist of a sequence of identical blocks. For period…",WEAK
L1178,B1178,BACK-MATTER/NOTES/06-Starting-from-Randomness-Notes.md:L243-244[U006437];BACK-MATTER/NOTES/06-Starting-from-Randomness-Notes.md:L245-246[U006438],For period 1 the possible blocks are □ and ■■□; for period 2 ■□■□□□ and ■■■■□□. The total number of configurations in rule 90 that repeat with any period that divides p is always…,WEAK
L1179,B1179,BACK-MATTER/NOTES/06-Starting-from-Randomness-Notes.md:L251-253[U006441];BACK-MATTER/NOTES/06-Starting-from-Randomness-Notes.md:L664-666[U006591],"■ **Localized structures.** See pages 281 and 1118. ■ **2D cellular automata.** As expected from the discussion of constraints on page 942, the problem of finding repeating config…",WEAK
L1180,B1180,BACK-MATTER/NOTES/06-Starting-from-Randomness-Notes.md:L254-255[U006442],"■ **Systems based on numbers.** An iterated map of the kind discussed on page 150 with rule $x \rightarrow Mod[a\,x, 1]$ (with rational a) will yield repetitive behavior when its…",RESOLVED
L1181,B1181,BACK-MATTER/NOTES/06-Starting-from-Randomness-Notes.md:L254-255[U006442],"■ **Systems based on numbers.** An iterated map of the kind discussed on page 150 with rule $x \rightarrow Mod[a\,x, 1]$ (with rational a) will yield repetitive behavior when its…",RESOLVED
L1182,B1182,BACK-MATTER/NOTES/06-Starting-from-Randomness-Notes.md:L254-255[U006442],"■ **Systems based on numbers.** An iterated map of the kind discussed on page 150 with rule $x \rightarrow Mod[a\,x, 1]$ (with rational a) will yield repetitive behavior when its…",RESOLVED
L1183,B1183,BACK-MATTER/NOTES/06-Starting-from-Randomness-Notes.md:L256-257[U006443];BACK-MATTER/NOTES/06-Starting-from-Randomness-Notes.md:L534-537[U006531],For a map $x \rightarrow f[x]$ where f[x] is a polynomial such as $a x (1-x)$ the real initial conditions that yield period p are,RESOLVED
L1184,B1184,BACK-MATTER/NOTES/06-Starting-from-Randomness-Notes.md:L256-257[U006443];BACK-MATTER/NOTES/06-Starting-from-Randomness-Notes.md:L258-261[U006444];BACK-MATTER/NOTES/06-Starting-from-Randomness-Notes.md:L262-263[U006445],For a map $x \rightarrow f[x]$ where f[x] is a polynomial such as $a x (1-x)$ the real initial conditions that yield period p are,RESOLVED
L1185,B1185,BACK-MATTER/NOTES/06-Starting-from-Randomness-Notes.md:L264-265[U006446];BACK-MATTER/NOTES/06-Starting-from-Randomness-Notes.md:L266-270[U006447];BACK-MATTER/NOTES/06-Starting-from-Randomness-Notes.md:L271-272[U006448],"■ **Sarkovskii's theorem.** For any iterated map based on a continuous function such as a polynomial it was shown in 1962 that if an initial condition exists that gives period 3,…",WEAK
L1186,B1186,BACK-MATTER/NOTES/06-Starting-from-Randomness-Notes.md:L273-275[U006449];BACK-MATTER/NOTES/06-Starting-from-Randomness-Notes.md:L276-277[U006450],■ **Page 269 · Rule emulations.** See pages 702 and 1118. ■ **Renormalization group.** The notion of studying systems by seeing the effect of changing the scale on which one looks…,WEAK
L1187,B1187,BACK-MATTER/NOTES/06-Starting-from-Randomness-Notes.md:L278-280[U006451],■ **Page 271 · Self-similarity of additive rules.** The fact that rule 90 can emulate itself can be seen fairly easily from a symbolic description of the rule. Given three cells $…,WEAK
L1188,B1188,BACK-MATTER/NOTES/06-Starting-from-Randomness-Notes.md:L278-280[U006451];BACK-MATTER/NOTES/06-Starting-from-Randomness-Notes.md:L281-285[U006452];BACK-MATTER/NOTES/06-Starting-from-Randomness-Notes.md:L286-287[U006453];BACK-MATTER/NOTES/06-Starting-from-Randomness-Notes.md:L288-291[U006454];BACK-MATTER/NOTES/06-Starting-from-Randomness-Notes.md:L292-293[U006455];BACK-MATTER/NOTES/06-Starting-from-Randomness-Notes.md:L294-302[U006456];BACK-MATTER/NOTES/06-Starting-from-Randomness-Notes.md:L303-304[U006457];BACK-MATTER/NOTES/06-Starting-from-Randomness-Notes.md:L305-311[U006458];BACK-MATTER/NOTES/06-Starting-from-Randomness-Notes.md:L312-313[U006459];BACK-MATTER/NOTES/06-Starting-from-Randomness-Notes.md:L314-321[U006460],■ **Page 271 · Self-similarity of additive rules.** The fact that rule 90 can emulate itself can be seen fairly easily from a symbolic description of the rule. Given three cells $…,WEAK
L1189,B1189,BACK-MATTER/NOTES/06-Starting-from-Randomness-Notes.md:L184-185[U006411];BACK-MATTER/NOTES/06-Starting-from-Randomness-Notes.md:L322-323[U006461];BACK-MATTER/NOTES/06-Starting-from-Randomness-Notes.md:L324-328[U006462];BACK-MATTER/NOTES/06-Starting-from-Randomness-Notes.md:L329-330[U006463];BACK-MATTER/NOTES/06-Starting-from-Randomness-Notes.md:L331-338[U006464];BACK-MATTER/NOTES/06-Starting-from-Randomness-Notes.md:L339-340[U006465];BACK-MATTER/NOTES/06-Starting-from-Randomness-Notes.md:L341-346[U006466];BACK-MATTER/NOTES/06-Starting-from-Randomness-Notes.md:L347-348[U006467];BACK-MATTER/NOTES/06-Starting-from-Randomness-Notes.md:L349-350[U006468],"The basic examples are then rules of the form $RotateLeft[a] \oplus RotateRight[a]$ —analogs of rule 90, but with other addition operations (compare page 886). The $\sigma$ can be…",RESOLVED
L1190,B1190,BACK-MATTER/NOTES/06-Starting-from-Randomness-Notes.md:L351-353[U006469],"■ **Nesting in rule 45.** As illustrated on page 701, starting from a single black cell on a background of repeated ■■□ blocks, rule 45 yields a slanted version of the nested rule…",RESOLVED
L1191,B1191,BACK-MATTER/NOTES/06-Starting-from-Randomness-Notes.md:L351-353[U006469];BACK-MATTER/NOTES/06-Starting-from-Randomness-Notes.md:L354-355[U006470],"■ **Nesting in rule 45.** As illustrated on page 701, starting from a single black cell on a background of repeated ■■□ blocks, rule 45 yields a slanted version of the nested rule…",RESOLVED
L1192,B1192,BACK-MATTER/NOTES/06-Starting-from-Randomness-Notes.md:L356-358[U006471],"■ **Square root of rule 30.** Although rule 30 cannot apparently be decomposed into other k = 2, r = 1 cellular automata, it can be viewed as the square of the k = 3, r = 1/2 cell…",RESOLVED
L1193,B1193,BACK-MATTER/NOTES/06-Starting-from-Randomness-Notes.md:L356-358[U006471];BACK-MATTER/NOTES/06-Starting-from-Randomness-Notes.md:L359-360[U006472],"■ **Square root of rule 30.** Although rule 30 cannot apparently be decomposed into other k = 2, r = 1 cellular automata, it can be viewed as the square of the k = 3, r = 1/2 cell…",RESOLVED
L1194,B1194,BACK-MATTER/NOTES/06-Starting-from-Randomness-Notes.md:L365-366[U006475];BACK-MATTER/NOTES/06-Starting-from-Randomness-Notes.md:L367-371[U006476];BACK-MATTER/NOTES/06-Starting-from-Randomness-Notes.md:L372-373[U006477];BACK-MATTER/NOTES/06-Starting-from-Randomness-Notes.md:L374-378[U006478];BACK-MATTER/NOTES/06-Starting-from-Randomness-Notes.md:L433-434[U006490];BACK-MATTER/NOTES/06-Starting-from-Randomness-Notes.md:L441-443[U006493],"■ **Implementation.** One can represent a network by a list such as $\{\{1 \rightarrow 2\}, \{0 \rightarrow 3, 1 \rightarrow 2\}, \{0 \rightarrow 3, 1 \rightarrow 1\}\}$ where eac…",WEAK
L1195,B1195,BACK-MATTER/NOTES/06-Starting-from-Randomness-Notes.md:L379-380[U006479];BACK-MATTER/NOTES/06-Starting-from-Randomness-Notes.md:L381-387[U006480];BACK-MATTER/NOTES/06-Starting-from-Randomness-Notes.md:L388-389[U006481];BACK-MATTER/NOTES/06-Starting-from-Randomness-Notes.md:L390-393[U006482];BACK-MATTER/NOTES/06-Starting-from-Randomness-Notes.md:L394-395[U006483];BACK-MATTER/NOTES/06-Starting-from-Randomness-Notes.md:L396-400[U006484];BACK-MATTER/NOTES/06-Starting-from-Randomness-Notes.md:L433-434[U006490],"Given a set of sequences of values represented by a particular network, the set obtained after one step of cellular automaton evolution is given by",WEAK
L1196,B1196,BACK-MATTER/NOTES/06-Starting-from-Randomness-Notes.md:L401-402[U006485];BACK-MATTER/NOTES/06-Starting-from-Randomness-Notes.md:L403-420[U006486];BACK-MATTER/NOTES/06-Starting-from-Randomness-Notes.md:L421-422[U006487];BACK-MATTER/NOTES/06-Starting-from-Randomness-Notes.md:L423-424[U006488];BACK-MATTER/NOTES/06-Starting-from-Randomness-Notes.md:L433-434[U006490];BACK-MATTER/NOTES/06-Starting-from-Randomness-Notes.md:L435-436[U006491],"It is always possible to find a minimal network that represents a set of sequences. This can be done by first creating a ""deterministic"" network in which at most one arc of each v…",WEAK
L1197,B1197,BACK-MATTER/NOTES/06-Starting-from-Randomness-Notes.md:L423-424[U006488];BACK-MATTER/NOTES/06-Starting-from-Randomness-Notes.md:L425-432[U006489],"In general MinNet will yield a network with the property that any allowed sequence of values corresponds to a path which starts from node 1. In the main text, however, the network…",WEAK
L1198,B1198,BACK-MATTER/NOTES/06-Starting-from-Randomness-Notes.md:L437-440[U006492];BACK-MATTER/NOTES/06-Starting-from-Randomness-Notes.md:L441-443[U006493],"■ **Regular languages.** The set of sequences obtained by following possible paths through a finite network is often called a regular language, and appears in studies of many kind…",RESOLVED
L1199,B1199,BACK-MATTER/NOTES/06-Starting-from-Randomness-Notes.md:L437-440[U006492],"■ **Regular languages.** The set of sequences obtained by following possible paths through a finite network is often called a regular language, and appears in studies of many kind…",RESOLVED
L1200,B1200,BACK-MATTER/NOTES/06-Starting-from-Randomness-Notes.md:L437-440[U006492],"■ **Regular languages.** The set of sequences obtained by following possible paths through a finite network is often called a regular language, and appears in studies of many kind…",RESOLVED
L1201,B1201,BACK-MATTER/NOTES/06-Starting-from-Randomness-Notes.md:L441-443[U006493];BACK-MATTER/NOTES/06-Starting-from-Randomness-Notes.md:L444-445[U006494];BACK-MATTER/NOTES/06-Starting-from-Randomness-Notes.md:L446-447[U006495],■ **History.** Simple finite automata have implicitly been used in electromechanical machines for over a century. A formal version of them appeared in 1943 in McCulloch-Pitts neur…,WEAK
L1202,B1202,BACK-MATTER/NOTES/06-Starting-from-Randomness-Notes.md:L446-447[U006495];BACK-MATTER/NOTES/06-Starting-from-Randomness-Notes.md:L448-449[U006496];BACK-MATTER/NOTES/06-Starting-from-Randomness-Notes.md:L467-468[U006503],The maximum size of network that can possibly be generated after t steps of cellular automaton evolution is $2^{k^{2rt}} - 1$ . For t = 1 the maximum of 15 (with 29 connections) i…,WEAK
L1203,B1203,BACK-MATTER/NOTES/06-Starting-from-Randomness-Notes.md:L450-451[U006497];BACK-MATTER/NOTES/06-Starting-from-Randomness-Notes.md:L452-455[U006498];BACK-MATTER/NOTES/06-Starting-from-Randomness-Notes.md:L456-457[U006499];BACK-MATTER/NOTES/06-Starting-from-Randomness-Notes.md:L458-462[U006500];BACK-MATTER/NOTES/06-Starting-from-Randomness-Notes.md:L463-464[U006501];BACK-MATTER/NOTES/06-Starting-from-Randomness-Notes.md:L465-466[U006502];BACK-MATTER/NOTES/06-Starting-from-Randomness-Notes.md:L467-468[U006503];BACK-MATTER/NOTES/06-Starting-from-Randomness-Notes.md:L469-470[U006504];BACK-MATTER/NOTES/06-Starting-from-Randomness-Notes.md:L471-472[U006505];BACK-MATTER/NOTES/06-Starting-from-Randomness-Notes.md:L518-519[U006523],"■ **Entropies and dimensions.** There are $2^n$ sequences possible for n cells that are each either black or white. But as we have seen, in most cellular automata not all these se…",RESOLVED
L1204,B1204,BACK-MATTER/NOTES/06-Starting-from-Randomness-Notes.md:L469-470[U006504],"It is often convenient to fit $s_n$ for large n to the form $2^{hn}$ , where h is the so-called spatial (topological) entropy (see page 1084), given by $Log[2, \kappa]$ . The valu…",RESOLVED
L1205,B1205,BACK-MATTER/NOTES/06-Starting-from-Randomness-Notes.md:L473-474[U006506];BACK-MATTER/NOTES/06-Starting-from-Randomness-Notes.md:L475-476[U006507];BACK-MATTER/NOTES/06-Starting-from-Randomness-Notes.md:L477-478[U006508];BACK-MATTER/NOTES/06-Starting-from-Randomness-Notes.md:L479-482[U006509];BACK-MATTER/NOTES/06-Starting-from-Randomness-Notes.md:L483-484[U006510],"■ **Cycles and zeta functions.** The number of sequences of n cells that can occur repeatedly, corresponding to cycles in the network, is given in terms of the adjacency matrix m…",RESOLVED
L1206,B1206,BACK-MATTER/NOTES/06-Starting-from-Randomness-Notes.md:L485-487[U006511],"■ **2D generalizations.** Above 1D no systematic method seems to exist for finding exact formulas for entropies (as expected from the discussion at the end of Chapter 5). Indeed,…",RESOLVED
L1207,B1207,BACK-MATTER/NOTES/06-Starting-from-Randomness-Notes.md:L485-487[U006511],"■ **2D generalizations.** Above 1D no systematic method seems to exist for finding exact formulas for entropies (as expected from the discussion at the end of Chapter 5). Indeed,…",RESOLVED
L1208,B1208,BACK-MATTER/NOTES/06-Starting-from-Randomness-Notes.md:L485-487[U006511],"■ **2D generalizations.** Above 1D no systematic method seems to exist for finding exact formulas for entropies (as expected from the discussion at the end of Chapter 5). Indeed,…",RESOLVED
L1209,B1209,BACK-MATTER/NOTES/06-Starting-from-Randomness-Notes.md:L485-487[U006511];BACK-MATTER/NOTES/06-Starting-from-Randomness-Notes.md:L488-491[U006512];BACK-MATTER/NOTES/06-Starting-from-Randomness-Notes.md:L492-493[U006513];BACK-MATTER/NOTES/06-Starting-from-Randomness-Notes.md:L506-509[U006518],"■ **2D generalizations.** Above 1D no systematic method seems to exist for finding exact formulas for entropies (as expected from the discussion at the end of Chapter 5). Indeed,…",RESOLVED
L1210,B1210,BACK-MATTER/NOTES/06-Starting-from-Randomness-Notes.md:L494-497[U006514];BACK-MATTER/NOTES/06-Starting-from-Randomness-Notes.md:L498-499[U006515],"``` Limit[Sum[UnitStep[p[i]], {i, k^n}]/n, n -> Infinity] ```",RESOLVED
L1211,B1211,BACK-MATTER/NOTES/06-Starting-from-Randomness-Notes.md:L500-503[U006516];BACK-MATTER/NOTES/06-Starting-from-Randomness-Notes.md:L504-505[U006517],"``` h[q_, n_] := Log[k, Sum[p[i]^q, {i, k^n}]]/(n (q - 1)) ```",RESOLVED
L1212,B1212,BACK-MATTER/NOTES/06-Starting-from-Randomness-Notes.md:L471-472[U006505];BACK-MATTER/NOTES/06-Starting-from-Randomness-Notes.md:L506-509[U006518],"If one associates with each possible sequence of length n a number $Sum[a_i 2^{-i}, \{i, n\}]$ , then the set of sequences that actually occur at a given step form a Cantor set (s…",RESOLVED
L1213,B1213,BACK-MATTER/NOTES/06-Starting-from-Randomness-Notes.md:L506-509[U006518],■ **Entropy estimates.** Entropies h[n] computed from blocks of size n always decrease with n; the quantity nh[n] is always convex (negative second difference) with respect to n.…,RESOLVED
L1214,B1214,BACK-MATTER/NOTES/06-Starting-from-Randomness-Notes.md:L506-509[U006518];BACK-MATTER/NOTES/06-Starting-from-Randomness-Notes.md:L512-513[U006520];BACK-MATTER/NOTES/06-Starting-from-Randomness-Notes.md:L528-529[U006528],■ **Entropy estimates.** Entropies h[n] computed from blocks of size n always decrease with n; the quantity nh[n] is always convex (negative second difference) with respect to n.…,RESOLVED
L1215,B1215,BACK-MATTER/NOTES/06-Starting-from-Randomness-Notes.md:L506-509[U006518];BACK-MATTER/NOTES/06-Starting-from-Randomness-Notes.md:L510-511[U006519];BACK-MATTER/NOTES/06-Starting-from-Randomness-Notes.md:L512-513[U006520];BACK-MATTER/NOTES/06-Starting-from-Randomness-Notes.md:L528-529[U006528],■ **Entropy estimates.** Entropies h[n] computed from blocks of size n always decrease with n; the quantity nh[n] is always convex (negative second difference) with respect to n.…,RESOLVED
L1216,B1216,BACK-MATTER/NOTES/06-Starting-from-Randomness-Notes.md:L514-515[U006521],■ **Temporal sequences.** So far we have considered possible sequences of cells that can occur at a particular step in the evolution of a cellular automaton. But one can also cons…,RESOLVED
L1217,B1217,BACK-MATTER/NOTES/06-Starting-from-Randomness-Notes.md:L514-515[U006521],■ **Temporal sequences.** So far we have considered possible sequences of cells that can occur at a particular step in the evolution of a cellular automaton. But one can also cons…,RESOLVED
L1218,B1218,BACK-MATTER/NOTES/06-Starting-from-Randomness-Notes.md:L514-515[U006521];BACK-MATTER/NOTES/06-Starting-from-Randomness-Notes.md:L518-519[U006523];BACK-MATTER/NOTES/06-Starting-from-Randomness-Notes.md:L516-517[U006522],■ **Temporal sequences.** So far we have considered possible sequences of cells that can occur at a particular step in the evolution of a cellular automaton. But one can also cons…,RESOLVED
L1219,B1219,BACK-MATTER/NOTES/06-Starting-from-Randomness-Notes.md:L520-521[U006524];BACK-MATTER/NOTES/06-Starting-from-Randomness-Notes.md:L522-523[U006525];BACK-MATTER/NOTES/06-Starting-from-Randomness-Notes.md:L524-525[U006526];BACK-MATTER/NOTES/06-Starting-from-Randomness-Notes.md:L530-531[U006529],"■ **Spacetime patches.** One can imagine defining entropies and dimensions associated with regions of any shape in the spacetime history of a cellular automaton. As an example, on…",RESOLVED
L1220,B1220,BACK-MATTER/NOTES/06-Starting-from-Randomness-Notes.md:L520-521[U006524];BACK-MATTER/NOTES/06-Starting-from-Randomness-Notes.md:L522-523[U006525];BACK-MATTER/NOTES/06-Starting-from-Randomness-Notes.md:L524-525[U006526],"■ **Spacetime patches.** One can imagine defining entropies and dimensions associated with regions of any shape in the spacetime history of a cellular automaton. As an example, on…",RESOLVED
L1221,B1221,BACK-MATTER/NOTES/06-Starting-from-Randomness-Notes.md:L526-527[U006527],"■ **History.** The analysis of cellular automata given in this section is largely as I worked it out in the early 1980s. Parts of it, however, are related to earlier investigation…",WEAK
L1222,B1222,BACK-MATTER/NOTES/06-Starting-from-Randomness-Notes.md:L534-537[U006531];BACK-MATTER/NOTES/06-Starting-from-Randomness-Notes.md:L540-541[U006533];BACK-MATTER/NOTES/06-Starting-from-Randomness-Notes.md:L544-545[U006535];BACK-MATTER/NOTES/06-Starting-from-Randomness-Notes.md:L546-547[U006536];BACK-MATTER/NOTES/06-Starting-from-Randomness-Notes.md:L550-551[U006538];BACK-MATTER/NOTES/06-Starting-from-Randomness-Notes.md:L554-555[U006540];BACK-MATTER/NOTES/06-Starting-from-Randomness-Notes.md:L558-559[U006542];BACK-MATTER/NOTES/06-Starting-from-Randomness-Notes.md:L564-565[U006545];BACK-MATTER/NOTES/06-Starting-from-Randomness-Notes.md:L566-568[U006546];BACK-MATTER/NOTES/06-Starting-from-Randomness-Notes.md:L583-584[U006552];BACK-MATTER/NOTES/06-Starting-from-Randomness-Notes.md:L538-539[U006532];BACK-MATTER/NOTES/06-Starting-from-Randomness-Notes.md:L542-543[U006534];BACK-MATTER/NOTES/06-Starting-from-Randomness-Notes.md:L560-561[U006543];BACK-MATTER/NOTES/06-Starting-from-Randomness-Notes.md:L556-557[U006541];BACK-MATTER/NOTES/06-Starting-from-Randomness-Notes.md:L548-549[U006537];BACK-MATTER/NOTES/06-Starting-from-Randomness-Notes.md:L552-553[U006539];BACK-MATTER/NOTES/06-Starting-from-Randomness-Notes.md:L585-586[U006553];BACK-MATTER/NOTES/06-Starting-from-Randomness-Notes.md:L562-563[U006544];BACK-MATTER/NOTES/06-Starting-from-Randomness-Notes.md:L587-588[U006554],"■ **Iterated maps.** For maps of the form $x \rightarrow ax(1-x)$ discussed on page 920 the attractor for small a is a fixed point, then a period 2 limit cycle, then period 4, 8,…",RESOLVED
L1223,B1223,BACK-MATTER/NOTES/06-Starting-from-Randomness-Notes.md:L566-568[U006546];BACK-MATTER/NOTES/06-Starting-from-Randomness-Notes.md:L579-580[U006550];BACK-MATTER/NOTES/06-Starting-from-Randomness-Notes.md:L581-582[U006551],"■ **Symmetries.** Many of the networks above contain large numbers of identical pieces. Typically the reason is that the states in each piece are shifted copies of each other, and…",WEAK
L1224,B1224,BACK-MATTER/NOTES/06-Starting-from-Randomness-Notes.md:L566-568[U006546];BACK-MATTER/NOTES/06-Starting-from-Randomness-Notes.md:L569-572[U006547],"■ **Symmetries.** Many of the networks above contain large numbers of identical pieces. Typically the reason is that the states in each piece are shifted copies of each other, and…",WEAK
L1225,B1225,BACK-MATTER/NOTES/06-Starting-from-Randomness-Notes.md:L566-568[U006546];BACK-MATTER/NOTES/06-Starting-from-Randomness-Notes.md:L573-574[U006548];BACK-MATTER/NOTES/06-Starting-from-Randomness-Notes.md:L575-578[U006549];BACK-MATTER/NOTES/06-Starting-from-Randomness-Notes.md:L579-580[U006550],"■ **Symmetries.** Many of the networks above contain large numbers of identical pieces. Typically the reason is that the states in each piece are shifted copies of each other, and…",WEAK
L1226,B1226,BACK-MATTER/NOTES/06-Starting-from-Randomness-Notes.md:L589-590[U006555];BACK-MATTER/NOTES/06-Starting-from-Randomness-Notes.md:L591-592[U006556],■ **Random networks.** The pictures below show networks in which each of a set of n nodes has as its successor a node that is chosen at random from the set. The total number of po…,SERIOUS
L1227,B1227,BACK-MATTER/NOTES/06-Starting-from-Randomness-Notes.md:L589-590[U006555],■ **Random networks.** The pictures below show networks in which each of a set of n nodes has as its successor a node that is chosen at random from the set. The total number of po…,RESOLVED
L1228,B1228,BACK-MATTER/NOTES/06-Starting-from-Randomness-Notes.md:L595-596[U006558];BACK-MATTER/NOTES/06-Starting-from-Randomness-Notes.md:L597-598[U006559],■ **Page 283 · Survival data.** The number of steps for which the pattern produced by each of the first 1000 initial conditions in code 20 survive are indicated in the picture bel…,RESOLVED
L1229,B1229,BACK-MATTER/NOTES/06-Starting-from-Randomness-Notes.md:L599-600[U006560];BACK-MATTER/NOTES/06-Starting-from-Randomness-Notes.md:L601-602[U006561],"■ **Page 290 · Background.** At every step the background pattern in rule 110 consists of repetitions of the block $b = \{1, 0, 0, 1, 1, 0, 1, 1, 1, 1, 1, 0, 0, 0\}$ , as shown in…",RESOLVED
L1230,B1230,BACK-MATTER/NOTES/06-Starting-from-Randomness-Notes.md:L603-604[U006562];BACK-MATTER/NOTES/06-Starting-from-Randomness-Notes.md:L605-606[U006563];BACK-MATTER/NOTES/06-Starting-from-Randomness-Notes.md:L607-608[U006564];BACK-MATTER/NOTES/06-Starting-from-Randomness-Notes.md:L609-610[U006565],"■ **Page 292 · Structures.** The persistent structures shown can be obtained from the following $\{n, w\}$ by inserting the sequences IntegerDigits[n, 2, w] between repetitions of…",RESOLVED
L1231,B1231,BACK-MATTER/NOTES/06-Starting-from-Randomness-Notes.md:L611-612[U006566],"Note that the periodicity of the background forces all rule 110 structures to have periods and distances given by $\{4, -2\}r + \{3, 2\}s$ where r and s are non-negative integers.…",WEAK
L1232,B1232,BACK-MATTER/NOTES/06-Starting-from-Randomness-Notes.md:L611-612[U006566];BACK-MATTER/NOTES/06-Starting-from-Randomness-Notes.md:L618-619[U006569],"Note that the periodicity of the background forces all rule 110 structures to have periods and distances given by $\{4, -2\}r + \{3, 2\}s$ where r and s are non-negative integers.…",WEAK
L1233,B1233,BACK-MATTER/NOTES/06-Starting-from-Randomness-Notes.md:L611-612[U006566];BACK-MATTER/NOTES/06-Starting-from-Randomness-Notes.md:L613-615[U006567];BACK-MATTER/NOTES/06-Starting-from-Randomness-Notes.md:L616-617[U006568],"Note that the periodicity of the background forces all rule 110 structures to have periods and distances given by $\{4, -2\}r + \{3, 2\}s$ where r and s are non-negative integers.…",WEAK
L1234,B1234,BACK-MATTER/NOTES/06-Starting-from-Randomness-Notes.md:L603-604[U006562];BACK-MATTER/NOTES/06-Starting-from-Randomness-Notes.md:L620-623[U006570],"■ **Page 292 · Structures.** The persistent structures shown can be obtained from the following $\{n, w\}$ by inserting the sequences IntegerDigits[n, 2, w] between repetitions of…",RESOLVED
L1235,B1235,BACK-MATTER/NOTES/06-Starting-from-Randomness-Notes.md:L620-623[U006570],"■ **Page 293 · Glider gun.** The initial conditions shown correspond to $\{n, w\} = \{1339191737336, 41\}$ . ■ **Page 294 · Collisions.** A fundamental result is that the sum of t…",RESOLVED
L1236,B1236,BACK-MATTER/NOTES/06-Starting-from-Randomness-Notes.md:L620-623[U006570];BACK-MATTER/NOTES/06-Starting-from-Randomness-Notes.md:L624-625[U006571],"■ **Page 293 · Glider gun.** The initial conditions shown correspond to $\{n, w\} = \{1339191737336, 41\}$ . ■ **Page 294 · Collisions.** A fundamental result is that the sum of t…",RESOLVED
L1237,B1237,BACK-MATTER/NOTES/06-Starting-from-Randomness-Notes.md:L620-623[U006570];BACK-MATTER/NOTES/06-Starting-from-Randomness-Notes.md:L624-625[U006571],"■ **Page 293 · Glider gun.** The initial conditions shown correspond to $\{n, w\} = \{1339191737336, 41\}$ . ■ **Page 294 · Collisions.** A fundamental result is that the sum of t…",RESOLVED
L1238,B1238,BACK-MATTER/NOTES/06-Starting-from-Randomness-Notes.md:L620-623[U006570];BACK-MATTER/NOTES/06-Starting-from-Randomness-Notes.md:L624-625[U006571],"■ **Page 293 · Glider gun.** The initial conditions shown correspond to $\{n, w\} = \{1339191737336, 41\}$ . ■ **Page 294 · Collisions.** A fundamental result is that the sum of t…",RESOLVED
L1239,B1239,BACK-MATTER/NOTES/06-Starting-from-Randomness-Notes.md:L620-623[U006570];BACK-MATTER/NOTES/06-Starting-from-Randomness-Notes.md:L624-625[U006571],"■ **Page 293 · Glider gun.** The initial conditions shown correspond to $\{n, w\} = \{1339191737336, 41\}$ . ■ **Page 294 · Collisions.** A fundamental result is that the sum of t…",RESOLVED
L1240,B1240,BACK-MATTER/NOTES/06-Starting-from-Randomness-Notes.md:L626-627[U006572];BACK-MATTER/NOTES/06-Starting-from-Randomness-Notes.md:L628-629[U006573],"The next most common moving structure is the so-called ""spaceship"":",RESOLVED
L1241,B1241,BACK-MATTER/NOTES/06-Starting-from-Randomness-Notes.md:L630-631[U006574];BACK-MATTER/NOTES/06-Starting-from-Randomness-Notes.md:L632-633[U006575],The complete set of structures with less than 8 black cells that remain unchanged at every step in the evolution are:,RESOLVED
L1242,B1242,BACK-MATTER/NOTES/06-Starting-from-Randomness-Notes.md:L638-639[U006578];BACK-MATTER/NOTES/06-Starting-from-Randomness-Notes.md:L640-641[U006579],Structures with all repetition periods up to 18 have been found in Life; examples are shown in the pictures below.,RESOLVED
L1243,B1243,BACK-MATTER/NOTES/06-Starting-from-Randomness-Notes.md:L642-643[U006580];BACK-MATTER/NOTES/06-Starting-from-Randomness-Notes.md:L644-645[U006581],"Persistent structures with various speeds in the horizontal and vertical direction have also been found, as shown below.",RESOLVED
L1244,B1244,BACK-MATTER/NOTES/06-Starting-from-Randomness-Notes.md:L646-647[U006582];BACK-MATTER/NOTES/06-Starting-from-Randomness-Notes.md:L648-649[U006583],"The first example of unbounded growth in Life was the so-called ""glider gun"", discovered by William Gosper in 1970 and shown below. This object emits a glider every 30 steps. The…",RESOLVED
L1245,B1245,BACK-MATTER/NOTES/06-Starting-from-Randomness-Notes.md:L646-647[U006582];BACK-MATTER/NOTES/06-Starting-from-Randomness-Notes.md:L648-649[U006583],"The first example of unbounded growth in Life was the so-called ""glider gun"", discovered by William Gosper in 1970 and shown below. This object emits a glider every 30 steps. The…",RESOLVED
L1246,B1246,BACK-MATTER/NOTES/06-Starting-from-Randomness-Notes.md:L650-651[U006584];BACK-MATTER/NOTES/06-Starting-from-Randomness-Notes.md:L652-653[U006585],Many more elaborate structures similar to the glider gun were found in the 1970s and 1980s; two are illustrated below.,RESOLVED
L1247,B1247,BACK-MATTER/NOTES/06-Starting-from-Randomness-Notes.md:L650-651[U006584];BACK-MATTER/NOTES/06-Starting-from-Randomness-Notes.md:L652-653[U006585],Many more elaborate structures similar to the glider gun were found in the 1970s and 1980s; two are illustrated below.,RESOLVED
L1248,B1248,BACK-MATTER/NOTES/06-Starting-from-Randomness-Notes.md:L654-655[U006586],"A simpler kind of unbounded growth occurs if one starts from an infinite line of black cells. In that case, the evolution is effectively 1D, and turns out to follow elementary rul…",RESOLVED
L1249,B1249,BACK-MATTER/NOTES/06-Starting-from-Randomness-Notes.md:L656-657[U006587];BACK-MATTER/NOTES/06-Starting-from-Randomness-Notes.md:L658-659[U006588],"For a long time it was not clear whether Life would support any kind of uniform unbounded growth from a finite initial region of black cells. However, in 1993 David Bell found sta…",RESOLVED
L1250,B1250,BACK-MATTER/NOTES/06-Starting-from-Randomness-Notes.md:L660-661[U006589];BACK-MATTER/NOTES/06-Starting-from-Randomness-Notes.md:L662-663[U006590],"As in other class 4 cellular automata, there are structures in Life which take a very long time to settle down. The so-called ""puffer train"" below which starts from 23 black cells…",RESOLVED
L1251,B1251,CHAPTERS/07-Mechanisms-in-Programs-and-Nature.md:L39-40[U001596];CHAPTERS/07-Mechanisms-in-Programs-and-Nature.md:L45-46[U001599];CHAPTERS/07-Mechanisms-in-Programs-and-Nature.md:L47-48[U001600],![](_page_314_Figure_3.jpeg),RESOLVED
L1252,B1252,CHAPTERS/07-Mechanisms-in-Programs-and-Nature.md:L41-42[U001597];CHAPTERS/07-Mechanisms-in-Programs-and-Nature.md:L45-46[U001599];CHAPTERS/07-Mechanisms-in-Programs-and-Nature.md:L51-52[U001602];CHAPTERS/07-Mechanisms-in-Programs-and-Nature.md:L53-54[U001603];CHAPTERS/07-Mechanisms-in-Programs-and-Nature.md:L55-56[U001604],![](_page_314_Figure_4.jpeg),RESOLVED
L1253,B1253,CHAPTERS/07-Mechanisms-in-Programs-and-Nature.md:L43-44[U001598];CHAPTERS/07-Mechanisms-in-Programs-and-Nature.md:L45-46[U001599];CHAPTERS/07-Mechanisms-in-Programs-and-Nature.md:L63-64[U001608];CHAPTERS/07-Mechanisms-in-Programs-and-Nature.md:L65-66[U001609],![](_page_314_Figure_5.jpeg),WEAK
L1254,B1254,CHAPTERS/07-Mechanisms-in-Programs-and-Nature.md:L91-92[U001622];CHAPTERS/07-Mechanisms-in-Programs-and-Nature.md:L93-94[U001623];CHAPTERS/07-Mechanisms-in-Programs-and-Nature.md:L95-96[U001624];CHAPTERS/07-Mechanisms-in-Programs-and-Nature.md:L103-104[U001628];CHAPTERS/07-Mechanisms-in-Programs-and-Nature.md:L105-106[U001629];CHAPTERS/07-Mechanisms-in-Programs-and-Nature.md:L107-108[U001630],"Typically these devices work by operating fairly standard electronic components in extreme conditions where there is usually no output signal, but where microscopic fluctuations c…",WEAK
L1255,B1255,CHAPTERS/07-Mechanisms-in-Programs-and-Nature.md:L127-128[U001640];CHAPTERS/07-Mechanisms-in-Programs-and-Nature.md:L129-130[U001641];CHAPTERS/07-Mechanisms-in-Programs-and-Nature.md:L131-132[U001642];CHAPTERS/07-Mechanisms-in-Programs-and-Nature.md:L133-134[U001643];CHAPTERS/07-Mechanisms-in-Programs-and-Nature.md:L135-136[U001644],"As a simple example, consider a ball that has one hemisphere white and the other black. One can roll this ball like a die, and then look to see which color is on top when the ball…",WEAK
L1256,B1256,CHAPTERS/07-Mechanisms-in-Programs-and-Nature.md:L145-146[U001649];CHAPTERS/07-Mechanisms-in-Programs-and-Nature.md:L151-152[U001652];CHAPTERS/07-Mechanisms-in-Programs-and-Nature.md:L153-154[U001653];CHAPTERS/07-Mechanisms-in-Programs-and-Nature.md:L159-160[U001656];CHAPTERS/07-Mechanisms-in-Programs-and-Nature.md:L163-164[U001658];CHAPTERS/07-Mechanisms-in-Programs-and-Nature.md:L165-166[U001659];CHAPTERS/07-Mechanisms-in-Programs-and-Nature.md:L167-168[U001660],"A classic example is an idealized version of the kneading process which is used for instance to make noodles or taffy. The basic idea is to take a lump of dough-like material, and…",RESOLVED
L1257,B1257,CHAPTERS/07-Mechanisms-in-Programs-and-Nature.md:L195-196[U001674];CHAPTERS/07-Mechanisms-in-Programs-and-Nature.md:L199-200[U001676];CHAPTERS/07-Mechanisms-in-Programs-and-Nature.md:L201-202[U001677];CHAPTERS/07-Mechanisms-in-Programs-and-Nature.md:L203-204[U001678],"The picture on the facing page shows a system in which a beam of light repeatedly bounces off a sequence of mirrors. The system is set up so that every time the light goes around,…",RESOLVED
L1258,B1258,CHAPTERS/07-Mechanisms-in-Programs-and-Nature.md:L207-208[U001680];CHAPTERS/07-Mechanisms-in-Programs-and-Nature.md:L211-212[U001682];CHAPTERS/07-Mechanisms-in-Programs-and-Nature.md:L213-214[U001683];CHAPTERS/07-Mechanisms-in-Programs-and-Nature.md:L215-216[U001684],"Indeed, the simple pegboard shown below exhibits the same phenomenon, with balls dropped at even infinitesimally different initial positions eventually following very different tr…",WEAK
L1259,B1259,CHAPTERS/07-Mechanisms-in-Programs-and-Nature.md:L219-220[U001686];CHAPTERS/07-Mechanisms-in-Programs-and-Nature.md:L227-228[U001690];CHAPTERS/07-Mechanisms-in-Programs-and-Nature.md:L229-230[U001691];CHAPTERS/07-Mechanisms-in-Programs-and-Nature.md:L231-232[U001692],"So in what kinds of systems do the largest such separations occur? The answer tends to be systems in astronomy. And as it turns out, the so-called three-body problem in astronomy…",WEAK
L1260,B1260,CHAPTERS/07-Mechanisms-in-Programs-and-Nature.md:L239-240[U001696];CHAPTERS/07-Mechanisms-in-Programs-and-Nature.md:L241-242[U001697];CHAPTERS/07-Mechanisms-in-Programs-and-Nature.md:L243-244[U001698];CHAPTERS/07-Mechanisms-in-Programs-and-Nature.md:L337-338[U001745],The picture below shows the rule 30 cellular automaton in which I first identified this mechanism for randomness. The basic rule for the system is very simple. And the initial con…,RESOLVED
L1261,B1261,CHAPTERS/07-Mechanisms-in-Programs-and-Nature.md:L249-250[U001701];CHAPTERS/07-Mechanisms-in-Programs-and-Nature.md:L263-264[U001708];CHAPTERS/07-Mechanisms-in-Programs-and-Nature.md:L267-268[U001710],"Yet looking at the cellular automaton on the previous page there are clearly at least some regularities in the pattern it produces—like the diagonal stripes on the left. But if, s…",RESOLVED
L1262,B1262,CHAPTERS/07-Mechanisms-in-Programs-and-Nature.md:L271-272[U001712];CHAPTERS/07-Mechanisms-in-Programs-and-Nature.md:L273-274[U001713];CHAPTERS/07-Mechanisms-in-Programs-and-Nature.md:L275-276[U001714];CHAPTERS/07-Mechanisms-in-Programs-and-Nature.md:L277-278[U001715],"For many years, most kinds of computer systems and languages have had facilities for generating what they usually call random numbers. And in *Mathematica*—ever since it was first…",WEAK
L1263,B1263,CHAPTERS/07-Mechanisms-in-Programs-and-Nature.md:L281-282[U001717];CHAPTERS/07-Mechanisms-in-Programs-and-Nature.md:L291-292[U001722];CHAPTERS/07-Mechanisms-in-Programs-and-Nature.md:L293-294[U001723],"The pictures on the facing page show what happens if one successively multiplies a number by various constant factors, and then looks at the digit sequences of the numbers that re…",RESOLVED
L1264,B1264,CHAPTERS/07-Mechanisms-in-Programs-and-Nature.md:L283-284[U001718];CHAPTERS/07-Mechanisms-in-Programs-and-Nature.md:L287-288[U001720];CHAPTERS/07-Mechanisms-in-Programs-and-Nature.md:L299-300[U001726];CHAPTERS/07-Mechanisms-in-Programs-and-Nature.md:L301-302[U001727],"For practical reasons, such generators typically keep only, say, the rightmost 31 digits in the numbers at each step. Yet even with this restriction, the sequences generated are r…",RESOLVED
L1265,B1265,CHAPTERS/07-Mechanisms-in-Programs-and-Nature.md:L295-296[U001724];CHAPTERS/07-Mechanisms-in-Programs-and-Nature.md:L299-300[U001726];CHAPTERS/07-Mechanisms-in-Programs-and-Nature.md:L301-302[U001727],"A typical kind of failure, illustrated in the pictures on the next page, is that points with coordinates determined by successive numbers from the generator turn out to be distrib…",RESOLVED
L1266,B1266,CHAPTERS/07-Mechanisms-in-Programs-and-Nature.md:L339-340[U001746];CHAPTERS/07-Mechanisms-in-Programs-and-Nature.md:L343-344[U001748];CHAPTERS/07-Mechanisms-in-Programs-and-Nature.md:L345-346[U001749];CHAPTERS/07-Mechanisms-in-Programs-and-Nature.md:L347-348[U001750],"But how easy is it to disturb this sequence? If one makes a fairly drastic perturbation, such as changing the colors of cells all the way from white to black, then the sequence wi…",WEAK
L1267,B1267,CHAPTERS/07-Mechanisms-in-Programs-and-Nature.md:L341-342[U001747];CHAPTERS/07-Mechanisms-in-Programs-and-Nature.md:L357-358[U001755];CHAPTERS/07-Mechanisms-in-Programs-and-Nature.md:L359-360[U001756];CHAPTERS/07-Mechanisms-in-Programs-and-Nature.md:L361-362[U001757],"But with less drastic perturbations, the sequence can be quite robust. As an example, one can consider allowing each cell to be not just black or white, but any shade of gray, as…",RESOLVED
L1268,B1268,CHAPTERS/07-Mechanisms-in-Programs-and-Nature.md:L351-352[U001752];CHAPTERS/07-Mechanisms-in-Programs-and-Nature.md:L357-358[U001755];CHAPTERS/07-Mechanisms-in-Programs-and-Nature.md:L359-360[U001756];CHAPTERS/07-Mechanisms-in-Programs-and-Nature.md:L361-362[U001757],"The question of what size of perturbations can be tolerated without significant effect depends on the details of the underlying rules. And as the pictures suggest, rules which yie…",WEAK
L1269,B1269,CHAPTERS/07-Mechanisms-in-Programs-and-Nature.md:L393-394[U001773];CHAPTERS/07-Mechanisms-in-Programs-and-Nature.md:L397-398[U001775];CHAPTERS/07-Mechanisms-in-Programs-and-Nature.md:L399-400[U001776],"Each random walk is made by taking a discrete particle, and then at each step randomly moving the particle one position to the left or right. If one starts off with several partic…",SERIOUS
L1270,B1270,CHAPTERS/07-Mechanisms-in-Programs-and-Nature.md:L395-396[U001774];CHAPTERS/07-Mechanisms-in-Programs-and-Nature.md:L397-398[U001775];CHAPTERS/07-Mechanisms-in-Programs-and-Nature.md:L399-400[U001776],"The answer, as illustrated on the next page, is that if there are enough particles, then the distribution one sees takes on a smooth and continuous form, and shows no trace of the…",RESOLVED
L1271,B1271,CHAPTERS/07-Mechanisms-in-Programs-and-Nature.md:L401-402[U001777];CHAPTERS/07-Mechanisms-in-Programs-and-Nature.md:L403-404[U001778];CHAPTERS/07-Mechanisms-in-Programs-and-Nature.md:L405-406[U001779],The pictures at the top of the facing page show what happens if one uses several different underlying rules for the motion of each particle. And what one sees is that despite diff…,RESOLVED
L1272,B1272,CHAPTERS/07-Mechanisms-in-Programs-and-Nature.md:L407-408[U001780],"Indeed, in the particular case of systems such as random walks, the Central Limit Theorem suggested over two centuries ago ensures that for a very wide range of underlying microsc…",WEAK
L1273,B1273,CHAPTERS/07-Mechanisms-in-Programs-and-Nature.md:L409-410[U001781];CHAPTERS/07-Mechanisms-in-Programs-and-Nature.md:L413-414[U001783];CHAPTERS/07-Mechanisms-in-Programs-and-Nature.md:L415-416[U001784],"This kind of independence of microscopic details has many important consequences. The pictures on the next page show, for example, what happens if one looks at two-dimensional ran…",RESOLVED
L1274,B1274,CHAPTERS/07-Mechanisms-in-Programs-and-Nature.md:L417-418[U001785];CHAPTERS/07-Mechanisms-in-Programs-and-Nature.md:L419-420[U001786];CHAPTERS/07-Mechanisms-in-Programs-and-Nature.md:L421-422[U001787];CHAPTERS/07-Mechanisms-in-Programs-and-Nature.md:L423-424[U001788],"Beyond random walks, there are many other systems based on discrete components in which randomness at a microscopic level also leads to continuous behavior on a large scale. The p…",SERIOUS
L1275,B1275,CHAPTERS/07-Mechanisms-in-Programs-and-Nature.md:L427-428[U001790];CHAPTERS/07-Mechanisms-in-Programs-and-Nature.md:L429-430[U001791];CHAPTERS/07-Mechanisms-in-Programs-and-Nature.md:L433-434[U001793];CHAPTERS/07-Mechanisms-in-Programs-and-Nature.md:L437-438[U001795],"The pictures below, for example, show generalizations of the aggregation model in which new cells are added only at positions that have certain numbers of existing neighbors. And…",RESOLVED
L1276,B1276,CHAPTERS/07-Mechanisms-in-Programs-and-Nature.md:L427-428[U001790];CHAPTERS/07-Mechanisms-in-Programs-and-Nature.md:L431-432[U001792];CHAPTERS/07-Mechanisms-in-Programs-and-Nature.md:L435-436[U001794];CHAPTERS/07-Mechanisms-in-Programs-and-Nature.md:L437-438[U001795],"The pictures below, for example, show generalizations of the aggregation model in which new cells are added only at positions that have certain numbers of existing neighbors. And…",RESOLVED
L1277,B1277,CHAPTERS/07-Mechanisms-in-Programs-and-Nature.md:L443-444[U001798];CHAPTERS/07-Mechanisms-in-Programs-and-Nature.md:L451-452[U001802];CHAPTERS/07-Mechanisms-in-Programs-and-Nature.md:L453-454[U001803],The picture on the next page shows a two-dimensional cellular automaton where this happens. There is no randomness in the rules or the initial conditions for this system. But thro…,RESOLVED
L1278,B1278,CHAPTERS/07-Mechanisms-in-Programs-and-Nature.md:L455-456[U001804];CHAPTERS/07-Mechanisms-in-Programs-and-Nature.md:L459-460[U001806];CHAPTERS/07-Mechanisms-in-Programs-and-Nature.md:L461-462[U001807];CHAPTERS/07-Mechanisms-in-Programs-and-Nature.md:L463-464[U001808];CHAPTERS/07-Mechanisms-in-Programs-and-Nature.md:L465-466[U001809],The pictures on the next page show an example where this happens. The detailed pattern of black and white cells in these pictures changes at every step. But the point is that the…,WEAK
L1279,B1279,CHAPTERS/07-Mechanisms-in-Programs-and-Nature.md:L485-486[U001819];CHAPTERS/07-Mechanisms-in-Programs-and-Nature.md:L487-488[U001820];CHAPTERS/07-Mechanisms-in-Programs-and-Nature.md:L489-490[U001821],![](_page_353_Picture_1.jpeg),WEAK
L1280,B1280,CHAPTERS/07-Mechanisms-in-Programs-and-Nature.md:L491-492[U001822];CHAPTERS/07-Mechanisms-in-Programs-and-Nature.md:L495-496[U001824];CHAPTERS/07-Mechanisms-in-Programs-and-Nature.md:L497-498[U001825];CHAPTERS/07-Mechanisms-in-Programs-and-Nature.md:L499-500[U001826];CHAPTERS/07-Mechanisms-in-Programs-and-Nature.md:L709-710[U001931];CHAPTERS/07-Mechanisms-in-Programs-and-Nature.md:L711-712[U001932];CHAPTERS/07-Mechanisms-in-Programs-and-Nature.md:L713-714[U001933],"The pictures on the facing page show another example of the same basic phenomenon. When the initial density of black cells is less than 50%, all regions of black eventually disapp…",WEAK
L1281,B1281,CHAPTERS/07-Mechanisms-in-Programs-and-Nature.md:L501-502[U001827];CHAPTERS/07-Mechanisms-in-Programs-and-Nature.md:L503-504[U001828];CHAPTERS/07-Mechanisms-in-Programs-and-Nature.md:L505-506[U001829],![](_page_355_Figure_1.jpeg),WEAK
L1282,B1282,CHAPTERS/07-Mechanisms-in-Programs-and-Nature.md:L507-508[U001830];CHAPTERS/07-Mechanisms-in-Programs-and-Nature.md:L511-512[U001832];CHAPTERS/07-Mechanisms-in-Programs-and-Nature.md:L513-514[U001833];CHAPTERS/07-Mechanisms-in-Programs-and-Nature.md:L515-516[U001834];CHAPTERS/07-Mechanisms-in-Programs-and-Nature.md:L517-518[U001835];CHAPTERS/07-Mechanisms-in-Programs-and-Nature.md:L519-520[U001836];CHAPTERS/07-Mechanisms-in-Programs-and-Nature.md:L521-522[U001837];CHAPTERS/07-Mechanisms-in-Programs-and-Nature.md:L523-524[U001838],One might think that the existence of such a discrete transition must somehow be associated with the discrete nature of the underlying cellular automaton rules. But it turns out t…,WEAK
L1283,B1283,CHAPTERS/07-Mechanisms-in-Programs-and-Nature.md:L531-532[U001842];CHAPTERS/07-Mechanisms-in-Programs-and-Nature.md:L541-542[U001847];CHAPTERS/07-Mechanisms-in-Programs-and-Nature.md:L547-548[U001850];CHAPTERS/07-Mechanisms-in-Programs-and-Nature.md:L567-568[U001860];CHAPTERS/07-Mechanisms-in-Programs-and-Nature.md:L611-612[U001882],"At the end of Chapter 5 I gave some examples of constraints, and I showed that constraints do exist that can force quite complex behavior to occur. But despite this, my strong sus…",WEAK
L1284,B1284,CHAPTERS/07-Mechanisms-in-Programs-and-Nature.md:L539-540[U001846],"In principle one could imagine looking at every possible pattern, and then picking out the ones that satisfy the constraints. But even with a $10 \times 10$ array of black and whi…",WEAK
L1285,B1285,CHAPTERS/07-Mechanisms-in-Programs-and-Nature.md:L541-542[U001847];CHAPTERS/07-Mechanisms-in-Programs-and-Nature.md:L543-544[U001848];CHAPTERS/07-Mechanisms-in-Programs-and-Nature.md:L545-546[U001849];CHAPTERS/07-Mechanisms-in-Programs-and-Nature.md:L547-548[U001850];CHAPTERS/07-Mechanisms-in-Programs-and-Nature.md:L549-550[U001851];CHAPTERS/07-Mechanisms-in-Programs-and-Nature.md:L551-552[U001852],"One might imagine, however, that if such systems were just to try patterns at random, then even though incredibly few of these patterns would satisfy any given constraint exactly,…",WEAK
L1286,B1286,CHAPTERS/07-Mechanisms-in-Programs-and-Nature.md:L553-554[U001853];CHAPTERS/07-Mechanisms-in-Programs-and-Nature.md:L555-556[U001854];CHAPTERS/07-Mechanisms-in-Programs-and-Nature.md:L561-562[U001857];CHAPTERS/07-Mechanisms-in-Programs-and-Nature.md:L563-564[U001858];CHAPTERS/07-Mechanisms-in-Programs-and-Nature.md:L565-566[U001859];CHAPTERS/07-Mechanisms-in-Programs-and-Nature.md:L567-568[U001860],"So how can one do better? A common approach used both in natural systems and in practical computing is to have some form of iterative procedure, in which one starts from a pattern…",SERIOUS
L1287,B1287,CHAPTERS/07-Mechanisms-in-Programs-and-Nature.md:L567-568[U001860],Patterns generated by using the same procedure as in the previous picture but with three different sets of constraints. Case (a) uses the same constraints as in the previous pictu…,RESOLVED
L1288,B1288,CHAPTERS/07-Mechanisms-in-Programs-and-Nature.md:L567-568[U001860],Patterns generated by using the same procedure as in the previous picture but with three different sets of constraints. Case (a) uses the same constraints as in the previous pictu…,RESOLVED
L1289,B1289,CHAPTERS/07-Mechanisms-in-Programs-and-Nature.md:L569-570[U001861];CHAPTERS/07-Mechanisms-in-Programs-and-Nature.md:L575-576[U001864],"So why does the procedure not work better? The problem turns out to be a rather general one. And as a simple example, consider a line of black and white squares, together with the…",WEAK
L1290,B1290,CHAPTERS/07-Mechanisms-in-Programs-and-Nature.md:L571-572[U001862];CHAPTERS/07-Mechanisms-in-Programs-and-Nature.md:L573-574[U001863];CHAPTERS/07-Mechanisms-in-Programs-and-Nature.md:L575-576[U001864],"As a first example, consider a procedure that at each step picks a square at random, then reverses its color whenever doing so reduces the total number of squares that violate the…",SERIOUS
L1291,B1291,CHAPTERS/07-Mechanisms-in-Programs-and-Nature.md:L577-578[U001865];CHAPTERS/07-Mechanisms-in-Programs-and-Nature.md:L579-580[U001866];CHAPTERS/07-Mechanisms-in-Programs-and-Nature.md:L581-582[U001867];CHAPTERS/07-Mechanisms-in-Programs-and-Nature.md:L583-584[U001868];CHAPTERS/07-Mechanisms-in-Programs-and-Nature.md:L585-586[U001869];CHAPTERS/07-Mechanisms-in-Programs-and-Nature.md:L587-588[U001870];CHAPTERS/07-Mechanisms-in-Programs-and-Nature.md:L589-590[U001871],"And as it turns out, this kind of behavior is not uncommon among iterative procedures; indeed it is even seen in such simple cases as trying to find the lowest point on a curve. T…",WEAK
L1292,B1292,CHAPTERS/07-Mechanisms-in-Programs-and-Nature.md:L595-596[U001874];CHAPTERS/07-Mechanisms-in-Programs-and-Nature.md:L597-598[U001875];CHAPTERS/07-Mechanisms-in-Programs-and-Nature.md:L599-600[U001876];CHAPTERS/07-Mechanisms-in-Programs-and-Nature.md:L601-602[U001877],"Modifying the procedure slightly, however, can avoid this. And as an example the pictures below show what happens if at each step one reverses the color of a random square not onl…",SERIOUS
L1293,B1293,CHAPTERS/07-Mechanisms-in-Programs-and-Nature.md:L607-608[U001880],In traditional science the notion of constraints is often introduced in an attempt to summarize the effects of evolution rules. Typically the idea is that after a sufficiently lon…,WEAK
L1294,B1294,CHAPTERS/07-Mechanisms-in-Programs-and-Nature.md:L611-612[U001882];CHAPTERS/07-Mechanisms-in-Programs-and-Nature.md:L619-620[U001886];CHAPTERS/07-Mechanisms-in-Programs-and-Nature.md:L621-622[U001887],The two-dimensional patterns that arise from the constraints at the end of Chapter 5 all turn out to correspond to invariant states of various two-dimensional cellular automata. A…,RESOLVED
L1295,B1295,CHAPTERS/07-Mechanisms-in-Programs-and-Nature.md:L613-614[U001883],![](_page_363_Picture_7.jpeg),RESOLVED
L1296,B1296,CHAPTERS/07-Mechanisms-in-Programs-and-Nature.md:L615-616[U001884],![](_page_363_Picture_9.jpeg),RESOLVED
L1297,B1297,CHAPTERS/07-Mechanisms-in-Programs-and-Nature.md:L623-624[U001888];CHAPTERS/07-Mechanisms-in-Programs-and-Nature.md:L629-630[U001891];CHAPTERS/07-Mechanisms-in-Programs-and-Nature.md:L631-632[U001892],"So what about actual systems in physics? Do they behave any differently? As one example, consider a large number of circular coins pushed together on a table. One can think of suc…",WEAK
L1298,B1298,CHAPTERS/07-Mechanisms-in-Programs-and-Nature.md:L625-626[U001889];CHAPTERS/07-Mechanisms-in-Programs-and-Nature.md:L633-634[U001893];CHAPTERS/07-Mechanisms-in-Programs-and-Nature.md:L635-636[U001894],But with balls in three dimensions the situation is quite different. In this case the constraint of densest packing is known to be satisfied when the balls are laid out in the sim…,WEAK
L1299,B1299,CHAPTERS/07-Mechanisms-in-Programs-and-Nature.md:L637-638[U001895];CHAPTERS/07-Mechanisms-in-Programs-and-Nature.md:L641-642[U001897],![](_page_365_Figure_1.jpeg),SERIOUS
L1300,B1300,CHAPTERS/07-Mechanisms-in-Programs-and-Nature.md:L659-660[U001906];CHAPTERS/07-Mechanisms-in-Programs-and-Nature.md:L661-662[U001907],![](_page_367_Figure_3.jpeg),RESOLVED
L1301,B1301,CHAPTERS/07-Mechanisms-in-Programs-and-Nature.md:L671-672[U001912];CHAPTERS/07-Mechanisms-in-Programs-and-Nature.md:L673-674[U001913],![](_page_368_Picture_3.jpeg),RESOLVED
L1302,B1302,CHAPTERS/07-Mechanisms-in-Programs-and-Nature.md:L671-672[U001912];CHAPTERS/07-Mechanisms-in-Programs-and-Nature.md:L673-674[U001913],![](_page_368_Picture_3.jpeg),RESOLVED
L1303,B1303,CHAPTERS/07-Mechanisms-in-Programs-and-Nature.md:L675-676[U001914];CHAPTERS/07-Mechanisms-in-Programs-and-Nature.md:L677-678[U001915];CHAPTERS/07-Mechanisms-in-Programs-and-Nature.md:L679-680[U001916],"Another mechanism is that every part of a system can evolve completely independently to the same state, as in the pictures below.",WEAK
L1304,B1304,CHAPTERS/07-Mechanisms-in-Programs-and-Nature.md:L675-676[U001914];CHAPTERS/07-Mechanisms-in-Programs-and-Nature.md:L677-678[U001915];CHAPTERS/07-Mechanisms-in-Programs-and-Nature.md:L679-680[U001916],"Another mechanism is that every part of a system can evolve completely independently to the same state, as in the pictures below.",WEAK
L1305,B1305,CHAPTERS/07-Mechanisms-in-Programs-and-Nature.md:L683-684[U001918],![](_page_368_Picture_9.jpeg),WEAK
L1306,B1306,CHAPTERS/07-Mechanisms-in-Programs-and-Nature.md:L685-686[U001919],![](_page_368_Picture_10.jpeg),WEAK
L1307,B1307,CHAPTERS/07-Mechanisms-in-Programs-and-Nature.md:L687-688[U001920];CHAPTERS/07-Mechanisms-in-Programs-and-Nature.md:L689-690[U001921],![](_page_368_Picture_11.jpeg),WEAK
L1308,B1308,CHAPTERS/07-Mechanisms-in-Programs-and-Nature.md:L691-692[U001922];CHAPTERS/07-Mechanisms-in-Programs-and-Nature.md:L693-694[U001923];CHAPTERS/07-Mechanisms-in-Programs-and-Nature.md:L695-696[U001924];CHAPTERS/07-Mechanisms-in-Programs-and-Nature.md:L697-698[U001925];CHAPTERS/07-Mechanisms-in-Programs-and-Nature.md:L699-700[U001926],So far all the mechanisms for uniformity I have mentioned involve behavior that is in a sense simple at every level. But in nature uniformity often seems to be associated with qui…,WEAK
L1309,B1309,CHAPTERS/07-Mechanisms-in-Programs-and-Nature.md:L703-704[U001928];CHAPTERS/07-Mechanisms-in-Programs-and-Nature.md:L705-706[U001929];CHAPTERS/07-Mechanisms-in-Programs-and-Nature.md:L707-708[U001930],"One way this can happen, illustrated in the pictures below, is for the system to conserve some quantity—such as total density of black—and for this quantity to end up being spread…",WEAK
L1310,B1310,CHAPTERS/07-Mechanisms-in-Programs-and-Nature.md:L715-716[U001934],"Constraints are yet another basis for uniformity. And as a trivial example, the constraint in a line of black or white cells that every cell should be the same color as both its n…",RESOLVED
L1311,B1311,CHAPTERS/07-Mechanisms-in-Programs-and-Nature.md:L717-718[U001935];CHAPTERS/07-Mechanisms-in-Programs-and-Nature.md:L719-720[U001936];CHAPTERS/07-Mechanisms-in-Programs-and-Nature.md:L721-722[U001937];CHAPTERS/07-Mechanisms-in-Programs-and-Nature.md:L723-724[U001938];CHAPTERS/07-Mechanisms-in-Programs-and-Nature.md:L725-726[U001939],"Beyond uniformity, repetition can be considered the next-simplest form of behavior. Repetition in time corresponds just to a system repeatedly returning to a particular state.",WEAK
L1312,B1312,CHAPTERS/07-Mechanisms-in-Programs-and-Nature.md:L743-744[U001948];CHAPTERS/07-Mechanisms-in-Programs-and-Nature.md:L749-750[U001951],![](_page_370_Picture_14.jpeg),WEAK
L1313,B1313,CHAPTERS/07-Mechanisms-in-Programs-and-Nature.md:L745-746[U001949];CHAPTERS/07-Mechanisms-in-Programs-and-Nature.md:L749-750[U001951],![](_page_370_Picture_15.jpeg),WEAK
L1314,B1314,CHAPTERS/07-Mechanisms-in-Programs-and-Nature.md:L747-748[U001950];CHAPTERS/07-Mechanisms-in-Programs-and-Nature.md:L749-750[U001951],![](_page_370_Picture_16.jpeg),WEAK
L1315,B1315,CHAPTERS/07-Mechanisms-in-Programs-and-Nature.md:L751-752[U001952];CHAPTERS/07-Mechanisms-in-Programs-and-Nature.md:L753-754[U001953];CHAPTERS/07-Mechanisms-in-Programs-and-Nature.md:L755-756[U001954];CHAPTERS/07-Mechanisms-in-Programs-and-Nature.md:L757-758[U001955];CHAPTERS/07-Mechanisms-in-Programs-and-Nature.md:L759-760[U001956];CHAPTERS/07-Mechanisms-in-Programs-and-Nature.md:L761-762[U001957],But what about random initial conditions? Repetition in time is still easy to achieve—say just by different parts of a system behaving independently. But repetition in space is sl…,WEAK
L1316,B1316,CHAPTERS/07-Mechanisms-in-Programs-and-Nature.md:L763-764[U001958];CHAPTERS/07-Mechanisms-in-Programs-and-Nature.md:L765-766[U001959],![](_page_371_Picture_7.jpeg),WEAK
L1317,B1317,CHAPTERS/07-Mechanisms-in-Programs-and-Nature.md:L767-768[U001960];CHAPTERS/07-Mechanisms-in-Programs-and-Nature.md:L769-770[U001961];CHAPTERS/07-Mechanisms-in-Programs-and-Nature.md:L771-772[U001962];CHAPTERS/07-Mechanisms-in-Programs-and-Nature.md:L773-774[U001963];CHAPTERS/07-Mechanisms-in-Programs-and-Nature.md:L775-776[U001964];CHAPTERS/07-Mechanisms-in-Programs-and-Nature.md:L777-778[U001965],"But there are certainly cases—in one dimension and particularly above—where different domains do combine, and exact repetition is achieved. Sometimes this happens quickly, as in t…",WEAK
L1318,B1318,CHAPTERS/07-Mechanisms-in-Programs-and-Nature.md:L783-784[U001968];CHAPTERS/07-Mechanisms-in-Programs-and-Nature.md:L785-786[U001969];CHAPTERS/07-Mechanisms-in-Programs-and-Nature.md:L787-788[U001970],"Nesting can be defined by thinking in terms of splitting into smaller and smaller elements according to some fixed rule. And as the pictures below illustrate, nested patterns are…",RESOLVED
L1319,B1319,CHAPTERS/07-Mechanisms-in-Programs-and-Nature.md:L783-784[U001968];CHAPTERS/07-Mechanisms-in-Programs-and-Nature.md:L785-786[U001969];CHAPTERS/07-Mechanisms-in-Programs-and-Nature.md:L787-788[U001970],"Nesting can be defined by thinking in terms of splitting into smaller and smaller elements according to some fixed rule. And as the pictures below illustrate, nested patterns are…",RESOLVED
L1320,B1320,CHAPTERS/07-Mechanisms-in-Programs-and-Nature.md:L789-790[U001971];CHAPTERS/07-Mechanisms-in-Programs-and-Nature.md:L791-792[U001972];CHAPTERS/07-Mechanisms-in-Programs-and-Nature.md:L793-794[U001973];CHAPTERS/07-Mechanisms-in-Programs-and-Nature.md:L795-796[U001974],"An essentially equivalent process involves every element branching into smaller and smaller elements and eventually forming a tree-like structure, as in the pictures below.",RESOLVED
L1321,B1321,CHAPTERS/07-Mechanisms-in-Programs-and-Nature.md:L789-790[U001971];CHAPTERS/07-Mechanisms-in-Programs-and-Nature.md:L791-792[U001972];CHAPTERS/07-Mechanisms-in-Programs-and-Nature.md:L793-794[U001973];CHAPTERS/07-Mechanisms-in-Programs-and-Nature.md:L795-796[U001974],"An essentially equivalent process involves every element branching into smaller and smaller elements and eventually forming a tree-like structure, as in the pictures below.",RESOLVED
L1322,B1322,CHAPTERS/07-Mechanisms-in-Programs-and-Nature.md:L789-790[U001971];CHAPTERS/07-Mechanisms-in-Programs-and-Nature.md:L791-792[U001972];CHAPTERS/07-Mechanisms-in-Programs-and-Nature.md:L793-794[U001973];CHAPTERS/07-Mechanisms-in-Programs-and-Nature.md:L795-796[U001974],"An essentially equivalent process involves every element branching into smaller and smaller elements and eventually forming a tree-like structure, as in the pictures below.",RESOLVED
L1323,B1323,CHAPTERS/07-Mechanisms-in-Programs-and-Nature.md:L789-790[U001971];CHAPTERS/07-Mechanisms-in-Programs-and-Nature.md:L791-792[U001972];CHAPTERS/07-Mechanisms-in-Programs-and-Nature.md:L793-794[U001973];CHAPTERS/07-Mechanisms-in-Programs-and-Nature.md:L795-796[U001974],"An essentially equivalent process involves every element branching into smaller and smaller elements and eventually forming a tree-like structure, as in the pictures below.",RESOLVED
L1324,B1324,CHAPTERS/07-Mechanisms-in-Programs-and-Nature.md:L801-802[U001977];CHAPTERS/07-Mechanisms-in-Programs-and-Nature.md:L803-804[U001978];CHAPTERS/07-Mechanisms-in-Programs-and-Nature.md:L805-806[U001979];CHAPTERS/07-Mechanisms-in-Programs-and-Nature.md:L811-812[U001982],"As an example, the pictures below show how nested patterns with larger and larger features can be built up by starting with a single black cell, and then following simple additive…",RESOLVED
L1325,B1325,CHAPTERS/07-Mechanisms-in-Programs-and-Nature.md:L801-802[U001977];CHAPTERS/07-Mechanisms-in-Programs-and-Nature.md:L807-808[U001980];CHAPTERS/07-Mechanisms-in-Programs-and-Nature.md:L809-810[U001981];CHAPTERS/07-Mechanisms-in-Programs-and-Nature.md:L811-812[U001982],"As an example, the pictures below show how nested patterns with larger and larger features can be built up by starting with a single black cell, and then following simple additive…",RESOLVED
L1326,B1326,CHAPTERS/07-Mechanisms-in-Programs-and-Nature.md:L813-814[U001983];CHAPTERS/07-Mechanisms-in-Programs-and-Nature.md:L815-816[U001984];CHAPTERS/07-Mechanisms-in-Programs-and-Nature.md:L819-820[U001986],"It turns out that the very same patterns can also be produced—as the pictures below illustrate—by processes in which new branches form at regular intervals, and annihilate when an…",SERIOUS
L1327,B1327,CHAPTERS/07-Mechanisms-in-Programs-and-Nature.md:L813-814[U001983];CHAPTERS/07-Mechanisms-in-Programs-and-Nature.md:L817-818[U001985];CHAPTERS/07-Mechanisms-in-Programs-and-Nature.md:L819-820[U001986],"It turns out that the very same patterns can also be produced—as the pictures below illustrate—by processes in which new branches form at regular intervals, and annihilate when an…",RESOLVED
L1328,B1328,CHAPTERS/07-Mechanisms-in-Programs-and-Nature.md:L821-822[U001987];CHAPTERS/07-Mechanisms-in-Programs-and-Nature.md:L823-824[U001988];CHAPTERS/07-Mechanisms-in-Programs-and-Nature.md:L825-826[U001989];CHAPTERS/07-Mechanisms-in-Programs-and-Nature.md:L827-828[U001990];CHAPTERS/07-Mechanisms-in-Programs-and-Nature.md:L829-830[U001991];CHAPTERS/07-Mechanisms-in-Programs-and-Nature.md:L831-832[U001992];CHAPTERS/07-Mechanisms-in-Programs-and-Nature.md:L835-836[U001994],But what about random initial conditions? Can nesting also arise from these? It turns out that it can. And the basic mechanism is typically some kind of progressive annihilation o…,RESOLVED
L1329,B1329,CHAPTERS/07-Mechanisms-in-Programs-and-Nature.md:L837-838[U001995];CHAPTERS/07-Mechanisms-in-Programs-and-Nature.md:L839-840[U001996];CHAPTERS/07-Mechanisms-in-Programs-and-Nature.md:L841-842[U001997];CHAPTERS/07-Mechanisms-in-Programs-and-Nature.md:L843-844[U001998],"As an example, the picture below shows the rule 110 cellular automaton evolving from random initial conditions. The picture samples just the first cell in every $14 \times 7$ bloc…",RESOLVED
L1330,B1330,CHAPTERS/07-Mechanisms-in-Programs-and-Nature.md:L845-846[U001999];CHAPTERS/07-Mechanisms-in-Programs-and-Nature.md:L847-848[U002000];CHAPTERS/07-Mechanisms-in-Programs-and-Nature.md:L849-850[U002001];CHAPTERS/07-Mechanisms-in-Programs-and-Nature.md:L859-860[U002005];CHAPTERS/07-Mechanisms-in-Programs-and-Nature.md:L861-862[U002006],It turns out that this basic process is not restricted to systems which produce simple uniform or repetitive domains. And the pictures below show for example cases where the behav…,WEAK
L1331,B1331,CHAPTERS/07-Mechanisms-in-Programs-and-Nature.md:L855-856[U002003];CHAPTERS/07-Mechanisms-in-Programs-and-Nature.md:L857-858[U002004];CHAPTERS/07-Mechanisms-in-Programs-and-Nature.md:L859-860[U002005];CHAPTERS/07-Mechanisms-in-Programs-and-Nature.md:L861-862[U002006],![](_page_375_Picture_6.jpeg),WEAK
L1332,B1332,CHAPTERS/07-Mechanisms-in-Programs-and-Nature.md:L859-860[U002005],"Examples involving domains containing apparent randomness. In the second picture, each element shown represents a $2 \times 2$ block of original cells. In both cases, the boundari…",WEAK
L1333,B1333,BACK-MATTER/NOTES/07-Mechanisms-in-Programs-and-Nature-Notes.md:L14-15[U006598];BACK-MATTER/NOTES/07-Mechanisms-in-Programs-and-Nature-Notes.md:L33-36[U006606];BACK-MATTER/NOTES/07-Mechanisms-in-Programs-and-Nature-Notes.md:L37-38[U006607];BACK-MATTER/NOTES/07-Mechanisms-in-Programs-and-Nature-Notes.md:L39-40[U006608],■ **Sources of randomness.** Two simple mechanical methods for generating randomness seem to have been used in almost every civilization throughout recorded history. One is to tos…,WEAK
L1334,B1334,BACK-MATTER/NOTES/07-Mechanisms-in-Programs-and-Nature-Notes.md:L18-22[U006600],■ **Page 301 · Stochastic models.** The mechanism for randomness discussed in this section is the basis for so-called stochastic models now widely used in traditional science. Typ…,RESOLVED
L1335,B1335,BACK-MATTER/NOTES/07-Mechanisms-in-Programs-and-Nature-Notes.md:L18-22[U006600],■ **Page 301 · Stochastic models.** The mechanism for randomness discussed in this section is the basis for so-called stochastic models now widely used in traditional science. Typ…,RESOLVED
L1336,B1336,BACK-MATTER/NOTES/07-Mechanisms-in-Programs-and-Nature-Notes.md:L23-24[U006601];BACK-MATTER/NOTES/07-Mechanisms-in-Programs-and-Nature-Notes.md:L41-42[U006609],"*Shot noise.* Electric currents are not continuous but are ultimately made up from large numbers of moving charge carriers, typically electrons. Shot noise arises from statistical…",WEAK
L1337,B1337,BACK-MATTER/NOTES/07-Mechanisms-in-Programs-and-Nature-Notes.md:L25-26[U006602];BACK-MATTER/NOTES/07-Mechanisms-in-Programs-and-Nature-Notes.md:L41-42[U006609],"*Thermal (Johnson) noise.* Even though an electric current may have a definite overall direction, the individual charge carriers within it will exhibit random motions. In a materi…",WEAK
L1338,B1338,BACK-MATTER/NOTES/07-Mechanisms-in-Programs-and-Nature-Notes.md:L27-28[U006603];BACK-MATTER/NOTES/07-Mechanisms-in-Programs-and-Nature-Notes.md:L41-42[U006609],"*Flicker (1/f) noise.* Almost all electronic devices also exhibit a third kind of noise, whose main characteristic is that its spectrum is not flat, but instead goes roughly like…",WEAK
L1339,B1339,BACK-MATTER/NOTES/07-Mechanisms-in-Programs-and-Nature-Notes.md:L29-30[U006604];BACK-MATTER/NOTES/07-Mechanisms-in-Programs-and-Nature-Notes.md:L31-32[U006605];BACK-MATTER/NOTES/07-Mechanisms-in-Programs-and-Nature-Notes.md:L280-281[U006704],■ **Power spectra.** Many random processes in nature show power spectra `Abs[Fourier[data]]^2` with fairly simple forms. Most common are white noise uniform in frequency and $1/f^…,RESOLVED
L1340,B1340,BACK-MATTER/NOTES/07-Mechanisms-in-Programs-and-Nature-Notes.md:L41-42[U006609],"■ **Electronic randomness.** Since the 1940s a steady stream of electronic devices for producing randomness have been invented, with no single one ever becoming widely used. An ea…",WEAK
L1341,B1341,BACK-MATTER/NOTES/07-Mechanisms-in-Programs-and-Nature-Notes.md:L43-45[U006610],■ **Quantum randomness.** It is usually assumed that even if all else fails a quantum process such as radioactive decay will yield perfect randomness. But in practice the most acc…,WEAK
L1342,B1342,BACK-MATTER/NOTES/07-Mechanisms-in-Programs-and-Nature-Notes.md:L43-45[U006610],■ **Quantum randomness.** It is usually assumed that even if all else fails a quantum process such as radioactive decay will yield perfect randomness. But in practice the most acc…,WEAK
L1343,B1343,BACK-MATTER/NOTES/07-Mechanisms-in-Programs-and-Nature-Notes.md:L46-47[U006611];BACK-MATTER/NOTES/07-Mechanisms-in-Programs-and-Nature-Notes.md:L48-49[U006612],"■ **Randomness in biology.** Thermal fluctuations in chemical reactions lead to many kinds of microscopic randomness in biological systems, sometimes amplified when organisms grow…",WEAK
L1344,B1344,BACK-MATTER/NOTES/07-Mechanisms-in-Programs-and-Nature-Notes.md:L52-53[U006614],Flagellated microorganisms can show random changes in direction as a result of tumbling when their flagella counter-rotate and the filaments in them flail around.,WEAK
L1345,B1345,BACK-MATTER/NOTES/07-Mechanisms-in-Programs-and-Nature-Notes.md:L58-59[U006617],"■ **Page 305 · Spinning and tossing.** Starting with speed $v$, the speed of the ball at time $t$ is simply $v - a t$, where $a$ is the deceleration produced by friction. The ball…",RESOLVED
L1346,B1346,BACK-MATTER/NOTES/07-Mechanisms-in-Programs-and-Nature-Notes.md:L60-61[U006618];BACK-MATTER/NOTES/07-Mechanisms-in-Programs-and-Nature-Notes.md:L62-63[U006619],■ **Billiards.** A somewhat related system is formed by a billiard ball bouncing around on a table. The issue of which sequence of horizontal and vertical sides the ball hits depe…,SERIOUS
L1347,B1347,BACK-MATTER/NOTES/07-Mechanisms-in-Programs-and-Nature-Notes.md:L67-71[U006621];BACK-MATTER/NOTES/07-Mechanisms-in-Programs-and-Nature-Notes.md:L72-73[U006622];BACK-MATTER/NOTES/07-Mechanisms-in-Programs-and-Nature-Notes.md:L74-75[U006623];BACK-MATTER/NOTES/07-Mechanisms-in-Programs-and-Nature-Notes.md:L76-77[U006624],■ **Information content of initial conditions.** See page 920. ■ **Recognizing chaos.** Any system that depends sensitively on digits in its initial conditions must necessarily be…,WEAK
L1348,B1348,BACK-MATTER/NOTES/07-Mechanisms-in-Programs-and-Nature-Notes.md:L80-81[U006626];BACK-MATTER/NOTES/07-Mechanisms-in-Programs-and-Nature-Notes.md:L82-83[U006627];BACK-MATTER/NOTES/07-Mechanisms-in-Programs-and-Nature-Notes.md:L84-85[U006628];BACK-MATTER/NOTES/07-Mechanisms-in-Programs-and-Nature-Notes.md:L86-87[U006629],■ **Page 314 · Simple case.** The position of the idealized planet in the case shown satisfies the differential equation,RESOLVED
L1349,B1349,BACK-MATTER/NOTES/07-Mechanisms-in-Programs-and-Nature-Notes.md:L88-89[U006630];BACK-MATTER/NOTES/07-Mechanisms-in-Programs-and-Nature-Notes.md:L90-91[U006631],"■ **Page 314 · Randomness in the solar system.** Most motion observed in the solar system on human timescales is highly regular—though sometimes intricate, as in the sequence of n…",WEAK
L1350,B1350,BACK-MATTER/NOTES/07-Mechanisms-in-Programs-and-Nature-Notes.md:L99-100[U006634];BACK-MATTER/NOTES/07-Mechanisms-in-Programs-and-Nature-Notes.md:L101-105[U006635];BACK-MATTER/NOTES/07-Mechanisms-in-Programs-and-Nature-Notes.md:L106-107[U006636];BACK-MATTER/NOTES/07-Mechanisms-in-Programs-and-Nature-Notes.md:L108-109[U006637],"■ **Page 321 · Card shuffling.** Another rather poor example of intrinsic randomness generation is perfect card shuffling. In a typical case, one splits the deck of cards in two,…",RESOLVED
L1351,B1351,BACK-MATTER/NOTES/07-Mechanisms-in-Programs-and-Nature-Notes.md:L112-113[U006639];BACK-MATTER/NOTES/07-Mechanisms-in-Programs-and-Nature-Notes.md:L114-115[U006640];BACK-MATTER/NOTES/07-Mechanisms-in-Programs-and-Nature-Notes.md:L116-117[U006641];BACK-MATTER/NOTES/07-Mechanisms-in-Programs-and-Nature-Notes.md:L118-119[U006642];BACK-MATTER/NOTES/07-Mechanisms-in-Programs-and-Nature-Notes.md:L120-121[U006643];BACK-MATTER/NOTES/07-Mechanisms-in-Programs-and-Nature-Notes.md:L122-123[U006644];BACK-MATTER/NOTES/07-Mechanisms-in-Programs-and-Nature-Notes.md:L124-128[U006645];BACK-MATTER/NOTES/07-Mechanisms-in-Programs-and-Nature-Notes.md:L129-130[U006646];BACK-MATTER/NOTES/07-Mechanisms-in-Programs-and-Nature-Notes.md:L131-132[U006647],"*Linear congruential generators.* The original suggestion made by Derrick Lehmer in 1948 was to take a number $n$ and at each step to replace it by `Mod[a n, m]`. Lehmer used $a =…",RESOLVED
L1352,B1352,BACK-MATTER/NOTES/07-Mechanisms-in-Programs-and-Nature-Notes.md:L135-136[U006649];BACK-MATTER/NOTES/07-Mechanisms-in-Programs-and-Nature-Notes.md:L137-141[U006650];BACK-MATTER/NOTES/07-Mechanisms-in-Programs-and-Nature-Notes.md:L142-143[U006651];BACK-MATTER/NOTES/07-Mechanisms-in-Programs-and-Nature-Notes.md:L144-148[U006652];BACK-MATTER/NOTES/07-Mechanisms-in-Programs-and-Nature-Notes.md:L151-152[U006654];BACK-MATTER/NOTES/07-Mechanisms-in-Programs-and-Nature-Notes.md:L153-156[U006655];BACK-MATTER/NOTES/07-Mechanisms-in-Programs-and-Nature-Notes.md:L159-160[U006657];BACK-MATTER/NOTES/07-Mechanisms-in-Programs-and-Nature-Notes.md:L161-165[U006658];BACK-MATTER/NOTES/07-Mechanisms-in-Programs-and-Nature-Notes.md:L166-167[U006659],"*Linear feedback shift registers.* Used since the 1950s, particularly in special-purpose electronic devices, these systems are effectively based on running additive cellular autom…",RESOLVED
L1353,B1353,BACK-MATTER/NOTES/07-Mechanisms-in-Programs-and-Nature-Notes.md:L170-171[U006661];BACK-MATTER/NOTES/07-Mechanisms-in-Programs-and-Nature-Notes.md:L172-175[U006662],*Generalized Fibonacci generators.* It was suggested in the late 1950s that the Fibonacci sequence `f[n_] := f[n - 1] + f[n - 2]` modulo $2^k$ might be used with different choices…,RESOLVED
L1354,B1354,BACK-MATTER/NOTES/07-Mechanisms-in-Programs-and-Nature-Notes.md:L176-177[U006663],"*Cryptographic generators.* As discussed on page 598, so-called stream cipher cryptographic systems work essentially by generating a repeatable random sequence. Practical stream c…",RESOLVED
L1355,B1355,BACK-MATTER/NOTES/07-Mechanisms-in-Programs-and-Nature-Notes.md:L178-179[U006664];BACK-MATTER/NOTES/07-Mechanisms-in-Programs-and-Nature-Notes.md:L180-183[U006665],*Quadratic congruential generators.* Several generalizations of linear congruential generators have been considered in which nonlinear functions of $n$ are used at each step. In f…,RESOLVED
L1356,B1356,BACK-MATTER/NOTES/07-Mechanisms-in-Programs-and-Nature-Notes.md:L184-185[U006666];BACK-MATTER/NOTES/07-Mechanisms-in-Programs-and-Nature-Notes.md:L186-189[U006667];BACK-MATTER/NOTES/07-Mechanisms-in-Programs-and-Nature-Notes.md:L190-191[U006668],In practice this generator has too short a repetition period to be useful. But in the early 1980s studies of public key cryptographic systems based on number theoretical problems…,RESOLVED
L1357,B1357,BACK-MATTER/NOTES/07-Mechanisms-in-Programs-and-Nature-Notes.md:L192-193[U006669],*Cellular automaton generators.* I invented the rule 30 cellular automaton random number generator in 1985. Since that time the generator has become quite widely used for a variet…,RESOLVED
L1358,B1358,BACK-MATTER/NOTES/07-Mechanisms-in-Programs-and-Nature-Notes.md:L194-195[U006670];BACK-MATTER/NOTES/07-Mechanisms-in-Programs-and-Nature-Notes.md:L196-200[U006671];BACK-MATTER/NOTES/07-Mechanisms-in-Programs-and-Nature-Notes.md:L201-202[U006672],"■ **Unequal probabilities.** Given a sequence $a$ of $n$ equally probable 0’s and 1’s, the following generates a single 0 or 1 with probabilities approximating $\{1-p, p\}$ to $n$…",RESOLVED
L1359,B1359,BACK-MATTER/NOTES/07-Mechanisms-in-Programs-and-Nature-Notes.md:L203-206[U006673];BACK-MATTER/NOTES/07-Mechanisms-in-Programs-and-Nature-Notes.md:L207-210[U006674];BACK-MATTER/NOTES/07-Mechanisms-in-Programs-and-Nature-Notes.md:L211-212[U006675],"■ **Page 323 · Sources of repeatable randomness.** In using repeatability to test for intrinsic randomness generation, one must avoid systems in which there is essentially some ki…",WEAK
L1360,B1360,BACK-MATTER/NOTES/07-Mechanisms-in-Programs-and-Nature-Notes.md:L213-214[U006676],Note that the basic approach used here can be extended to allow discrete cellular automata to be approximated by partial differential equations where not only color but also space…,WEAK
L1361,B1361,BACK-MATTER/NOTES/07-Mechanisms-in-Programs-and-Nature-Notes.md:L221-223[U006680];BACK-MATTER/NOTES/07-Mechanisms-in-Programs-and-Nature-Notes.md:L224-225[U006681];BACK-MATTER/NOTES/07-Mechanisms-in-Programs-and-Nature-Notes.md:L226-227[U006682];BACK-MATTER/NOTES/07-Mechanisms-in-Programs-and-Nature-Notes.md:L228-229[U006683];BACK-MATTER/NOTES/07-Mechanisms-in-Programs-and-Nature-Notes.md:L230-231[U006684],■ **Discreteness in computer programs.** The reason for discreteness in computer programs is that the only real way we know how to construct such programs is using discrete logica…,WEAK
L1362,B1362,BACK-MATTER/NOTES/07-Mechanisms-in-Programs-and-Nature-Notes.md:L232-234[U006685];BACK-MATTER/NOTES/07-Mechanisms-in-Programs-and-Nature-Notes.md:L235-236[U006686],■ **History.** That averages of random numbers follow bell-shaped distributions was known in the late 1600s. The formula for the Gaussian distribution was derived by Abraham de Mo…,WEAK
L1363,B1363,BACK-MATTER/NOTES/07-Mechanisms-in-Programs-and-Nature-Notes.md:L237-238[U006687];BACK-MATTER/NOTES/07-Mechanisms-in-Programs-and-Nature-Notes.md:L239-240[U006688];BACK-MATTER/NOTES/07-Mechanisms-in-Programs-and-Nature-Notes.md:L241-242[U006689],For a wide range of underlying distributions the extreme values in large collections of random variables follow the Fisher-Tippett distribution,WEAK
L1364,B1364,BACK-MATTER/NOTES/07-Mechanisms-in-Programs-and-Nature-Notes.md:L243-244[U006690];BACK-MATTER/NOTES/07-Mechanisms-in-Programs-and-Nature-Notes.md:L245-246[U006691];BACK-MATTER/NOTES/07-Mechanisms-in-Programs-and-Nature-Notes.md:L247-248[U006692];BACK-MATTER/NOTES/07-Mechanisms-in-Programs-and-Nature-Notes.md:L249-250[U006693],For large symmetric matrices with random entries following a distribution with mean 0 and bounded variance the density of normalized eigenvalues tends to Wigner’s semicircle law,WEAK
L1365,B1365,BACK-MATTER/NOTES/07-Mechanisms-in-Programs-and-Nature-Notes.md:L253-254[U006695];BACK-MATTER/NOTES/07-Mechanisms-in-Programs-and-Nature-Notes.md:L255-258[U006696];BACK-MATTER/NOTES/07-Mechanisms-in-Programs-and-Nature-Notes.md:L259-260[U006697];BACK-MATTER/NOTES/07-Mechanisms-in-Programs-and-Nature-Notes.md:L261-264[U006698];BACK-MATTER/NOTES/07-Mechanisms-in-Programs-and-Nature-Notes.md:L265-266[U006699];BACK-MATTER/NOTES/07-Mechanisms-in-Programs-and-Nature-Notes.md:L267-271[U006700];BACK-MATTER/NOTES/07-Mechanisms-in-Programs-and-Nature-Notes.md:L272-273[U006701];BACK-MATTER/NOTES/07-Mechanisms-in-Programs-and-Nature-Notes.md:L274-277[U006702];BACK-MATTER/NOTES/07-Mechanisms-in-Programs-and-Nature-Notes.md:L278-279[U006703];BACK-MATTER/NOTES/07-Mechanisms-in-Programs-and-Nature-Notes.md:L282-283[U006705];BACK-MATTER/NOTES/07-Mechanisms-in-Programs-and-Nature-Notes.md:L284-285[U006706];BACK-MATTER/NOTES/07-Mechanisms-in-Programs-and-Nature-Notes.md:L286-289[U006707];BACK-MATTER/NOTES/07-Mechanisms-in-Programs-and-Nature-Notes.md:L290-291[U006708];BACK-MATTER/NOTES/07-Mechanisms-in-Programs-and-Nature-Notes.md:L292-295[U006709];BACK-MATTER/NOTES/07-Mechanisms-in-Programs-and-Nature-Notes.md:L296-297[U006710],"■ **Page 328 · Random walks.** In one dimension, a random walk with $t$ steps of length 1 starting at position 0 can be generated from",RESOLVED
L1366,B1366,BACK-MATTER/NOTES/07-Mechanisms-in-Programs-and-Nature-Notes.md:L272-273[U006701];BACK-MATTER/NOTES/07-Mechanisms-in-Programs-and-Nature-Notes.md:L274-277[U006702];BACK-MATTER/NOTES/07-Mechanisms-in-Programs-and-Nature-Notes.md:L278-279[U006703],"A fundamental property of random walks is that after *t* steps the root mean square displacement from the starting position is proportional to $\sqrt{t}$ . In general, the probabi…",WEAK
L1367,B1367,BACK-MATTER/NOTES/07-Mechanisms-in-Programs-and-Nature-Notes.md:L304-305[U006713];BACK-MATTER/NOTES/07-Mechanisms-in-Programs-and-Nature-Notes.md:L306-307[U006714],"There are nevertheless some properties of random walks that are not isotropic. The picture below, for example, shows the so-called extreme value distribution of positions furthest…",WEAK
L1368,B1368,BACK-MATTER/NOTES/07-Mechanisms-in-Programs-and-Nature-Notes.md:L308-309[U006715],"In the pictures in the main text, all particles start out at a particular position, and progressively spread out from there. But in general, one can consider sources that emit new…",RESOLVED
L1369,B1369,BACK-MATTER/NOTES/07-Mechanisms-in-Programs-and-Nature-Notes.md:L308-309[U006715],"In the pictures in the main text, all particles start out at a particular position, and progressively spread out from there. But in general, one can consider sources that emit new…",RESOLVED
L1370,B1370,BACK-MATTER/NOTES/07-Mechanisms-in-Programs-and-Nature-Notes.md:L312-313[U006717];BACK-MATTER/NOTES/07-Mechanisms-in-Programs-and-Nature-Notes.md:L314-315[U006718],■ **Self-avoiding walks.** Any walk where the probabilities for a given step depend only on a fixed number of preceding steps gives the same kind of limiting Gaussian distribution…,SERIOUS
L1371,B1371,BACK-MATTER/NOTES/07-Mechanisms-in-Programs-and-Nature-Notes.md:L316-317[U006719];BACK-MATTER/NOTES/07-Mechanisms-in-Programs-and-Nature-Notes.md:L318-319[U006720];BACK-MATTER/NOTES/07-Mechanisms-in-Programs-and-Nature-Notes.md:L320-321[U006721];BACK-MATTER/NOTES/07-Mechanisms-in-Programs-and-Nature-Notes.md:L322-328[U006722];BACK-MATTER/NOTES/07-Mechanisms-in-Programs-and-Nature-Notes.md:L329-330[U006723];BACK-MATTER/NOTES/07-Mechanisms-in-Programs-and-Nature-Notes.md:L331-332[U006724],"■ **Page 331 · Basic aggregation model.** This model appears to have first been described by Murray Eden in 1961 as a way of studying biological growth, and was simulated by him o…",RESOLVED
L1372,B1372,BACK-MATTER/NOTES/07-Mechanisms-in-Programs-and-Nature-Notes.md:L331-332[U006724];BACK-MATTER/NOTES/07-Mechanisms-in-Programs-and-Nature-Notes.md:L333-338[U006725],"The implementation above is a so-called type B Eden model in which one first selects a cell in the cluster, then randomly selects one of its neighbors. One gets extremely similar…",RESOLVED
L1373,B1373,BACK-MATTER/NOTES/07-Mechanisms-in-Programs-and-Nature-Notes.md:L341-342[U006727];BACK-MATTER/NOTES/07-Mechanisms-in-Programs-and-Nature-Notes.md:L343-344[U006728];BACK-MATTER/NOTES/07-Mechanisms-in-Programs-and-Nature-Notes.md:L353-354[U006733],■ **Page 332 · Generalized aggregation models.** One can in general have rules in which new cells can be added only at positions whose neighborhoods match specific templates (comp…,RESOLVED
L1374,B1374,BACK-MATTER/NOTES/07-Mechanisms-in-Programs-and-Nature-Notes.md:L345-346[U006729];BACK-MATTER/NOTES/07-Mechanisms-in-Programs-and-Nature-Notes.md:L347-348[U006730];BACK-MATTER/NOTES/07-Mechanisms-in-Programs-and-Nature-Notes.md:L349-350[U006731];BACK-MATTER/NOTES/07-Mechanisms-in-Programs-and-Nature-Notes.md:L351-352[U006732];BACK-MATTER/NOTES/07-Mechanisms-in-Programs-and-Nature-Notes.md:L353-354[U006733],If one puts conditions on where cells can be added one can in principle get clusters where no further growth is possible. This does not seem to happen for rules that involve 4 nei…,WEAK
L1375,B1375,BACK-MATTER/NOTES/07-Mechanisms-in-Programs-and-Nature-Notes.md:L355-356[U006734];BACK-MATTER/NOTES/07-Mechanisms-in-Programs-and-Nature-Notes.md:L357-358[U006735],The pictures below show 1D generalized aggregation systems with various templates. The second one is the analog of the system from page 331.,RESOLVED
L1376,B1376,BACK-MATTER/NOTES/07-Mechanisms-in-Programs-and-Nature-Notes.md:L359-360[U006736];BACK-MATTER/NOTES/07-Mechanisms-in-Programs-and-Nature-Notes.md:L361-362[U006737];BACK-MATTER/NOTES/07-Mechanisms-in-Programs-and-Nature-Notes.md:L363-364[U006738];BACK-MATTER/NOTES/07-Mechanisms-in-Programs-and-Nature-Notes.md:L365-366[U006739],"■ **Page 333 · Diffusion-limited aggregation (DLA).** While many 2D cellular automata produce intricate nested shapes, the aggregation models shown here seem to tend to simple lim…",SERIOUS
L1377,B1377,BACK-MATTER/NOTES/07-Mechanisms-in-Programs-and-Nature-Notes.md:L367-368[U006740];BACK-MATTER/NOTES/07-Mechanisms-in-Programs-and-Nature-Notes.md:L369-370[U006741];BACK-MATTER/NOTES/07-Mechanisms-in-Programs-and-Nature-Notes.md:L373-374[U006743],"■ **Page 334 · Code 746.** Much as in the aggregation model above, the pictures below show that there is a slight deviation from perfect circular growth, with an anisotropy that a…",RESOLVED
L1378,B1378,BACK-MATTER/NOTES/07-Mechanisms-in-Programs-and-Nature-Notes.md:L371-372[U006742];BACK-MATTER/NOTES/07-Mechanisms-in-Programs-and-Nature-Notes.md:L373-374[U006743],"■ **Other rules.** The pictures below show patterns generated after 10,000 steps with several rules, starting respectively from rows of 7, 6, 7 and 11 cells (compare pages 177 and…",RESOLVED
L1379,B1379,BACK-MATTER/NOTES/07-Mechanisms-in-Programs-and-Nature-Notes.md:L296-297[U006710];BACK-MATTER/NOTES/07-Mechanisms-in-Programs-and-Nature-Notes.md:L298-301[U006711];BACK-MATTER/NOTES/07-Mechanisms-in-Programs-and-Nature-Notes.md:L375-376[U006744];BACK-MATTER/NOTES/07-Mechanisms-in-Programs-and-Nature-Notes.md:L377-381[U006745];BACK-MATTER/NOTES/07-Mechanisms-in-Programs-and-Nature-Notes.md:L382-383[U006746];BACK-MATTER/NOTES/07-Mechanisms-in-Programs-and-Nature-Notes.md:L384-389[U006747];BACK-MATTER/NOTES/07-Mechanisms-in-Programs-and-Nature-Notes.md:L390-391[U006748];BACK-MATTER/NOTES/07-Mechanisms-in-Programs-and-Nature-Notes.md:L392-393[U006749],"It turns out that on any regular lattice, in any number of dimensions, the average behavior of a random walk is always isotropic. As discussed in the note below, this can be viewe…",WEAK
L1380,B1380,BACK-MATTER/NOTES/07-Mechanisms-in-Programs-and-Nature-Notes.md:L394-395[U006750],"In continuous systems such as partial differential equations, isotropy requires that coordinates in effect appear only in $\nabla$ . In most finite difference approximations, ther…",WEAK
L1381,B1381,BACK-MATTER/NOTES/07-Mechanisms-in-Programs-and-Nature-Notes.md:L396-397[U006751],"■ **Page 336 · Domains.** Some of the effective rules for interfaces between black and white domains are easy to state. Given a flat interface, the layer of cells immediately on e…",RESOLVED
L1382,B1382,BACK-MATTER/NOTES/07-Mechanisms-in-Programs-and-Nature-Notes.md:L398-399[U006752];BACK-MATTER/NOTES/07-Mechanisms-in-Programs-and-Nature-Notes.md:L415-417[U006759],"The phenomenon of domains illustrated here is also found in various 2D cellular automata with 4-neighbor rather than 8-neighbor rules. One example is totalistic code 52, which is…",RESOLVED
L1383,B1383,BACK-MATTER/NOTES/07-Mechanisms-in-Programs-and-Nature-Notes.md:L404-405[U006755],■ **Page 339 · 1D transitions.** There are no examples of the phenomenon shown here among the 256 rules with two possible colors and depending only on nearest neighbors. Among the…,WEAK
L1384,B1384,BACK-MATTER/NOTES/07-Mechanisms-in-Programs-and-Nature-Notes.md:L404-405[U006755];BACK-MATTER/NOTES/07-Mechanisms-in-Programs-and-Nature-Notes.md:L406-410[U006756],■ **Page 339 · 1D transitions.** There are no examples of the phenomenon shown here among the 256 rules with two possible colors and depending only on nearest neighbors. Among the…,WEAK
L1385,B1385,BACK-MATTER/NOTES/07-Mechanisms-in-Programs-and-Nature-Notes.md:L411-412[U006757];BACK-MATTER/NOTES/07-Mechanisms-in-Programs-and-Nature-Notes.md:L413-414[U006758],The 4-color rule shown in the text is probably the clearest example available in one dimension. It has rule number 294869764523995749814890097794812493824.,WEAK
L1386,B1386,BACK-MATTER/NOTES/07-Mechanisms-in-Programs-and-Nature-Notes.md:L415-417[U006759],■ **Page 340 · 2D transitions.** The simplest symmetrical rules (such as 4-neighbor totalistic code 56) which make the new color of a cell be the same as the majority of the cells…,WEAK
L1387,B1387,BACK-MATTER/NOTES/07-Mechanisms-in-Programs-and-Nature-Notes.md:L422-423[U006762];BACK-MATTER/NOTES/07-Mechanisms-in-Programs-and-Nature-Notes.md:L424-428[U006763];BACK-MATTER/NOTES/07-Mechanisms-in-Programs-and-Nature-Notes.md:L429-430[U006764];BACK-MATTER/NOTES/07-Mechanisms-in-Programs-and-Nature-Notes.md:L431-432[U006765];BACK-MATTER/NOTES/07-Mechanisms-in-Programs-and-Nature-Notes.md:L433-434[U006766];BACK-MATTER/NOTES/07-Mechanisms-in-Programs-and-Nature-Notes.md:L435-436[U006767];BACK-MATTER/NOTES/07-Mechanisms-in-Programs-and-Nature-Notes.md:L437-438[U006768];BACK-MATTER/NOTES/07-Mechanisms-in-Programs-and-Nature-Notes.md:L439-442[U006769];BACK-MATTER/NOTES/07-Mechanisms-in-Programs-and-Nature-Notes.md:L443-444[U006770];BACK-MATTER/NOTES/07-Mechanisms-in-Programs-and-Nature-Notes.md:L445-449[U006771];BACK-MATTER/NOTES/07-Mechanisms-in-Programs-and-Nature-Notes.md:L450-451[U006772];BACK-MATTER/NOTES/07-Mechanisms-in-Programs-and-Nature-Notes.md:L452-453[U006773];BACK-MATTER/NOTES/07-Mechanisms-in-Programs-and-Nature-Notes.md:L454-455[U006774];BACK-MATTER/NOTES/07-Mechanisms-in-Programs-and-Nature-Notes.md:L477-478[U006781];BACK-MATTER/NOTES/07-Mechanisms-in-Programs-and-Nature-Notes.md:L479-480[U006782];BACK-MATTER/NOTES/07-Mechanisms-in-Programs-and-Nature-Notes.md:L483-484[U006784],■ **The Ising model.** The 2D Ising model is a prototypical example of a system with a higher-order phase transition. Introduced by Wilhelm Lenz in 1920 as an idealization of ferr…,SERIOUS
L1388,B1388,BACK-MATTER/NOTES/07-Mechanisms-in-Programs-and-Nature-Notes.md:L422-423[U006762];BACK-MATTER/NOTES/07-Mechanisms-in-Programs-and-Nature-Notes.md:L424-428[U006763];BACK-MATTER/NOTES/07-Mechanisms-in-Programs-and-Nature-Notes.md:L429-430[U006764];BACK-MATTER/NOTES/07-Mechanisms-in-Programs-and-Nature-Notes.md:L431-432[U006765];BACK-MATTER/NOTES/07-Mechanisms-in-Programs-and-Nature-Notes.md:L437-438[U006768];BACK-MATTER/NOTES/07-Mechanisms-in-Programs-and-Nature-Notes.md:L439-442[U006769];BACK-MATTER/NOTES/07-Mechanisms-in-Programs-and-Nature-Notes.md:L443-444[U006770];BACK-MATTER/NOTES/07-Mechanisms-in-Programs-and-Nature-Notes.md:L445-449[U006771];BACK-MATTER/NOTES/07-Mechanisms-in-Programs-and-Nature-Notes.md:L450-451[U006772];BACK-MATTER/NOTES/07-Mechanisms-in-Programs-and-Nature-Notes.md:L452-453[U006773];BACK-MATTER/NOTES/07-Mechanisms-in-Programs-and-Nature-Notes.md:L454-455[U006774];BACK-MATTER/NOTES/07-Mechanisms-in-Programs-and-Nature-Notes.md:L477-478[U006781];BACK-MATTER/NOTES/07-Mechanisms-in-Programs-and-Nature-Notes.md:L479-480[U006782];BACK-MATTER/NOTES/07-Mechanisms-in-Programs-and-Nature-Notes.md:L483-484[U006784],■ **The Ising model.** The 2D Ising model is a prototypical example of a system with a higher-order phase transition. Introduced by Wilhelm Lenz in 1920 as an idealization of ferr…,RESOLVED
L1389,B1389,BACK-MATTER/NOTES/07-Mechanisms-in-Programs-and-Nature-Notes.md:L452-453[U006773];BACK-MATTER/NOTES/07-Mechanisms-in-Programs-and-Nature-Notes.md:L454-455[U006774];BACK-MATTER/NOTES/07-Mechanisms-in-Programs-and-Nature-Notes.md:L456-457[U006775],"Despite its directness, the approach above of considering sets of configurations with specific energies `e[s]` is not how the Ising model has usually been studied. Instead, what h…",SERIOUS
L1390,B1390,BACK-MATTER/NOTES/07-Mechanisms-in-Programs-and-Nature-Notes.md:L458-459[U006776];BACK-MATTER/NOTES/07-Mechanisms-in-Programs-and-Nature-Notes.md:L460-468[U006777];BACK-MATTER/NOTES/07-Mechanisms-in-Programs-and-Nature-Notes.md:L469-470[U006778];BACK-MATTER/NOTES/07-Mechanisms-in-Programs-and-Nature-Notes.md:L471-474[U006779];BACK-MATTER/NOTES/07-Mechanisms-in-Programs-and-Nature-Notes.md:L475-476[U006780];BACK-MATTER/NOTES/07-Mechanisms-in-Programs-and-Nature-Notes.md:L477-478[U006781];BACK-MATTER/NOTES/07-Mechanisms-in-Programs-and-Nature-Notes.md:L479-480[U006782];BACK-MATTER/NOTES/07-Mechanisms-in-Programs-and-Nature-Notes.md:L481-482[U006783];BACK-MATTER/NOTES/07-Mechanisms-in-Programs-and-Nature-Notes.md:L483-484[U006784];BACK-MATTER/NOTES/07-Mechanisms-in-Programs-and-Nature-Notes.md:L485-486[U006785];BACK-MATTER/NOTES/07-Mechanisms-in-Programs-and-Nature-Notes.md:L489-490[U006787],"Among the simplest possible types of rules all those that conserve the energy `e[s]` turn out to have behavior that is too simple and regular. And indeed, of the 4096 symmetric 5-…",SERIOUS
L1391,B1391,BACK-MATTER/NOTES/07-Mechanisms-in-Programs-and-Nature-Notes.md:L497-498[U006791],■ **Percolation.** A simple example of a phase transition studied extensively since the 1950s involves taking a square lattice and filling in at random a certain density of black…,SERIOUS
L1392,B1392,BACK-MATTER/NOTES/07-Mechanisms-in-Programs-and-Nature-Notes.md:L499-501[U006792],"■ **Page 341 · Rate equations.** In standard chemical kinetics one assumes that molecules are uniformly distributed in space, so that the rates for particular reactions are propor…",WEAK
L1393,B1393,BACK-MATTER/NOTES/07-Mechanisms-in-Programs-and-Nature-Notes.md:L516-520[U006800];BACK-MATTER/NOTES/07-Mechanisms-in-Programs-and-Nature-Notes.md:L521-524[U006801];BACK-MATTER/NOTES/07-Mechanisms-in-Programs-and-Nature-Notes.md:L525-526[U006802];BACK-MATTER/NOTES/07-Mechanisms-in-Programs-and-Nature-Notes.md:L534-537[U006805],■ **Rules versus constraints.** See page 940. ■ **NP completeness.** Finding 2D patterns that satisfy the constraints in the previous section is in general a so-called NP-complete…,WEAK
L1394,B1394,BACK-MATTER/NOTES/07-Mechanisms-in-Programs-and-Nature-Notes.md:L525-526[U006802];BACK-MATTER/NOTES/07-Mechanisms-in-Programs-and-Nature-Notes.md:L527-531[U006803];BACK-MATTER/NOTES/07-Mechanisms-in-Programs-and-Nature-Notes.md:L532-533[U006804];BACK-MATTER/NOTES/07-Mechanisms-in-Programs-and-Nature-Notes.md:L540-541[U006807],"When applied to all possible patterns, this function yields a distribution with Gaussian tails, but with a sharp point in the middle. Successive steps in the iterative procedure u…",RESOLVED
L1395,B1395,BACK-MATTER/NOTES/07-Mechanisms-in-Programs-and-Nature-Notes.md:L542-543[U006808];BACK-MATTER/NOTES/07-Mechanisms-in-Programs-and-Nature-Notes.md:L544-547[U006809];BACK-MATTER/NOTES/07-Mechanisms-in-Programs-and-Nature-Notes.md:L548-549[U006810],■ **Gradient descent.** A standard method for finding a minimum in a smooth function $f[x]$ is to use,SERIOUS
L1396,B1396,BACK-MATTER/NOTES/07-Mechanisms-in-Programs-and-Nature-Notes.md:L548-549[U006810];BACK-MATTER/NOTES/07-Mechanisms-in-Programs-and-Nature-Notes.md:L550-553[U006811],"If there are local minima, then which one is reached will depend on the starting point $x_0$ . It will not necessarily be the one closest to $x_0$ because of potentially complicat…",WEAK
L1397,B1397,BACK-MATTER/NOTES/07-Mechanisms-in-Programs-and-Nature-Notes.md:L554-555[U006812],■ **Combinatorial optimization.** The problem of coming as close as possible to satisfying constraints in an arrangement of black and white squares is a simple example of a combin…,WEAK
L1398,B1398,BACK-MATTER/NOTES/07-Mechanisms-in-Programs-and-Nature-Notes.md:L556-560[U006813],"■ **Biologically motivated schemes.** The process of biological evolution by natural selection can be thought of as an iterative procedure for optimization. Usually, however, what…",SERIOUS
L1399,B1399,BACK-MATTER/NOTES/07-Mechanisms-in-Programs-and-Nature-Notes.md:L561-562[U006814];BACK-MATTER/NOTES/07-Mechanisms-in-Programs-and-Nature-Notes.md:L563-564[U006815];BACK-MATTER/NOTES/07-Mechanisms-in-Programs-and-Nature-Notes.md:L565-566[U006816];BACK-MATTER/NOTES/07-Mechanisms-in-Programs-and-Nature-Notes.md:L567-568[U006817];BACK-MATTER/NOTES/07-Mechanisms-in-Programs-and-Nature-Notes.md:L569-570[U006818];BACK-MATTER/NOTES/07-Mechanisms-in-Programs-and-Nature-Notes.md:L571-572[U006819],For circles of unequal sizes rather little has been done. A procedure analogous to the one on page 350 was introduced by Charles Bennett in 1971 for 3D spheres (relevant for binar…,SERIOUS
L1400,B1400,BACK-MATTER/NOTES/07-Mechanisms-in-Programs-and-Nature-Notes.md:L573-574[U006820];BACK-MATTER/NOTES/07-Mechanisms-in-Programs-and-Nature-Notes.md:L575-576[U006821];BACK-MATTER/NOTES/07-Mechanisms-in-Programs-and-Nature-Notes.md:L577-578[U006822];BACK-MATTER/NOTES/07-Mechanisms-in-Programs-and-Nature-Notes.md:L579-580[U006823],Finding densest packings of $n$ circles is in general like solving quadratic programming problems with about $n^2$ constraints. But at least for many size ratios I suspect that th…,WEAK
L1401,B1401,BACK-MATTER/NOTES/07-Mechanisms-in-Programs-and-Nature-Notes.md:L581-582[U006824];BACK-MATTER/NOTES/07-Mechanisms-in-Programs-and-Nature-Notes.md:L583-584[U006825];BACK-MATTER/NOTES/07-Mechanisms-in-Programs-and-Nature-Notes.md:L585-586[U006826];BACK-MATTER/NOTES/07-Mechanisms-in-Programs-and-Nature-Notes.md:L587-588[U006827],"■ **Sphere packings.** The 3D face-centered cubic (fcc) packing shown in the main text has presumably been known since antiquity, and has been used extensively for packing fruit,…",WEAK
L1402,B1402,BACK-MATTER/NOTES/07-Mechanisms-in-Programs-and-Nature-Notes.md:L589-590[U006828];BACK-MATTER/NOTES/07-Mechanisms-in-Programs-and-Nature-Notes.md:L591-592[U006829];BACK-MATTER/NOTES/07-Mechanisms-in-Programs-and-Nature-Notes.md:L593-594[U006830];BACK-MATTER/NOTES/07-Mechanisms-in-Programs-and-Nature-Notes.md:L595-596[U006831],■ **Discrete packings.** The pictures below show a discrete analog of circle packing in which one arranges as many circles as possible with a given diameter on a grid. (The grid i…,RESOLVED
L1403,B1403,BACK-MATTER/NOTES/07-Mechanisms-in-Programs-and-Nature-Notes.md:L597-598[U006832];BACK-MATTER/NOTES/07-Mechanisms-in-Programs-and-Nature-Notes.md:L599-600[U006833];BACK-MATTER/NOTES/07-Mechanisms-in-Programs-and-Nature-Notes.md:L601-602[U006834];BACK-MATTER/NOTES/07-Mechanisms-in-Programs-and-Nature-Notes.md:L603-604[U006835],■ **Voronoi diagrams.** The Voronoi diagram for a set of points shows the region around each point in which one is closer to that point than to any other. (The edges of the region…,RESOLVED
L1404,B1404,BACK-MATTER/NOTES/07-Mechanisms-in-Programs-and-Nature-Notes.md:L605-606[U006836];BACK-MATTER/NOTES/07-Mechanisms-in-Programs-and-Nature-Notes.md:L607-611[U006837];BACK-MATTER/NOTES/07-Mechanisms-in-Programs-and-Nature-Notes.md:L612-613[U006838];BACK-MATTER/NOTES/07-Mechanisms-in-Programs-and-Nature-Notes.md:L614-615[U006839];BACK-MATTER/NOTES/07-Mechanisms-in-Programs-and-Nature-Notes.md:L616-617[U006840];BACK-MATTER/NOTES/07-Mechanisms-in-Programs-and-Nature-Notes.md:L618-619[U006841],"■ **Discrete Voronoi diagrams.** The $k = 3$, $r = 1$ cellular automaton",RESOLVED
L1405,B1405,BACK-MATTER/NOTES/07-Mechanisms-in-Programs-and-Nature-Notes.md:L620-621[U006842],■ **Brillouin zones.** A region in an ordinary Voronoi diagram shows where a given point is closest. One can also consider higher-order Voronoi diagrams in which each region shows…,RESOLVED
L1406,B1406,BACK-MATTER/NOTES/07-Mechanisms-in-Programs-and-Nature-Notes.md:L622-624[U006843],■ **Packing deformable objects.** If one pushes together identical deformable objects in 2D they tend to arrange themselves in a regular hexagonal array—and this configuration is…,WEAK
L1407,B1407,BACK-MATTER/NOTES/07-Mechanisms-in-Programs-and-Nature-Notes.md:L630-634[U006846],■ **Repetition in numbers.** A common source of repetition in systems involving numbers is the almost trivial fact that in a sequence of successive integers there is a repetitive…,WEAK
L1408,B1408,BACK-MATTER/NOTES/07-Mechanisms-in-Programs-and-Nature-Notes.md:L635-636[U006847];BACK-MATTER/NOTES/07-Mechanisms-in-Programs-and-Nature-Notes.md:L637-638[U006848];BACK-MATTER/NOTES/07-Mechanisms-in-Programs-and-Nature-Notes.md:L639-640[U006849];BACK-MATTER/NOTES/07-Mechanisms-in-Programs-and-Nature-Notes.md:L641-642[U006850];BACK-MATTER/NOTES/07-Mechanisms-in-Programs-and-Nature-Notes.md:L649-650[U006852];BACK-MATTER/NOTES/07-Mechanisms-in-Programs-and-Nature-Notes.md:L651-652[U006853],"■ **Nested lists.** One can think of structures that annihilate in pairs as being like parentheses or other delimiters that come in pairs, as in the picture below.",RESOLVED
L1409,B1409,BACK-MATTER/NOTES/07-Mechanisms-in-Programs-and-Nature-Notes.md:L641-642[U006850];BACK-MATTER/NOTES/07-Mechanisms-in-Programs-and-Nature-Notes.md:L643-648[U006851],"The set of possible strings of balanced parentheses forms a context-free language, as discussed on page 939. The number of such strings containing $2n$ characters is the $n^{th}$…",WEAK
L1410,B1410,BACK-MATTER/NOTES/07-Mechanisms-in-Programs-and-Nature-Notes.md:L653-655[U006854];BACK-MATTER/NOTES/07-Mechanisms-in-Programs-and-Nature-Notes.md:L656-660[U006855];BACK-MATTER/NOTES/07-Mechanisms-in-Programs-and-Nature-Notes.md:L661-662[U006856];BACK-MATTER/NOTES/07-Mechanisms-in-Programs-and-Nature-Notes.md:L663-664[U006857],■ **Phase transitions.** Nesting in systems like rule 184 (see page 273) is closely related to the phenomenon of scaling studied in phase transitions and critical phenomena since…,WEAK
L1411,B1411,BACK-MATTER/NOTES/07-Mechanisms-in-Programs-and-Nature-Notes.md:L665-666[U006858];BACK-MATTER/NOTES/07-Mechanisms-in-Programs-and-Nature-Notes.md:L667-668[U006859];BACK-MATTER/NOTES/07-Mechanisms-in-Programs-and-Nature-Notes.md:L669-670[U006860];BACK-MATTER/NOTES/07-Mechanisms-in-Programs-and-Nature-Notes.md:L671-672[U006861];BACK-MATTER/NOTES/07-Mechanisms-in-Programs-and-Nature-Notes.md:L673-674[U006862],"To model the pouring of sand into a pile one can consider a series of cycles, in which at each cycle one first adds 4 to the value of the center cell, then repeatedly applies the…",SERIOUS
L1412,B1412,BACK-MATTER/NOTES/07-Mechanisms-in-Programs-and-Nature-Notes.md:L675-676[U006863];BACK-MATTER/NOTES/07-Mechanisms-in-Programs-and-Nature-Notes.md:L686-687[U006867],"The system can be generalized to $d$ dimensions as a $k = 4d$ cellular automaton with $2d$ final values. The total value of $s$ is always conserved. In 1D, the update rule is simp…",RESOLVED
L1413,B1413,BACK-MATTER/NOTES/07-Mechanisms-in-Programs-and-Nature-Notes.md:L675-676[U006863];BACK-MATTER/NOTES/07-Mechanisms-in-Programs-and-Nature-Notes.md:L677-681[U006864];BACK-MATTER/NOTES/07-Mechanisms-in-Programs-and-Nature-Notes.md:L682-683[U006865];BACK-MATTER/NOTES/07-Mechanisms-in-Programs-and-Nature-Notes.md:L684-685[U006866];BACK-MATTER/NOTES/07-Mechanisms-in-Programs-and-Nature-Notes.md:L686-687[U006867],"The system can be generalized to $d$ dimensions as a $k = 4d$ cellular automaton with $2d$ final values. The total value of $s$ is always conserved. In 1D, the update rule is simp…",RESOLVED
L1414,B1414,CHAPTERS/08-Implications-for-Everyday-Systems.md:L69-70[U002046];CHAPTERS/08-Implications-for-Everyday-Systems.md:L71-72[U002047];CHAPTERS/08-Implications-for-Everyday-Systems.md:L73-74[U002048],"As an idealization of this process, one can consider a cellular automaton in which black cells represent regions of solid and white cells represent regions of liquid or gas. If on…",RESOLVED
L1415,B1415,CHAPTERS/08-Implications-for-Everyday-Systems.md:L83-84[U002053];CHAPTERS/08-Implications-for-Everyday-Systems.md:L85-86[U002054];CHAPTERS/08-Implications-for-Everyday-Systems.md:L87-88[U002055];CHAPTERS/08-Implications-for-Everyday-Systems.md:L89-90[U002056],"One can capture this basic effect by having a cellular automaton with rules in which cells become black if they have exactly one black neighbor, but stay white whenever they have…",RESOLVED
L1416,B1416,CHAPTERS/08-Implications-for-Everyday-Systems.md:L107-108[U002065];CHAPTERS/08-Implications-for-Everyday-Systems.md:L109-110[U002066],![](_page_388_Picture_2.jpeg),RESOLVED
L1417,B1417,CHAPTERS/08-Implications-for-Everyday-Systems.md:L131-132[U002077];CHAPTERS/08-Implications-for-Everyday-Systems.md:L135-136[U002079];CHAPTERS/08-Implications-for-Everyday-Systems.md:L137-138[U002080],There are many factors which affect the details of displacements and vibrations in a solid. But as a rough approximation one can perhaps assume that each element of a solid is eit…,SERIOUS
L1418,B1418,CHAPTERS/08-Implications-for-Everyday-Systems.md:L155-156[U002089];CHAPTERS/08-Implications-for-Everyday-Systems.md:L163-164[U002093];CHAPTERS/08-Implications-for-Everyday-Systems.md:L165-166[U002094];CHAPTERS/08-Implications-for-Everyday-Systems.md:L183-184[U002103];CHAPTERS/08-Implications-for-Everyday-Systems.md:L185-186[U002104];CHAPTERS/08-Implications-for-Everyday-Systems.md:L187-188[U002105];CHAPTERS/08-Implications-for-Everyday-Systems.md:L189-190[U002106];CHAPTERS/08-Implications-for-Everyday-Systems.md:L191-192[U002107];CHAPTERS/08-Implications-for-Everyday-Systems.md:L193-194[U002108];CHAPTERS/08-Implications-for-Everyday-Systems.md:L195-196[U002109];CHAPTERS/08-Implications-for-Everyday-Systems.md:L197-198[U002110],"But can simple programs really reproduce the particular kinds of behavior we see in fluids? At a microscopic level, physical fluids consist of large numbers of molecules moving ar…",SERIOUS
L1419,B1419,CHAPTERS/08-Implications-for-Everyday-Systems.md:L211-212[U002117];CHAPTERS/08-Implications-for-Everyday-Systems.md:L213-214[U002118],![](_page_397_Picture_1.jpeg),RESOLVED
L1420,B1420,CHAPTERS/08-Implications-for-Everyday-Systems.md:L259-260[U002141];CHAPTERS/08-Implications-for-Everyday-Systems.md:L263-264[U002143];CHAPTERS/08-Implications-for-Everyday-Systems.md:L265-266[U002144];CHAPTERS/08-Implications-for-Everyday-Systems.md:L267-268[U002145];CHAPTERS/08-Implications-for-Everyday-Systems.md:L285-286[U002154];CHAPTERS/08-Implications-for-Everyday-Systems.md:L287-288[U002155];CHAPTERS/08-Implications-for-Everyday-Systems.md:L291-292[U002157];CHAPTERS/08-Implications-for-Everyday-Systems.md:L293-294[U002158];CHAPTERS/08-Implications-for-Everyday-Systems.md:L367-368[U002195],"The notion is that if a line of organisms with a particular program typically produce more offspring, then after a few generations there will inevitably be vastly more organisms w…",WEAK
L1421,B1421,CHAPTERS/08-Implications-for-Everyday-Systems.md:L319-320[U002171];CHAPTERS/08-Implications-for-Everyday-Systems.md:L327-328[U002175];CHAPTERS/08-Implications-for-Everyday-Systems.md:L329-330[U002176],"So what about the actual process of biological evolution? How does it pick out which programs to use? As a very simple idealization of biological evolution, one can consider a seq…",SERIOUS
L1422,B1422,CHAPTERS/08-Implications-for-Everyday-Systems.md:L453-454[U002238];CHAPTERS/08-Implications-for-Everyday-Systems.md:L455-456[U002239];CHAPTERS/08-Implications-for-Everyday-Systems.md:L457-458[U002240];CHAPTERS/08-Implications-for-Everyday-Systems.md:L459-460[U002241];CHAPTERS/08-Implications-for-Everyday-Systems.md:L477-478[U002250];CHAPTERS/08-Implications-for-Everyday-Systems.md:L479-480[U002251],With this setup the succession of branchings can then be represented by steps in the evolution of a neighbor-independent substitution system in which the tip of each stem is at ea…,RESOLVED
L1423,B1423,CHAPTERS/08-Implications-for-Everyday-Systems.md:L497-498[U002260];CHAPTERS/08-Implications-for-Everyday-Systems.md:L507-508[U002265];CHAPTERS/08-Implications-for-Everyday-Systems.md:L509-510[U002266];CHAPTERS/08-Implications-for-Everyday-Systems.md:L511-512[U002267];CHAPTERS/08-Implications-for-Everyday-Systems.md:L513-514[U002268],The pictures on the next page show the array of possible forms that can be produced by rules in which each stem splits into exactly two new stems at each step. The vertical black…,RESOLVED
L1424,B1424,CHAPTERS/08-Implications-for-Everyday-Systems.md:L521-522[U002272],"Over the years, much has been written about such patterns, and about their mathematical properties. For it turns out that an angle between successive elements of about $137.5^{\ci…",WEAK
L1425,B1425,CHAPTERS/08-Implications-for-Everyday-Systems.md:L531-532[U002277];CHAPTERS/08-Implications-for-Everyday-Systems.md:L533-534[U002278];CHAPTERS/08-Implications-for-Everyday-Systems.md:L535-536[U002279];CHAPTERS/08-Implications-for-Everyday-Systems.md:L537-538[U002280];CHAPTERS/08-Implications-for-Everyday-Systems.md:L545-546[U002284];CHAPTERS/08-Implications-for-Everyday-Systems.md:L547-548[U002285],The positions of new plant organs or other elements around a stem are presumably determined by what happens in a small ring of material near the tip of the growing stem. And what…,SERIOUS
L1426,B1426,CHAPTERS/08-Implications-for-Everyday-Systems.md:L551-552[U002287];CHAPTERS/08-Implications-for-Everyday-Systems.md:L553-554[U002288];CHAPTERS/08-Implications-for-Everyday-Systems.md:L555-556[U002289];CHAPTERS/08-Implications-for-Everyday-Systems.md:L557-558[U002290],![](_page_426_Picture_5.jpeg),WEAK
L1427,B1427,CHAPTERS/08-Implications-for-Everyday-Systems.md:L563-564[U002293];CHAPTERS/08-Implications-for-Everyday-Systems.md:L565-566[U002294];CHAPTERS/08-Implications-for-Everyday-Systems.md:L567-568[U002295];CHAPTERS/08-Implications-for-Everyday-Systems.md:L569-570[U002296],But when plants form sheets of material as in leaves or petals there is usually some flexibility for growth to occur within the sheet. And the pictures below show examples of what…,SERIOUS
L1428,B1428,CHAPTERS/08-Implications-for-Everyday-Systems.md:L575-576[U002299];CHAPTERS/08-Implications-for-Everyday-Systems.md:L577-578[U002300];CHAPTERS/08-Implications-for-Everyday-Systems.md:L579-580[U002301],"But on the other hand coiling is common. For in order to get a structure that is perfectly straight, the rate at which material is added must be exactly the same on each side of t…",RESOLVED
L1429,B1429,CHAPTERS/08-Implications-for-Everyday-Systems.md:L581-582[U002302];CHAPTERS/08-Implications-for-Everyday-Systems.md:L585-586[U002304];CHAPTERS/08-Implications-for-Everyday-Systems.md:L587-588[U002305];CHAPTERS/08-Implications-for-Everyday-Systems.md:L589-590[U002306];CHAPTERS/08-Implications-for-Everyday-Systems.md:L591-592[U002307];CHAPTERS/08-Implications-for-Everyday-Systems.md:L599-600[U002311],"And as has been thought for several centuries, it turns out that a three-dimensional version of this phenomenon is essentially what leads to the elaborate coiled structures that o…",SERIOUS
L1430,B1430,CHAPTERS/08-Implications-for-Everyday-Systems.md:L613-614[U002318];CHAPTERS/08-Implications-for-Everyday-Systems.md:L615-616[U002319];CHAPTERS/08-Implications-for-Everyday-Systems.md:L617-618[U002320],![](_page_433_Picture_1.jpeg),SERIOUS
L1431,B1431,CHAPTERS/08-Implications-for-Everyday-Systems.md:L623-624[U002323];CHAPTERS/08-Implications-for-Everyday-Systems.md:L625-626[U002324];CHAPTERS/08-Implications-for-Everyday-Systems.md:L627-628[U002325];CHAPTERS/08-Implications-for-Everyday-Systems.md:L629-630[U002326];CHAPTERS/08-Implications-for-Everyday-Systems.md:L631-632[U002327],"But just how is it determined what section of the underlying genetic program should be used at what point in the development of the animal? At first, one might think that each ind…",SERIOUS
L1432,B1432,CHAPTERS/08-Implications-for-Everyday-Systems.md:L633-634[U002328];CHAPTERS/08-Implications-for-Everyday-Systems.md:L635-636[U002329];CHAPTERS/08-Implications-for-Everyday-Systems.md:L637-638[U002330];CHAPTERS/08-Implications-for-Everyday-Systems.md:L639-640[U002331],"If at every stage the tissue in each region produced grows at the same rate, and all that differs is what final type of cells will exist in each region, then inevitably a simple a…",RESOLVED
L1433,B1433,CHAPTERS/08-Implications-for-Everyday-Systems.md:L675-676[U002349],"This similarity is, I believe, no coincidence. A mollusc shell, like a one-dimensional cellular automaton, in effect grows one line at a time, with new shell material being produc…",RESOLVED
L1434,B1434,CHAPTERS/08-Implications-for-Everyday-Systems.md:L677-678[U002350];CHAPTERS/08-Implications-for-Everyday-Systems.md:L679-680[U002351];CHAPTERS/08-Implications-for-Everyday-Systems.md:L681-682[U002352],![](_page_439_Figure_3.jpeg),RESOLVED
L1435,B1435,CHAPTERS/08-Implications-for-Everyday-Systems.md:L697-698[U002360];CHAPTERS/08-Implications-for-Everyday-Systems.md:L701-702[U002362];CHAPTERS/08-Implications-for-Everyday-Systems.md:L703-704[U002363];CHAPTERS/08-Implications-for-Everyday-Systems.md:L707-708[U002365];CHAPTERS/08-Implications-for-Everyday-Systems.md:L709-710[U002366];CHAPTERS/08-Implications-for-Everyday-Systems.md:L713-714[U002368];CHAPTERS/08-Implications-for-Everyday-Systems.md:L715-716[U002369],"The idea is that when a pattern forms, the color of each element will tend to be the same as the average color of nearby elements, and opposite to the average color of elements fu…",RESOLVED
L1436,B1436,CHAPTERS/08-Implications-for-Everyday-Systems.md:L725-726[U002374],"In the most naive economic theory, price is a reflection of value, and the value of an asset is equal to the total of all future earnings—such as dividends—which will be obtained…",WEAK
L1437,B1437,CHAPTERS/08-Implications-for-Everyday-Systems.md:L753-754[U002388];CHAPTERS/08-Implications-for-Everyday-Systems.md:L757-758[U002390];CHAPTERS/08-Implications-for-Everyday-Systems.md:L759-760[U002391];CHAPTERS/08-Implications-for-Everyday-Systems.md:L761-762[U002392];CHAPTERS/08-Implications-for-Everyday-Systems.md:L763-764[U002393];CHAPTERS/08-Implications-for-Everyday-Systems.md:L765-766[U002394];CHAPTERS/08-Implications-for-Everyday-Systems.md:L767-768[U002395],And so as a minimal idealization one can for example try viewing a market as being like a simple one-dimensional cellular automaton. Each cell then corresponds to a single trading…,RESOLVED
L1438,B1438,BACK-MATTER/NOTES/08-Implications-for-Everyday-Systems-Notes.md:L19-21[U006875];BACK-MATTER/NOTES/08-Implications-for-Everyday-Systems-Notes.md:L22-26[U006876];BACK-MATTER/NOTES/08-Implications-for-Everyday-Systems-Notes.md:L27-28[U006877];BACK-MATTER/NOTES/08-Implications-for-Everyday-Systems-Notes.md:L29-32[U006878],"■ **Page 369 · Nucleation.** In the absence of container walls or of other objects that can act as seeds, liquids and gases can typically be supercooled quite far below their free…",RESOLVED
L1439,B1439,BACK-MATTER/NOTES/08-Implications-for-Everyday-Systems-Notes.md:L27-28[U006877],"where `rule = IntegerDigits[code, 2, 14]`. On this page the rule used is code 16382; on page 371 it is code 10926. The centers of an array of regular hexagons are given by",RESOLVED
L1440,B1440,BACK-MATTER/NOTES/08-Implications-for-Everyday-Systems-Notes.md:L27-28[U006877],"where `rule = IntegerDigits[code, 2, 14]`. On this page the rule used is code 16382; on page 371 it is code 10926. The centers of an array of regular hexagons are given by",RESOLVED
L1441,B1441,BACK-MATTER/NOTES/08-Implications-for-Everyday-Systems-Notes.md:L36-38[U006880],■ **History of crystal growth.** The vast majority of work done on crystal growth has been concerned with practical methods rather than with theoretical analyses. The first synthe…,RESOLVED
L1442,B1442,BACK-MATTER/NOTES/08-Implications-for-Everyday-Systems-Notes.md:L41-42[U006882];BACK-MATTER/NOTES/08-Implications-for-Everyday-Systems-Notes.md:L43-44[U006883],■ **Hopper crystals.** When a pool of molten bismuth solidifies it tends to form crystals like those in the first two pictures below. What seems to give these crystals their chara…,WEAK
L1443,B1443,BACK-MATTER/NOTES/08-Implications-for-Everyday-Systems-Notes.md:L48-52[U006885],"■ **Quasicrystals.** In some special materials it was discovered in 1984 that atoms are arranged not on a purely repetitive grid, but instead in a pattern with the nested type of…",RESOLVED
L1444,B1444,BACK-MATTER/NOTES/08-Implications-for-Everyday-Systems-Notes.md:L48-52[U006885],"■ **Quasicrystals.** In some special materials it was discovered in 1984 that atoms are arranged not on a purely repetitive grid, but instead in a pattern with the nested type of…",WEAK
L1445,B1445,BACK-MATTER/NOTES/08-Implications-for-Everyday-Systems-Notes.md:L48-52[U006885],"■ **Quasicrystals.** In some special materials it was discovered in 1984 that atoms are arranged not on a purely repetitive grid, but instead in a pattern with the nested type of…",SERIOUS
L1446,B1446,BACK-MATTER/NOTES/08-Implications-for-Everyday-Systems-Notes.md:L48-52[U006885],"■ **Quasicrystals.** In some special materials it was discovered in 1984 that atoms are arranged not on a purely repetitive grid, but instead in a pattern with the nested type of…",RESOLVED
L1447,B1447,BACK-MATTER/NOTES/08-Implications-for-Everyday-Systems-Notes.md:L48-52[U006885];BACK-MATTER/NOTES/08-Implications-for-Everyday-Systems-Notes.md:L53-54[U006886],"■ **Quasicrystals.** In some special materials it was discovered in 1984 that atoms are arranged not on a purely repetitive grid, but instead in a pattern with the nested type of…",SERIOUS
L1448,B1448,BACK-MATTER/NOTES/08-Implications-for-Everyday-Systems-Notes.md:L59-61[U006889],"■ **Models of microscopic fracture.** Two kinds of models have traditionally been studied: ones based on looking at arrays of atoms, and ones based on continuum descriptions of ma…",SERIOUS
L1449,B1449,BACK-MATTER/NOTES/08-Implications-for-Everyday-Systems-Notes.md:L59-61[U006889],"■ **Models of microscopic fracture.** Two kinds of models have traditionally been studied: ones based on looking at arrays of atoms, and ones based on continuum descriptions of ma…",SERIOUS
L1450,B1450,BACK-MATTER/NOTES/08-Implications-for-Everyday-Systems-Notes.md:L59-61[U006889],"■ **Models of microscopic fracture.** Two kinds of models have traditionally been studied: ones based on looking at arrays of atoms, and ones based on continuum descriptions of ma…",RESOLVED
L1451,B1451,BACK-MATTER/NOTES/08-Implications-for-Everyday-Systems-Notes.md:L62-67[U006890],"■ **Page 375 · Experimental data.** To investigate the model in the main text requires looking not only at the path of a crack, but also at dislocations of atoms near it. To do th…",WEAK
L1452,B1452,BACK-MATTER/NOTES/08-Implications-for-Everyday-Systems-Notes.md:L62-67[U006890],"■ **Page 375 · Experimental data.** To investigate the model in the main text requires looking not only at the path of a crack, but also at dislocations of atoms near it. To do th…",RESOLVED
L1453,B1453,BACK-MATTER/NOTES/08-Implications-for-Everyday-Systems-Notes.md:L62-67[U006890],"■ **Page 375 · Experimental data.** To investigate the model in the main text requires looking not only at the path of a crack, but also at dislocations of atoms near it. To do th…",SERIOUS
L1454,B1454,BACK-MATTER/NOTES/08-Implications-for-Everyday-Systems-Notes.md:L76-77[U006895];BACK-MATTER/NOTES/08-Implications-for-Everyday-Systems-Notes.md:L78-79[U006896];BACK-MATTER/NOTES/08-Implications-for-Everyday-Systems-Notes.md:L80-81[U006897];BACK-MATTER/NOTES/08-Implications-for-Everyday-Systems-Notes.md:L82-83[U006898],"■ **Page 376 · Reynolds numbers.** If a system is to act like a continuum fluid, then almost by definition its behavior can involve only a limited number of macroscopic quantities…",WEAK
L1455,B1455,BACK-MATTER/NOTES/08-Implications-for-Everyday-Systems-Notes.md:L84-85[U006899];BACK-MATTER/NOTES/08-Implications-for-Everyday-Systems-Notes.md:L86-87[U006900];BACK-MATTER/NOTES/08-Implications-for-Everyday-Systems-Notes.md:L88-89[U006901];BACK-MATTER/NOTES/08-Implications-for-Everyday-Systems-Notes.md:L90-91[U006902];BACK-MATTER/NOTES/08-Implications-for-Everyday-Systems-Notes.md:L92-93[U006903];BACK-MATTER/NOTES/08-Implications-for-Everyday-Systems-Notes.md:L104-105[U006909],■ **Navier-Stokes equations.** The traditional model of fluids used in physics is based on a set of partial differential equations known as the Navier-Stokes equations. These equa…,SERIOUS
L1456,B1456,BACK-MATTER/NOTES/08-Implications-for-Everyday-Systems-Notes.md:L94-95[U006904];BACK-MATTER/NOTES/08-Implications-for-Everyday-Systems-Notes.md:L96-97[U006905],■ **Models of turbulence.** Traditional models typically view turbulence as consisting of some form of cascade of eddies.,WEAK
L1457,B1457,BACK-MATTER/NOTES/08-Implications-for-Everyday-Systems-Notes.md:L98-99[U006906];BACK-MATTER/NOTES/08-Implications-for-Everyday-Systems-Notes.md:L100-101[U006907];BACK-MATTER/NOTES/08-Implications-for-Everyday-Systems-Notes.md:L102-103[U006908],■ **Chaos theory and turbulence.** The full Navier-Stokes equations for fluid flow are far from being amenable to traditional mathematical analysis. But some simplified ordinary d…,RESOLVED
L1458,B1458,BACK-MATTER/NOTES/08-Implications-for-Everyday-Systems-Notes.md:L84-85[U006899];BACK-MATTER/NOTES/08-Implications-for-Everyday-Systems-Notes.md:L104-105[U006909];BACK-MATTER/NOTES/08-Implications-for-Everyday-Systems-Notes.md:L106-108[U006910];BACK-MATTER/NOTES/08-Implications-for-Everyday-Systems-Notes.md:L112-114[U006912];BACK-MATTER/NOTES/08-Implications-for-Everyday-Systems-Notes.md:L115-116[U006913];BACK-MATTER/NOTES/08-Implications-for-Everyday-Systems-Notes.md:L117-118[U006914];BACK-MATTER/NOTES/08-Implications-for-Everyday-Systems-Notes.md:L119-120[U006915];BACK-MATTER/NOTES/08-Implications-for-Everyday-Systems-Notes.md:L121-122[U006916],■ **Navier-Stokes equations.** The traditional model of fluids used in physics is based on a set of partial differential equations known as the Navier-Stokes equations. These equa…,SERIOUS
L1459,B1459,BACK-MATTER/NOTES/08-Implications-for-Everyday-Systems-Notes.md:L123-126[U006917],"■ **Splashes.** Particularly familiar everyday examples of complex fluid behavior are splashes made by objects falling into water. When a water drop hits a water surface, at first…",SERIOUS
L1460,B1460,BACK-MATTER/NOTES/08-Implications-for-Everyday-Systems-Notes.md:L127-131[U006918],"■ **Atmospheric turbulence.** Convection occurs because air near the ground is warmer than air at higher altitudes. On a clear night over flat terrain, air flow can be laminar nea…",SERIOUS
L1461,B1461,BACK-MATTER/NOTES/08-Implications-for-Everyday-Systems-Notes.md:L144-149[U006924],■ **Page 390 · Studying natural selection.** From the basic description of natural selection one might have thought that it would correspond to a unique simple program. But in fac…,WEAK
L1462,B1462,BACK-MATTER/NOTES/08-Implications-for-Everyday-Systems-Notes.md:L164-165[U006930];BACK-MATTER/NOTES/08-Implications-for-Everyday-Systems-Notes.md:L171-172[U006933];BACK-MATTER/NOTES/08-Implications-for-Everyday-Systems-Notes.md:L173-179[U006934];BACK-MATTER/NOTES/08-Implications-for-Everyday-Systems-Notes.md:L190-191[U006940],"The idea of comparing systems in biology and engineering dates back to antiquity, but for a long time it was mainly thought of just as an inspiration for engineering. In the mid-1…",RESOLVED
L1463,B1463,BACK-MATTER/NOTES/08-Implications-for-Everyday-Systems-Notes.md:L186-187[U006938];BACK-MATTER/NOTES/08-Implications-for-Everyday-Systems-Notes.md:L188-189[U006939],Traditional evolutionary explanations have not had much to say about detailed questions of leaf shape; one minor claim is that the pointed tips at the ends of many tropical leaves…,WEAK
L1464,B1464,BACK-MATTER/NOTES/08-Implications-for-Everyday-Systems-Notes.md:L192-194[U006941];BACK-MATTER/NOTES/08-Implications-for-Everyday-Systems-Notes.md:L195-202[U006942];BACK-MATTER/NOTES/08-Implications-for-Everyday-Systems-Notes.md:L203-204[U006943];BACK-MATTER/NOTES/08-Implications-for-Everyday-Systems-Notes.md:L205-206[U006944];BACK-MATTER/NOTES/08-Implications-for-Everyday-Systems-Notes.md:L207-208[U006945];BACK-MATTER/NOTES/08-Implications-for-Everyday-Systems-Notes.md:L209-210[U006946];BACK-MATTER/NOTES/08-Implications-for-Everyday-Systems-Notes.md:L211-212[U006947];BACK-MATTER/NOTES/08-Implications-for-Everyday-Systems-Notes.md:L213-214[U006948],"■ **Page 404 · Self-limiting growth.** It is often said that in plants, unlike animals, there is no global control of growth. And one feature of the simple branching processes I d…",RESOLVED
L1465,B1465,BACK-MATTER/NOTES/08-Implications-for-Everyday-Systems-Notes.md:L215-216[U006949];BACK-MATTER/NOTES/08-Implications-for-Everyday-Systems-Notes.md:L217-220[U006950];BACK-MATTER/NOTES/08-Implications-for-Everyday-Systems-Notes.md:L221-222[U006951];BACK-MATTER/NOTES/08-Implications-for-Everyday-Systems-Notes.md:L223-227[U006952],■ **Page 409 · Mathematics of phyllotaxis.** A rotation by $GoldenRatio == (1 + \sqrt{5})/2$ turns is equivalent to a rotation by $2 - GoldenRatio == GoldenRatio^{-2} \simeq 0.38$…,SERIOUS
L1466,B1466,BACK-MATTER/NOTES/08-Implications-for-Everyday-Systems-Notes.md:L223-227[U006952],"■ **Page 410 · Implementation.** It is convenient to consider a line of discrete cells, much as in a continuous cellular automaton. With a concentrations list $c$, the position $p…",SERIOUS
L1467,B1467,BACK-MATTER/NOTES/08-Implications-for-Everyday-Systems-Notes.md:L223-227[U006952];BACK-MATTER/NOTES/08-Implications-for-Everyday-Systems-Notes.md:L228-229[U006953];BACK-MATTER/NOTES/08-Implications-for-Everyday-Systems-Notes.md:L275-276[U006966];BACK-MATTER/NOTES/08-Implications-for-Everyday-Systems-Notes.md:L281-284[U006969],"■ **Page 410 · Implementation.** It is convenient to consider a line of discrete cells, much as in a continuous cellular automaton. With a concentrations list $c$, the position $p…",SERIOUS
L1468,B1468,BACK-MATTER/NOTES/08-Implications-for-Everyday-Systems-Notes.md:L234-235[U006955];BACK-MATTER/NOTES/08-Implications-for-Everyday-Systems-Notes.md:L236-245[U006956];BACK-MATTER/NOTES/08-Implications-for-Everyday-Systems-Notes.md:L246-247[U006957];BACK-MATTER/NOTES/08-Implications-for-Everyday-Systems-Notes.md:L248-249[U006958];BACK-MATTER/NOTES/08-Implications-for-Everyday-Systems-Notes.md:L250-251[U006959],"■ **Shell model.** The center of the opening of a shell is taken to trace out a helix whose $\{x, y, z\}$ coordinates are given as a function of the total angle of revolution $t$…",SERIOUS
L1469,B1469,BACK-MATTER/NOTES/08-Implications-for-Everyday-Systems-Notes.md:L252-254[U006960];BACK-MATTER/NOTES/08-Implications-for-Everyday-Systems-Notes.md:L255-260[U006961];BACK-MATTER/NOTES/08-Implications-for-Everyday-Systems-Notes.md:L261-262[U006962];BACK-MATTER/NOTES/08-Implications-for-Everyday-Systems-Notes.md:L263-270[U006963];BACK-MATTER/NOTES/08-Implications-for-Everyday-Systems-Notes.md:L271-272[U006964];BACK-MATTER/NOTES/08-Implications-for-Everyday-Systems-Notes.md:L275-276[U006966],"■ **Page 417 · Discrete folding.** See page 892. ■ **Page 418 · Intrinsically defined curves.** With curvature given by a function $f[s]$ of the arc length $s$, explicit coordinat…",SERIOUS
L1470,B1470,BACK-MATTER/NOTES/08-Implications-for-Everyday-Systems-Notes.md:L279-280[U006968],"■ **Page 419 · Embryo development.** Starting from a single egg cell, embryos first exhibit a series of geometrically quite precise cell divisions corresponding, I suspect, to a s…",RESOLVED
L1471,B1471,BACK-MATTER/NOTES/08-Implications-for-Everyday-Systems-Notes.md:L279-280[U006968],"■ **Page 419 · Embryo development.** Starting from a single egg cell, embryos first exhibit a series of geometrically quite precise cell divisions corresponding, I suspect, to a s…",RESOLVED
L1472,B1472,BACK-MATTER/NOTES/08-Implications-for-Everyday-Systems-Notes.md:L279-280[U006968],"■ **Page 419 · Embryo development.** Starting from a single egg cell, embryos first exhibit a series of geometrically quite precise cell divisions corresponding, I suspect, to a s…",RESOLVED
L1473,B1473,BACK-MATTER/NOTES/08-Implications-for-Everyday-Systems-Notes.md:L289-295[U006972],"■ **Schemes for growth.** After the initial embryonic stage, many general features of the growth of different types of organisms can be viewed as consequences of the nature of the…",RESOLVED
L1474,B1474,BACK-MATTER/NOTES/08-Implications-for-Everyday-Systems-Notes.md:L289-295[U006972],"■ **Schemes for growth.** After the initial embryonic stage, many general features of the growth of different types of organisms can be viewed as consequences of the nature of the…",RESOLVED
L1475,B1475,BACK-MATTER/NOTES/08-Implications-for-Everyday-Systems-Notes.md:L306-307[U006976];BACK-MATTER/NOTES/08-Implications-for-Everyday-Systems-Notes.md:L308-315[U006977];BACK-MATTER/NOTES/08-Implications-for-Everyday-Systems-Notes.md:L316-317[U006978];BACK-MATTER/NOTES/08-Implications-for-Everyday-Systems-Notes.md:L318-319[U006979],"■ **Page 427 · Implementation.** Given a 2D array of values *a* and a list of weights *w*, each step in the evolution of the system corresponds to",RESOLVED
L1476,B1476,BACK-MATTER/NOTES/08-Implications-for-Everyday-Systems-Notes.md:L320-321[U006980],There are simple cellular automata—such as 8-neighbor outer totalistic code 196623—which eventually yield maze-like patterns even when started from simple initial conditions. The…,RESOLVED
L1477,B1477,BACK-MATTER/NOTES/08-Implications-for-Everyday-Systems-Notes.md:L322-323[U006981],■ **Reaction-diffusion processes.** The cellular automaton in the main text can be viewed as a discrete idealization of a reaction-diffusion process. The notion that diffusion mig…,SERIOUS
L1478,B1478,BACK-MATTER/NOTES/08-Implications-for-Everyday-Systems-Notes.md:L322-323[U006981],■ **Reaction-diffusion processes.** The cellular automaton in the main text can be viewed as a discrete idealization of a reaction-diffusion process. The notion that diffusion mig…,SERIOUS
L1479,B1479,BACK-MATTER/NOTES/08-Implications-for-Everyday-Systems-Notes.md:L328-330[U006984];BACK-MATTER/NOTES/08-Implications-for-Everyday-Systems-Notes.md:L331-332[U006985];BACK-MATTER/NOTES/08-Implications-for-Everyday-Systems-Notes.md:L333-336[U006986],"■ **Scales of patterns.** The visual appearance of a pattern on an actual animal depends greatly on the scale of the pattern relative to the whole animal. Pandas and anteaters, fo…",RESOLVED
L1480,B1480,BACK-MATTER/NOTES/08-Implications-for-Everyday-Systems-Notes.md:L339-341[U006988];BACK-MATTER/NOTES/08-Implications-for-Everyday-Systems-Notes.md:L342-343[U006989],■ **Laws of human behavior.** Over the past century there have been a fair number of quantitative laws proposed for features of human behavior. Some are presumably a direct reflec…,RESOLVED
L1481,B1481,BACK-MATTER/NOTES/08-Implications-for-Everyday-Systems-Notes.md:L339-341[U006988];BACK-MATTER/NOTES/08-Implications-for-Everyday-Systems-Notes.md:L342-343[U006989],■ **Laws of human behavior.** Over the past century there have been a fair number of quantitative laws proposed for features of human behavior. Some are presumably a direct reflec…,RESOLVED
L1482,B1482,BACK-MATTER/NOTES/08-Implications-for-Everyday-Systems-Notes.md:L344-347[U006990],■ **Motion of people and cars.** To a first approximation crowds of people seem to show aggregate fluid-like behavior similar to what is seen in gases. Fronts of people—as occur i…,RESOLVED
L1483,B1483,BACK-MATTER/NOTES/08-Implications-for-Everyday-Systems-Notes.md:L344-347[U006990],■ **Motion of people and cars.** To a first approximation crowds of people seem to show aggregate fluid-like behavior similar to what is seen in gases. Fronts of people—as occur i…,RESOLVED
L1484,B1484,BACK-MATTER/NOTES/08-Implications-for-Everyday-Systems-Notes.md:L344-347[U006990],■ **Motion of people and cars.** To a first approximation crowds of people seem to show aggregate fluid-like behavior similar to what is seen in gases. Fronts of people—as occur i…,RESOLVED
L1485,B1485,BACK-MATTER/NOTES/08-Implications-for-Everyday-Systems-Notes.md:L348-349[U006991];BACK-MATTER/NOTES/08-Implications-for-Everyday-Systems-Notes.md:L357-358[U006994],Such an effect is easy to model with the approach used in the main text if different entities interact in clumps or herds—which can be forced if they are connected in a hierarchic…,RESOLVED
L1486,B1486,BACK-MATTER/NOTES/08-Implications-for-Everyday-Systems-Notes.md:L350-351[U006992],The observed standard deviation of a price—or essentially so-called volatility or beta—can be considered as a measure of the risk of fluctuations in that price. The Capital Asset…,WEAK
L1487,B1487,BACK-MATTER/NOTES/08-Implications-for-Everyday-Systems-Notes.md:L350-351[U006992],The observed standard deviation of a price—or essentially so-called volatility or beta—can be considered as a measure of the risk of fluctuations in that price. The Capital Asset…,WEAK
L1488,B1488,BACK-MATTER/NOTES/08-Implications-for-Everyday-Systems-Notes.md:L352-356[U006993],"■ **Speculative markets.** Cases of markets that seem to operate almost completely independent of objective value have occurred many times in economic history, particularly in con…",WEAK
L1489,,CHAPTERS/08-Implications-for-Everyday-Systems.md:L215,"Instead, what seems to be happening is that intrinsic randomness generation occurs directly at the level of large-scale fluid motion. And as an example of a simple approach to mod…",RESOLVED
L1490,,BACK-MATTER/NOTES/08-Implications-for-Everyday-Systems-Notes.md:L45,■ **Page 373 · Other models.** There are many ways to extend the simple cellular automata shown here. One possibility is to allow dependence on next-nearest as well as nearest nei…,RESOLVED
L1491,,BACK-MATTER/NOTES/08-Implications-for-Everyday-Systems-Notes.md:L46,"■ **Polycrystalline materials.** When solids with complicated forms are seen, it has usually been assumed that they must be aggregates of many separate crystals, with each crystal…",RESOLVED
L1492,,BACK-MATTER/NOTES/08-Implications-for-Everyday-Systems-Notes.md:L109,"■ **Vorticity-based models.** As an alternative to models of fluids based on elements with discrete velocities, one can consider using elements with discrete vorticities.",WEAK
L1493,,CHAPTERS/09-Fundamental-Physics.md:L63-73;BACK-MATTER/NOTES/09-Fundamental-Physics-Notes.md:L25-36,But in trying to understand the range of behavior that can occur in reversible systems it is often convenient to consider classes of cellular automata with rules that are specific…,RESOLVED
L1494,,CHAPTERS/09-Fundamental-Physics.md:L303-321;BACK-MATTER/NOTES/09-Fundamental-Physics-Notes.md:L153-165,One straightforward way to generate collections of systems that will inevitably exhibit conserved quantities is to work not with ordinary cellular automata but instead with block…,SERIOUS
L1495,,CHAPTERS/09-Fundamental-Physics.md:L491-507;BACK-MATTER/NOTES/09-Fundamental-Physics-Notes.md:L250-251,The discussion in the section before last suggests that for the richest properties to emerge there should in a sense be as little rigid underlying structure built in as possible.…,WEAK
L1496,,CHAPTERS/09-Fundamental-Physics.md:L595-615;BACK-MATTER/NOTES/09-Fundamental-Physics-Notes.md:L324-330,"The laws of physics in effect provide a collection of constraints on the structure. And while these laws are traditionally stated in terms of sophisticated mathematical equations,…",SERIOUS
L1497,,CHAPTERS/09-Fundamental-Physics.md:L655-707;BACK-MATTER/NOTES/09-Fundamental-Physics-Notes.md:L347-355;BACK-MATTER/NOTES/09-Fundamental-Physics-Notes.md:L378-384,"To see in more detail how this works it could be that it would be necessary to make a specific model for the observer. But in fact, it turns out that it is sufficient just to look…",SERIOUS
L1498,,CHAPTERS/09-Fundamental-Physics.md:L745-769;BACK-MATTER/NOTES/09-Fundamental-Physics-Notes.md:L363-386,One can think of mobile automata as being special cases of substitution systems of the type I introduced in Chapter 3. Such systems in general take a string of elements and at eac…,RESOLVED
L1499,,BACK-MATTER/NOTES/09-Fundamental-Physics-Notes.md:L407-439,"■ **Sequential cellular automata.** Ordinary cellular automata are set up so that every cell is updated in parallel at each step, based on the colors of neighboring cells on the p…",SERIOUS
L1500,,BACK-MATTER/NOTES/09-Fundamental-Physics-Notes.md:L441-443,■ **Intrinsic synchronization in cellular automata.** Taking the rules for an ordinary cellular automaton and applying them sequentially will normally yield very different results…,SERIOUS
L1501,,CHAPTERS/09-Fundamental-Physics.md:L829-837,But must it in the end actually be true that the underlying rules for our universe force there to be a unique perceived history? Near the end of Chapter 5 I introduced multiway sy…,RESOLVED
L1502,,BACK-MATTER/NOTES/09-Fundamental-Physics-Notes.md:L457-463,■ **Spacetime networks from multiway systems.** The main text considers models in which the steps of evolution in a multiway system yield a succession of events in time. An altern…,SERIOUS
L1503,,CHAPTERS/09-Fundamental-Physics.md:L901-965;BACK-MATTER/NOTES/09-Fundamental-Physics-Notes.md:L495-528;BACK-MATTER/NOTES/09-Fundamental-Physics-Notes.md:L552-556,"So what about more general substitution systems? Are there analogs of these for networks? The answer is that there are, and they are based on making replacements not just for indi…",SERIOUS
L1504,,BACK-MATTER/NOTES/09-Fundamental-Physics-Notes.md:L594-600,"■ **Network mobile automata.** The analog of a mobile automaton can be defined for networks by setting up a single active node, then having rules which replace clusters of nodes a…",SERIOUS
L1505,,BACK-MATTER/NOTES/09-Fundamental-Physics-Notes.md:L816-818,"■ **Random causal networks.** If one assumes that there are events at random positions in continuous spacetime, then one can construct an effective causal network for them by sett…",SERIOUS
L1506,,BACK-MATTER/NOTES/09-Fundamental-Physics-Notes.md:L820-840,"■ **Page 534 · Einstein equations.** In the absence of matter, the standard statement of the Einstein equations is that all components of the Ricci tensor—and thus also the Ricci…",SERIOUS
L1507,,BACK-MATTER/NOTES/09-Fundamental-Physics-Notes.md:L923-927,"■ **Discrete quantum mechanics.** While there are many issues in finding a complete underlying discrete model for quantum phenomena, it is quite straightforward to set up continuo…",SERIOUS
L1508,,BACK-MATTER/NOTES/09-Fundamental-Physics-Notes.md:L880;BACK-MATTER/NOTES/09-Fundamental-Physics-Notes.md:L955-957,In 1941 Richard Feynman pointed out that amplitudes in quantum theory could be worked out by using path integrals that sum with appropriate weights contributions from all possible…,SERIOUS
L1509,,CHAPTERS/10-Processes-of-Perception-and-Analysis.md:L163-179;BACK-MATTER/NOTES/10-Processes-of-Perception-and-Analysis-Notes.md:L34-82,"One simple example of such a process is run-length encoding—a method widely used in practice to compress data that involves long sequences of identical elements, such as bitmap im…",WEAK
L1510,,CHAPTERS/10-Processes-of-Perception-and-Analysis.md:L163-187;BACK-MATTER/NOTES/10-Processes-of-Perception-and-Analysis-Notes.md:L83-85;BACK-MATTER/NOTES/10-Processes-of-Perception-and-Analysis-Notes.md:L171-175,"One simple example of such a process is run-length encoding—a method widely used in practice to compress data that involves long sequences of identical elements, such as bitmap im…",SERIOUS
L1511,,CHAPTERS/10-Processes-of-Perception-and-Analysis.md:L189-205;CHAPTERS/10-Processes-of-Perception-and-Analysis.md:L235-249;BACK-MATTER/NOTES/10-Processes-of-Perception-and-Analysis-Notes.md:L87-106,Run-length encoding is based on the idea of breaking data up into runs of identical elements of varying lengths. Another common approach to data compression is based on forming bl…,SERIOUS
L1512,,BACK-MATTER/NOTES/10-Processes-of-Perception-and-Analysis-Notes.md:L108-121,"■ **Maximal block compression.** If one has data that consists of a long sequence of blocks, each of length b, and each independently chosen with probability p[i] to be of type i,…",SERIOUS
L1513,,CHAPTERS/10-Processes-of-Perception-and-Analysis.md:L209-267;BACK-MATTER/NOTES/10-Processes-of-Perception-and-Analysis-Notes.md:L123-153,So how can one achieve greater compression? One approach—which turns out to be similar to what is used in practice in most current high-performance general-purpose compression sys…,SERIOUS
L1514,,CHAPTERS/10-Processes-of-Perception-and-Analysis.md:L233-239;CHAPTERS/10-Processes-of-Perception-and-Analysis.md:L269-279;BACK-MATTER/NOTES/10-Processes-of-Perception-and-Analysis-Notes.md:L154-168,"The picture on the next page shows one approach based on the idea of breaking images up into collections of nested pieces, each with a uniform color. In some respects this scheme…",SERIOUS
L1515,,CHAPTERS/10-Processes-of-Perception-and-Analysis.md:L281-305;BACK-MATTER/NOTES/10-Processes-of-Perception-and-Analysis-Notes.md:L181-288,![](_page_588_Figure_1.jpeg) Examples of how images can be built up by adding together basic forms consisting of so-called two-dimensional Walsh functions. On the top left the bas…,SERIOUS
L1516,,CHAPTERS/10-Processes-of-Perception-and-Analysis.md:L323-357;BACK-MATTER/NOTES/10-Processes-of-Perception-and-Analysis-Notes.md:L298-334,So how does this work? The basic answer seems to be that there are nerve cells in our eyes and brains which are set up to respond to particular local patterns in the image formed…,SERIOUS
L1517,,BACK-MATTER/NOTES/10-Processes-of-Perception-and-Analysis-Notes.md:L339-347,"■ **Halftoning.** In printed books like this one, gray levels are usually obtained by printing small dots of black with varying sizes. On displays consisting of fixed arrays of pi…",SERIOUS
L1518,,BACK-MATTER/NOTES/10-Processes-of-Perception-and-Analysis-Notes.md:L348-360,"An alternative to this so-called ordered dither approach is the Floyd-Steinberg or error-diffusion method invented in 1976. This scans sequentially, accumulating and spreading tot…",SERIOUS
L1519,,CHAPTERS/10-Processes-of-Perception-and-Analysis.md:L397-405;BACK-MATTER/NOTES/10-Processes-of-Perception-and-Analysis-Notes.md:L419-423,There are a number of ways in which one can imagine such systems being used to generate sounds. One simple approach illustrated on the right is to consider a sequence of elements…,WEAK
L1520,,BACK-MATTER/NOTES/10-Processes-of-Perception-and-Analysis-Notes.md:L424,■ **Sound compression.** Sound compression has in practice mostly been applied to human speech. In typical voice coders (vocoders) 64k bits per second of digital data are obtained…,SERIOUS
L1521,,BACK-MATTER/NOTES/10-Processes-of-Perception-and-Analysis-Notes.md:L493-494,■ **Probabilistic models.** A probabilistic model must associate with every sequence a probability that is a number between 0 and 1. This can be done either by giving an explicit…,SERIOUS
L1522,,CHAPTERS/10-Processes-of-Perception-and-Analysis.md:L441-459;BACK-MATTER/NOTES/10-Processes-of-Perception-and-Analysis-Notes.md:L495-501,And indeed there is no meaningful way without more information to deduce any kind of absolute probability for the model to be correct. So in practice what almost universally ends…,SERIOUS
L1523,,CHAPTERS/10-Processes-of-Perception-and-Analysis.md:L461-477,So what about two-dimensional data? From the discussion in Chapter 5 it follows that no straightforward analogs of the types of probabilistic models described above can be constru…,SERIOUS
L1524,,CHAPTERS/10-Processes-of-Perception-and-Analysis.md:L515-533,"So what kinds of quantities can one in the end use in doing statistical analysis? The answer is that at least in principle one can use any quantity whatsoever, and in particular o…",SERIOUS
L1525,,CHAPTERS/10-Processes-of-Perception-and-Analysis.md:L539-565;CHAPTERS/10-Processes-of-Perception-and-Analysis.md:L599-605,"The picture on the left shows a standard method of encrypting messages represented by sequences of black and white squares. The basic idea is to have an encrypting sequence, shown…",SERIOUS
L1526,,CHAPTERS/10-Processes-of-Perception-and-Analysis.md:L575-633;BACK-MATTER/NOTES/10-Processes-of-Perception-and-Analysis-Notes.md:L531-544,"So given such an encrypting sequence, is there any easy way to do cryptanalysis and go backwards and work out the key? It turns out that there is. For as the picture below demonst…",SERIOUS
L1527,,BACK-MATTER/NOTES/10-Processes-of-Perception-and-Analysis-Notes.md:L608-624,■ **Backtracking.** If one wants to find out which of the 2<sup>n</sup> possible initial conditions of width n evolve to yield a specific column of colors in a system like an elem…,SERIOUS
L1528,,BACK-MATTER/NOTES/10-Processes-of-Perception-and-Analysis-Notes.md:L642-654,■ **Factoring integers.** The difficulty of factoring is presumably related to the irregularity of the pattern of divisors shown on page 909. One approach to factoring a number n…,WEAK
L1529,,BACK-MATTER/NOTES/10-Processes-of-Perception-and-Analysis-Notes.md:L656-660,"■ **Quadratic residue sequences.** As an outgrowth of ideas related to RSA cryptography it was shown in 1982 by Lenore Blum, Manuel Blum and Michael Shub that the sequence `Mod[Ne…",RESOLVED
L1530,,CHAPTERS/10-Processes-of-Perception-and-Analysis.md:L647-673;BACK-MATTER/NOTES/10-Processes-of-Perception-and-Analysis-Notes.md:L672-681,The crucial idea—much as in Chapter 4—is to think about numbers not in terms of their size but instead in terms of their digit sequences. And with this idea the picture on the nex…,SERIOUS
L1531,,CHAPTERS/10-Processes-of-Perception-and-Analysis.md:L729-743;BACK-MATTER/NOTES/10-Processes-of-Perception-and-Analysis-Notes.md:L745-749,"I know of one class of examples where this happens, illustrated in the pictures on the next page. The idea is to set up a row of cells corresponding to the digits of a number in a…",RESOLVED
L1532,,CHAPTERS/10-Processes-of-Perception-and-Analysis.md:L743-757;BACK-MATTER/NOTES/10-Processes-of-Perception-and-Analysis-Notes.md:L790-810,But if one thinks about actually using such formulas one might at first wonder what good they really are. For if one was to work out the value of a power $m^t$ by explicitly perfo…,SERIOUS
L1533,,CHAPTERS/10-Processes-of-Perception-and-Analysis.md:L759-801;BACK-MATTER/NOTES/10-Processes-of-Perception-and-Analysis-Notes.md:L816-903,So what about other patterns produced by cellular automata and similar systems? Is it possible that in the end all such patterns could just be described by simple mathematical for…,SERIOUS
L1534,,BACK-MATTER/NOTES/10-Processes-of-Perception-and-Analysis-Notes.md:L904,■ **Reversible logic.** In an ordinary Boolean function with *n* inputs there is no unique way to tell from its output which of the 2<sup>n</sup> possible sets of inputs was given…,SERIOUS
L1535,,CHAPTERS/10-Processes-of-Perception-and-Analysis.md:L829-839;BACK-MATTER/NOTES/10-Processes-of-Perception-and-Analysis-Notes.md:L976-980,So what can one then do? In the case of exact matches there are a couple of approaches that are widely used in practice. Probably the most familiar is what is done in typical dict…,SERIOUS
L1536,,CHAPTERS/10-Processes-of-Perception-and-Analysis.md:L851-879,"And so, as we discussed earlier in this chapter, the human visual system, for example, appears to be based on having nerve cells that respond only to certain specific features of…",SERIOUS
L1537,,BACK-MATTER/NOTES/10-Processes-of-Perception-and-Analysis-Notes.md:L988-996,■ **Numerical data.** In situations where pieces of data can be thought of as points in space similarity can often be defined in terms of spatial distance. And this means that aro…,SERIOUS
L1538,,BACK-MATTER/NOTES/10-Processes-of-Perception-and-Analysis-Notes.md:L998-1017,■ **Error-correcting codes.** In many information transmission and storage applications one needs to be able to recover data even if some errors are introduced into it. The standa…,WEAK
L1539,,BACK-MATTER/NOTES/10-Processes-of-Perception-and-Analysis-Notes.md:L1019-1020,■ **Matrix memories.** Many times since the 1950s it has been noted that methods from linear algebra suggest ways to construct associative memories in which data can potentially b…,SERIOUS
L1540,,BACK-MATTER/NOTES/10-Processes-of-Perception-and-Analysis-Notes.md:L1021-1023,■ **Neural network models.** The basic rule used in essentially all neural network models is extremely simple. Each neuron is assumed to have a value between -1 and 1 correspondin…,SERIOUS
L1541,,CHAPTERS/10-Processes-of-Perception-and-Analysis.md:L909-915;BACK-MATTER/NOTES/10-Processes-of-Perception-and-Analysis-Notes.md:L1038,In modern times computer languages have often been thought of as providing precise ways to represent processes that might otherwise be carried out by human thinking. But it turns…,SERIOUS
L1542,,BACK-MATTER/NOTES/10-Processes-of-Perception-and-Analysis-Notes.md:L1039-1065,"■ **Context-free languages.** The set of valid expressions in a context-free language can be defined recursively by rules such as `""e"" -> ""e + e""` and `""e"" -> ""(e)""` that specify…",SERIOUS
L1543,,BACK-MATTER/NOTES/10-Processes-of-Perception-and-Analysis-Notes.md:L1081-1085,"■ **Game theory.** Remarkably simple models are often believed to capture features of what might seem like sophisticated decision making by humans, animals and human organizations…",SERIOUS
L1544,,CHAPTERS/10-Processes-of-Perception-and-Analysis.md:L975-989;BACK-MATTER/NOTES/10-Processes-of-Perception-and-Analysis-Notes.md:L5-15,"So might one day some new method of perception and analysis be invented that would in a sense manage to recognize all possible regularities, and thus be able to tell immediately i…",SERIOUS
L1545,,CHAPTERS/11-The-Notion-of-Computation.md:L15-21;CHAPTERS/11-The-Notion-of-Computation.md:L25-37,Throughout this book I have referred to systems such as cellular automata as simple computer programs. So now the point is actually to think of these systems in terms of the compu…,SERIOUS
L1546,,BACK-MATTER/NOTES/11-The-Notion-of-Computation-Notes.md:L15-23,"■ **Practical computers.** At the lowest level the hardware of a practical computer consists of digital electronic circuits. In these circuits, lumps of electric charge (in 2001 a…",SERIOUS
L1547,,CHAPTERS/11-The-Notion-of-Computation.md:L377-393;BACK-MATTER/NOTES/11-The-Notion-of-Computation-Notes.md:L525-550,"So what about systems based on numbers, like those we discussed in Chapter 4? As an example, one can consider a generalization of the arithmetic systems discussed on page 122—in w…",SERIOUS
L1548,,BACK-MATTER/NOTES/11-The-Notion-of-Computation-Notes.md:L552-570,■ **History.** The correspondence between arithmetic systems and register machines was established (using a slightly different approach) by Marvin Minsky in 1962. Additional work…,SERIOUS
L1549,,BACK-MATTER/NOTES/11-The-Notion-of-Computation-Notes.md:L674-690,■ **Page 702 · Rule emulations.** The network below shows which quiescent symmetric elementary rules can emulate which with blocks of length 8 or less. (Compare page 269.) ![](_pa…,SERIOUS
L1550,,BACK-MATTER/NOTES/11-The-Notion-of-Computation-Notes.md:L781-802,■ **Encoding sequences by integers.** In many constructions it is useful to be able to encode a list of integers of any length by a single integer. (See e.g. page 1127.) One way t…,WEAK
L1551,,BACK-MATTER/NOTES/11-The-Notion-of-Computation-Notes.md:L829-855,■ **Recursive functions.** The general recursive functions from page 907 provided an early example of universality (see page 907). That such functions are universal can be demonst…,SERIOUS
L1552,,CHAPTERS/12-The-Principle-of-Computational-Equivalence.md:L571-607;BACK-MATTER/NOTES/12-The-Principle-of-Computational-Equivalence-Notes.md:L207-209;BACK-MATTER/NOTES/12-The-Principle-of-Computational-Equivalence-Notes.md:L235-237;BACK-MATTER/NOTES/12-The-Principle-of-Computational-Equivalence-Notes.md:L365-369,As a first example—based on a rather simple computation—the picture at the top of the facing page shows a Turing machine set up to add 1 to any number. The input to the Turing mac…,SERIOUS
L1553,,CHAPTERS/12-The-Principle-of-Computational-Equivalence.md:L541-555;BACK-MATTER/NOTES/12-The-Principle-of-Computational-Equivalence-Notes.md:L241-291,But what if one just looks at possible sequences—as might be used for initial conditions—and asks whether any of them satisfy some constraint? Even if the constraint is easy to te…,SERIOUS
L1554,,BACK-MATTER/NOTES/12-The-Principle-of-Computational-Equivalence-Notes.md:L269-304,Any PCP constraint can also immediately be related to the evolution of a multiway tag system of the kind discussed in the note below. Assuming that the upper string is never short…,SERIOUS
L1555,,BACK-MATTER/NOTES/12-The-Principle-of-Computational-Equivalence-Notes.md:L314-316,"■ **Sequence equations.** One can ask whether by replacing variables by sequences one can satisfy so-called word or string equations such as $Flatten[\{x, 0, x, 0, y\}] == Flatten…",SERIOUS
L1556,,BACK-MATTER/NOTES/12-The-Principle-of-Computational-Equivalence-Notes.md:L331-347;BACK-MATTER/NOTES/12-The-Principle-of-Computational-Equivalence-Notes.md:L461-476,"■ **Sorting networks.** Any list can be sorted using `Fold`[`PairSort`, list, pairs] by doing a fixed sequence of comparisons of pairs $PairSort[a_, p: \{_, _\}] := Block[\{t = a\…",SERIOUS
L1557,,CHAPTERS/12-The-Principle-of-Computational-Equivalence.md:L647-677;BACK-MATTER/NOTES/12-The-Principle-of-Computational-Equivalence-Notes.md:L495-503,But can it take an exponential number of steps? Certainly if one has a substitution system that yields exponentially many elements then to reproduce all these elements with an ord…,SERIOUS
L1558,,CHAPTERS/12-The-Principle-of-Computational-Equivalence.md:L681-691;BACK-MATTER/NOTES/12-The-Principle-of-Computational-Equivalence-Notes.md:L521-543,So what about other kinds of problems? The picture on the next page shows the equivalence between the classic problem of satisfiability and the non-deterministic Turing machine pr…,SERIOUS
L1559,,BACK-MATTER/NOTES/12-The-Principle-of-Computational-Equivalence-Notes.md:L560-574,■ **Page 771 · Quantum computers.** In an ordinary classical setup one typically describes the state of something like a 2-color cellular automaton with n cells just by giving a l…,SERIOUS
L1560,,CHAPTERS/12-The-Principle-of-Computational-Equivalence.md:L749-775;BACK-MATTER/NOTES/12-The-Principle-of-Computational-Equivalence-Notes.md:L605-611;BACK-MATTER/NOTES/12-The-Principle-of-Computational-Equivalence-Notes.md:L751-797,But just what basic processes are involved in mathematics? Ever since antiquity mathematics has almost defined itself as being concerned with finding theorems and giving their pro…,SERIOUS
L1561,,CHAPTERS/12-The-Principle-of-Computational-Equivalence.md:L885-905;BACK-MATTER/NOTES/12-The-Principle-of-Computational-Equivalence-Notes.md:L901-966,So how does universality actually work in the case of arithmetic? One approach is illustrated in the picture on the next page. The idea is to set up an arithmetic statement that c…,SERIOUS
L1562,,CHAPTERS/12-The-Principle-of-Computational-Equivalence.md:L1073-1095;BACK-MATTER/NOTES/12-The-Principle-of-Computational-Equivalence-Notes.md:L1189-1203;BACK-MATTER/NOTES/12-The-Principle-of-Computational-Equivalence-Notes.md:L1245-1257,In studying basic processes of proof multiway systems seem to do well as minimal idealizations. But if one wants to study axiom systems that potentially describe definite objects…,SERIOUS
L1563,,CHAPTERS/12-The-Principle-of-Computational-Equivalence.md:L227-239;BACK-MATTER/NOTES/12-The-Principle-of-Computational-Equivalence-Notes.md:L49-75,"Differential equations of the kind we discussed at the end of Chapter 4 work at some level a little like cellular automata. For given the state of a system, they provide rules for…",WEAK
L1564,,BACK-MATTER/NOTES/12-The-Principle-of-Computational-Equivalence-Notes.md:L80-92,An input selects a bottom-row cell; fair staged register-machine simulations read shared finite oracle approximations while a diagonal controller adds black cells and removes agreements.,SERIOUS
