lead_id,canonical_anchors,status,decision,reason,candidate_id,catalog_action,family_id
L0001,BACK-MATTER/NOTES/00-General-Notes.md:L17-18[U004864];BACK-MATTER/NOTES/00-General-Notes.md:L35-36[U004873],WEAK,narrative-whimsy,Whimsical descriptions do not define mechanics,,not-serious-candidate,not-applicable
L0002,BACK-MATTER/NOTES/00-General-Notes.md:L31-32[U004871];BACK-MATTER/NOTES/00-General-Notes.md:L33-34[U004872],WEAK,cover-art-example,Cover image is a rendered CA example,,not-serious-candidate,not-applicable
L0003,CHAPTERS/01-The-Foundations-for-a-New-Kind-of-Science.md:L159-160[U000149];CHAPTERS/01-The-Foundations-for-a-New-Kind-of-Science.md:L161-162[U000150];CHAPTERS/01-The-Foundations-for-a-New-Kind-of-Science.md:L163-164[U000151];CHAPTERS/01-The-Foundations-for-a-New-Kind-of-Science.md:L167-168[U000153];BACK-MATTER/NOTES/01-The-Foundations-for-a-New-Kind-of-Science-Notes.md:L59-60[U004953],WEAK,historical-experiment,Historical account of exploring program behavior,,not-serious-candidate,not-applicable
L0004,BACK-MATTER/NOTES/01-The-Foundations-for-a-New-Kind-of-Science-Notes.md:L55-56[U004951],WEAK,ideal-gas-illustration,Cover illustration lacks collision mechanics,,not-serious-candidate,not-applicable
L0005,BACK-MATTER/NOTES/01-The-Foundations-for-a-New-Kind-of-Science-Notes.md:L57-58[U004952],WEAK,historical-program,Historical implementation anecdote,,not-serious-candidate,not-applicable
L0006,CHAPTERS/02-The-Crucial-Experiment.md:L11-12[U000179];BACK-MATTER/NOTES/02-The-Crucial-Experiment-Notes.md:L837-838[U005279];BACK-MATTER/NOTES/02-The-Crucial-Experiment-Notes.md:L851-852[U005286];BACK-MATTER/NOTES/02-The-Crucial-Experiment-Notes.md:L855-856[U005288];BACK-MATTER/NOTES/02-The-Crucial-Experiment-Notes.md:L857-858[U005289],WEAK,computer-experiment,General experimental method rather than a system,,not-serious-candidate,not-applicable
L0007,CHAPTERS/02-The-Crucial-Experiment.md:L13-14[U000180];CHAPTERS/02-The-Crucial-Experiment.md:L19-20[U000183];CHAPTERS/02-The-Crucial-Experiment.md:L21-22[U000184];CHAPTERS/02-The-Crucial-Experiment.md:L23-24[U000185];BACK-MATTER/NOTES/02-The-Crucial-Experiment-Notes.md:L12-13[U004966];BACK-MATTER/NOTES/02-The-Crucial-Experiment-Notes.md:L14-17[U004967];BACK-MATTER/NOTES/02-The-Crucial-Experiment-Notes.md:L18-19[U004968];BACK-MATTER/NOTES/02-The-Crucial-Experiment-Notes.md:L20-24[U004969];BACK-MATTER/NOTES/02-The-Crucial-Experiment-Notes.md:L25-26[U004970];BACK-MATTER/NOTES/02-The-Crucial-Experiment-Notes.md:L27-31[U004971];BACK-MATTER/NOTES/02-The-Crucial-Experiment-Notes.md:L112-113[U004988];BACK-MATTER/NOTES/02-The-Crucial-Experiment-Notes.md:L114-115[U004989];BACK-MATTER/NOTES/02-The-Crucial-Experiment-Notes.md:L418-419[U005084];BACK-MATTER/NOTES/02-The-Crucial-Experiment-Notes.md:L420-423[U005085];BACK-MATTER/NOTES/02-The-Crucial-Experiment-Notes.md:L436-437[U005090];BACK-MATTER/NOTES/02-The-Crucial-Experiment-Notes.md:L438-441[U005091],WEAK,rule-based-programs,General statement that programs have rules,,not-serious-candidate,not-applicable
L0008,CHAPTERS/02-The-Crucial-Experiment.md:L19-20[U000183];CHAPTERS/02-The-Crucial-Experiment.md:L25-26[U000186];CHAPTERS/02-The-Crucial-Experiment.md:L27-28[U000187];CHAPTERS/02-The-Crucial-Experiment.md:L29-30[U000188];BACK-MATTER/NOTES/02-The-Crucial-Experiment-Notes.md:L452-453[U005096];BACK-MATTER/NOTES/02-The-Crucial-Experiment-Notes.md:L462-463[U005101],RESOLVED,ca-spacetime-renderer,Rows render successive states of an ordinary CA,,not-serious-candidate,not-applicable
L0009,CHAPTERS/02-The-Crucial-Experiment.md:L33-34[U000190];CHAPTERS/02-The-Crucial-Experiment.md:L37-38[U000192];CHAPTERS/02-The-Crucial-Experiment.md:L39-40[U000193];BACK-MATTER/NOTES/02-The-Crucial-Experiment-Notes.md:L454-455[U005097];BACK-MATTER/NOTES/02-The-Crucial-Experiment-Notes.md:L464-465[U005102],RESOLVED,elementary-ca-preset,Specific elementary CA rule example,,not-serious-candidate,not-applicable
L0010,CHAPTERS/02-The-Crucial-Experiment.md:L43-44[U000195];CHAPTERS/02-The-Crucial-Experiment.md:L47-48[U000197];CHAPTERS/02-The-Crucial-Experiment.md:L49-50[U000198];CHAPTERS/02-The-Crucial-Experiment.md:L55-56[U000201];BACK-MATTER/NOTES/02-The-Crucial-Experiment-Notes.md:L154-157[U005004];BACK-MATTER/NOTES/02-The-Crucial-Experiment-Notes.md:L424-425[U005086];BACK-MATTER/NOTES/02-The-Crucial-Experiment-Notes.md:L426-429[U005087];BACK-MATTER/NOTES/02-The-Crucial-Experiment-Notes.md:L446-449[U005094];BACK-MATTER/NOTES/02-The-Crucial-Experiment-Notes.md:L466-467[U005103];BACK-MATTER/NOTES/02-The-Crucial-Experiment-Notes.md:L507-508[U005119],RESOLVED,elementary-ca-preset,Specific elementary CA rule example,,not-serious-candidate,not-applicable
L0011,CHAPTERS/02-The-Crucial-Experiment.md:L61-62[U000204];CHAPTERS/02-The-Crucial-Experiment.md:L65-66[U000206];CHAPTERS/02-The-Crucial-Experiment.md:L67-68[U000207];BACK-MATTER/NOTES/02-The-Crucial-Experiment-Notes.md:L134-138[U004998];BACK-MATTER/NOTES/02-The-Crucial-Experiment-Notes.md:L283-284[U005038];BACK-MATTER/NOTES/02-The-Crucial-Experiment-Notes.md:L285-290[U005039];BACK-MATTER/NOTES/02-The-Crucial-Experiment-Notes.md:L456-457[U005098];BACK-MATTER/NOTES/02-The-Crucial-Experiment-Notes.md:L468-469[U005104];BACK-MATTER/NOTES/02-The-Crucial-Experiment-Notes.md:L861-862[U005291],RESOLVED,elementary-ca-preset,Rule 30 is a preset of elementary CA mechanics,,not-serious-candidate,not-applicable
L0012,CHAPTERS/02-The-Crucial-Experiment.md:L91-92[U000219];CHAPTERS/02-The-Crucial-Experiment.md:L109-110[U000228];CHAPTERS/02-The-Crucial-Experiment.md:L111-112[U000229];BACK-MATTER/NOTES/02-The-Crucial-Experiment-Notes.md:L458-459[U005099];BACK-MATTER/NOTES/02-The-Crucial-Experiment-Notes.md:L470-471[U005105];BACK-MATTER/NOTES/02-The-Crucial-Experiment-Notes.md:L577-578[U005149],WEAK,ca-complexity-property,Unpredictable averages are behavioral properties,,not-serious-candidate,not-applicable
L0013,CHAPTERS/02-The-Crucial-Experiment.md:L255-256[U000301];BACK-MATTER/NOTES/02-The-Crucial-Experiment-Notes.md:L745-746[U005233],RESOLVED,life-ca-preset,Game of Life is a two-dimensional CA preset,,not-serious-candidate,not-applicable
L0014,BACK-MATTER/NOTES/02-The-Crucial-Experiment-Notes.md:L5-6[U004964];BACK-MATTER/NOTES/02-The-Crucial-Experiment-Notes.md:L7-11[U004965];BACK-MATTER/NOTES/02-The-Crucial-Experiment-Notes.md:L116-117[U004990];BACK-MATTER/NOTES/02-The-Crucial-Experiment-Notes.md:L430-431[U005088];BACK-MATTER/NOTES/02-The-Crucial-Experiment-Notes.md:L432-435[U005089],RESOLVED,cellular-automaton,Executable list implementation of ordinary CA evolution,,not-serious-candidate,not-applicable
L0015,BACK-MATTER/NOTES/02-The-Crucial-Experiment-Notes.md:L114-115[U004989];BACK-MATTER/NOTES/02-The-Crucial-Experiment-Notes.md:L120-121[U004992],RESOLVED,ca-boundary-policy,Finite-array boundary handling is a CA policy,,not-serious-candidate,not-applicable
L0016,BACK-MATTER/NOTES/02-The-Crucial-Experiment-Notes.md:L132-133[U004997];BACK-MATTER/NOTES/02-The-Crucial-Experiment-Notes.md:L134-138[U004998];BACK-MATTER/NOTES/02-The-Crucial-Experiment-Notes.md:L139-140[U004999];BACK-MATTER/NOTES/02-The-Crucial-Experiment-Notes.md:L141-145[U005000];BACK-MATTER/NOTES/02-The-Crucial-Experiment-Notes.md:L146-147[U005001];BACK-MATTER/NOTES/02-The-Crucial-Experiment-Notes.md:L148-151[U005002];BACK-MATTER/NOTES/02-The-Crucial-Experiment-Notes.md:L152-153[U005003];BACK-MATTER/NOTES/02-The-Crucial-Experiment-Notes.md:L154-157[U005004];BACK-MATTER/NOTES/02-The-Crucial-Experiment-Notes.md:L158-159[U005005];BACK-MATTER/NOTES/02-The-Crucial-Experiment-Notes.md:L160-168[U005006];BACK-MATTER/NOTES/02-The-Crucial-Experiment-Notes.md:L169-170[U005007],RESOLVED,cellular-automaton,General neighborhoods and colors retain CA mechanics,,not-serious-candidate,not-applicable
L0017,BACK-MATTER/NOTES/02-The-Crucial-Experiment-Notes.md:L175-176[U005010];BACK-MATTER/NOTES/02-The-Crucial-Experiment-Notes.md:L181-197[U005013];BACK-MATTER/NOTES/02-The-Crucial-Experiment-Notes.md:L212-213[U005017],RESOLVED,ca-executor,Direct call to the generic CA executor,,not-serious-candidate,not-applicable
L0018,BACK-MATTER/NOTES/02-The-Crucial-Experiment-Notes.md:L171-172[U005008];BACK-MATTER/NOTES/02-The-Crucial-Experiment-Notes.md:L175-176[U005010];BACK-MATTER/NOTES/02-The-Crucial-Experiment-Notes.md:L181-197[U005013];BACK-MATTER/NOTES/02-The-Crucial-Experiment-Notes.md:L212-213[U005017],RESOLVED,ca-executor,Direct call to the generic CA executor,,not-serious-candidate,not-applicable
L0019,BACK-MATTER/NOTES/02-The-Crucial-Experiment-Notes.md:L175-176[U005010];BACK-MATTER/NOTES/02-The-Crucial-Experiment-Notes.md:L181-197[U005013];BACK-MATTER/NOTES/02-The-Crucial-Experiment-Notes.md:L212-213[U005017],RESOLVED,ca-executor,Duplicate generic CA execution surface,,not-serious-candidate,not-applicable
L0020,BACK-MATTER/NOTES/02-The-Crucial-Experiment-Notes.md:L171-172[U005008];BACK-MATTER/NOTES/02-The-Crucial-Experiment-Notes.md:L175-176[U005010];BACK-MATTER/NOTES/02-The-Crucial-Experiment-Notes.md:L181-197[U005013];BACK-MATTER/NOTES/02-The-Crucial-Experiment-Notes.md:L212-213[U005017],RESOLVED,ca-executor,Reference to totalistic and higher-dimensional CA,,not-serious-candidate,not-applicable
L0021,BACK-MATTER/NOTES/02-The-Crucial-Experiment-Notes.md:L175-176[U005010];BACK-MATTER/NOTES/02-The-Crucial-Experiment-Notes.md:L181-197[U005013];BACK-MATTER/NOTES/02-The-Crucial-Experiment-Notes.md:L212-213[U005017],RESOLVED,ca-executor,Duplicate generic CA execution surface,,not-serious-candidate,not-applicable
L0022,BACK-MATTER/NOTES/02-The-Crucial-Experiment-Notes.md:L175-176[U005010];BACK-MATTER/NOTES/02-The-Crucial-Experiment-Notes.md:L181-197[U005013];BACK-MATTER/NOTES/02-The-Crucial-Experiment-Notes.md:L214-215[U005018];BACK-MATTER/NOTES/02-The-Crucial-Experiment-Notes.md:L216-217[U005019],RESOLVED,ca-executor,Generic CA execution with alternate result form,,not-serious-candidate,not-applicable
L0023,BACK-MATTER/NOTES/02-The-Crucial-Experiment-Notes.md:L175-176[U005010];BACK-MATTER/NOTES/02-The-Crucial-Experiment-Notes.md:L202-211[U005016];BACK-MATTER/NOTES/02-The-Crucial-Experiment-Notes.md:L212-213[U005017],RESOLVED,ca-executor,Generic CA execution with explicit rule form,,not-serious-candidate,not-applicable
L0024,BACK-MATTER/NOTES/02-The-Crucial-Experiment-Notes.md:L175-176[U005010];BACK-MATTER/NOTES/02-The-Crucial-Experiment-Notes.md:L202-211[U005016];BACK-MATTER/NOTES/02-The-Crucial-Experiment-Notes.md:L212-213[U005017],RESOLVED,ca-executor,Duplicate generic CA execution surface,,not-serious-candidate,not-applicable
L0025,BACK-MATTER/NOTES/02-The-Crucial-Experiment-Notes.md:L175-176[U005010];BACK-MATTER/NOTES/02-The-Crucial-Experiment-Notes.md:L202-211[U005016];BACK-MATTER/NOTES/02-The-Crucial-Experiment-Notes.md:L212-213[U005017],RESOLVED,ca-executor,Duplicate generic CA execution surface,,not-serious-candidate,not-applicable
L0026,BACK-MATTER/NOTES/02-The-Crucial-Experiment-Notes.md:L175-176[U005010];BACK-MATTER/NOTES/02-The-Crucial-Experiment-Notes.md:L202-211[U005016];BACK-MATTER/NOTES/02-The-Crucial-Experiment-Notes.md:L212-213[U005017],RESOLVED,ca-executor,Duplicate generic CA execution surface,,not-serious-candidate,not-applicable
L0027,BACK-MATTER/NOTES/02-The-Crucial-Experiment-Notes.md:L220-232[U005021],RESOLVED,ca-seed-form,Explicit cyclic and background initial conditions,,not-serious-candidate,not-applicable
L0028,BACK-MATTER/NOTES/02-The-Crucial-Experiment-Notes.md:L220-232[U005021];BACK-MATTER/NOTES/02-The-Crucial-Experiment-Notes.md:L233-234[U005022],RESOLVED,ca-seed-form,Initial-condition representation variant,,not-serious-candidate,not-applicable
L0029,BACK-MATTER/NOTES/02-The-Crucial-Experiment-Notes.md:L220-232[U005021];BACK-MATTER/NOTES/02-The-Crucial-Experiment-Notes.md:L233-234[U005022],RESOLVED,ca-seed-form,Initial-condition representation variant,,not-serious-candidate,not-applicable
L0030,BACK-MATTER/NOTES/02-The-Crucial-Experiment-Notes.md:L220-232[U005021];BACK-MATTER/NOTES/02-The-Crucial-Experiment-Notes.md:L233-234[U005022],RESOLVED,ca-seed-form,Initial-condition representation variant,,not-serious-candidate,not-applicable
L0031,BACK-MATTER/NOTES/02-The-Crucial-Experiment-Notes.md:L237-245[U005024];BACK-MATTER/NOTES/02-The-Crucial-Experiment-Notes.md:L246-247[U005025];BACK-MATTER/NOTES/02-The-Crucial-Experiment-Notes.md:L334-335[U005054];BACK-MATTER/NOTES/02-The-Crucial-Experiment-Notes.md:L348-349[U005058],RESOLVED,ca-output-selection,Selects steps from an already generated history,,not-serious-candidate,not-applicable
L0032,BACK-MATTER/NOTES/02-The-Crucial-Experiment-Notes.md:L248-249[U005026];BACK-MATTER/NOTES/02-The-Crucial-Experiment-Notes.md:L252-264[U005028];BACK-MATTER/NOTES/02-The-Crucial-Experiment-Notes.md:L269-270[U005031];BACK-MATTER/NOTES/02-The-Crucial-Experiment-Notes.md:L271-272[U005032];BACK-MATTER/NOTES/02-The-Crucial-Experiment-Notes.md:L273-274[U005033];BACK-MATTER/NOTES/02-The-Crucial-Experiment-Notes.md:L275-276[U005034];BACK-MATTER/NOTES/02-The-Crucial-Experiment-Notes.md:L277-278[U005035];BACK-MATTER/NOTES/02-The-Crucial-Experiment-Notes.md:L279-280[U005036];BACK-MATTER/NOTES/02-The-Crucial-Experiment-Notes.md:L316-317[U005048];BACK-MATTER/NOTES/02-The-Crucial-Experiment-Notes.md:L341-342[U005056];BACK-MATTER/NOTES/02-The-Crucial-Experiment-Notes.md:L348-349[U005058];CHAPTERS/05-Two-Dimensions-and-Beyond.md:L51-52[U000972];CHAPTERS/05-Two-Dimensions-and-Beyond.md:L63-64[U000978];CHAPTERS/05-Two-Dimensions-and-Beyond.md:L61-62[U000977];BACK-MATTER/NOTES/05-Two-Dimensions-and-Beyond-Notes.md:L125-126[U006112];BACK-MATTER/NOTES/05-Two-Dimensions-and-Beyond-Notes.md:L127-128[U006113],RESOLVED,ca-seed-offset,Seed offset and dimensional layout policy,,not-serious-candidate,not-applicable
L0033,BACK-MATTER/NOTES/02-The-Crucial-Experiment-Notes.md:L299-300[U005043];BACK-MATTER/NOTES/02-The-Crucial-Experiment-Notes.md:L301-306[U005044],RESOLVED,ca-periodic-seed,Cyclic continuation of a finite seed,,not-serious-candidate,not-applicable
L0034,BACK-MATTER/NOTES/02-The-Crucial-Experiment-Notes.md:L307-308[U005045];BACK-MATTER/NOTES/02-The-Crucial-Experiment-Notes.md:L309-313[U005046];BACK-MATTER/NOTES/02-The-Crucial-Experiment-Notes.md:L316-317[U005048],RESOLVED,ca-background-seed,Finite perturbation over a periodic background,,not-serious-candidate,not-applicable
L0035,BACK-MATTER/NOTES/02-The-Crucial-Experiment-Notes.md:L325-326[U005051];BACK-MATTER/NOTES/02-The-Crucial-Experiment-Notes.md:L327-331[U005052],RESOLVED,ca-seed-offset,Places initial blocks at specified offsets,,not-serious-candidate,not-applicable
L0036,BACK-MATTER/NOTES/02-The-Crucial-Experiment-Notes.md:L357-358[U005061];BACK-MATTER/NOTES/02-The-Crucial-Experiment-Notes.md:L359-363[U005062],RESOLVED,general-ca-preset,Specific three-color nearest-neighbor rule,,not-serious-candidate,not-applicable
L0037,BACK-MATTER/NOTES/02-The-Crucial-Experiment-Notes.md:L366-367[U005064];BACK-MATTER/NOTES/02-The-Crucial-Experiment-Notes.md:L368-372[U005065],RESOLVED,totalistic-ca-preset,Specific totalistic CA rule,,not-serious-candidate,not-applicable
L0038,BACK-MATTER/NOTES/02-The-Crucial-Experiment-Notes.md:L375-376[U005067];BACK-MATTER/NOTES/02-The-Crucial-Experiment-Notes.md:L377-381[U005068],RESOLVED,ca-rule-callback,Function-valued local rule for ordinary CA,,not-serious-candidate,not-applicable
L0039,BACK-MATTER/NOTES/02-The-Crucial-Experiment-Notes.md:L384-385[U005070];BACK-MATTER/NOTES/02-The-Crucial-Experiment-Notes.md:L386-390[U005071],RESOLVED,totalistic-ca-preset,Specific two-dimensional totalistic rule,,not-serious-candidate,not-applicable
L0040,BACK-MATTER/NOTES/02-The-Crucial-Experiment-Notes.md:L474-475[U005107];BACK-MATTER/NOTES/02-The-Crucial-Experiment-Notes.md:L476-479[U005108];BACK-MATTER/NOTES/02-The-Crucial-Experiment-Notes.md:L480-481[U005109],RESOLVED,ca-symbolic-evaluator,Symbolic formulas evaluate CA cells from symbolic initial values,,not-serious-candidate,not-applicable
L0041,BACK-MATTER/NOTES/02-The-Crucial-Experiment-Notes.md:L482-483[U005110],WEAK,ca-mathematical-interpretation,State-space interpretation does not change evolution,,not-serious-candidate,not-applicable
L0042,BACK-MATTER/NOTES/02-The-Crucial-Experiment-Notes.md:L486-487[U005112],RESOLVED,ca-state-map-plot,Plots an observer-defined numeric state mapping,,not-serious-candidate,not-applicable
L0043,BACK-MATTER/NOTES/02-The-Crucial-Experiment-Notes.md:L488-489[U005113];BACK-MATTER/NOTES/02-The-Crucial-Experiment-Notes.md:L498-499[U005116];BACK-MATTER/NOTES/02-The-Crucial-Experiment-Notes.md:L507-508[U005119];BACK-MATTER/NOTES/02-The-Crucial-Experiment-Notes.md:L534-535[U005129],RESOLVED,additive-ca-preset,Rule 90 and Pascal parity are the same additive CA,,not-serious-candidate,not-applicable
L0044,BACK-MATTER/NOTES/02-The-Crucial-Experiment-Notes.md:L490-491[U005114],WEAK,additive-ca-property,Counts and positions of black cells are properties,,not-serious-candidate,not-applicable
L0045,BACK-MATTER/NOTES/02-The-Crucial-Experiment-Notes.md:L490-491[U005114];BACK-MATTER/NOTES/02-The-Crucial-Experiment-Notes.md:L492-497[U005115],RESOLVED,additive-ca-analysis,Closed formulas analyze an additive CA preset,,not-serious-candidate,not-applicable
L0046,BACK-MATTER/NOTES/02-The-Crucial-Experiment-Notes.md:L500-501[U005117];BACK-MATTER/NOTES/02-The-Crucial-Experiment-Notes.md:L502-506[U005118],RESOLVED,ca-coordinate-evaluator,Direct cell formula for additive rule 60,,not-serious-candidate,not-applicable
L0047,BACK-MATTER/NOTES/02-The-Crucial-Experiment-Notes.md:L500-501[U005117],RESOLVED,ca-coordinate-evaluator,Duplicate direct cell formula for rule 60,,not-serious-candidate,not-applicable
L0048,BACK-MATTER/NOTES/02-The-Crucial-Experiment-Notes.md:L509-510[U005120],RESOLVED,ca-seed-form,Alternate initial condition for an existing CA,,not-serious-candidate,not-applicable
L0049,BACK-MATTER/NOTES/02-The-Crucial-Experiment-Notes.md:L515-516[U005123];BACK-MATTER/NOTES/02-The-Crucial-Experiment-Notes.md:L517-521[U005124];BACK-MATTER/NOTES/02-The-Crucial-Experiment-Notes.md:L522-523[U005125];BACK-MATTER/NOTES/02-The-Crucial-Experiment-Notes.md:L530-531[U005127],RESOLVED,additive-ca,Modular multi-color generalization of additive CA,,not-serious-candidate,not-applicable
L0050,BACK-MATTER/NOTES/02-The-Crucial-Experiment-Notes.md:L522-523[U005125],RESOLVED,additive-ca-analysis,Convolution formula implements additive CA,,not-serious-candidate,not-applicable
L0051,BACK-MATTER/NOTES/02-The-Crucial-Experiment-Notes.md:L522-523[U005125],RESOLVED,additive-ca-analysis,Duplicate additive CA formula surface,,not-serious-candidate,not-applicable
L0052,BACK-MATTER/NOTES/02-The-Crucial-Experiment-Notes.md:L522-523[U005125];BACK-MATTER/NOTES/02-The-Crucial-Experiment-Notes.md:L524-529[U005126],RESOLVED,additive-ca-analysis,Additive CA formula with composite-color detail,,not-serious-candidate,not-applicable
L0053,BACK-MATTER/NOTES/02-The-Crucial-Experiment-Notes.md:L530-531[U005127],WEAK,additive-ca-property,Nesting and fractal dimension are properties,,not-serious-candidate,not-applicable
L0054,BACK-MATTER/NOTES/02-The-Crucial-Experiment-Notes.md:L544-545[U005134],WEAK,integer-pattern-example,Integer functions reduced modulo two are examples,,not-serious-candidate,not-applicable
L0055,BACK-MATTER/NOTES/02-The-Crucial-Experiment-Notes.md:L544-545[U005134],WEAK,integer-pattern-example,Duplicate modular integer-pattern example,,not-serious-candidate,not-applicable
L0056,BACK-MATTER/NOTES/02-The-Crucial-Experiment-Notes.md:L546-547[U005135];BACK-MATTER/NOTES/02-The-Crucial-Experiment-Notes.md:L548-549[U005136],RESOLVED,bitwise-ca-encoding,Bitwise expressions encode ordinary CA rules,,not-serious-candidate,not-applicable
L0057,BACK-MATTER/NOTES/02-The-Crucial-Experiment-Notes.md:L546-547[U005135];BACK-MATTER/NOTES/02-The-Crucial-Experiment-Notes.md:L548-549[U005136],RESOLVED,bitwise-ca-encoding,Duplicate bitwise CA encoding surface,,not-serious-candidate,not-applicable
L0058,BACK-MATTER/NOTES/02-The-Crucial-Experiment-Notes.md:L546-547[U005135];BACK-MATTER/NOTES/02-The-Crucial-Experiment-Notes.md:L548-549[U005136],RESOLVED,bitwise-ca-encoding,Duplicate bitwise CA encoding surface,,not-serious-candidate,not-applicable
L0059,BACK-MATTER/NOTES/02-The-Crucial-Experiment-Notes.md:L550-551[U005137];BACK-MATTER/NOTES/02-The-Crucial-Experiment-Notes.md:L552-553[U005138],RESOLVED,bitwise-plot-preset,Munching squares is a plotted bitwise preset,,not-serious-candidate,not-applicable
L0060,BACK-MATTER/NOTES/02-The-Crucial-Experiment-Notes.md:L554-555[U005139];BACK-MATTER/NOTES/02-The-Crucial-Experiment-Notes.md:L556-557[U005140],WEAK,bitwise-curve-example,Nested bitwise curves are output examples,,not-serious-candidate,not-applicable
L0061,BACK-MATTER/NOTES/02-The-Crucial-Experiment-Notes.md:L554-555[U005139];BACK-MATTER/NOTES/02-The-Crucial-Experiment-Notes.md:L556-557[U005140],WEAK,bitwise-curve-example,Duplicate bitwise curve example,,not-serious-candidate,not-applicable
L0062,BACK-MATTER/NOTES/02-The-Crucial-Experiment-Notes.md:L554-555[U005139];BACK-MATTER/NOTES/02-The-Crucial-Experiment-Notes.md:L556-557[U005140],WEAK,bitwise-curve-example,Duplicate bitwise curve example,,not-serious-candidate,not-applicable
L0063,BACK-MATTER/NOTES/02-The-Crucial-Experiment-Notes.md:L566-567[U005145];BACK-MATTER/NOTES/02-The-Crucial-Experiment-Notes.md:L568-572[U005146],WEAK,ca-statistic,Center-column counts are measured output statistics,,not-serious-candidate,not-applicable
L0064,BACK-MATTER/NOTES/02-The-Crucial-Experiment-Notes.md:L577-578[U005149],RESOLVED,elementary-ca-preset,Rule 110 references an existing CA preset,,not-serious-candidate,not-applicable
L0065,BACK-MATTER/NOTES/02-The-Crucial-Experiment-Notes.md:L623-624[U005172];BACK-MATTER/NOTES/02-The-Crucial-Experiment-Notes.md:L625-626[U005173];BACK-MATTER/NOTES/02-The-Crucial-Experiment-Notes.md:L627-628[U005174];BACK-MATTER/NOTES/02-The-Crucial-Experiment-Notes.md:L629-630[U005175];BACK-MATTER/NOTES/02-The-Crucial-Experiment-Notes.md:L631-632[U005176];BACK-MATTER/NOTES/02-The-Crucial-Experiment-Notes.md:L633-634[U005177],WEAK,ornamental-history,Historical decorative construction example,,not-serious-candidate,not-applicable
L0066,BACK-MATTER/NOTES/02-The-Crucial-Experiment-Notes.md:L635-636[U005178],WEAK,ornamental-history,Historical circle-based ornament example,,not-serious-candidate,not-applicable
L0067,BACK-MATTER/NOTES/02-The-Crucial-Experiment-Notes.md:L637-638[U005179];BACK-MATTER/NOTES/02-The-Crucial-Experiment-Notes.md:L639-640[U005180];BACK-MATTER/NOTES/02-The-Crucial-Experiment-Notes.md:L641-642[U005181];BACK-MATTER/NOTES/02-The-Crucial-Experiment-Notes.md:L643-644[U005182];BACK-MATTER/NOTES/02-The-Crucial-Experiment-Notes.md:L645-646[U005183],WEAK,ornamental-history,Historical decorative construction examples,,not-serious-candidate,not-applicable
L0068,BACK-MATTER/NOTES/02-The-Crucial-Experiment-Notes.md:L647-648[U005184];BACK-MATTER/NOTES/02-The-Crucial-Experiment-Notes.md:L649-650[U005185];BACK-MATTER/NOTES/02-The-Crucial-Experiment-Notes.md:L651-652[U005186];BACK-MATTER/NOTES/02-The-Crucial-Experiment-Notes.md:L653-654[U005187];BACK-MATTER/NOTES/02-The-Crucial-Experiment-Notes.md:L655-656[U005188],WEAK,ornamental-history,Historical mosaic construction example,,not-serious-candidate,not-applicable
L0069,BACK-MATTER/NOTES/02-The-Crucial-Experiment-Notes.md:L665-666[U005193];BACK-MATTER/NOTES/02-The-Crucial-Experiment-Notes.md:L669-670[U005195];BACK-MATTER/NOTES/02-The-Crucial-Experiment-Notes.md:L671-672[U005196];BACK-MATTER/NOTES/02-The-Crucial-Experiment-Notes.md:L673-674[U005197];BACK-MATTER/NOTES/02-The-Crucial-Experiment-Notes.md:L675-676[U005198],WEAK,ornamental-history,Historical nested mosaic examples,,not-serious-candidate,not-applicable
L0070,BACK-MATTER/NOTES/02-The-Crucial-Experiment-Notes.md:L685-686[U005203],WEAK,ornamental-history,Historical tiling example,,not-serious-candidate,not-applicable
L0071,BACK-MATTER/NOTES/02-The-Crucial-Experiment-Notes.md:L693-694[U005207],WEAK,architecture-history,Architecture narrative lacks formal mechanics,,not-serious-candidate,not-applicable
L0072,BACK-MATTER/NOTES/02-The-Crucial-Experiment-Notes.md:L697-698[U005209];BACK-MATTER/NOTES/02-The-Crucial-Experiment-Notes.md:L699-700[U005210];BACK-MATTER/NOTES/02-The-Crucial-Experiment-Notes.md:L701-702[U005211];BACK-MATTER/NOTES/02-The-Crucial-Experiment-Notes.md:L703-704[U005212],WEAK,rope-history,Rope construction is an informal artifact example,,not-serious-candidate,not-applicable
L0073,BACK-MATTER/NOTES/02-The-Crucial-Experiment-Notes.md:L715-716[U005218],WEAK,poetry-history,Poetic rule enumeration is historical narrative,,not-serious-candidate,not-applicable
L0074,BACK-MATTER/NOTES/02-The-Crucial-Experiment-Notes.md:L715-716[U005218],WEAK,poetry-history,Duplicate poetic-rule narrative,,not-serious-candidate,not-applicable
L0075,BACK-MATTER/NOTES/02-The-Crucial-Experiment-Notes.md:L721-722[U005221],WEAK,game-history,General discussion of games and choices,,not-serious-candidate,not-applicable
L0076,BACK-MATTER/NOTES/02-The-Crucial-Experiment-Notes.md:L721-722[U005221],WEAK,game-history,Duplicate game narrative,,not-serious-candidate,not-applicable
L0077,BACK-MATTER/NOTES/02-The-Crucial-Experiment-Notes.md:L723-724[U005222],WEAK,puzzle-history,Puzzles are cited as generic constraints,,not-serious-candidate,not-applicable
L0078,BACK-MATTER/NOTES/02-The-Crucial-Experiment-Notes.md:L729-730[U005225],WEAK,rule-picture-history,Rule-based doodles are informal examples,,not-serious-candidate,not-applicable
L0079,BACK-MATTER/NOTES/02-The-Crucial-Experiment-Notes.md:L737-738[U005229];BACK-MATTER/NOTES/02-The-Crucial-Experiment-Notes.md:L739-740[U005230],WEAK,ca-history,Historical motivation for cellular automata,,not-serious-candidate,not-applicable
L0080,BACK-MATTER/NOTES/02-The-Crucial-Experiment-Notes.md:L743-744[U005232],WEAK,ca-history,Historical note on available CA simulation,,not-serious-candidate,not-applicable
L0081,BACK-MATTER/NOTES/02-The-Crucial-Experiment-Notes.md:L743-744[U005232];BACK-MATTER/NOTES/02-The-Crucial-Experiment-Notes.md:L819-820[U005270],WEAK,ca-history,Historical note on general-purpose CA simulation,,not-serious-candidate,not-applicable
L0082,BACK-MATTER/NOTES/02-The-Crucial-Experiment-Notes.md:L745-746[U005233],WEAK,ca-history,Recreational history of the Game of Life,,not-serious-candidate,not-applicable
L0083,BACK-MATTER/NOTES/02-The-Crucial-Experiment-Notes.md:L751-752[U005236],WEAK,shift-register-history,Delay lines and shift registers appear only historically,,not-serious-candidate,not-applicable
L0084,BACK-MATTER/NOTES/02-The-Crucial-Experiment-Notes.md:L751-752[U005236];BACK-MATTER/NOTES/02-The-Crucial-Experiment-Notes.md:L815-816[U005268],WEAK,shift-register-history,Duplicate historical shift-register discussion,,not-serious-candidate,not-applicable
L0085,BACK-MATTER/NOTES/02-The-Crucial-Experiment-Notes.md:L753-754[U005237],WEAK,symbolic-dynamics-history,Historical discussion of symbolic dynamics,,not-serious-candidate,not-applicable
L0086,BACK-MATTER/NOTES/02-The-Crucial-Experiment-Notes.md:L851-852[U005286];BACK-MATTER/NOTES/02-The-Crucial-Experiment-Notes.md:L855-856[U005288],WEAK,ca-history,Historical account of early CA experiments,,not-serious-candidate,not-applicable
L0087,BACK-MATTER/NOTES/02-The-Crucial-Experiment-Notes.md:L911-912[U005316],RESOLVED,ca-randomness-preset,Rule 30 executable example routes to an elementary CA preset,,not-serious-candidate,not-applicable
L0088,BACK-MATTER/NOTES/02-The-Crucial-Experiment-Notes.md:L536-537[U005130];BACK-MATTER/NOTES/02-The-Crucial-Experiment-Notes.md:L544-545[U005134],WEAK,image-only-example,Image supplies a pattern example without a construction,,not-serious-candidate,not-applicable
L0089,BACK-MATTER/NOTES/02-The-Crucial-Experiment-Notes.md:L538-539[U005131];BACK-MATTER/NOTES/02-The-Crucial-Experiment-Notes.md:L544-545[U005134],WEAK,image-only-example,Image supplies a pattern example without a construction,,not-serious-candidate,not-applicable
L0090,BACK-MATTER/NOTES/02-The-Crucial-Experiment-Notes.md:L540-541[U005132];BACK-MATTER/NOTES/02-The-Crucial-Experiment-Notes.md:L544-545[U005134],WEAK,image-only-example,Image supplies a pattern example without a construction,,not-serious-candidate,not-applicable
L0091,BACK-MATTER/NOTES/02-The-Crucial-Experiment-Notes.md:L542-543[U005133];BACK-MATTER/NOTES/02-The-Crucial-Experiment-Notes.md:L544-545[U005134],WEAK,image-only-example,Image supplies a pattern example without a construction,,not-serious-candidate,not-applicable
L0092,CHAPTERS/03-The-World-of-Simple-Programs.md:L29-30[U000320];CHAPTERS/03-The-World-of-Simple-Programs.md:L39-40[U000325];CHAPTERS/03-The-World-of-Simple-Programs.md:L47-48[U000329];CHAPTERS/03-The-World-of-Simple-Programs.md:L51-52[U000331];CHAPTERS/03-The-World-of-Simple-Programs.md:L53-54[U000332];CHAPTERS/03-The-World-of-Simple-Programs.md:L55-56[U000333],RESOLVED,elementary-ca-rule,Rule choices are the ordinary elementary CA lookup table,,not-serious-candidate,not-applicable
L0093,CHAPTERS/03-The-World-of-Simple-Programs.md:L31-32[U000321],WEAK,image-only-example,Image alone does not specify a distinct construction,,not-serious-candidate,not-applicable
L0094,CHAPTERS/03-The-World-of-Simple-Programs.md:L31-32[U000321];CHAPTERS/03-The-World-of-Simple-Programs.md:L67-68[U000339];BACK-MATTER/NOTES/05-Two-Dimensions-and-Beyond-Notes.md:L151-152[U006117],WEAK,image-only-example,Image alone does not specify a distinct construction,,not-serious-candidate,not-applicable
L0095,CHAPTERS/03-The-World-of-Simple-Programs.md:L31-32[U000321];CHAPTERS/03-The-World-of-Simple-Programs.md:L75-76[U000343];CHAPTERS/03-The-World-of-Simple-Programs.md:L651-652[U000631],WEAK,image-only-example,Image alone does not specify a distinct construction,,not-serious-candidate,not-applicable
L0096,CHAPTERS/03-The-World-of-Simple-Programs.md:L31-32[U000321];CHAPTERS/03-The-World-of-Simple-Programs.md:L141-142[U000376],WEAK,image-only-example,Image alone does not specify a distinct construction,,not-serious-candidate,not-applicable
L0097,CHAPTERS/03-The-World-of-Simple-Programs.md:L35-36[U000323];CHAPTERS/03-The-World-of-Simple-Programs.md:L37-38[U000324];CHAPTERS/03-The-World-of-Simple-Programs.md:L39-40[U000325],RESOLVED,ca-rule-numbering,Binary output tables route to elementary CA rule numbers,,not-serious-candidate,not-applicable
L0098,CHAPTERS/03-The-World-of-Simple-Programs.md:L45-46[U000328],RESOLVED,elementary-ca-preset,Rule 0 behavior is an elementary CA preset,,not-serious-candidate,not-applicable
L0099,CHAPTERS/03-The-World-of-Simple-Programs.md:L45-46[U000328],RESOLVED,elementary-ca-preset,Rule 128 behavior is an elementary CA preset,,not-serious-candidate,not-applicable
L0100,CHAPTERS/03-The-World-of-Simple-Programs.md:L45-46[U000328],RESOLVED,elementary-ca-preset,Simple uniform behavior routes to an elementary CA preset,,not-serious-candidate,not-applicable
L0101,CHAPTERS/03-The-World-of-Simple-Programs.md:L45-46[U000328],RESOLVED,elementary-ca-preset,Simple repetitive behavior routes to an elementary CA preset,,not-serious-candidate,not-applicable
L0102,CHAPTERS/03-The-World-of-Simple-Programs.md:L45-46[U000328],RESOLVED,elementary-ca-preset,Simple nested behavior routes to an elementary CA preset,,not-serious-candidate,not-applicable
L0103,CHAPTERS/03-The-World-of-Simple-Programs.md:L49-50[U000330],RESOLVED,elementary-ca-preset,Canonical caption shows separate rule presets sharing one seed,,not-serious-candidate,not-applicable
L0104,CHAPTERS/03-The-World-of-Simple-Programs.md:L55-56[U000333];CHAPTERS/03-The-World-of-Simple-Programs.md:L85-86[U000348],RESOLVED,ca-rule-enumeration,Exhaustive elementary-rule display is a preset enumeration,,not-serious-candidate,not-applicable
L0105,CHAPTERS/03-The-World-of-Simple-Programs.md:L57-58[U000334],WEAK,ca-localized-structure-property,Localized persistence is observed behavior,,not-serious-candidate,not-applicable
L0106,CHAPTERS/03-The-World-of-Simple-Programs.md:L57-58[U000334],WEAK,ca-localized-structure-property,Localized persistence is observed behavior,,not-serious-candidate,not-applicable
L0107,CHAPTERS/03-The-World-of-Simple-Programs.md:L57-58[U000334],WEAK,ca-localized-structure-property,Localized persistence is observed behavior,,not-serious-candidate,not-applicable
L0108,CHAPTERS/03-The-World-of-Simple-Programs.md:L57-58[U000334],WEAK,ca-localized-structure-property,Localized persistence is observed behavior,,not-serious-candidate,not-applicable
L0109,CHAPTERS/03-The-World-of-Simple-Programs.md:L59-60[U000335],WEAK,ca-propagation-property,Maximum propagation speed is a CA property,,not-serious-candidate,not-applicable
L0110,CHAPTERS/03-The-World-of-Simple-Programs.md:L61-62[U000336],WEAK,ca-growth-property,Fixed-width versus expanding growth is observed behavior,,not-serious-candidate,not-applicable
L0111,CHAPTERS/03-The-World-of-Simple-Programs.md:L61-62[U000336],WEAK,ca-growth-property,Fixed-width versus expanding growth is observed behavior,,not-serious-candidate,not-applicable
L0112,CHAPTERS/03-The-World-of-Simple-Programs.md:L63-64[U000337];CHAPTERS/03-The-World-of-Simple-Programs.md:L65-66[U000338],WEAK,ca-nesting-property,Nested structure is a behavior class,,not-serious-candidate,not-applicable
L0113,CHAPTERS/03-The-World-of-Simple-Programs.md:L63-64[U000337];CHAPTERS/03-The-World-of-Simple-Programs.md:L65-66[U000338],WEAK,ca-nesting-property,Nested structure is a behavior class,,not-serious-candidate,not-applicable
L0114,CHAPTERS/03-The-World-of-Simple-Programs.md:L63-64[U000337];CHAPTERS/03-The-World-of-Simple-Programs.md:L65-66[U000338],WEAK,ca-nesting-property,Nested structure is a behavior class,,not-serious-candidate,not-applicable
L0115,CHAPTERS/03-The-World-of-Simple-Programs.md:L65-66[U000338],WEAK,image-only-example,Image illustrates nesting without a new construction,,not-serious-candidate,not-applicable
L0116,CHAPTERS/03-The-World-of-Simple-Programs.md:L65-66[U000338],WEAK,image-only-example,Image illustrates nesting without a new construction,,not-serious-candidate,not-applicable
L0117,CHAPTERS/03-The-World-of-Simple-Programs.md:L65-66[U000338],WEAK,image-only-example,Image illustrates nesting without a new construction,,not-serious-candidate,not-applicable
L0118,CHAPTERS/03-The-World-of-Simple-Programs.md:L77-78[U000344];CHAPTERS/03-The-World-of-Simple-Programs.md:L79-80[U000345],WEAK,image-only-example,Image is a CA example without a distinct construction,,not-serious-candidate,not-applicable
L0119,CHAPTERS/03-The-World-of-Simple-Programs.md:L81-82[U000346];CHAPTERS/03-The-World-of-Simple-Programs.md:L83-84[U000347],WEAK,image-only-example,Image is a CA example without a distinct construction,,not-serious-candidate,not-applicable
L0120,CHAPTERS/03-The-World-of-Simple-Programs.md:L89-90[U000350];CHAPTERS/03-The-World-of-Simple-Programs.md:L95-96[U000353],RESOLVED,three-color-totalistic-ca,Canonical anchor routes to three-color totalistic CA evolution,,not-serious-candidate,not-applicable
L0121,CHAPTERS/03-The-World-of-Simple-Programs.md:L91-92[U000351];CHAPTERS/03-The-World-of-Simple-Programs.md:L93-94[U000352];CHAPTERS/03-The-World-of-Simple-Programs.md:L95-96[U000353],RESOLVED,totalistic-ca,Definition routes directly to totalistic CA evolution,,not-serious-candidate,not-applicable
L0122,CHAPTERS/03-The-World-of-Simple-Programs.md:L93-94[U000352],WEAK,image-only-example,Image alone does not specify a distinct construction,,not-serious-candidate,not-applicable
L0123,CHAPTERS/03-The-World-of-Simple-Programs.md:L99-100[U000355];CHAPTERS/03-The-World-of-Simple-Programs.md:L101-102[U000356],WEAK,image-only-example,Image alone does not specify a distinct construction,,not-serious-candidate,not-applicable
L0124,CHAPTERS/03-The-World-of-Simple-Programs.md:L107-108[U000359],WEAK,image-only-example,Image alone does not specify a distinct construction,,not-serious-candidate,not-applicable
L0125,CHAPTERS/03-The-World-of-Simple-Programs.md:L107-108[U000359];CHAPTERS/03-The-World-of-Simple-Programs.md:L109-110[U000360],WEAK,image-only-example,Image alone does not specify a distinct construction,,not-serious-candidate,not-applicable
L0126,CHAPTERS/03-The-World-of-Simple-Programs.md:L109-110[U000360],RESOLVED,three-color-totalistic-ca,Three-color totalistic examples are CA presets,,not-serious-candidate,not-applicable
L0127,CHAPTERS/03-The-World-of-Simple-Programs.md:L111-112[U000361],WEAK,image-only-example,Image alone does not specify a distinct construction,,not-serious-candidate,not-applicable
L0128,CHAPTERS/03-The-World-of-Simple-Programs.md:L115-116[U000363];CHAPTERS/03-The-World-of-Simple-Programs.md:L117-118[U000364],WEAK,image-only-example,Image alone does not specify a distinct construction,,not-serious-candidate,not-applicable
L0129,CHAPTERS/03-The-World-of-Simple-Programs.md:L115-116[U000363];CHAPTERS/03-The-World-of-Simple-Programs.md:L123-124[U000367],WEAK,image-only-example,Image alone does not specify a distinct construction,,not-serious-candidate,not-applicable
L0130,CHAPTERS/03-The-World-of-Simple-Programs.md:L115-116[U000363];CHAPTERS/03-The-World-of-Simple-Programs.md:L123-124[U000367],WEAK,image-only-example,Image alone does not specify a distinct construction,,not-serious-candidate,not-applicable
L0131,CHAPTERS/03-The-World-of-Simple-Programs.md:L115-116[U000363];CHAPTERS/03-The-World-of-Simple-Programs.md:L123-124[U000367],WEAK,image-only-example,Image alone does not specify a distinct construction,,not-serious-candidate,not-applicable
L0132,CHAPTERS/03-The-World-of-Simple-Programs.md:L119-120[U000365],WEAK,image-only-example,Image alone does not specify a distinct construction,,not-serious-candidate,not-applicable
L0133,CHAPTERS/03-The-World-of-Simple-Programs.md:L119-120[U000365],WEAK,image-only-example,Image alone does not specify a distinct construction,,not-serious-candidate,not-applicable
L0134,CHAPTERS/03-The-World-of-Simple-Programs.md:L119-120[U000365],WEAK,image-only-example,Image alone does not specify a distinct construction,,not-serious-candidate,not-applicable
L0135,CHAPTERS/03-The-World-of-Simple-Programs.md:L135-136[U000373],WEAK,image-only-example,Image alone does not specify a distinct construction,,not-serious-candidate,not-applicable
L0136,CHAPTERS/03-The-World-of-Simple-Programs.md:L137-138[U000374];CHAPTERS/03-The-World-of-Simple-Programs.md:L143-144[U000377];CHAPTERS/03-The-World-of-Simple-Programs.md:L145-146[U000378];CHAPTERS/03-The-World-of-Simple-Programs.md:L151-152[U000381],WEAK,image-only-example,Image alone does not specify a distinct construction,,not-serious-candidate,not-applicable
L0137,CHAPTERS/03-The-World-of-Simple-Programs.md:L139-140[U000375];CHAPTERS/03-The-World-of-Simple-Programs.md:L147-148[U000379];CHAPTERS/03-The-World-of-Simple-Programs.md:L149-150[U000380];CHAPTERS/03-The-World-of-Simple-Programs.md:L151-152[U000381],WEAK,image-only-example,Image alone does not specify a distinct construction,,not-serious-candidate,not-applicable
L0138,CHAPTERS/03-The-World-of-Simple-Programs.md:L153-154[U000382];CHAPTERS/03-The-World-of-Simple-Programs.md:L155-156[U000383];CHAPTERS/03-The-World-of-Simple-Programs.md:L157-158[U000384];CHAPTERS/03-The-World-of-Simple-Programs.md:L163-164[U000387],WEAK,totalistic-ca-behavior,Delayed regularity is observed behavior,,not-serious-candidate,not-applicable
L0139,CHAPTERS/03-The-World-of-Simple-Programs.md:L155-156[U000383];CHAPTERS/03-The-World-of-Simple-Programs.md:L157-158[U000384];CHAPTERS/03-The-World-of-Simple-Programs.md:L161-162[U000386];CHAPTERS/03-The-World-of-Simple-Programs.md:L163-164[U000387],WEAK,image-only-example,Image illustrates behavior without a new construction,,not-serious-candidate,not-applicable
L0140,CHAPTERS/03-The-World-of-Simple-Programs.md:L155-156[U000383],WEAK,image-only-example,Image illustrates behavior without a new construction,,not-serious-candidate,not-applicable
L0141,CHAPTERS/03-The-World-of-Simple-Programs.md:L169-170[U000390];CHAPTERS/03-The-World-of-Simple-Programs.md:L173-174[U000392];CHAPTERS/03-The-World-of-Simple-Programs.md:L183-184[U000397],SERIOUS,mobile-automaton,Single active-cell evolution is a distinct update mechanic,C047,T09:retain-family,F031
L0142,CHAPTERS/03-The-World-of-Simple-Programs.md:L175-176[U000393];CHAPTERS/03-The-World-of-Simple-Programs.md:L177-178[U000394];CHAPTERS/03-The-World-of-Simple-Programs.md:L179-180[U000395];CHAPTERS/03-The-World-of-Simple-Programs.md:L183-184[U000397],WEAK,image-only-example,Image illustrates a mobile automaton without defining one,,not-serious-candidate,not-applicable
L0143,CHAPTERS/03-The-World-of-Simple-Programs.md:L183-184[U000397],WEAK,image-only-example,Image illustrates a mobile automaton without defining one,,not-serious-candidate,not-applicable
L0144,CHAPTERS/03-The-World-of-Simple-Programs.md:L191-192[U000401];CHAPTERS/03-The-World-of-Simple-Programs.md:L193-194[U000402];CHAPTERS/03-The-World-of-Simple-Programs.md:L285-286[U000448],WEAK,image-only-example,Image illustrates compressed evolution without a construction,,not-serious-candidate,not-applicable
L0145,CHAPTERS/03-The-World-of-Simple-Programs.md:L197-198[U000404],SERIOUS,neighbor-updating-mobile-automaton,Active-cell rules that also update neighbors form a distinct variant,C056,T10:repair,F031
L0146,CHAPTERS/03-The-World-of-Simple-Programs.md:L201-202[U000406];CHAPTERS/03-The-World-of-Simple-Programs.md:L203-204[U000407];CHAPTERS/03-The-World-of-Simple-Programs.md:L205-206[U000408],WEAK,image-only-example,Image illustrates the variant without defining a new mechanic,,not-serious-candidate,not-applicable
L0147,CHAPTERS/03-The-World-of-Simple-Programs.md:L209-210[U000410];CHAPTERS/03-The-World-of-Simple-Programs.md:L211-212[U000411];CHAPTERS/03-The-World-of-Simple-Programs.md:L213-214[U000412];CHAPTERS/03-The-World-of-Simple-Programs.md:L215-216[U000413];CHAPTERS/03-The-World-of-Simple-Programs.md:L663-664[U000637],WEAK,mobile-automaton-behavior,Apparent randomness is an observed behavior,,not-serious-candidate,not-applicable
L0148,CHAPTERS/03-The-World-of-Simple-Programs.md:L219-220[U000415];CHAPTERS/03-The-World-of-Simple-Programs.md:L223-224[U000417];CHAPTERS/03-The-World-of-Simple-Programs.md:L225-226[U000418];CHAPTERS/03-The-World-of-Simple-Programs.md:L665-666[U000638],WEAK,mobile-automaton-behavior,Active-cell motion regularity is an observed behavior,,not-serious-candidate,not-applicable
L0149,CHAPTERS/03-The-World-of-Simple-Programs.md:L231-232[U000421];CHAPTERS/03-The-World-of-Simple-Programs.md:L237-238[U000424];CHAPTERS/03-The-World-of-Simple-Programs.md:L247-248[U000429],SERIOUS,generalized-mobile-automaton,Multiple active cells with split and deletion form a distinct mechanic,C030,T11:retain-family,F033
L0150,CHAPTERS/03-The-World-of-Simple-Programs.md:L235-236[U000423];CHAPTERS/03-The-World-of-Simple-Programs.md:L239-240[U000425],WEAK,generalized-mobile-automaton-example,Creation of active cells is an example outcome,,not-serious-candidate,not-applicable
L0151,CHAPTERS/03-The-World-of-Simple-Programs.md:L247-248[U000429],WEAK,image-only-example,Image illustrates generalized mobile-automaton behavior,,not-serious-candidate,not-applicable
L0152,CHAPTERS/03-The-World-of-Simple-Programs.md:L253-254[U000432];CHAPTERS/03-The-World-of-Simple-Programs.md:L257-258[U000434],WEAK,turing-machine-history,Historical introduction is not a construction,,not-serious-candidate,not-applicable
L0153,CHAPTERS/03-The-World-of-Simple-Programs.md:L259-260[U000435];CHAPTERS/03-The-World-of-Simple-Programs.md:L261-262[U000436],WEAK,image-only-example,Image alone does not specify a Turing-machine construction,,not-serious-candidate,not-applicable
L0154,CHAPTERS/03-The-World-of-Simple-Programs.md:L267-268[U000439];CHAPTERS/03-The-World-of-Simple-Programs.md:L269-270[U000440],RESOLVED,turing-machine-preset,Two-state two-color machines route to Turing-machine presets,,not-serious-candidate,not-applicable
L0155,CHAPTERS/03-The-World-of-Simple-Programs.md:L269-270[U000440],WEAK,image-only-example,Image alone does not specify a Turing-machine construction,,not-serious-candidate,not-applicable
L0156,CHAPTERS/03-The-World-of-Simple-Programs.md:L275-276[U000443];CHAPTERS/03-The-World-of-Simple-Programs.md:L283-284[U000447],WEAK,turing-machine-behavior,State-count comparison reports behavior without a rule,,not-serious-candidate,not-applicable
L0157,CHAPTERS/03-The-World-of-Simple-Programs.md:L277-278[U000444];CHAPTERS/03-The-World-of-Simple-Programs.md:L283-284[U000447],WEAK,turing-machine-behavior,State-count comparison reports behavior without a rule,,not-serious-candidate,not-applicable
L0158,CHAPTERS/03-The-World-of-Simple-Programs.md:L283-284[U000447],WEAK,image-only-example,Image alone does not specify a Turing-machine construction,,not-serious-candidate,not-applicable
L0159,CHAPTERS/03-The-World-of-Simple-Programs.md:L283-284[U000447];CHAPTERS/03-The-World-of-Simple-Programs.md:L285-286[U000448],WEAK,image-only-example,Image alone does not specify a Turing-machine construction,,not-serious-candidate,not-applicable
L0160,CHAPTERS/03-The-World-of-Simple-Programs.md:L287-288[U000449];CHAPTERS/03-The-World-of-Simple-Programs.md:L289-290[U000450];CHAPTERS/03-The-World-of-Simple-Programs.md:L291-292[U000451],WEAK,image-only-example,Image alone does not specify a Turing-machine construction,,not-serious-candidate,not-applicable
L0161,CHAPTERS/03-The-World-of-Simple-Programs.md:L299-300[U000455];CHAPTERS/03-The-World-of-Simple-Programs.md:L375-376[U000493],SERIOUS,parallel-independent-substitution,Parallel replacement by variable-length blocks is a distinct mechanic,C061,T13:retain-family;T15:merge;T26:retain-preset;T27:repair;T42:retain-preset,F038
L0162,CHAPTERS/03-The-World-of-Simple-Programs.md:L303-304[U000457];CHAPTERS/03-The-World-of-Simple-Programs.md:L313-314[U000462];CHAPTERS/03-The-World-of-Simple-Programs.md:L315-316[U000463],WEAK,image-only-example,Image illustrates substitution behavior without defining it,,not-serious-candidate,not-applicable
L0163,CHAPTERS/03-The-World-of-Simple-Programs.md:L305-306[U000458];CHAPTERS/03-The-World-of-Simple-Programs.md:L313-314[U000462];CHAPTERS/03-The-World-of-Simple-Programs.md:L315-316[U000463],WEAK,image-only-example,Image illustrates substitution behavior without defining it,,not-serious-candidate,not-applicable
L0164,CHAPTERS/03-The-World-of-Simple-Programs.md:L309-310[U000460];CHAPTERS/03-The-World-of-Simple-Programs.md:L313-314[U000462],RESOLVED,substitution-subdivision-renderer,Scaled subdivision is a visualization of substitution evolution,,not-serious-candidate,not-applicable
L0165,CHAPTERS/03-The-World-of-Simple-Programs.md:L313-314[U000462],WEAK,image-only-example,Image illustrates the subdivision view without a new mechanic,,not-serious-candidate,not-applicable
L0166,CHAPTERS/03-The-World-of-Simple-Programs.md:L313-314[U000462],WEAK,image-only-example,Image illustrates the subdivision view without a new mechanic,,not-serious-candidate,not-applicable
L0167,CHAPTERS/03-The-World-of-Simple-Programs.md:L321-322[U000466];CHAPTERS/03-The-World-of-Simple-Programs.md:L329-330[U000470];CHAPTERS/03-The-World-of-Simple-Programs.md:L331-332[U000471],RESOLVED,substitution-tree-renderer,Tree branches are an alternate rendering of the same substitutions,,not-serious-candidate,not-applicable
L0168,CHAPTERS/03-The-World-of-Simple-Programs.md:L323-324[U000467],WEAK,image-only-example,Image illustrates a tree view without a new construction,,not-serious-candidate,not-applicable
L0169,CHAPTERS/03-The-World-of-Simple-Programs.md:L333-334[U000472],SERIOUS,context-dependent-substitution,Replacement conditioned on a neighbor is a distinct mechanic,C011,T14:retain-family,F005
L0170,CHAPTERS/03-The-World-of-Simple-Programs.md:L335-336[U000473],WEAK,image-only-example,Image illustrates contextual substitution without defining it,,not-serious-candidate,not-applicable
L0171,CHAPTERS/03-The-World-of-Simple-Programs.md:L335-336[U000473],WEAK,image-only-example,Image illustrates contextual substitution without defining it,,not-serious-candidate,not-applicable
L0172,CHAPTERS/03-The-World-of-Simple-Programs.md:L343-344[U000477],SERIOUS,parallel-independent-substitution,Empty replacement blocks add explicit element deletion,C061,T13:retain-family;T15:merge;T26:retain-preset;T27:repair;T42:retain-preset,F038
L0173,CHAPTERS/03-The-World-of-Simple-Programs.md:L347-348[U000479];CHAPTERS/03-The-World-of-Simple-Programs.md:L349-350[U000480];CHAPTERS/03-The-World-of-Simple-Programs.md:L351-352[U000481];CHAPTERS/03-The-World-of-Simple-Programs.md:L353-354[U000482],WEAK,image-only-example,Image illustrates erasing substitution without defining it,,not-serious-candidate,not-applicable
L0174,CHAPTERS/03-The-World-of-Simple-Programs.md:L357-358[U000484];CHAPTERS/03-The-World-of-Simple-Programs.md:L359-360[U000485];CHAPTERS/03-The-World-of-Simple-Programs.md:L361-362[U000486],RESOLVED,multicolor-substitution-preset,Three- and four-color cases are substitution presets,,not-serious-candidate,not-applicable
L0175,CHAPTERS/03-The-World-of-Simple-Programs.md:L377-378[U000494],SERIOUS,sequential-substitution-system,First-match left-to-right replacement is a distinct update mechanic,C080,T16:retain-family,F052
L0176,CHAPTERS/03-The-World-of-Simple-Programs.md:L379-380[U000495],RESOLVED,sequential-substitution-preset,The BA-to-ABA rule is an executable preset,,not-serious-candidate,not-applicable
L0177,CHAPTERS/03-The-World-of-Simple-Programs.md:L387-388[U000499];CHAPTERS/03-The-World-of-Simple-Programs.md:L391-392[U000501],RESOLVED,sequential-substitution-preset,The two-replacement rule is an executable preset,,not-serious-candidate,not-applicable
L0178,CHAPTERS/03-The-World-of-Simple-Programs.md:L399-400[U000505];CHAPTERS/03-The-World-of-Simple-Programs.md:L405-406[U000508];CHAPTERS/03-The-World-of-Simple-Programs.md:L407-408[U000509],RESOLVED,sequential-substitution-preset,Additional replacement rules remain presets of the same mechanic,,not-serious-candidate,not-applicable
L0179,CHAPTERS/03-The-World-of-Simple-Programs.md:L411-412[U000511];CHAPTERS/03-The-World-of-Simple-Programs.md:L413-414[U000512];CHAPTERS/03-The-World-of-Simple-Programs.md:L415-416[U000513];CHAPTERS/03-The-World-of-Simple-Programs.md:L417-418[U000514],WEAK,image-only-example,Image illustrates sequential substitution without defining it,,not-serious-candidate,not-applicable
L0180,CHAPTERS/03-The-World-of-Simple-Programs.md:L413-414[U000512];CHAPTERS/03-The-World-of-Simple-Programs.md:L415-416[U000513];CHAPTERS/03-The-World-of-Simple-Programs.md:L419-420[U000515],WEAK,image-only-example,Image illustrates sequential substitution without defining it,,not-serious-candidate,not-applicable
L0181,CHAPTERS/03-The-World-of-Simple-Programs.md:L423-424[U000517],SERIOUS,tag-system,Front deletion plus conditional append is a distinct mechanic,C091,T17:retain-family;T18:retain-preset,F017
L0182,CHAPTERS/03-The-World-of-Simple-Programs.md:L427-428[U000519];CHAPTERS/03-The-World-of-Simple-Programs.md:L429-430[U000520];CHAPTERS/03-The-World-of-Simple-Programs.md:L431-432[U000521];CHAPTERS/03-The-World-of-Simple-Programs.md:L433-434[U000522];CHAPTERS/03-The-World-of-Simple-Programs.md:L435-436[U000523];CHAPTERS/03-The-World-of-Simple-Programs.md:L437-438[U000524];CHAPTERS/03-The-World-of-Simple-Programs.md:L439-440[U000525],RESOLVED,one-deletion-tag-system,One-element deletion examples are tag-system presets,,not-serious-candidate,not-applicable
L0183,CHAPTERS/03-The-World-of-Simple-Programs.md:L429-430[U000520];CHAPTERS/03-The-World-of-Simple-Programs.md:L431-432[U000521];CHAPTERS/03-The-World-of-Simple-Programs.md:L433-434[U000522];CHAPTERS/03-The-World-of-Simple-Programs.md:L435-436[U000523],WEAK,image-only-example,Image illustrates tag-system presets without defining one,,not-serious-candidate,not-applicable
L0184,CHAPTERS/03-The-World-of-Simple-Programs.md:L441-442[U000526];CHAPTERS/03-The-World-of-Simple-Programs.md:L443-444[U000527],RESOLVED,two-deletion-tag-system,Two-element deletion is a tag-system parameter preset,,not-serious-candidate,not-applicable
L0185,CHAPTERS/03-The-World-of-Simple-Programs.md:L443-444[U000527];CHAPTERS/03-The-World-of-Simple-Programs.md:L445-446[U000528],WEAK,image-only-example,Image illustrates tag-system presets without defining one,,not-serious-candidate,not-applicable
L0186,CHAPTERS/03-The-World-of-Simple-Programs.md:L449-450[U000530];CHAPTERS/03-The-World-of-Simple-Programs.md:L461-462[U000536];CHAPTERS/03-The-World-of-Simple-Programs.md:L465-466[U000538],SERIOUS,tag-system,Cyclically scheduled append blocks form a distinct mechanic,C091,T17:retain-family;T18:retain-preset,F017
L0187,CHAPTERS/03-The-World-of-Simple-Programs.md:L451-452[U000531];CHAPTERS/03-The-World-of-Simple-Programs.md:L455-456[U000533];CHAPTERS/03-The-World-of-Simple-Programs.md:L457-458[U000534],RESOLVED,cyclic-tag-system-preset,The alternating two-block case is a cyclic-tag preset,,not-serious-candidate,not-applicable
L0188,CHAPTERS/03-The-World-of-Simple-Programs.md:L463-464[U000537];CHAPTERS/03-The-World-of-Simple-Programs.md:L469-470[U000540];CHAPTERS/03-The-World-of-Simple-Programs.md:L471-472[U000541],WEAK,cyclic-tag-growth-property,Growth fluctuations are observed behavior,,not-serious-candidate,not-applicable
L0189,CHAPTERS/03-The-World-of-Simple-Programs.md:L465-466[U000538],WEAK,image-only-example,Image illustrates cyclic-tag behavior without defining it,,not-serious-candidate,not-applicable
L0190,CHAPTERS/03-The-World-of-Simple-Programs.md:L465-466[U000538];CHAPTERS/03-The-World-of-Simple-Programs.md:L467-468[U000539],WEAK,image-only-example,Image illustrates cyclic-tag behavior without defining it,,not-serious-candidate,not-applicable
L0191,CHAPTERS/03-The-World-of-Simple-Programs.md:L465-466[U000538],WEAK,image-only-example,Image illustrates cyclic-tag behavior without defining it,,not-serious-candidate,not-applicable
L0192,CHAPTERS/03-The-World-of-Simple-Programs.md:L465-466[U000538],WEAK,image-only-example,Image illustrates cyclic-tag behavior without defining it,,not-serious-candidate,not-applicable
L0193,CHAPTERS/03-The-World-of-Simple-Programs.md:L475-476[U000543];CHAPTERS/03-The-World-of-Simple-Programs.md:L487-488[U000549],SERIOUS,register-machine,Increment and conditional decrement-jump form a distinct mechanic,C073,T19:retain-family,F048
L0194,CHAPTERS/03-The-World-of-Simple-Programs.md:L487-488[U000549],WEAK,image-only-example,Image illustrates register machines without defining one,,not-serious-candidate,not-applicable
L0195,CHAPTERS/03-The-World-of-Simple-Programs.md:L493-494[U000552],RESOLVED,register-machine-preset,Fixed instruction sequences are executable register-machine presets,,not-serious-candidate,not-applicable
L0196,CHAPTERS/03-The-World-of-Simple-Programs.md:L497-498[U000554],WEAK,register-machine-behavior,Program-length survey reports behavior without a construction,,not-serious-candidate,not-applicable
L0197,CHAPTERS/03-The-World-of-Simple-Programs.md:L499-500[U000555],WEAK,register-machine-behavior,Nested behavior is an observed program property,,not-serious-candidate,not-applicable
L0198,CHAPTERS/03-The-World-of-Simple-Programs.md:L505-506[U000558];CHAPTERS/03-The-World-of-Simple-Programs.md:L507-508[U000559],WEAK,register-machine-behavior,Program-length survey reports behavior without a construction,,not-serious-candidate,not-applicable
L0199,CHAPTERS/03-The-World-of-Simple-Programs.md:L509-510[U000560],RESOLVED,register-machine-preset,The eight-instruction example routes to a register-machine preset,,not-serious-candidate,not-applicable
L0200,CHAPTERS/03-The-World-of-Simple-Programs.md:L509-510[U000560],RESOLVED,register-machine-preset,Duplicate eight-instruction register-machine preset,,not-serious-candidate,not-applicable
L0201,CHAPTERS/03-The-World-of-Simple-Programs.md:L519-520[U000565],RESOLVED,multi-register-machine,Additional registers are a register-machine parameter preset,,not-serious-candidate,not-applicable
L0202,CHAPTERS/03-The-World-of-Simple-Programs.md:L521-522[U000566],SERIOUS,register-machine,Two-register arithmetic and comparison add distinct instructions,C073,T19:retain-family,F048
L0203,CHAPTERS/03-The-World-of-Simple-Programs.md:L531-532[U000571],SERIOUS,symbolic-expression-rewriting,Pattern-directed expression rewriting is a distinct mechanic,C089,T20:retain-family,F052
L0204,CHAPTERS/03-The-World-of-Simple-Programs.md:L531-532[U000571];CHAPTERS/03-The-World-of-Simple-Programs.md:L535-536[U000573];CHAPTERS/03-The-World-of-Simple-Programs.md:L541-542[U000576];CHAPTERS/03-The-World-of-Simple-Programs.md:L543-544[U000577];CHAPTERS/03-The-World-of-Simple-Programs.md:L545-546[U000578];CHAPTERS/03-The-World-of-Simple-Programs.md:L547-548[U000579],RESOLVED,symbolic-expression-rewriting,Duplicate route to the same symbolic rewriting mechanic,,not-serious-candidate,not-applicable
L0205,CHAPTERS/03-The-World-of-Simple-Programs.md:L539-540[U000575];CHAPTERS/03-The-World-of-Simple-Programs.md:L541-542[U000576];CHAPTERS/03-The-World-of-Simple-Programs.md:L543-544[U000577];CHAPTERS/03-The-World-of-Simple-Programs.md:L545-546[U000578];CHAPTERS/03-The-World-of-Simple-Programs.md:L547-548[U000579],RESOLVED,symbolic-bracket-renderer,Bracket colors are a rendering of symbolic expressions,,not-serious-candidate,not-applicable
L0206,CHAPTERS/03-The-World-of-Simple-Programs.md:L541-542[U000576];CHAPTERS/03-The-World-of-Simple-Programs.md:L543-544[U000577];CHAPTERS/03-The-World-of-Simple-Programs.md:L545-546[U000578];CHAPTERS/03-The-World-of-Simple-Programs.md:L547-548[U000579];CHAPTERS/03-The-World-of-Simple-Programs.md:L549-550[U000580];CHAPTERS/03-The-World-of-Simple-Programs.md:L551-552[U000581],WEAK,image-only-example,Image illustrates symbolic evolution without defining it,,not-serious-candidate,not-applicable
L0207,CHAPTERS/03-The-World-of-Simple-Programs.md:L553-554[U000582];CHAPTERS/03-The-World-of-Simple-Programs.md:L555-556[U000583],WEAK,symbolic-system-behavior,Non-stabilizing behavior is an observed property,,not-serious-candidate,not-applicable
L0208,CHAPTERS/03-The-World-of-Simple-Programs.md:L555-556[U000583];CHAPTERS/03-The-World-of-Simple-Programs.md:L557-558[U000584],WEAK,image-only-example,Image illustrates symbolic-system behavior without defining it,,not-serious-candidate,not-applicable
L0209,CHAPTERS/03-The-World-of-Simple-Programs.md:L591-592[U000601];CHAPTERS/03-The-World-of-Simple-Programs.md:L593-594[U000602],WEAK,image-only-example,Image alone does not specify a distinct construction,,not-serious-candidate,not-applicable
L0210,CHAPTERS/03-The-World-of-Simple-Programs.md:L649-650[U000630],WEAK,ca-discovery-history,Personal discovery narrative is not a construction,,not-serious-candidate,not-applicable
L0211,CHAPTERS/03-The-World-of-Simple-Programs.md:L651-652[U000631],WEAK,ca-discovery-history,Personal discovery narrative is not a construction,,not-serious-candidate,not-applicable
L0212,BACK-MATTER/NOTES/03-The-World-of-Simple-Programs-Notes.md:L7-8[U005322];BACK-MATTER/NOTES/03-The-World-of-Simple-Programs-Notes.md:L9-10[U005323],RESOLVED,ca-rule-equivalence,Reflection and color inversion route to rule aliases,,not-serious-candidate,not-applicable
L0213,BACK-MATTER/NOTES/03-The-World-of-Simple-Programs-Notes.md:L11-12[U005324],RESOLVED,elementary-ca-preset,Rule 51 complement is an elementary CA preset,,not-serious-candidate,not-applicable
L0214,BACK-MATTER/NOTES/03-The-World-of-Simple-Programs-Notes.md:L11-12[U005324],RESOLVED,elementary-ca-preset,Rule 170 left shift is an elementary CA preset,,not-serious-candidate,not-applicable
L0215,BACK-MATTER/NOTES/03-The-World-of-Simple-Programs-Notes.md:L11-12[U005324],RESOLVED,elementary-ca-preset,Rule 204 identity is an elementary CA preset,,not-serious-candidate,not-applicable
L0216,BACK-MATTER/NOTES/03-The-World-of-Simple-Programs-Notes.md:L11-12[U005324],RESOLVED,elementary-ca-preset,Rule 240 right shift is an elementary CA preset,,not-serious-candidate,not-applicable
L0217,BACK-MATTER/NOTES/03-The-World-of-Simple-Programs-Notes.md:L13-14[U005325];BACK-MATTER/NOTES/03-The-World-of-Simple-Programs-Notes.md:L15-81[U005326],RESOLVED,ca-boolean-rule,Boolean formulas encode elementary CA lookup rules,,not-serious-candidate,not-applicable
L0218,BACK-MATTER/NOTES/03-The-World-of-Simple-Programs-Notes.md:L15-81[U005326];BACK-MATTER/NOTES/03-The-World-of-Simple-Programs-Notes.md:L88-89[U005330],RESOLVED,ca-boolean-rule,Boolean rule table routes to elementary CA encodings,,not-serious-candidate,not-applicable
L0219,BACK-MATTER/NOTES/03-The-World-of-Simple-Programs-Notes.md:L15-81[U005326];BACK-MATTER/NOTES/03-The-World-of-Simple-Programs-Notes.md:L90-91[U005331],RESOLVED,ca-boolean-rule,Boolean rule table routes to elementary CA encodings,,not-serious-candidate,not-applicable
L0220,BACK-MATTER/NOTES/03-The-World-of-Simple-Programs-Notes.md:L15-81[U005326];BACK-MATTER/NOTES/03-The-World-of-Simple-Programs-Notes.md:L92-93[U005332],RESOLVED,ca-boolean-rule,Boolean rule table routes to elementary CA encodings,,not-serious-candidate,not-applicable
L0221,BACK-MATTER/NOTES/03-The-World-of-Simple-Programs-Notes.md:L15-81[U005326];BACK-MATTER/NOTES/03-The-World-of-Simple-Programs-Notes.md:L94-95[U005333],RESOLVED,ca-boolean-rule,Boolean rule table routes to elementary CA encodings,,not-serious-candidate,not-applicable
L0222,BACK-MATTER/NOTES/03-The-World-of-Simple-Programs-Notes.md:L15-81[U005326];BACK-MATTER/NOTES/03-The-World-of-Simple-Programs-Notes.md:L96-97[U005334];BACK-MATTER/NOTES/03-The-World-of-Simple-Programs-Notes.md:L102-103[U005337],RESOLVED,ca-boolean-rule,Boolean rule table routes to elementary CA encodings,,not-serious-candidate,not-applicable
L0223,BACK-MATTER/NOTES/03-The-World-of-Simple-Programs-Notes.md:L15-81[U005326];BACK-MATTER/NOTES/03-The-World-of-Simple-Programs-Notes.md:L98-99[U005335],RESOLVED,ca-boolean-rule,Boolean rule table routes to elementary CA encodings,,not-serious-candidate,not-applicable
L0224,BACK-MATTER/NOTES/03-The-World-of-Simple-Programs-Notes.md:L15-81[U005326];BACK-MATTER/NOTES/03-The-World-of-Simple-Programs-Notes.md:L119-120[U005344],RESOLVED,ca-boolean-rule,Boolean rule table routes to elementary CA encodings,,not-serious-candidate,not-applicable
L0225,BACK-MATTER/NOTES/03-The-World-of-Simple-Programs-Notes.md:L15-81[U005326];BACK-MATTER/NOTES/03-The-World-of-Simple-Programs-Notes.md:L121-122[U005345],RESOLVED,ca-boolean-rule,Boolean rule table routes to elementary CA encodings,,not-serious-candidate,not-applicable
L0226,BACK-MATTER/NOTES/03-The-World-of-Simple-Programs-Notes.md:L15-81[U005326];BACK-MATTER/NOTES/03-The-World-of-Simple-Programs-Notes.md:L123-124[U005346],RESOLVED,ca-boolean-rule,Boolean rule table routes to elementary CA encodings,,not-serious-candidate,not-applicable
L0227,BACK-MATTER/NOTES/03-The-World-of-Simple-Programs-Notes.md:L102-103[U005337];BACK-MATTER/NOTES/03-The-World-of-Simple-Programs-Notes.md:L104-108[U005338],RESOLVED,additive-ca-preset,Rule 150 is a modulo-two additive CA preset,,not-serious-candidate,not-applicable
L0228,BACK-MATTER/NOTES/03-The-World-of-Simple-Programs-Notes.md:L109-110[U005339],WEAK,ca-fractal-dimension,Black-cell count and dimension are observed properties,,not-serious-candidate,not-applicable
L0229,BACK-MATTER/NOTES/03-The-World-of-Simple-Programs-Notes.md:L111-112[U005340],RESOLVED,ca-coordinate-evaluator,Closed formula evaluates a specified CA column,,not-serious-candidate,not-applicable
L0230,BACK-MATTER/NOTES/03-The-World-of-Simple-Programs-Notes.md:L111-112[U005340],RESOLVED,ca-coordinate-evaluator,Duplicate closed-form CA column evaluator,,not-serious-candidate,not-applicable
L0231,BACK-MATTER/NOTES/03-The-World-of-Simple-Programs-Notes.md:L135-136[U005352];BACK-MATTER/NOTES/03-The-World-of-Simple-Programs-Notes.md:L137-138[U005353];BACK-MATTER/NOTES/03-The-World-of-Simple-Programs-Notes.md:L139-140[U005354];BACK-MATTER/NOTES/03-The-World-of-Simple-Programs-Notes.md:L141-142[U005355];BACK-MATTER/NOTES/03-The-World-of-Simple-Programs-Notes.md:L143-144[U005356];BACK-MATTER/NOTES/03-The-World-of-Simple-Programs-Notes.md:L149-152[U005359],SERIOUS,synchronous-local-state-automaton,Staggered cells with two-input neighborhoods form a distinct CA geometry,C090,T01:retain-family;T02:retain-preset;T03:retain-preset;T04:retain-preset;T05:merge;T06:retain-preset;T07:retain-preset;T21:retain-preset;T22:retain-preset;T23:retain-preset;T24:retain-preset;T44:alias,F053
L0232,BACK-MATTER/NOTES/03-The-World-of-Simple-Programs-Notes.md:L143-144[U005356];BACK-MATTER/NOTES/03-The-World-of-Simple-Programs-Notes.md:L145-146[U005357],RESOLVED,two-cell-ca-rule-encoding,Base-k digits encode the two-cell-neighborhood rule table,,not-serious-candidate,not-applicable
L0233,BACK-MATTER/NOTES/03-The-World-of-Simple-Programs-Notes.md:L145-146[U005357],WEAK,image-only-example,Image illustrates two-cell-neighborhood CA behavior,,not-serious-candidate,not-applicable
L0234,BACK-MATTER/NOTES/03-The-World-of-Simple-Programs-Notes.md:L145-146[U005357],WEAK,image-only-example,Image illustrates two-cell-neighborhood CA behavior,,not-serious-candidate,not-applicable
L0235,BACK-MATTER/NOTES/03-The-World-of-Simple-Programs-Notes.md:L145-146[U005357],WEAK,image-only-example,Image illustrates two-cell-neighborhood CA behavior,,not-serious-candidate,not-applicable
L0236,BACK-MATTER/NOTES/03-The-World-of-Simple-Programs-Notes.md:L145-146[U005357],WEAK,image-only-example,Image illustrates two-cell-neighborhood CA behavior,,not-serious-candidate,not-applicable
L0237,BACK-MATTER/NOTES/03-The-World-of-Simple-Programs-Notes.md:L145-146[U005357],WEAK,image-only-example,Image illustrates two-cell-neighborhood CA behavior,,not-serious-candidate,not-applicable
L0238,BACK-MATTER/NOTES/03-The-World-of-Simple-Programs-Notes.md:L145-146[U005357],WEAK,image-only-example,Image illustrates two-cell-neighborhood CA behavior,,not-serious-candidate,not-applicable
L0239,BACK-MATTER/NOTES/03-The-World-of-Simple-Programs-Notes.md:L145-146[U005357],WEAK,image-only-example,Image illustrates two-cell-neighborhood CA behavior,,not-serious-candidate,not-applicable
L0240,BACK-MATTER/NOTES/03-The-World-of-Simple-Programs-Notes.md:L145-146[U005357],WEAK,image-only-example,Image illustrates two-cell-neighborhood CA behavior,,not-serious-candidate,not-applicable
L0241,BACK-MATTER/NOTES/03-The-World-of-Simple-Programs-Notes.md:L153-154[U005360];BACK-MATTER/NOTES/03-The-World-of-Simple-Programs-Notes.md:L157-161[U005362],RESOLVED,ca-rule-count,Formula counts rules from colors and neighborhood radius,,not-serious-candidate,not-applicable
L0242,BACK-MATTER/NOTES/03-The-World-of-Simple-Programs-Notes.md:L164-165[U005364];BACK-MATTER/NOTES/03-The-World-of-Simple-Programs-Notes.md:L166-170[U005365];BACK-MATTER/NOTES/03-The-World-of-Simple-Programs-Notes.md:L173-177[U005367];BACK-MATTER/NOTES/03-The-World-of-Simple-Programs-Notes.md:L180-185[U005369],RESOLVED,totalistic-ca-executor,Code directly implements multicolor totalistic CA evolution,,not-serious-candidate,not-applicable
L0243,BACK-MATTER/NOTES/03-The-World-of-Simple-Programs-Notes.md:L188-189[U005371],RESOLVED,additive-ca-preset,Code 420 is a modulo-three additive CA preset,,not-serious-candidate,not-applicable
L0244,BACK-MATTER/NOTES/03-The-World-of-Simple-Programs-Notes.md:L190-191[U005372],SERIOUS,synchronous-local-state-automaton,Sequentially composing CA rules defines a distinct update construction,C090,T01:retain-family;T02:retain-preset;T03:retain-preset;T04:retain-preset;T05:merge;T06:retain-preset;T07:retain-preset;T21:retain-preset;T22:retain-preset;T23:retain-preset;T24:retain-preset;T44:alias,F053
L0245,BACK-MATTER/NOTES/03-The-World-of-Simple-Programs-Notes.md:L192-193[U005373];BACK-MATTER/NOTES/03-The-World-of-Simple-Programs-Notes.md:L194-197[U005374];BACK-MATTER/NOTES/03-The-World-of-Simple-Programs-Notes.md:L198-199[U005375],SERIOUS,synchronous-local-state-automaton,A finite algebra operation used as the local rule defines a distinct family,C090,T01:retain-family;T02:retain-preset;T03:retain-preset;T04:retain-preset;T05:merge;T06:retain-preset;T07:retain-preset;T21:retain-preset;T22:retain-preset;T23:retain-preset;T24:retain-preset;T44:alias,F053
L0246,BACK-MATTER/NOTES/03-The-World-of-Simple-Programs-Notes.md:L200-201[U005376];BACK-MATTER/NOTES/03-The-World-of-Simple-Programs-Notes.md:L202-203[U005377],RESOLVED,algebraic-ca-preset,Signed-unit multiplication is an algebraic CA preset,,not-serious-candidate,not-applicable
L0247,BACK-MATTER/NOTES/03-The-World-of-Simple-Programs-Notes.md:L200-201[U005376];BACK-MATTER/NOTES/03-The-World-of-Simple-Programs-Notes.md:L204-205[U005378],RESOLVED,algebraic-ca-preset,Complex-unit multiplication is an algebraic CA preset,,not-serious-candidate,not-applicable
L0248,BACK-MATTER/NOTES/03-The-World-of-Simple-Programs-Notes.md:L200-201[U005376];BACK-MATTER/NOTES/03-The-World-of-Simple-Programs-Notes.md:L206-207[U005379],RESOLVED,algebraic-ca-preset,Quaternion-unit multiplication is an algebraic CA preset,,not-serious-candidate,not-applicable
L0249,BACK-MATTER/NOTES/03-The-World-of-Simple-Programs-Notes.md:L208-209[U005380];BACK-MATTER/NOTES/03-The-World-of-Simple-Programs-Notes.md:L210-211[U005381],RESOLVED,algebraic-ca-rule-table,A finite multiplication table encodes an algebraic CA rule,,not-serious-candidate,not-applicable
L0250,BACK-MATTER/NOTES/03-The-World-of-Simple-Programs-Notes.md:L208-209[U005380];BACK-MATTER/NOTES/03-The-World-of-Simple-Programs-Notes.md:L212-213[U005382],RESOLVED,algebraic-ca-rule-table,Duplicate multiplication-table rule encoding,,not-serious-candidate,not-applicable
L0251,BACK-MATTER/NOTES/03-The-World-of-Simple-Programs-Notes.md:L214-215[U005383];BACK-MATTER/NOTES/03-The-World-of-Simple-Programs-Notes.md:L218-219[U005385];BACK-MATTER/NOTES/03-The-World-of-Simple-Programs-Notes.md:L220-224[U005386];BACK-MATTER/NOTES/03-The-World-of-Simple-Programs-Notes.md:L225-226[U005387],WEAK,image-only-example,Image illustrates an algebraic CA without defining it,,not-serious-candidate,not-applicable
L0252,BACK-MATTER/NOTES/03-The-World-of-Simple-Programs-Notes.md:L229-230[U005389];BACK-MATTER/NOTES/03-The-World-of-Simple-Programs-Notes.md:L239-244[U005392];BACK-MATTER/NOTES/03-The-World-of-Simple-Programs-Notes.md:L247-251[U005394],RESOLVED,mobile-automaton-executor,State pair and step code implement mobile-automaton evolution,,not-serious-candidate,not-applicable
L0253,BACK-MATTER/NOTES/03-The-World-of-Simple-Programs-Notes.md:L231-236[U005390],RESOLVED,mobile-automaton-preset,Explicit lookup table is a mobile-automaton preset,,not-serious-candidate,not-applicable
L0254,BACK-MATTER/NOTES/03-The-World-of-Simple-Programs-Notes.md:L254-255[U005396];BACK-MATTER/NOTES/03-The-World-of-Simple-Programs-Notes.md:L256-262[U005397];BACK-MATTER/NOTES/03-The-World-of-Simple-Programs-Notes.md:L265-270[U005399],RESOLVED,mobile-automaton-preset,Explicit page example routes to a mobile-automaton preset,,not-serious-candidate,not-applicable
L0255,BACK-MATTER/NOTES/03-The-World-of-Simple-Programs-Notes.md:L283-284[U005406];BACK-MATTER/NOTES/03-The-World-of-Simple-Programs-Notes.md:L285-291[U005407],RESOLVED,generalized-mobile-automaton-executor,State and step code implement generalized mobile automata,,not-serious-candidate,not-applicable
L0256,BACK-MATTER/NOTES/03-The-World-of-Simple-Programs-Notes.md:L294-295[U005409];BACK-MATTER/NOTES/03-The-World-of-Simple-Programs-Notes.md:L305-310[U005413];BACK-MATTER/NOTES/03-The-World-of-Simple-Programs-Notes.md:L313-317[U005415];BACK-MATTER/NOTES/03-The-World-of-Simple-Programs-Notes.md:L320-326[U005417];BACK-MATTER/NOTES/03-The-World-of-Simple-Programs-Notes.md:L329-333[U005419],RESOLVED,turing-machine-executor,State triple and step code implement Turing-machine evolution,,not-serious-candidate,not-applicable
L0257,BACK-MATTER/NOTES/03-The-World-of-Simple-Programs-Notes.md:L296-300[U005410];BACK-MATTER/NOTES/03-The-World-of-Simple-Programs-Notes.md:L301-302[U005411],RESOLVED,turing-machine-preset,Explicit transition table is a Turing-machine preset,,not-serious-candidate,not-applicable
L0258,BACK-MATTER/NOTES/03-The-World-of-Simple-Programs-Notes.md:L336-337[U005421];BACK-MATTER/NOTES/03-The-World-of-Simple-Programs-Notes.md:L338-343[U005422],RESOLVED,turing-machine-numbering,Numbering scheme encodes and decodes Turing-machine rules,,not-serious-candidate,not-applicable
L0259,BACK-MATTER/NOTES/03-The-World-of-Simple-Programs-Notes.md:L346-347[U005424],RESOLVED,turing-machine-preset,Base-two counter behavior routes to a Turing-machine preset,,not-serious-candidate,not-applicable
L0260,BACK-MATTER/NOTES/03-The-World-of-Simple-Programs-Notes.md:L356-357[U005429];BACK-MATTER/NOTES/03-The-World-of-Simple-Programs-Notes.md:L358-359[U005430];BACK-MATTER/NOTES/03-The-World-of-Simple-Programs-Notes.md:L360-361[U005431];BACK-MATTER/NOTES/03-The-World-of-Simple-Programs-Notes.md:L362-363[U005432];BACK-MATTER/NOTES/03-The-World-of-Simple-Programs-Notes.md:L364-365[U005433];BACK-MATTER/NOTES/03-The-World-of-Simple-Programs-Notes.md:L366-367[U005434],WEAK,turing-localized-structure-property,Localized structures are observed behavior,,not-serious-candidate,not-applicable
L0261,BACK-MATTER/NOTES/03-The-World-of-Simple-Programs-Notes.md:L372-373[U005437];BACK-MATTER/NOTES/03-The-World-of-Simple-Programs-Notes.md:L376-377[U005439],WEAK,busy-beaver-problem,Extremal halting search is a problem statement,,not-serious-candidate,not-applicable
L0262,BACK-MATTER/NOTES/03-The-World-of-Simple-Programs-Notes.md:L372-373[U005437];BACK-MATTER/NOTES/03-The-World-of-Simple-Programs-Notes.md:L374-375[U005438],WEAK,busy-beaver-problem,Duplicate extremal halting problem statement,,not-serious-candidate,not-applicable
L0263,BACK-MATTER/NOTES/03-The-World-of-Simple-Programs-Notes.md:L372-373[U005437];BACK-MATTER/NOTES/03-The-World-of-Simple-Programs-Notes.md:L374-375[U005438],WEAK,busy-beaver-problem,Duplicate extremal halting problem statement,,not-serious-candidate,not-applicable
L0264,BACK-MATTER/NOTES/03-The-World-of-Simple-Programs-Notes.md:L372-373[U005437];BACK-MATTER/NOTES/03-The-World-of-Simple-Programs-Notes.md:L374-375[U005438],WEAK,busy-beaver-problem,Duplicate extremal halting problem statement,,not-serious-candidate,not-applicable
L0265,BACK-MATTER/NOTES/03-The-World-of-Simple-Programs-Notes.md:L376-377[U005439];BACK-MATTER/NOTES/03-The-World-of-Simple-Programs-Notes.md:L378-379[U005440],RESOLVED,turing-machine-preset,Explicit five-state candidate rule is a Turing-machine preset,,not-serious-candidate,not-applicable
L0266,BACK-MATTER/NOTES/03-The-World-of-Simple-Programs-Notes.md:L390-391[U005446];BACK-MATTER/NOTES/03-The-World-of-Simple-Programs-Notes.md:L392-396[U005447];BACK-MATTER/NOTES/03-The-World-of-Simple-Programs-Notes.md:L401-405[U005450],RESOLVED,substitution-system-executor,Code implements neighbor-independent substitutions,,not-serious-candidate,not-applicable
L0267,BACK-MATTER/NOTES/03-The-World-of-Simple-Programs-Notes.md:L406-407[U005451];BACK-MATTER/NOTES/03-The-World-of-Simple-Programs-Notes.md:L408-411[U005452];BACK-MATTER/NOTES/03-The-World-of-Simple-Programs-Notes.md:L414-418[U005454],RESOLVED,context-dependent-substitution-executor,Code implements neighbor-conditioned substitutions,,not-serious-candidate,not-applicable
L0268,BACK-MATTER/NOTES/03-The-World-of-Simple-Programs-Notes.md:L423-424[U005457],RESOLVED,alternating-sequence-evaluator,Parity directly evaluates the successive-digits sequence,,not-serious-candidate,not-applicable
L0269,BACK-MATTER/NOTES/03-The-World-of-Simple-Programs-Notes.md:L425-426[U005458];BACK-MATTER/NOTES/03-The-World-of-Simple-Programs-Notes.md:L427-430[U005459];BACK-MATTER/NOTES/03-The-World-of-Simple-Programs-Notes.md:L433-437[U005461],RESOLVED,thue-morse-evaluator,Digit-count formula directly evaluates the Thue-Morse sequence,,not-serious-candidate,not-applicable
L0270,BACK-MATTER/NOTES/03-The-World-of-Simple-Programs-Notes.md:L440-441[U005463],RESOLVED,fibonacci-word-generator,Concatenation recurrence generates the Fibonacci-related word,,not-serious-candidate,not-applicable
L0271,BACK-MATTER/NOTES/03-The-World-of-Simple-Programs-Notes.md:L442-443[U005464];BACK-MATTER/NOTES/03-The-World-of-Simple-Programs-Notes.md:L444-447[U005465],RESOLVED,cantor-set-evaluator,Base-three digit test directly evaluates Cantor-set membership,,not-serious-candidate,not-applicable
L0272,BACK-MATTER/NOTES/03-The-World-of-Simple-Programs-Notes.md:L452-453[U005468],RESOLVED,substitution-growth-observer,Matrix powers measure substitution-system color counts,,not-serious-candidate,not-applicable
L0273,BACK-MATTER/NOTES/03-The-World-of-Simple-Programs-Notes.md:L454-455[U005469];BACK-MATTER/NOTES/03-The-World-of-Simple-Programs-Notes.md:L456-460[U005470];BACK-MATTER/NOTES/03-The-World-of-Simple-Programs-Notes.md:L467-468[U005474];BACK-MATTER/NOTES/03-The-World-of-Simple-Programs-Notes.md:L469-470[U005475];BACK-MATTER/NOTES/03-The-World-of-Simple-Programs-Notes.md:L471-472[U005476];BACK-MATTER/NOTES/03-The-World-of-Simple-Programs-Notes.md:L473-474[U005477];BACK-MATTER/NOTES/03-The-World-of-Simple-Programs-Notes.md:L475-476[U005478];BACK-MATTER/NOTES/03-The-World-of-Simple-Programs-Notes.md:L477-478[U005479];BACK-MATTER/NOTES/03-The-World-of-Simple-Programs-Notes.md:L479-480[U005480];BACK-MATTER/NOTES/03-The-World-of-Simple-Programs-Notes.md:L481-482[U005481];BACK-MATTER/NOTES/03-The-World-of-Simple-Programs-Notes.md:L483-488[U005482],RESOLVED,fibonacci-recurrence,Explicit recurrence and seeds generate Fibonacci numbers,,not-serious-candidate,not-applicable
L0274,BACK-MATTER/NOTES/03-The-World-of-Simple-Programs-Notes.md:L491-492[U005484],RESOLVED,fibonacci-index-evaluator,Logarithmic formula estimates the Fibonacci index,,not-serious-candidate,not-applicable
L0275,BACK-MATTER/NOTES/03-The-World-of-Simple-Programs-Notes.md:L493-494[U005485],RESOLVED,modular-fibonacci-sequence,Modulo-k Fibonacci values define a direct sequence preset,,not-serious-candidate,not-applicable
L0276,BACK-MATTER/NOTES/03-The-World-of-Simple-Programs-Notes.md:L495-496[U005486];BACK-MATTER/NOTES/03-The-World-of-Simple-Programs-Notes.md:L497-498[U005487],RESOLVED,modular-fibonacci-sequence,Modulo-n Fibonacci values define a direct sequence preset,,not-serious-candidate,not-applicable
L0277,BACK-MATTER/NOTES/03-The-World-of-Simple-Programs-Notes.md:L499-500[U005488];BACK-MATTER/NOTES/03-The-World-of-Simple-Programs-Notes.md:L501-502[U005489],WEAK,golden-ratio-history,Historical and display-default remarks are not a construction,,not-serious-candidate,not-applicable
L0278,BACK-MATTER/NOTES/03-The-World-of-Simple-Programs-Notes.md:L519-520[U005498];BACK-MATTER/NOTES/03-The-World-of-Simple-Programs-Notes.md:L521-522[U005499];BACK-MATTER/NOTES/03-The-World-of-Simple-Programs-Notes.md:L523-524[U005500],RESOLVED,lucas-recurrence,Explicit recurrence and seeds generate Lucas numbers,,not-serious-candidate,not-applicable
L0279,BACK-MATTER/NOTES/03-The-World-of-Simple-Programs-Notes.md:L525-526[U005501],RESOLVED,linear-recurrence,General linear recurrences route to recurrence execution,,not-serious-candidate,not-applicable
L0280,BACK-MATTER/NOTES/03-The-World-of-Simple-Programs-Notes.md:L525-526[U005501],RESOLVED,linear-recurrence,Duplicate generalized linear-recurrence route,,not-serious-candidate,not-applicable
L0281,BACK-MATTER/NOTES/03-The-World-of-Simple-Programs-Notes.md:L527-528[U005502];BACK-MATTER/NOTES/03-The-World-of-Simple-Programs-Notes.md:L529-532[U005503],RESOLVED,substitution-digit-evaluator,Digit traversal directly evaluates fixed-length substitutions,,not-serious-candidate,not-applicable
L0282,BACK-MATTER/NOTES/03-The-World-of-Simple-Programs-Notes.md:L529-532[U005503];BACK-MATTER/NOTES/03-The-World-of-Simple-Programs-Notes.md:L533-534[U005504];BACK-MATTER/NOTES/03-The-World-of-Simple-Programs-Notes.md:L535-536[U005505],RESOLVED,substitution-digit-evaluator,Fold code directly evaluates a substitution-sequence element,,not-serious-candidate,not-applicable
L0283,BACK-MATTER/NOTES/03-The-World-of-Simple-Programs-Notes.md:L537-538[U005506],RESOLVED,generalized-digit-representation,Fibonacci-weighted digits encode variable-length substitutions,,not-serious-candidate,not-applicable
L0284,BACK-MATTER/NOTES/03-The-World-of-Simple-Programs-Notes.md:L555-556[U005515];BACK-MATTER/NOTES/03-The-World-of-Simple-Programs-Notes.md:L557-558[U005516],RESOLVED,paperfolding-sequence,Paperfolding is an explicit substitution-system preset,,not-serious-candidate,not-applicable
L0285,BACK-MATTER/NOTES/03-The-World-of-Simple-Programs-Notes.md:L565-566[U005520],RESOLVED,period-doubling-sequence,Nested list code generates the period-doubling sequence,,not-serious-candidate,not-applicable
L0286,BACK-MATTER/NOTES/03-The-World-of-Simple-Programs-Notes.md:L567-568[U005521],RESOLVED,alternating-sequence-evaluator,Parity directly evaluates the sequence,,not-serious-candidate,not-applicable
L0287,BACK-MATTER/NOTES/03-The-World-of-Simple-Programs-Notes.md:L569-570[U005522],RESOLVED,period-doubling-sequence,Replacement maps to a period-doubling sequence preset,,not-serious-candidate,not-applicable
L0288,BACK-MATTER/NOTES/03-The-World-of-Simple-Programs-Notes.md:L571-572[U005523],RESOLVED,substitution-length-evaluator,Recurrence and closed form evaluate substitution length,,not-serious-candidate,not-applicable
L0289,BACK-MATTER/NOTES/03-The-World-of-Simple-Programs-Notes.md:L575-576[U005525],RESOLVED,beatty-sequence-evaluator,Floor-difference formula directly evaluates sequence elements,,not-serious-candidate,not-applicable
L0290,BACK-MATTER/NOTES/03-The-World-of-Simple-Programs-Notes.md:L599-600[U005537];BACK-MATTER/NOTES/03-The-World-of-Simple-Programs-Notes.md:L601-604[U005538];BACK-MATTER/NOTES/03-The-World-of-Simple-Programs-Notes.md:L607-610[U005540];BACK-MATTER/NOTES/03-The-World-of-Simple-Programs-Notes.md:L613-616[U005542];BACK-MATTER/NOTES/03-The-World-of-Simple-Programs-Notes.md:L619-623[U005544];BACK-MATTER/NOTES/03-The-World-of-Simple-Programs-Notes.md:L628-629[U005547],RESOLVED,sequential-substitution-executor,Transformation-rule code implements sequential substitution,,not-serious-candidate,not-applicable
L0291,BACK-MATTER/NOTES/03-The-World-of-Simple-Programs-Notes.md:L626-627[U005546],RESOLVED,sequential-substitution-preset,Explicit sorting rule is a sequential-substitution preset,,not-serious-candidate,not-applicable
L0292,BACK-MATTER/NOTES/03-The-World-of-Simple-Programs-Notes.md:L634-635[U005550];BACK-MATTER/NOTES/03-The-World-of-Simple-Programs-Notes.md:L642-646[U005553];BACK-MATTER/NOTES/03-The-World-of-Simple-Programs-Notes.md:L649-653[U005555],RESOLVED,tag-system-executor,Code directly implements tag-system evolution,,not-serious-candidate,not-applicable
L0293,BACK-MATTER/NOTES/03-The-World-of-Simple-Programs-Notes.md:L636-639[U005551],RESOLVED,tag-system-preset,Explicit deletion count and append rules form a tag-system preset,,not-serious-candidate,not-applicable
L0294,BACK-MATTER/NOTES/03-The-World-of-Simple-Programs-Notes.md:L658-659[U005558],WEAK,tag-system-history,Historical origin is not a construction,,not-serious-candidate,not-applicable
L0295,BACK-MATTER/NOTES/03-The-World-of-Simple-Programs-Notes.md:L658-659[U005558],WEAK,tag-system-history,Duplicate historical origin,,not-serious-candidate,not-applicable
L0296,BACK-MATTER/NOTES/03-The-World-of-Simple-Programs-Notes.md:L658-659[U005558],WEAK,tag-system-history,Duplicate historical origin,,not-serious-candidate,not-applicable
L0297,BACK-MATTER/NOTES/03-The-World-of-Simple-Programs-Notes.md:L662-663[U005560];BACK-MATTER/NOTES/03-The-World-of-Simple-Programs-Notes.md:L664-671[U005561],RESOLVED,cyclic-tag-system-executor,Code directly implements cyclic-tag evolution,,not-serious-candidate,not-applicable
L0298,BACK-MATTER/NOTES/03-The-World-of-Simple-Programs-Notes.md:L672-673[U005562];BACK-MATTER/NOTES/03-The-World-of-Simple-Programs-Notes.md:L674-681[U005563],RESOLVED,cyclic-tag-leading-element-evaluator,Code directly evaluates leading elements,,not-serious-candidate,not-applicable
L0299,BACK-MATTER/NOTES/03-The-World-of-Simple-Programs-Notes.md:L682-683[U005564];BACK-MATTER/NOTES/03-The-World-of-Simple-Programs-Notes.md:L684-688[U005565],RESOLVED,cyclic-tag-system-preset,More than two scheduled blocks are a parameter preset,,not-serious-candidate,not-applicable
L0300,BACK-MATTER/NOTES/03-The-World-of-Simple-Programs-Notes.md:L689-690[U005566];BACK-MATTER/NOTES/03-The-World-of-Simple-Programs-Notes.md:L691-697[U005567],RESOLVED,cyclic-tag-leading-element-evaluator,Code directly evaluates leading elements,,not-serious-candidate,not-applicable
L0301,BACK-MATTER/NOTES/03-The-World-of-Simple-Programs-Notes.md:L698-699[U005568];BACK-MATTER/NOTES/03-The-World-of-Simple-Programs-Notes.md:L700-701[U005569],RESOLVED,cyclic-tag-mechanical-implementation,Ball-and-trough apparatus implements the same cyclic-tag mechanic,,not-serious-candidate,not-applicable
L0302,BACK-MATTER/NOTES/03-The-World-of-Simple-Programs-Notes.md:L704-705[U005571],WEAK,cyclic-tag-divisibility-property,Block-length divisibility predicts behavior but defines no new system,,not-serious-candidate,not-applicable
L0303,BACK-MATTER/NOTES/03-The-World-of-Simple-Programs-Notes.md:L708-709[U005573],WEAK,cyclic-tag-system-history,Historical note is not a construction,,not-serious-candidate,not-applicable
L0304,BACK-MATTER/NOTES/03-The-World-of-Simple-Programs-Notes.md:L712-713[U005575];BACK-MATTER/NOTES/03-The-World-of-Simple-Programs-Notes.md:L722-731[U005579],RESOLVED,register-machine-executor,State pair and step code implement register-machine evolution,,not-serious-candidate,not-applicable
L0305,BACK-MATTER/NOTES/03-The-World-of-Simple-Programs-Notes.md:L714-717[U005576],RESOLVED,register-machine-preset,Explicit five-instruction program is a register-machine preset,,not-serious-candidate,not-applicable
L0306,BACK-MATTER/NOTES/03-The-World-of-Simple-Programs-Notes.md:L734-735[U005581],RESOLVED,register-machine-halting-policy,Out-of-range instructions route to an optional halt policy,,not-serious-candidate,not-applicable
L0307,BACK-MATTER/NOTES/03-The-World-of-Simple-Programs-Notes.md:L734-735[U005581];BACK-MATTER/NOTES/03-The-World-of-Simple-Programs-Notes.md:L736-739[U005582],RESOLVED,register-machine-halting-policy,Duplicate optional halt policy,,not-serious-candidate,not-applicable
L0308,BACK-MATTER/NOTES/03-The-World-of-Simple-Programs-Notes.md:L740-741[U005583];BACK-MATTER/NOTES/03-The-World-of-Simple-Programs-Notes.md:L742-749[U005584],RESOLVED,extended-register-machine,Instruction definitions route to the extended-register mechanic,,not-serious-candidate,not-applicable
L0309,BACK-MATTER/NOTES/03-The-World-of-Simple-Programs-Notes.md:L758-759[U005589];BACK-MATTER/NOTES/03-The-World-of-Simple-Programs-Notes.md:L766-767[U005593];BACK-MATTER/NOTES/03-The-World-of-Simple-Programs-Notes.md:L800-801[U005605];BACK-MATTER/NOTES/03-The-World-of-Simple-Programs-Notes.md:L807-808[U005607];BACK-MATTER/NOTES/03-The-World-of-Simple-Programs-Notes.md:L823-824[U005615];BACK-MATTER/NOTES/03-The-World-of-Simple-Programs-Notes.md:L825-828[U005616],RESOLVED,symbolic-system-executor,Nested replacement code implements symbolic-system evolution,,not-serious-candidate,not-applicable
L0310,BACK-MATTER/NOTES/03-The-World-of-Simple-Programs-Notes.md:L762-763[U005591];BACK-MATTER/NOTES/03-The-World-of-Simple-Programs-Notes.md:L764-765[U005592];BACK-MATTER/NOTES/03-The-World-of-Simple-Programs-Notes.md:L766-767[U005593];BACK-MATTER/NOTES/03-The-World-of-Simple-Programs-Notes.md:L768-771[U005594];BACK-MATTER/NOTES/03-The-World-of-Simple-Programs-Notes.md:L772-773[U005595];BACK-MATTER/NOTES/03-The-World-of-Simple-Programs-Notes.md:L774-777[U005596];BACK-MATTER/NOTES/03-The-World-of-Simple-Programs-Notes.md:L780-781[U005598];BACK-MATTER/NOTES/03-The-World-of-Simple-Programs-Notes.md:L782-783[U005599];BACK-MATTER/NOTES/03-The-World-of-Simple-Programs-Notes.md:L784-788[U005600],RESOLVED,symbolic-expression-representation,Listed encodings are representations of the same expressions,,not-serious-candidate,not-applicable
L0311,BACK-MATTER/NOTES/03-The-World-of-Simple-Programs-Notes.md:L789-790[U005601],RESOLVED,symbolic-expression-observer,Leaf count and depth are expression observers,,not-serious-candidate,not-applicable
L0312,BACK-MATTER/NOTES/03-The-World-of-Simple-Programs-Notes.md:L791-792[U005602];BACK-MATTER/NOTES/03-The-World-of-Simple-Programs-Notes.md:L793-797[U005603],RESOLVED,symbolic-expression-enumerator,Code enumerates expressions with a fixed leaf count,,not-serious-candidate,not-applicable
L0313,BACK-MATTER/NOTES/03-The-World-of-Simple-Programs-Notes.md:L798-799[U005604],RESOLVED,symbolic-expression-count,Binomial formula counts expressions,,not-serious-candidate,not-applicable
L0314,BACK-MATTER/NOTES/03-The-World-of-Simple-Programs-Notes.md:L800-801[U005605];BACK-MATTER/NOTES/03-The-World-of-Simple-Programs-Notes.md:L802-806[U005606];BACK-MATTER/NOTES/03-The-World-of-Simple-Programs-Notes.md:L807-808[U005607];BACK-MATTER/NOTES/03-The-World-of-Simple-Programs-Notes.md:L809-810[U005608],RESOLVED,symbolic-system-observer,Fixed-form and invariant code observe symbolic evolution,,not-serious-candidate,not-applicable
L0315,BACK-MATTER/NOTES/03-The-World-of-Simple-Programs-Notes.md:L813-814[U005610],WEAK,symbolic-halting-time-property,Long stabilization time is an observed complexity property,,not-serious-candidate,not-applicable
L0316,BACK-MATTER/NOTES/03-The-World-of-Simple-Programs-Notes.md:L823-824[U005615];BACK-MATTER/NOTES/03-The-World-of-Simple-Programs-Notes.md:L825-828[U005616];BACK-MATTER/NOTES/03-The-World-of-Simple-Programs-Notes.md:L835-836[U005620],SERIOUS,symbolic-expression-rewriting,Scan order and overlap avoidance can define materially different dynamics,C089,T20:retain-family,F052
L0317,BACK-MATTER/NOTES/03-The-World-of-Simple-Programs-Notes.md:L837-838[U005621];BACK-MATTER/NOTES/03-The-World-of-Simple-Programs-Notes.md:L839-840[U005622],RESOLVED,operator-rewrite-preset,Explicit doubling rule is a symbolic operator-system preset,,not-serious-candidate,not-applicable
L0318,BACK-MATTER/NOTES/03-The-World-of-Simple-Programs-Notes.md:L841-842[U005623];BACK-MATTER/NOTES/03-The-World-of-Simple-Programs-Notes.md:L843-844[U005624],RESOLVED,operator-rewrite-preset,Explicit binary rewrite is a symbolic operator-system preset,,not-serious-candidate,not-applicable
L0319,BACK-MATTER/NOTES/03-The-World-of-Simple-Programs-Notes.md:L845-846[U005625];BACK-MATTER/NOTES/03-The-World-of-Simple-Programs-Notes.md:L847-848[U005626],RESOLVED,operator-rewrite-preset,Explicit binary rewrite is a symbolic operator-system preset,,not-serious-candidate,not-applicable
L0320,BACK-MATTER/NOTES/03-The-World-of-Simple-Programs-Notes.md:L849-850[U005627];BACK-MATTER/NOTES/03-The-World-of-Simple-Programs-Notes.md:L851-852[U005628],RESOLVED,operator-rewrite-preset,Explicit binary rewrite is a symbolic operator-system preset,,not-serious-candidate,not-applicable
L0321,CHAPTERS/04-Systems-Based-on-Numbers.md:L25-26[U000653];CHAPTERS/04-Systems-Based-on-Numbers.md:L27-40[U000654];CHAPTERS/04-Systems-Based-on-Numbers.md:L41-42[U000655];CHAPTERS/04-Systems-Based-on-Numbers.md:L387-388[U000798];CHAPTERS/04-Systems-Based-on-Numbers.md:L389-390[U000799];CHAPTERS/04-Systems-Based-on-Numbers.md:L391-392[U000800],RESOLVED,digit-sequence-encoding,base-choice-is-a-representation-parameter,,not-serious-candidate,not-applicable
L0322,CHAPTERS/04-Systems-Based-on-Numbers.md:L25-26[U000653];CHAPTERS/04-Systems-Based-on-Numbers.md:L27-40[U000654];CHAPTERS/04-Systems-Based-on-Numbers.md:L59-60[U000664];CHAPTERS/04-Systems-Based-on-Numbers.md:L61-62[U000665],RESOLVED,digit-sequence-encoding,base-choice-is-a-representation-parameter,,not-serious-candidate,not-applicable
L0323,CHAPTERS/04-Systems-Based-on-Numbers.md:L25-26[U000653];CHAPTERS/04-Systems-Based-on-Numbers.md:L27-40[U000654],RESOLVED,digit-sequence-encoding,base-choice-is-a-representation-parameter,,not-serious-candidate,not-applicable
L0324,CHAPTERS/04-Systems-Based-on-Numbers.md:L25-26[U000653];CHAPTERS/04-Systems-Based-on-Numbers.md:L27-40[U000654],RESOLVED,digit-sequence-encoding,base-choice-is-a-representation-parameter,,not-serious-candidate,not-applicable
L0325,CHAPTERS/04-Systems-Based-on-Numbers.md:L25-26[U000653];CHAPTERS/04-Systems-Based-on-Numbers.md:L27-40[U000654],RESOLVED,digit-sequence-encoding,base-choice-is-a-representation-parameter,,not-serious-candidate,not-applicable
L0326,CHAPTERS/04-Systems-Based-on-Numbers.md:L25-26[U000653];CHAPTERS/04-Systems-Based-on-Numbers.md:L27-40[U000654],RESOLVED,digit-sequence-encoding,base-choice-is-a-representation-parameter,,not-serious-candidate,not-applicable
L0327,CHAPTERS/04-Systems-Based-on-Numbers.md:L25-26[U000653];CHAPTERS/04-Systems-Based-on-Numbers.md:L27-40[U000654],RESOLVED,digit-sequence-encoding,base-choice-is-a-representation-parameter,,not-serious-candidate,not-applicable
L0328,CHAPTERS/04-Systems-Based-on-Numbers.md:L25-26[U000653];CHAPTERS/04-Systems-Based-on-Numbers.md:L27-40[U000654],RESOLVED,digit-sequence-encoding,base-choice-is-a-representation-parameter,,not-serious-candidate,not-applicable
L0329,CHAPTERS/04-Systems-Based-on-Numbers.md:L25-26[U000653];CHAPTERS/04-Systems-Based-on-Numbers.md:L27-40[U000654],RESOLVED,digit-sequence-encoding,base-choice-is-a-representation-parameter,,not-serious-candidate,not-applicable
L0330,CHAPTERS/04-Systems-Based-on-Numbers.md:L25-26[U000653];CHAPTERS/04-Systems-Based-on-Numbers.md:L27-40[U000654],RESOLVED,digit-sequence-encoding,base-choice-is-a-representation-parameter,,not-serious-candidate,not-applicable
L0331,CHAPTERS/04-Systems-Based-on-Numbers.md:L53-54[U000661],SERIOUS,iterated-map,fixed-arithmetic-update-on-one-number,C037,T34:retain-family;T35:retain-preset;T36:retain-preset;T43:retain-family,F027
L0332,CHAPTERS/04-Systems-Based-on-Numbers.md:L53-54[U000661];CHAPTERS/04-Systems-Based-on-Numbers.md:L69-70[U000669],SERIOUS,iterated-map,fixed-arithmetic-update-on-one-number,C037,T34:retain-family;T35:retain-preset;T36:retain-preset;T43:retain-family,F027
L0333,CHAPTERS/04-Systems-Based-on-Numbers.md:L53-54[U000661];CHAPTERS/04-Systems-Based-on-Numbers.md:L59-60[U000664];CHAPTERS/04-Systems-Based-on-Numbers.md:L61-62[U000665],SERIOUS,iterated-map,fixed-arithmetic-update-on-one-number,C037,T34:retain-family;T35:retain-preset;T36:retain-preset;T43:retain-family,F027
L0334,CHAPTERS/04-Systems-Based-on-Numbers.md:L67-68[U000668],RESOLVED,scalar-arithmetic-iteration,constant-addends-are-rule-presets,,not-serious-candidate,not-applicable
L0335,CHAPTERS/04-Systems-Based-on-Numbers.md:L67-68[U000668],RESOLVED,scalar-arithmetic-iteration,constant-addends-are-rule-presets,,not-serious-candidate,not-applicable
L0336,CHAPTERS/04-Systems-Based-on-Numbers.md:L67-68[U000668],RESOLVED,scalar-arithmetic-iteration,constant-addends-are-rule-presets,,not-serious-candidate,not-applicable
L0337,CHAPTERS/04-Systems-Based-on-Numbers.md:L67-68[U000668],RESOLVED,scalar-arithmetic-iteration,constant-addends-are-rule-presets,,not-serious-candidate,not-applicable
L0338,CHAPTERS/04-Systems-Based-on-Numbers.md:L67-68[U000668],RESOLVED,scalar-arithmetic-iteration,constant-addends-are-rule-presets,,not-serious-candidate,not-applicable
L0339,CHAPTERS/04-Systems-Based-on-Numbers.md:L67-68[U000668],RESOLVED,scalar-arithmetic-iteration,constant-addends-are-rule-presets,,not-serious-candidate,not-applicable
L0340,CHAPTERS/04-Systems-Based-on-Numbers.md:L67-68[U000668],RESOLVED,scalar-arithmetic-iteration,constant-addends-are-rule-presets,,not-serious-candidate,not-applicable
L0341,CHAPTERS/04-Systems-Based-on-Numbers.md:L71-72[U000670],SERIOUS,iterated-map,fixed-multiplication-update-on-one-number,C037,T34:retain-family;T35:retain-preset;T36:retain-preset;T43:retain-family,F027
L0342,CHAPTERS/04-Systems-Based-on-Numbers.md:L73-74[U000671];CHAPTERS/04-Systems-Based-on-Numbers.md:L79-80[U000674];CHAPTERS/04-Systems-Based-on-Numbers.md:L99-100[U000684];CHAPTERS/04-Systems-Based-on-Numbers.md:L101-102[U000685];CHAPTERS/04-Systems-Based-on-Numbers.md:L145-146[U000707],SERIOUS,iterated-map,fixed-multiplication-update-on-one-number,C037,T34:retain-family;T35:retain-preset;T36:retain-preset;T43:retain-family,F027
L0343,CHAPTERS/04-Systems-Based-on-Numbers.md:L75-76[U000672],RESOLVED,scalar-arithmetic-iteration,figures-compare-multiplication-rule-presets,,not-serious-candidate,not-applicable
L0344,CHAPTERS/04-Systems-Based-on-Numbers.md:L77-78[U000673];CHAPTERS/04-Systems-Based-on-Numbers.md:L93-94[U000681],RESOLVED,scalar-arithmetic-iteration,figures-compare-multiplication-rule-presets,,not-serious-candidate,not-applicable
L0345,CHAPTERS/04-Systems-Based-on-Numbers.md:L91-92[U000680];CHAPTERS/04-Systems-Based-on-Numbers.md:L99-100[U000684],SERIOUS,iterated-map,rational-multiplier-is-an-executable-number-map,C037,T34:retain-family;T35:retain-preset;T36:retain-preset;T43:retain-family,F027
L0346,CHAPTERS/04-Systems-Based-on-Numbers.md:L103-104[U000686];CHAPTERS/04-Systems-Based-on-Numbers.md:L105-106[U000687];CHAPTERS/04-Systems-Based-on-Numbers.md:L107-108[U000688],RESOLVED,scalar-trajectory-observer,fractional-part-plot-is-an-output-projection,,not-serious-candidate,not-applicable
L0347,CHAPTERS/04-Systems-Based-on-Numbers.md:L111-112[U000690];CHAPTERS/04-Systems-Based-on-Numbers.md:L113-114[U000691];CHAPTERS/04-Systems-Based-on-Numbers.md:L115-116[U000692];CHAPTERS/04-Systems-Based-on-Numbers.md:L117-118[U000693],SERIOUS,iterated-map,parity-guard-selects-the-next-number-transform,C037,T34:retain-family;T35:retain-preset;T36:retain-preset;T43:retain-family,F027
L0348,CHAPTERS/04-Systems-Based-on-Numbers.md:L117-118[U000693],RESOLVED,scalar-piecewise-iteration,caption-and-image-route-to-the-same-rule-preset,,not-serious-candidate,not-applicable
L0349,CHAPTERS/04-Systems-Based-on-Numbers.md:L113-114[U000691];CHAPTERS/04-Systems-Based-on-Numbers.md:L115-116[U000692];CHAPTERS/04-Systems-Based-on-Numbers.md:L117-118[U000693],RESOLVED,scalar-piecewise-iteration,caption-and-image-route-to-the-same-rule-preset,,not-serious-candidate,not-applicable
L0350,CHAPTERS/04-Systems-Based-on-Numbers.md:L125-126[U000697];CHAPTERS/04-Systems-Based-on-Numbers.md:L129-130[U000699];CHAPTERS/04-Systems-Based-on-Numbers.md:L131-132[U000700];CHAPTERS/04-Systems-Based-on-Numbers.md:L135-136[U000702],RESOLVED,scalar-piecewise-iteration,changed-multipliers-are-rule-parameter-presets,,not-serious-candidate,not-applicable
L0351,CHAPTERS/04-Systems-Based-on-Numbers.md:L133-134[U000701];CHAPTERS/04-Systems-Based-on-Numbers.md:L135-136[U000702],WEAK,trajectory-behavior,growth-and-fluctuation-are-properties-not-constructions,,not-serious-candidate,not-applicable
L0352,CHAPTERS/04-Systems-Based-on-Numbers.md:L135-136[U000702];CHAPTERS/04-Systems-Based-on-Numbers.md:L137-138[U000703],RESOLVED,scalar-piecewise-iteration,figure-renders-an-already-specified-rule-preset,,not-serious-candidate,not-applicable
L0353,CHAPTERS/04-Systems-Based-on-Numbers.md:L153-154[U000711];CHAPTERS/04-Systems-Based-on-Numbers.md:L155-156[U000712];CHAPTERS/04-Systems-Based-on-Numbers.md:L157-158[U000713];CHAPTERS/04-Systems-Based-on-Numbers.md:L161-162[U000715],SERIOUS,iterated-map,each-step-reverses-base-digits-and-adds-the-result,C037,T34:retain-family;T35:retain-preset;T36:retain-preset;T43:retain-family,F027
L0354,CHAPTERS/04-Systems-Based-on-Numbers.md:L153-154[U000711];CHAPTERS/04-Systems-Based-on-Numbers.md:L155-156[U000712],RESOLVED,reversal-addition-iteration,duplicate-figure-and-changed-seed-route-to-one-mechanic,,not-serious-candidate,not-applicable
L0355,CHAPTERS/04-Systems-Based-on-Numbers.md:L157-158[U000713];CHAPTERS/04-Systems-Based-on-Numbers.md:L159-160[U000714];CHAPTERS/04-Systems-Based-on-Numbers.md:L161-162[U000715],RESOLVED,reversal-addition-iteration,duplicate-figure-and-changed-seed-route-to-one-mechanic,,not-serious-candidate,not-applicable
L0356,CHAPTERS/04-Systems-Based-on-Numbers.md:L169-170[U000719];CHAPTERS/04-Systems-Based-on-Numbers.md:L179-180[U000724];CHAPTERS/04-Systems-Based-on-Numbers.md:L181-182[U000725];CHAPTERS/04-Systems-Based-on-Numbers.md:L185-186[U000727],SERIOUS,sequence-recurrence,new-terms-read-a-fixed-set-of-earlier-sequence-terms,C078,T37:retain-family;T38:retain-preset,F024
L0357,CHAPTERS/04-Systems-Based-on-Numbers.md:L175-176[U000722],RESOLVED,fixed-lag-recurrence,figure-panels-are-rule-and-seed-presets,,not-serious-candidate,not-applicable
L0358,CHAPTERS/04-Systems-Based-on-Numbers.md:L175-176[U000722],RESOLVED,fixed-lag-recurrence,figure-panels-are-rule-and-seed-presets,,not-serious-candidate,not-applicable
L0359,CHAPTERS/04-Systems-Based-on-Numbers.md:L175-176[U000722],RESOLVED,fixed-lag-recurrence,figure-panels-are-rule-and-seed-presets,,not-serious-candidate,not-applicable
L0360,CHAPTERS/04-Systems-Based-on-Numbers.md:L175-176[U000722],RESOLVED,fixed-lag-recurrence,figure-panels-are-rule-and-seed-presets,,not-serious-candidate,not-applicable
L0361,CHAPTERS/04-Systems-Based-on-Numbers.md:L175-176[U000722],RESOLVED,fixed-lag-recurrence,figure-panels-are-rule-and-seed-presets,,not-serious-candidate,not-applicable
L0362,CHAPTERS/04-Systems-Based-on-Numbers.md:L175-176[U000722],RESOLVED,fixed-lag-recurrence,figure-panels-are-rule-and-seed-presets,,not-serious-candidate,not-applicable
L0363,CHAPTERS/04-Systems-Based-on-Numbers.md:L179-180[U000724];CHAPTERS/04-Systems-Based-on-Numbers.md:L181-182[U000725];CHAPTERS/04-Systems-Based-on-Numbers.md:L183-184[U000726];CHAPTERS/04-Systems-Based-on-Numbers.md:L185-186[U000727],SERIOUS,sequence-recurrence,term-values-select-which-earlier-indices-are-read,C078,T37:retain-family;T38:retain-preset,F024
L0364,CHAPTERS/04-Systems-Based-on-Numbers.md:L179-180[U000724];CHAPTERS/04-Systems-Based-on-Numbers.md:L181-182[U000725];CHAPTERS/04-Systems-Based-on-Numbers.md:L183-184[U000726];CHAPTERS/04-Systems-Based-on-Numbers.md:L185-186[U000727],RESOLVED,data-dependent-recurrence,duplicate-passages-route-to-the-same-variable-index-mechanic,,not-serious-candidate,not-applicable
L0365,CHAPTERS/04-Systems-Based-on-Numbers.md:L179-180[U000724];CHAPTERS/04-Systems-Based-on-Numbers.md:L181-182[U000725];CHAPTERS/04-Systems-Based-on-Numbers.md:L183-184[U000726];CHAPTERS/04-Systems-Based-on-Numbers.md:L185-186[U000727],RESOLVED,data-dependent-recurrence,duplicate-passages-route-to-the-same-variable-index-mechanic,,not-serious-candidate,not-applicable
L0366,CHAPTERS/04-Systems-Based-on-Numbers.md:L179-180[U000724];CHAPTERS/04-Systems-Based-on-Numbers.md:L181-182[U000725];CHAPTERS/04-Systems-Based-on-Numbers.md:L183-184[U000726];CHAPTERS/04-Systems-Based-on-Numbers.md:L185-186[U000727],RESOLVED,data-dependent-recurrence,duplicate-passages-route-to-the-same-variable-index-mechanic,,not-serious-candidate,not-applicable
L0367,CHAPTERS/04-Systems-Based-on-Numbers.md:L179-180[U000724];CHAPTERS/04-Systems-Based-on-Numbers.md:L181-182[U000725];CHAPTERS/04-Systems-Based-on-Numbers.md:L183-184[U000726];CHAPTERS/04-Systems-Based-on-Numbers.md:L185-186[U000727],RESOLVED,data-dependent-recurrence,duplicate-passages-route-to-the-same-variable-index-mechanic,,not-serious-candidate,not-applicable
L0368,CHAPTERS/04-Systems-Based-on-Numbers.md:L179-180[U000724];CHAPTERS/04-Systems-Based-on-Numbers.md:L181-182[U000725];CHAPTERS/04-Systems-Based-on-Numbers.md:L183-184[U000726];CHAPTERS/04-Systems-Based-on-Numbers.md:L185-186[U000727],RESOLVED,data-dependent-recurrence,duplicate-passages-route-to-the-same-variable-index-mechanic,,not-serious-candidate,not-applicable
L0369,CHAPTERS/04-Systems-Based-on-Numbers.md:L179-180[U000724];CHAPTERS/04-Systems-Based-on-Numbers.md:L181-182[U000725];CHAPTERS/04-Systems-Based-on-Numbers.md:L183-184[U000726];CHAPTERS/04-Systems-Based-on-Numbers.md:L185-186[U000727],RESOLVED,data-dependent-recurrence,duplicate-passages-route-to-the-same-variable-index-mechanic,,not-serious-candidate,not-applicable
L0370,CHAPTERS/04-Systems-Based-on-Numbers.md:L179-180[U000724];CHAPTERS/04-Systems-Based-on-Numbers.md:L181-182[U000725];CHAPTERS/04-Systems-Based-on-Numbers.md:L183-184[U000726];CHAPTERS/04-Systems-Based-on-Numbers.md:L185-186[U000727],RESOLVED,data-dependent-recurrence,duplicate-passages-route-to-the-same-variable-index-mechanic,,not-serious-candidate,not-applicable
L0371,CHAPTERS/04-Systems-Based-on-Numbers.md:L187-188[U000728],RESOLVED,data-dependent-recurrence,figures-show-presets-of-the-variable-index-mechanic,,not-serious-candidate,not-applicable
L0372,CHAPTERS/04-Systems-Based-on-Numbers.md:L187-188[U000728],RESOLVED,data-dependent-recurrence,figures-show-presets-of-the-variable-index-mechanic,,not-serious-candidate,not-applicable
L0373,CHAPTERS/04-Systems-Based-on-Numbers.md:L201-202[U000735],WEAK,recurrence-behavior,digit-count-correlations-are-derived-properties,,not-serious-candidate,not-applicable
L0374,CHAPTERS/04-Systems-Based-on-Numbers.md:L201-202[U000735],WEAK,recurrence-behavior,digit-count-correlations-are-derived-properties,,not-serious-candidate,not-applicable
L0375,CHAPTERS/04-Systems-Based-on-Numbers.md:L209-210[U000739],WEAK,prime-number-property,definition-and-distribution-of-primes-are-number-properties,,not-serious-candidate,not-applicable
L0376,CHAPTERS/04-Systems-Based-on-Numbers.md:L211-212[U000740];CHAPTERS/04-Systems-Based-on-Numbers.md:L213-214[U000741],SERIOUS,iterated-erasure-process,successive-divisibility-passes-delete-items-from-a-domain,C035,T39:retain-family,F026
L0377,CHAPTERS/04-Systems-Based-on-Numbers.md:L219-220[U000744],WEAK,prime-sequence-rendering,plots-show-distribution-properties-not-transition-mechanics,,not-serious-candidate,not-applicable
L0378,CHAPTERS/04-Systems-Based-on-Numbers.md:L219-220[U000744],WEAK,prime-sequence-rendering,plots-show-distribution-properties-not-transition-mechanics,,not-serious-candidate,not-applicable
L0379,CHAPTERS/04-Systems-Based-on-Numbers.md:L219-220[U000744],WEAK,prime-sequence-rendering,plots-show-distribution-properties-not-transition-mechanics,,not-serious-candidate,not-applicable
L0380,CHAPTERS/04-Systems-Based-on-Numbers.md:L219-220[U000744],WEAK,prime-sequence-rendering,plots-show-distribution-properties-not-transition-mechanics,,not-serious-candidate,not-applicable
L0381,CHAPTERS/04-Systems-Based-on-Numbers.md:L219-220[U000744],WEAK,prime-sequence-rendering,plots-show-distribution-properties-not-transition-mechanics,,not-serious-candidate,not-applicable
L0382,CHAPTERS/04-Systems-Based-on-Numbers.md:L219-220[U000744],WEAK,prime-sequence-rendering,plots-show-distribution-properties-not-transition-mechanics,,not-serious-candidate,not-applicable
L0383,CHAPTERS/04-Systems-Based-on-Numbers.md:L237-238[U000753],WEAK,arithmetic-property-sequence,curves-tabulate-static-number-properties,,not-serious-candidate,not-applicable
L0384,CHAPTERS/04-Systems-Based-on-Numbers.md:L239-240[U000754],WEAK,arithmetic-property-sequence,curves-tabulate-static-number-properties,,not-serious-candidate,not-applicable
L0385,CHAPTERS/04-Systems-Based-on-Numbers.md:L241-242[U000755],WEAK,arithmetic-property-sequence,curves-tabulate-static-number-properties,,not-serious-candidate,not-applicable
L0386,CHAPTERS/04-Systems-Based-on-Numbers.md:L243-244[U000756];CHAPTERS/04-Systems-Based-on-Numbers.md:L247-248[U000758],WEAK,arithmetic-property-sequence,curves-tabulate-static-number-properties,,not-serious-candidate,not-applicable
L0387,CHAPTERS/04-Systems-Based-on-Numbers.md:L245-246[U000757];CHAPTERS/04-Systems-Based-on-Numbers.md:L249-250[U000759],WEAK,arithmetic-property-sequence,curves-tabulate-static-number-properties,,not-serious-candidate,not-applicable
L0388,CHAPTERS/04-Systems-Based-on-Numbers.md:L251-252[U000760],WEAK,arithmetic-property-sequence,curves-tabulate-static-number-properties,,not-serious-candidate,not-applicable
L0389,CHAPTERS/04-Systems-Based-on-Numbers.md:L251-252[U000760],WEAK,arithmetic-property-sequence,curves-tabulate-static-number-properties,,not-serious-candidate,not-applicable
L0390,CHAPTERS/04-Systems-Based-on-Numbers.md:L251-252[U000760],WEAK,arithmetic-property-sequence,curves-tabulate-static-number-properties,,not-serious-candidate,not-applicable
L0391,CHAPTERS/04-Systems-Based-on-Numbers.md:L261-262[U000765],WEAK,constant-digit-rendering,digit-plots-show-a-number-property-not-an-evolving-construction,,not-serious-candidate,not-applicable
L0392,CHAPTERS/04-Systems-Based-on-Numbers.md:L263-264[U000766];CHAPTERS/04-Systems-Based-on-Numbers.md:L265-266[U000767];CHAPTERS/04-Systems-Based-on-Numbers.md:L269-270[U000769];CHAPTERS/04-Systems-Based-on-Numbers.md:L387-388[U000798];CHAPTERS/04-Systems-Based-on-Numbers.md:L389-390[U000799];CHAPTERS/04-Systems-Based-on-Numbers.md:L391-392[U000800],WEAK,constant-digit-rendering,digit-plots-show-a-number-property-not-an-evolving-construction,,not-serious-candidate,not-applicable
L0393,CHAPTERS/04-Systems-Based-on-Numbers.md:L265-266[U000767];CHAPTERS/04-Systems-Based-on-Numbers.md:L267-268[U000768],WEAK,constant-digit-rendering,digit-plots-show-a-number-property-not-an-evolving-construction,,not-serious-candidate,not-applicable
L0394,CHAPTERS/04-Systems-Based-on-Numbers.md:L277-278[U000773],WEAK,rational-digit-property,eventual-repetition-is-a-property-of-rational-representations,,not-serious-candidate,not-applicable
L0395,CHAPTERS/04-Systems-Based-on-Numbers.md:L299-300[U000776],WEAK,rational-digit-property,eventual-repetition-is-a-property-of-rational-representations,,not-serious-candidate,not-applicable
L0396,CHAPTERS/04-Systems-Based-on-Numbers.md:L303-304[U000778];CHAPTERS/04-Systems-Based-on-Numbers.md:L307-308[U000780],SERIOUS,digit-emitting-register-transducer,bounded-remainder-updates-emit-one-division-digit-per-step,C017,T40:split,F008
L0397,CHAPTERS/04-Systems-Based-on-Numbers.md:L311-312[U000782];CHAPTERS/04-Systems-Based-on-Numbers.md:L347-348[U000789],WEAK,algebraic-digit-property,random-looking-root-digits-are-a-property,,not-serious-candidate,not-applicable
L0398,CHAPTERS/04-Systems-Based-on-Numbers.md:L343-344[U000787];CHAPTERS/04-Systems-Based-on-Numbers.md:L347-348[U000789];CHAPTERS/04-Systems-Based-on-Numbers.md:L349-350[U000790],SERIOUS,digit-emitting-register-transducer,paired-register-updates-emit-one-square-root-digit-per-step,C017,T40:split,F008
L0399,CHAPTERS/04-Systems-Based-on-Numbers.md:L355-367[U000793],WEAK,algebraic-digit-example,tables-list-output-values-without-new-transition-mechanics,,not-serious-candidate,not-applicable
L0400,CHAPTERS/04-Systems-Based-on-Numbers.md:L355-367[U000793],WEAK,algebraic-digit-example,tables-list-output-values-without-new-transition-mechanics,,not-serious-candidate,not-applicable
L0401,CHAPTERS/04-Systems-Based-on-Numbers.md:L355-367[U000793],WEAK,algebraic-digit-example,tables-list-output-values-without-new-transition-mechanics,,not-serious-candidate,not-applicable
L0402,CHAPTERS/04-Systems-Based-on-Numbers.md:L355-367[U000793],WEAK,algebraic-digit-example,tables-list-output-values-without-new-transition-mechanics,,not-serious-candidate,not-applicable
L0403,CHAPTERS/04-Systems-Based-on-Numbers.md:L393-394[U000801];CHAPTERS/04-Systems-Based-on-Numbers.md:L395-396[U000802];CHAPTERS/04-Systems-Based-on-Numbers.md:L399-400[U000804];CHAPTERS/04-Systems-Based-on-Numbers.md:L401-402[U000805];CHAPTERS/04-Systems-Based-on-Numbers.md:L407-433[U000808];CHAPTERS/04-Systems-Based-on-Numbers.md:L434-435[U000809],RESOLVED,continued-fraction-encoding,successive-add-and-divide-operations-encode-a-number,,not-serious-candidate,not-applicable
L0404,CHAPTERS/04-Systems-Based-on-Numbers.md:L395-396[U000802];CHAPTERS/04-Systems-Based-on-Numbers.md:L397-398[U000803];CHAPTERS/04-Systems-Based-on-Numbers.md:L399-400[U000804];CHAPTERS/04-Systems-Based-on-Numbers.md:L401-402[U000805],RESOLVED,continued-fraction-encoding,successive-add-and-divide-operations-encode-a-number,,not-serious-candidate,not-applicable
L0405,CHAPTERS/04-Systems-Based-on-Numbers.md:L403-404[U000806],WEAK,symbolic-number-representation,discussion-of-expression-complexity-is-not-a-construction,,not-serious-candidate,not-applicable
L0406,CHAPTERS/04-Systems-Based-on-Numbers.md:L448-449[U000816],WEAK,function-curve-rendering,static-function-plots-are-observers-and-examples,,not-serious-candidate,not-applicable
L0407,CHAPTERS/04-Systems-Based-on-Numbers.md:L450-451[U000817],WEAK,function-curve-rendering,static-function-plots-are-observers-and-examples,,not-serious-candidate,not-applicable
L0408,CHAPTERS/04-Systems-Based-on-Numbers.md:L450-451[U000817],WEAK,function-curve-rendering,static-function-plots-are-observers-and-examples,,not-serious-candidate,not-applicable
L0409,CHAPTERS/04-Systems-Based-on-Numbers.md:L450-451[U000817],WEAK,function-curve-rendering,static-function-plots-are-observers-and-examples,,not-serious-candidate,not-applicable
L0410,CHAPTERS/04-Systems-Based-on-Numbers.md:L450-451[U000817],WEAK,function-curve-rendering,static-function-plots-are-observers-and-examples,,not-serious-candidate,not-applicable
L0411,CHAPTERS/04-Systems-Based-on-Numbers.md:L454-455[U000819];CHAPTERS/04-Systems-Based-on-Numbers.md:L458-459[U000821],SERIOUS,parallel-independent-substitution,continued-fraction-terms-schedule-changing-substitution-rules,C061,T13:retain-family;T15:merge;T26:retain-preset;T27:repair;T42:retain-preset,F038
L0412,CHAPTERS/04-Systems-Based-on-Numbers.md:L458-459[U000821],SERIOUS,parallel-independent-substitution,continued-fraction-terms-schedule-changing-substitution-rules,C061,T13:retain-family;T15:merge;T26:retain-preset;T27:repair;T42:retain-preset,F038
L0413,CHAPTERS/04-Systems-Based-on-Numbers.md:L458-459[U000821];CHAPTERS/04-Systems-Based-on-Numbers.md:L460-461[U000822],SERIOUS,parallel-independent-substitution,continued-fraction-terms-schedule-changing-substitution-rules,C061,T13:retain-family;T15:merge;T26:retain-preset;T27:repair;T42:retain-preset,F038
L0414,CHAPTERS/04-Systems-Based-on-Numbers.md:L458-459[U000821],RESOLVED,continued-fraction-substitution,figure-panels-are-parameter-presets-of-the-same-schedule,,not-serious-candidate,not-applicable
L0415,CHAPTERS/04-Systems-Based-on-Numbers.md:L458-459[U000821],RESOLVED,continued-fraction-substitution,figure-panels-are-parameter-presets-of-the-same-schedule,,not-serious-candidate,not-applicable
L0416,CHAPTERS/04-Systems-Based-on-Numbers.md:L462-463[U000823];CHAPTERS/04-Systems-Based-on-Numbers.md:L466-467[U000825];CHAPTERS/04-Systems-Based-on-Numbers.md:L468-469[U000826],WEAK,zeta-function-property,a-static-function-and-its-plot-do-not-define-an-evolution,,not-serious-candidate,not-applicable
L0417,CHAPTERS/04-Systems-Based-on-Numbers.md:L464-465[U000824];CHAPTERS/04-Systems-Based-on-Numbers.md:L466-467[U000825];CHAPTERS/04-Systems-Based-on-Numbers.md:L468-469[U000826],WEAK,zeta-function-property,a-static-function-and-its-plot-do-not-define-an-evolution,,not-serious-candidate,not-applicable
L0418,CHAPTERS/04-Systems-Based-on-Numbers.md:L466-467[U000825];CHAPTERS/04-Systems-Based-on-Numbers.md:L468-469[U000826],WEAK,zeta-function-property,a-static-function-and-its-plot-do-not-define-an-evolution,,not-serious-candidate,not-applicable
L0419,CHAPTERS/04-Systems-Based-on-Numbers.md:L472-473[U000828];CHAPTERS/04-Systems-Based-on-Numbers.md:L486-487[U000835],SERIOUS,iterated-map,a-fixed-map-repeatedly-updates-one-real-valued-state,C037,T34:retain-family;T35:retain-preset;T36:retain-preset;T43:retain-family,F027
L0420,CHAPTERS/04-Systems-Based-on-Numbers.md:L478-479[U000831];CHAPTERS/04-Systems-Based-on-Numbers.md:L486-487[U000835],RESOLVED,real-map-seed,changed-starting-numbers-are-initial-condition-presets,,not-serious-candidate,not-applicable
L0421,CHAPTERS/04-Systems-Based-on-Numbers.md:L478-479[U000831];CHAPTERS/04-Systems-Based-on-Numbers.md:L490-491[U000837],RESOLVED,real-map-seed,changed-starting-numbers-are-initial-condition-presets,,not-serious-candidate,not-applicable
L0422,CHAPTERS/04-Systems-Based-on-Numbers.md:L482-483[U000833];CHAPTERS/04-Systems-Based-on-Numbers.md:L486-487[U000835];CHAPTERS/04-Systems-Based-on-Numbers.md:L490-491[U000837];CHAPTERS/04-Systems-Based-on-Numbers.md:L510-511[U000847];CHAPTERS/04-Systems-Based-on-Numbers.md:L512-513[U000848];CHAPTERS/04-Systems-Based-on-Numbers.md:L514-515[U000849];CHAPTERS/04-Systems-Based-on-Numbers.md:L516-517[U000850],RESOLVED,real-scalar-map,the-shift-map-is-a-specific-rule-preset,,not-serious-candidate,not-applicable
L0423,CHAPTERS/04-Systems-Based-on-Numbers.md:L486-487[U000835];CHAPTERS/04-Systems-Based-on-Numbers.md:L488-489[U000836];CHAPTERS/04-Systems-Based-on-Numbers.md:L490-491[U000837];CHAPTERS/04-Systems-Based-on-Numbers.md:L530-531[U000857],RESOLVED,real-scalar-map,figures-compare-map-and-seed-presets,,not-serious-candidate,not-applicable
L0424,CHAPTERS/04-Systems-Based-on-Numbers.md:L486-487[U000835];CHAPTERS/04-Systems-Based-on-Numbers.md:L488-489[U000836];CHAPTERS/04-Systems-Based-on-Numbers.md:L490-491[U000837];CHAPTERS/04-Systems-Based-on-Numbers.md:L530-531[U000857],RESOLVED,real-scalar-map,figures-compare-map-and-seed-presets,,not-serious-candidate,not-applicable
L0425,CHAPTERS/04-Systems-Based-on-Numbers.md:L486-487[U000835];CHAPTERS/04-Systems-Based-on-Numbers.md:L490-491[U000837],RESOLVED,real-scalar-map,figures-compare-map-and-seed-presets,,not-serious-candidate,not-applicable
L0426,CHAPTERS/04-Systems-Based-on-Numbers.md:L502-503[U000843];CHAPTERS/04-Systems-Based-on-Numbers.md:L506-507[U000845];CHAPTERS/04-Systems-Based-on-Numbers.md:L508-509[U000846];CHAPTERS/04-Systems-Based-on-Numbers.md:L510-511[U000847];CHAPTERS/04-Systems-Based-on-Numbers.md:L512-513[U000848];CHAPTERS/04-Systems-Based-on-Numbers.md:L514-515[U000849],WEAK,sensitive-dependence-property,trajectory-divergence-is-a-behavioral-property,,not-serious-candidate,not-applicable
L0427,CHAPTERS/04-Systems-Based-on-Numbers.md:L522-523[U000853],RESOLVED,real-map-seed,random-number-choice-is-an-initial-condition-distribution,,not-serious-candidate,not-applicable
L0428,CHAPTERS/04-Systems-Based-on-Numbers.md:L534-535[U000859],RESOLVED,trajectory-difference-observer,difference-image-is-an-output-projection,,not-serious-candidate,not-applicable
L0429,CHAPTERS/04-Systems-Based-on-Numbers.md:L546-547[U000865];CHAPTERS/04-Systems-Based-on-Numbers.md:L548-549[U000866];CHAPTERS/04-Systems-Based-on-Numbers.md:L550-551[U000867],SERIOUS,synchronous-local-state-automaton,real-valued-cells-update-synchronously-from-local-averages,C090,T01:retain-family;T02:retain-preset;T03:retain-preset;T04:retain-preset;T05:merge;T06:retain-preset;T07:retain-preset;T21:retain-preset;T22:retain-preset;T23:retain-preset;T24:retain-preset;T44:alias,F053
L0430,CHAPTERS/04-Systems-Based-on-Numbers.md:L548-549[U000866],SERIOUS,synchronous-local-state-automaton,real-valued-cells-update-synchronously-from-local-averages,C090,T01:retain-family;T02:retain-preset;T03:retain-preset;T04:retain-preset;T05:merge;T06:retain-preset;T07:retain-preset;T21:retain-preset;T22:retain-preset;T23:retain-preset;T24:retain-preset;T44:alias,F053
L0431,CHAPTERS/04-Systems-Based-on-Numbers.md:L548-549[U000866];CHAPTERS/04-Systems-Based-on-Numbers.md:L550-551[U000867];CHAPTERS/04-Systems-Based-on-Numbers.md:L552-562[U000868],SERIOUS,synchronous-local-state-automaton,real-valued-cells-update-synchronously-from-local-averages,C090,T01:retain-family;T02:retain-preset;T03:retain-preset;T04:retain-preset;T05:merge;T06:retain-preset;T07:retain-preset;T21:retain-preset;T22:retain-preset;T23:retain-preset;T24:retain-preset;T44:alias,F053
L0432,CHAPTERS/04-Systems-Based-on-Numbers.md:L565-566[U000870];CHAPTERS/04-Systems-Based-on-Numbers.md:L567-568[U000871];CHAPTERS/04-Systems-Based-on-Numbers.md:L569-579[U000872];CHAPTERS/04-Systems-Based-on-Numbers.md:L580-581[U000873],RESOLVED,continuous-cellular-automaton,fractional-part-mapping-is-a-rule-preset,,not-serious-candidate,not-applicable
L0433,CHAPTERS/04-Systems-Based-on-Numbers.md:L584-585[U000875];CHAPTERS/04-Systems-Based-on-Numbers.md:L597-598[U000877];CHAPTERS/04-Systems-Based-on-Numbers.md:L599-600[U000878];CHAPTERS/04-Systems-Based-on-Numbers.md:L601-602[U000879];CHAPTERS/04-Systems-Based-on-Numbers.md:L603-604[U000880];CHAPTERS/04-Systems-Based-on-Numbers.md:L609-610[U000883];CHAPTERS/04-Systems-Based-on-Numbers.md:L611-612[U000884];CHAPTERS/04-Systems-Based-on-Numbers.md:L613-614[U000885];CHAPTERS/04-Systems-Based-on-Numbers.md:L615-616[U000886],RESOLVED,continuous-cellular-automaton,constant-offset-cases-are-rule-parameter-presets,,not-serious-candidate,not-applicable
L0434,CHAPTERS/04-Systems-Based-on-Numbers.md:L584-585[U000875];CHAPTERS/04-Systems-Based-on-Numbers.md:L609-610[U000883];CHAPTERS/04-Systems-Based-on-Numbers.md:L611-612[U000884],RESOLVED,continuous-cellular-automaton,constant-offset-cases-are-rule-parameter-presets,,not-serious-candidate,not-applicable
L0435,CHAPTERS/04-Systems-Based-on-Numbers.md:L584-585[U000875];CHAPTERS/04-Systems-Based-on-Numbers.md:L609-610[U000883];CHAPTERS/04-Systems-Based-on-Numbers.md:L611-612[U000884],RESOLVED,continuous-cellular-automaton,constant-offset-cases-are-rule-parameter-presets,,not-serious-candidate,not-applicable
L0436,CHAPTERS/04-Systems-Based-on-Numbers.md:L584-585[U000875];CHAPTERS/04-Systems-Based-on-Numbers.md:L609-610[U000883];CHAPTERS/04-Systems-Based-on-Numbers.md:L611-612[U000884],RESOLVED,continuous-cellular-automaton,constant-offset-cases-are-rule-parameter-presets,,not-serious-candidate,not-applicable
L0437,CHAPTERS/04-Systems-Based-on-Numbers.md:L584-585[U000875];CHAPTERS/04-Systems-Based-on-Numbers.md:L609-610[U000883];CHAPTERS/04-Systems-Based-on-Numbers.md:L611-612[U000884],RESOLVED,continuous-cellular-automaton,constant-offset-cases-are-rule-parameter-presets,,not-serious-candidate,not-applicable
L0438,CHAPTERS/04-Systems-Based-on-Numbers.md:L584-585[U000875];CHAPTERS/04-Systems-Based-on-Numbers.md:L609-610[U000883];CHAPTERS/04-Systems-Based-on-Numbers.md:L611-612[U000884];CHAPTERS/04-Systems-Based-on-Numbers.md:L613-614[U000885],RESOLVED,continuous-cellular-automaton,constant-offset-cases-are-rule-parameter-presets,,not-serious-candidate,not-applicable
L0439,CHAPTERS/04-Systems-Based-on-Numbers.md:L584-585[U000875];CHAPTERS/04-Systems-Based-on-Numbers.md:L609-610[U000883];CHAPTERS/04-Systems-Based-on-Numbers.md:L611-612[U000884],RESOLVED,continuous-cellular-automaton,constant-offset-cases-are-rule-parameter-presets,,not-serious-candidate,not-applicable
L0440,CHAPTERS/04-Systems-Based-on-Numbers.md:L584-585[U000875];CHAPTERS/04-Systems-Based-on-Numbers.md:L609-610[U000883];CHAPTERS/04-Systems-Based-on-Numbers.md:L611-612[U000884],RESOLVED,continuous-cellular-automaton,constant-offset-cases-are-rule-parameter-presets,,not-serious-candidate,not-applicable
L0441,CHAPTERS/04-Systems-Based-on-Numbers.md:L584-585[U000875];CHAPTERS/04-Systems-Based-on-Numbers.md:L609-610[U000883];CHAPTERS/04-Systems-Based-on-Numbers.md:L611-612[U000884],RESOLVED,continuous-cellular-automaton,constant-offset-cases-are-rule-parameter-presets,,not-serious-candidate,not-applicable
L0442,CHAPTERS/04-Systems-Based-on-Numbers.md:L584-585[U000875];CHAPTERS/04-Systems-Based-on-Numbers.md:L609-610[U000883];CHAPTERS/04-Systems-Based-on-Numbers.md:L611-612[U000884],RESOLVED,continuous-cellular-automaton,constant-offset-cases-are-rule-parameter-presets,,not-serious-candidate,not-applicable
L0443,CHAPTERS/04-Systems-Based-on-Numbers.md:L584-585[U000875];CHAPTERS/04-Systems-Based-on-Numbers.md:L609-610[U000883];CHAPTERS/04-Systems-Based-on-Numbers.md:L611-612[U000884],RESOLVED,continuous-cellular-automaton,constant-offset-cases-are-rule-parameter-presets,,not-serious-candidate,not-applicable
L0444,CHAPTERS/04-Systems-Based-on-Numbers.md:L584-585[U000875];CHAPTERS/04-Systems-Based-on-Numbers.md:L597-598[U000877];CHAPTERS/04-Systems-Based-on-Numbers.md:L599-600[U000878];CHAPTERS/04-Systems-Based-on-Numbers.md:L601-602[U000879];CHAPTERS/04-Systems-Based-on-Numbers.md:L603-604[U000880];CHAPTERS/04-Systems-Based-on-Numbers.md:L611-612[U000884],RESOLVED,continuous-cellular-automaton,constant-offset-cases-are-rule-parameter-presets,,not-serious-candidate,not-applicable
L0445,CHAPTERS/04-Systems-Based-on-Numbers.md:L584-585[U000875];CHAPTERS/04-Systems-Based-on-Numbers.md:L609-610[U000883];CHAPTERS/04-Systems-Based-on-Numbers.md:L611-612[U000884],RESOLVED,continuous-cellular-automaton,constant-offset-cases-are-rule-parameter-presets,,not-serious-candidate,not-applicable
L0446,CHAPTERS/04-Systems-Based-on-Numbers.md:L584-585[U000875];CHAPTERS/04-Systems-Based-on-Numbers.md:L609-610[U000883];CHAPTERS/04-Systems-Based-on-Numbers.md:L611-612[U000884];CHAPTERS/04-Systems-Based-on-Numbers.md:L613-614[U000885],RESOLVED,continuous-cellular-automaton,constant-offset-cases-are-rule-parameter-presets,,not-serious-candidate,not-applicable
L0447,CHAPTERS/04-Systems-Based-on-Numbers.md:L584-585[U000875];CHAPTERS/04-Systems-Based-on-Numbers.md:L609-610[U000883];CHAPTERS/04-Systems-Based-on-Numbers.md:L611-612[U000884];CHAPTERS/04-Systems-Based-on-Numbers.md:L613-614[U000885],RESOLVED,continuous-cellular-automaton,constant-offset-cases-are-rule-parameter-presets,,not-serious-candidate,not-applicable
L0448,CHAPTERS/04-Systems-Based-on-Numbers.md:L584-585[U000875];CHAPTERS/04-Systems-Based-on-Numbers.md:L609-610[U000883];CHAPTERS/04-Systems-Based-on-Numbers.md:L611-612[U000884];CHAPTERS/04-Systems-Based-on-Numbers.md:L613-614[U000885],RESOLVED,continuous-cellular-automaton,constant-offset-cases-are-rule-parameter-presets,,not-serious-candidate,not-applicable
L0449,CHAPTERS/04-Systems-Based-on-Numbers.md:L584-585[U000875];CHAPTERS/04-Systems-Based-on-Numbers.md:L609-610[U000883];CHAPTERS/04-Systems-Based-on-Numbers.md:L611-612[U000884],RESOLVED,continuous-cellular-automaton,constant-offset-cases-are-rule-parameter-presets,,not-serious-candidate,not-applicable
L0450,CHAPTERS/04-Systems-Based-on-Numbers.md:L584-585[U000875];CHAPTERS/04-Systems-Based-on-Numbers.md:L609-610[U000883];CHAPTERS/04-Systems-Based-on-Numbers.md:L611-612[U000884],RESOLVED,continuous-cellular-automaton,constant-offset-cases-are-rule-parameter-presets,,not-serious-candidate,not-applicable
L0451,CHAPTERS/04-Systems-Based-on-Numbers.md:L584-585[U000875];CHAPTERS/04-Systems-Based-on-Numbers.md:L609-610[U000883];CHAPTERS/04-Systems-Based-on-Numbers.md:L611-612[U000884],RESOLVED,continuous-cellular-automaton,constant-offset-cases-are-rule-parameter-presets,,not-serious-candidate,not-applicable
L0452,CHAPTERS/04-Systems-Based-on-Numbers.md:L584-585[U000875];CHAPTERS/04-Systems-Based-on-Numbers.md:L609-610[U000883];CHAPTERS/04-Systems-Based-on-Numbers.md:L611-612[U000884],RESOLVED,continuous-cellular-automaton,constant-offset-cases-are-rule-parameter-presets,,not-serious-candidate,not-applicable
L0453,CHAPTERS/04-Systems-Based-on-Numbers.md:L584-585[U000875];CHAPTERS/04-Systems-Based-on-Numbers.md:L609-610[U000883];CHAPTERS/04-Systems-Based-on-Numbers.md:L611-612[U000884];CHAPTERS/04-Systems-Based-on-Numbers.md:L613-614[U000885],RESOLVED,continuous-cellular-automaton,constant-offset-cases-are-rule-parameter-presets,,not-serious-candidate,not-applicable
L0454,CHAPTERS/04-Systems-Based-on-Numbers.md:L584-585[U000875];CHAPTERS/04-Systems-Based-on-Numbers.md:L609-610[U000883];CHAPTERS/04-Systems-Based-on-Numbers.md:L611-612[U000884],RESOLVED,continuous-cellular-automaton,constant-offset-cases-are-rule-parameter-presets,,not-serious-candidate,not-applicable
L0455,CHAPTERS/04-Systems-Based-on-Numbers.md:L584-585[U000875];CHAPTERS/04-Systems-Based-on-Numbers.md:L607-608[U000882];CHAPTERS/04-Systems-Based-on-Numbers.md:L609-610[U000883];CHAPTERS/04-Systems-Based-on-Numbers.md:L613-614[U000885],RESOLVED,continuous-cellular-automaton,constant-offset-cases-are-rule-parameter-presets,,not-serious-candidate,not-applicable
L0456,CHAPTERS/04-Systems-Based-on-Numbers.md:L584-585[U000875];CHAPTERS/04-Systems-Based-on-Numbers.md:L609-610[U000883];CHAPTERS/04-Systems-Based-on-Numbers.md:L613-614[U000885],RESOLVED,continuous-cellular-automaton,constant-offset-cases-are-rule-parameter-presets,,not-serious-candidate,not-applicable
L0457,CHAPTERS/04-Systems-Based-on-Numbers.md:L584-585[U000875];CHAPTERS/04-Systems-Based-on-Numbers.md:L609-610[U000883];CHAPTERS/04-Systems-Based-on-Numbers.md:L613-614[U000885],RESOLVED,continuous-cellular-automaton,constant-offset-cases-are-rule-parameter-presets,,not-serious-candidate,not-applicable
L0458,CHAPTERS/04-Systems-Based-on-Numbers.md:L613-614[U000885];CHAPTERS/04-Systems-Based-on-Numbers.md:L615-616[U000886],RESOLVED,continuous-ca-observer,difference-rendering-exposes-localized-structures,,not-serious-candidate,not-applicable
L0459,CHAPTERS/04-Systems-Based-on-Numbers.md:L625-626[U000891];CHAPTERS/04-Systems-Based-on-Numbers.md:L667-668[U000912];CHAPTERS/04-Systems-Based-on-Numbers.md:L671-672[U000914];CHAPTERS/04-Systems-Based-on-Numbers.md:L673-674[U000915],SERIOUS,partial-differential-equation,continuous-field-rates-are-constrained-by-spatial-derivatives,C063,T45:retain-family,F041
L0460,CHAPTERS/04-Systems-Based-on-Numbers.md:L637-638[U000897];CHAPTERS/04-Systems-Based-on-Numbers.md:L649-650[U000903];CHAPTERS/04-Systems-Based-on-Numbers.md:L651-652[U000904];CHAPTERS/04-Systems-Based-on-Numbers.md:L653-654[U000905];CHAPTERS/04-Systems-Based-on-Numbers.md:L667-668[U000912],RESOLVED,partial-differential-equation,named-equations-and-figures-are-rule-and-seed-presets,,not-serious-candidate,not-applicable
L0461,CHAPTERS/04-Systems-Based-on-Numbers.md:L655-656[U000906];CHAPTERS/04-Systems-Based-on-Numbers.md:L657-658[U000907];CHAPTERS/04-Systems-Based-on-Numbers.md:L659-660[U000908];CHAPTERS/04-Systems-Based-on-Numbers.md:L667-668[U000912],RESOLVED,partial-differential-equation,named-equations-and-figures-are-rule-and-seed-presets,,not-serious-candidate,not-applicable
L0462,CHAPTERS/04-Systems-Based-on-Numbers.md:L661-662[U000909];CHAPTERS/04-Systems-Based-on-Numbers.md:L663-664[U000910];CHAPTERS/04-Systems-Based-on-Numbers.md:L665-666[U000911];CHAPTERS/04-Systems-Based-on-Numbers.md:L667-668[U000912],RESOLVED,partial-differential-equation,named-equations-and-figures-are-rule-and-seed-presets,,not-serious-candidate,not-applicable
L0463,CHAPTERS/04-Systems-Based-on-Numbers.md:L649-650[U000903];CHAPTERS/04-Systems-Based-on-Numbers.md:L651-652[U000904];CHAPTERS/04-Systems-Based-on-Numbers.md:L655-656[U000906];CHAPTERS/04-Systems-Based-on-Numbers.md:L657-658[U000907];CHAPTERS/04-Systems-Based-on-Numbers.md:L661-662[U000909];CHAPTERS/04-Systems-Based-on-Numbers.md:L663-664[U000910];CHAPTERS/04-Systems-Based-on-Numbers.md:L667-668[U000912];CHAPTERS/04-Systems-Based-on-Numbers.md:L683-684[U000920];CHAPTERS/04-Systems-Based-on-Numbers.md:L685-686[U000921];CHAPTERS/04-Systems-Based-on-Numbers.md:L689-690[U000923];CHAPTERS/04-Systems-Based-on-Numbers.md:L691-692[U000924];CHAPTERS/04-Systems-Based-on-Numbers.md:L695-696[U000926];CHAPTERS/04-Systems-Based-on-Numbers.md:L697-698[U000927];CHAPTERS/04-Systems-Based-on-Numbers.md:L703-704[U000930];CHAPTERS/04-Systems-Based-on-Numbers.md:L707-708[U000932];CHAPTERS/04-Systems-Based-on-Numbers.md:L711-712[U000934],RESOLVED,partial-differential-equation,named-equations-and-figures-are-rule-and-seed-presets,,not-serious-candidate,not-applicable
L0464,CHAPTERS/04-Systems-Based-on-Numbers.md:L671-672[U000914],WEAK,equation-search-technique,symbolic-sampling-is-a-discovery-method-not-a-construction,,not-serious-candidate,not-applicable
L0465,CHAPTERS/04-Systems-Based-on-Numbers.md:L683-684[U000920];CHAPTERS/04-Systems-Based-on-Numbers.md:L685-686[U000921];CHAPTERS/04-Systems-Based-on-Numbers.md:L687-688[U000922];CHAPTERS/04-Systems-Based-on-Numbers.md:L703-704[U000930];CHAPTERS/04-Systems-Based-on-Numbers.md:L705-706[U000931];CHAPTERS/04-Systems-Based-on-Numbers.md:L715-716[U000936],RESOLVED,partial-differential-equation,complex-equations-are-rule-parameter-presets,,not-serious-candidate,not-applicable
L0466,CHAPTERS/04-Systems-Based-on-Numbers.md:L689-690[U000923];CHAPTERS/04-Systems-Based-on-Numbers.md:L691-692[U000924];CHAPTERS/04-Systems-Based-on-Numbers.md:L693-694[U000925];CHAPTERS/04-Systems-Based-on-Numbers.md:L707-708[U000932];CHAPTERS/04-Systems-Based-on-Numbers.md:L709-710[U000933];CHAPTERS/04-Systems-Based-on-Numbers.md:L715-716[U000936],RESOLVED,partial-differential-equation,complex-equations-are-rule-parameter-presets,,not-serious-candidate,not-applicable
L0467,CHAPTERS/04-Systems-Based-on-Numbers.md:L695-696[U000926];CHAPTERS/04-Systems-Based-on-Numbers.md:L697-698[U000927];CHAPTERS/04-Systems-Based-on-Numbers.md:L699-700[U000928];CHAPTERS/04-Systems-Based-on-Numbers.md:L711-712[U000934];CHAPTERS/04-Systems-Based-on-Numbers.md:L713-714[U000935];CHAPTERS/04-Systems-Based-on-Numbers.md:L715-716[U000936],RESOLVED,partial-differential-equation,complex-equations-are-rule-parameter-presets,,not-serious-candidate,not-applicable
L0468,CHAPTERS/04-Systems-Based-on-Numbers.md:L715-716[U000936],RESOLVED,pde-solution-observer,long-time-plot-is-an-output-rendering,,not-serious-candidate,not-applicable
L0469,BACK-MATTER/NOTES/04-Systems-Based-on-Numbers-Notes.md:L5-6[U005639];BACK-MATTER/NOTES/04-Systems-Based-on-Numbers-Notes.md:L7-10[U005640],RESOLVED,digit-sequence-encoding,library-conversion-routes-to-an-encoder-or-decoder,,not-serious-candidate,not-applicable
L0470,BACK-MATTER/NOTES/04-Systems-Based-on-Numbers-Notes.md:L11-12[U005641];BACK-MATTER/NOTES/04-Systems-Based-on-Numbers-Notes.md:L13-16[U005642],RESOLVED,digit-sequence-encoding,library-conversion-routes-to-an-encoder-or-decoder,,not-serious-candidate,not-applicable
L0471,BACK-MATTER/NOTES/04-Systems-Based-on-Numbers-Notes.md:L17-18[U005643];BACK-MATTER/NOTES/04-Systems-Based-on-Numbers-Notes.md:L19-22[U005644],RESOLVED,digit-sequence-encoding,library-conversion-routes-to-an-encoder-or-decoder,,not-serious-candidate,not-applicable
L0472,BACK-MATTER/NOTES/04-Systems-Based-on-Numbers-Notes.md:L23-24[U005645];BACK-MATTER/NOTES/04-Systems-Based-on-Numbers-Notes.md:L25-28[U005646],RESOLVED,digit-sequence-encoding,library-conversion-routes-to-an-encoder-or-decoder,,not-serious-candidate,not-applicable
L0473,BACK-MATTER/NOTES/04-Systems-Based-on-Numbers-Notes.md:L29-30[U005647];BACK-MATTER/NOTES/04-Systems-Based-on-Numbers-Notes.md:L31-35[U005648];BACK-MATTER/NOTES/04-Systems-Based-on-Numbers-Notes.md:L36-37[U005649],RESOLVED,gray-code-encoding,gray-ordering-is-a-number-representation,,not-serious-candidate,not-applicable
L0474,BACK-MATTER/NOTES/04-Systems-Based-on-Numbers-Notes.md:L36-37[U005649];BACK-MATTER/NOTES/04-Systems-Based-on-Numbers-Notes.md:L213-214[U005725],RESOLVED,digit-sequence-observer,sideways-picture-is-only-a-rendering-choice,,not-serious-candidate,not-applicable
L0475,BACK-MATTER/NOTES/04-Systems-Based-on-Numbers-Notes.md:L52-53[U005657],RESOLVED,substitution-system,digit-pattern-is-an-equivalent-substitution-preset,,not-serious-candidate,not-applicable
L0476,BACK-MATTER/NOTES/04-Systems-Based-on-Numbers-Notes.md:L54-55[U005658];BACK-MATTER/NOTES/04-Systems-Based-on-Numbers-Notes.md:L56-59[U005659];BACK-MATTER/NOTES/04-Systems-Based-on-Numbers-Notes.md:L60-61[U005660],RESOLVED,digit-count-observer,count-and-plot-measure-an-existing-sequence,,not-serious-candidate,not-applicable
L0477,BACK-MATTER/NOTES/04-Systems-Based-on-Numbers-Notes.md:L64-65[U005662],RESOLVED,generalized-number-encoding,alternate-bases-and-composition-laws-are-representations,,not-serious-candidate,not-applicable
L0478,BACK-MATTER/NOTES/04-Systems-Based-on-Numbers-Notes.md:L68-69[U005664],RESOLVED,generalized-number-encoding,alternate-bases-and-composition-laws-are-representations,,not-serious-candidate,not-applicable
L0479,BACK-MATTER/NOTES/04-Systems-Based-on-Numbers-Notes.md:L70-71[U005665],RESOLVED,generalized-number-encoding,alternate-bases-and-composition-laws-are-representations,,not-serious-candidate,not-applicable
L0480,BACK-MATTER/NOTES/04-Systems-Based-on-Numbers-Notes.md:L74-75[U005667],RESOLVED,scalar-arithmetic-iteration,powers-of-three-are-a-multiplication-rule-preset,,not-serious-candidate,not-applicable
L0481,BACK-MATTER/NOTES/04-Systems-Based-on-Numbers-Notes.md:L78-79[U005669];BACK-MATTER/NOTES/04-Systems-Based-on-Numbers-Notes.md:L80-81[U005670],WEAK,digit-pattern-property,period-growth-and-deviations-are-output-properties,,not-serious-candidate,not-applicable
L0482,BACK-MATTER/NOTES/04-Systems-Based-on-Numbers-Notes.md:L82-83[U005671],RESOLVED,cellular-automaton-encoding,base-six-form-is-an-equivalent-local-encoding,,not-serious-candidate,not-applicable
L0483,BACK-MATTER/NOTES/04-Systems-Based-on-Numbers-Notes.md:L86-87[U005673],RESOLVED,scalar-arithmetic-iteration,fractional-powers-are-a-rule-and-observer-preset,,not-serious-candidate,not-applicable
L0484,BACK-MATTER/NOTES/04-Systems-Based-on-Numbers-Notes.md:L88-89[U005674];BACK-MATTER/NOTES/04-Systems-Based-on-Numbers-Notes.md:L90-94[U005675];BACK-MATTER/NOTES/04-Systems-Based-on-Numbers-Notes.md:L95-96[U005676],RESOLVED,cellular-automaton-encoding,base-six-rule-is-an-equivalent-ca-realization,,not-serious-candidate,not-applicable
L0485,BACK-MATTER/NOTES/04-Systems-Based-on-Numbers-Notes.md:L97-98[U005677],WEAK,distribution-property,uniform-distribution-is-a-sequence-property,,not-serious-candidate,not-applicable
L0486,BACK-MATTER/NOTES/04-Systems-Based-on-Numbers-Notes.md:L99-100[U005678];BACK-MATTER/NOTES/04-Systems-Based-on-Numbers-Notes.md:L103-104[U005680];BACK-MATTER/NOTES/04-Systems-Based-on-Numbers-Notes.md:L105-106[U005681],RESOLVED,real-scalar-map,successive-multiples-modulo-one-are-a-map-preset,,not-serious-candidate,not-applicable
L0487,BACK-MATTER/NOTES/04-Systems-Based-on-Numbers-Notes.md:L105-106[U005681],RESOLVED,substitution-system,formula-and-code-give-an-equivalent-substitution-description,,not-serious-candidate,not-applicable
L0488,BACK-MATTER/NOTES/04-Systems-Based-on-Numbers-Notes.md:L107-111[U005682];BACK-MATTER/NOTES/04-Systems-Based-on-Numbers-Notes.md:L112-113[U005683];BACK-MATTER/NOTES/04-Systems-Based-on-Numbers-Notes.md:L114-115[U005684];BACK-MATTER/NOTES/04-Systems-Based-on-Numbers-Notes.md:L116-117[U005685];BACK-MATTER/NOTES/04-Systems-Based-on-Numbers-Notes.md:L105-106[U005681],RESOLVED,substitution-system,formula-and-code-give-an-equivalent-substitution-description,,not-serious-candidate,not-applicable
L0489,BACK-MATTER/NOTES/04-Systems-Based-on-Numbers-Notes.md:L118-119[U005686],WEAK,distribution-property,listed-uniform-sequences-are-examples-and-properties,,not-serious-candidate,not-applicable
L0490,BACK-MATTER/NOTES/04-Systems-Based-on-Numbers-Notes.md:L120-121[U005687];BACK-MATTER/NOTES/04-Systems-Based-on-Numbers-Notes.md:L122-123[U005688],RESOLVED,scalar-piecewise-iteration,code-is-an-implementation-of-an-already-routed-rule,,not-serious-candidate,not-applicable
L0491,BACK-MATTER/NOTES/04-Systems-Based-on-Numbers-Notes.md:L124-125[U005689],RESOLVED,scalar-piecewise-iteration,three-n-plus-one-is-a-named-rule-preset,,not-serious-candidate,not-applicable
L0492,BACK-MATTER/NOTES/04-Systems-Based-on-Numbers-Notes.md:L124-125[U005689];BACK-MATTER/NOTES/04-Systems-Based-on-Numbers-Notes.md:L126-129[U005690],RESOLVED,scalar-piecewise-iteration,three-n-plus-one-is-a-named-rule-preset,,not-serious-candidate,not-applicable
L0493,BACK-MATTER/NOTES/04-Systems-Based-on-Numbers-Notes.md:L126-129[U005690],RESOLVED,termination-observer,fixed-point-test-measures-whether-an-orbit-reaches-a-value,,not-serious-candidate,not-applicable
L0494,BACK-MATTER/NOTES/04-Systems-Based-on-Numbers-Notes.md:L130-131[U005691],RESOLVED,scalar-piecewise-iteration,changed-coefficients-are-a-rule-preset,,not-serious-candidate,not-applicable
L0495,BACK-MATTER/NOTES/04-Systems-Based-on-Numbers-Notes.md:L136-137[U005694],RESOLVED,stopping-time-observer,plots-measure-steps-to-a-target-value,,not-serious-candidate,not-applicable
L0496,BACK-MATTER/NOTES/04-Systems-Based-on-Numbers-Notes.md:L136-137[U005694],RESOLVED,stopping-time-observer,plots-measure-steps-to-a-target-value,,not-serious-candidate,not-applicable
L0497,BACK-MATTER/NOTES/04-Systems-Based-on-Numbers-Notes.md:L140-141[U005696];BACK-MATTER/NOTES/04-Systems-Based-on-Numbers-Notes.md:L142-146[U005697];BACK-MATTER/NOTES/04-Systems-Based-on-Numbers-Notes.md:L147-148[U005698],RESOLVED,cellular-automaton-encoding,three-n-plus-one-is-reencoded-as-a-local-ca,,not-serious-candidate,not-applicable
L0498,BACK-MATTER/NOTES/04-Systems-Based-on-Numbers-Notes.md:L149-150[U005699];BACK-MATTER/NOTES/04-Systems-Based-on-Numbers-Notes.md:L151-157[U005700],RESOLVED,inverse-trajectory-observer,reconstruction-analyzes-a-given-parity-history,,not-serious-candidate,not-applicable
L0499,BACK-MATTER/NOTES/04-Systems-Based-on-Numbers-Notes.md:L158-159[U005701];BACK-MATTER/NOTES/04-Systems-Based-on-Numbers-Notes.md:L160-161[U005702];BACK-MATTER/NOTES/04-Systems-Based-on-Numbers-Notes.md:L162-163[U005703];BACK-MATTER/NOTES/04-Systems-Based-on-Numbers-Notes.md:L164-165[U005704],RESOLVED,scalar-piecewise-iteration,invertibility-is-a-property-of-this-rule-preset,,not-serious-candidate,not-applicable
L0500,BACK-MATTER/NOTES/04-Systems-Based-on-Numbers-Notes.md:L170-171[U005707];BACK-MATTER/NOTES/04-Systems-Based-on-Numbers-Notes.md:L172-173[U005708];BACK-MATTER/NOTES/04-Systems-Based-on-Numbers-Notes.md:L174-175[U005709];BACK-MATTER/NOTES/04-Systems-Based-on-Numbers-Notes.md:L178-179[U005711],SERIOUS,iterated-map,canonical-note-specifies-the-digit-reverse-and-add-update,C037,T34:retain-family;T35:retain-preset;T36:retain-preset;T43:retain-family,F027
L0501,BACK-MATTER/NOTES/04-Systems-Based-on-Numbers-Notes.md:L182-183[U005713];BACK-MATTER/NOTES/04-Systems-Based-on-Numbers-Notes.md:L184-188[U005714],RESOLVED,digit-reversal-ordering,finite-digit-permutation-is-an-encoding-order,,not-serious-candidate,not-applicable
L0502,BACK-MATTER/NOTES/04-Systems-Based-on-Numbers-Notes.md:L193-194[U005717];BACK-MATTER/NOTES/04-Systems-Based-on-Numbers-Notes.md:L195-198[U005718],SERIOUS,run-length-list-rewrite,each-step-globally-replaces-runs-by-length-symbol-pairs,C075,proposed-addition,F013
L0503,BACK-MATTER/NOTES/04-Systems-Based-on-Numbers-Notes.md:L199-200[U005719];BACK-MATTER/NOTES/04-Systems-Based-on-Numbers-Notes.md:L201-202[U005720],RESOLVED,run-length-list-rewrite,substitution-equivalence-routes-the-same-list-rewrite,,not-serious-candidate,not-applicable
L0504,BACK-MATTER/NOTES/04-Systems-Based-on-Numbers-Notes.md:L203-204[U005721];BACK-MATTER/NOTES/04-Systems-Based-on-Numbers-Notes.md:L205-208[U005722];BACK-MATTER/NOTES/04-Systems-Based-on-Numbers-Notes.md:L209-210[U005723],SERIOUS,append-only-sequence-generator,each-step-appends-digits-of-the-current-symbol-sum,C003,T40:split,F002
L0505,BACK-MATTER/NOTES/04-Systems-Based-on-Numbers-Notes.md:L213-214[U005725],RESOLVED,bitwise-scalar-iteration,operation-combinations-are-rules-within-scalar-iteration,,not-serious-candidate,not-applicable
L0506,BACK-MATTER/NOTES/04-Systems-Based-on-Numbers-Notes.md:L213-214[U005725],RESOLVED,bitwise-scalar-iteration,operation-combinations-are-rules-within-scalar-iteration,,not-serious-candidate,not-applicable
L0507,BACK-MATTER/NOTES/04-Systems-Based-on-Numbers-Notes.md:L213-214[U005725],RESOLVED,bitwise-scalar-iteration,operation-combinations-are-rules-within-scalar-iteration,,not-serious-candidate,not-applicable
L0508,BACK-MATTER/NOTES/04-Systems-Based-on-Numbers-Notes.md:L213-214[U005725],RESOLVED,bitwise-scalar-iteration,operation-combinations-are-rules-within-scalar-iteration,,not-serious-candidate,not-applicable
L0509,BACK-MATTER/NOTES/04-Systems-Based-on-Numbers-Notes.md:L213-214[U005725],RESOLVED,bitwise-scalar-iteration,operation-combinations-are-rules-within-scalar-iteration,,not-serious-candidate,not-applicable
L0510,BACK-MATTER/NOTES/04-Systems-Based-on-Numbers-Notes.md:L219-220[U005728],SERIOUS,sequence-recurrence,linear-recurrences-read-a-fixed-set-of-prior-terms,C078,T37:retain-family;T38:retain-preset,F024
L0511,BACK-MATTER/NOTES/04-Systems-Based-on-Numbers-Notes.md:L221-222[U005729];BACK-MATTER/NOTES/04-Systems-Based-on-Numbers-Notes.md:L223-226[U005730],RESOLVED,recursive-function-preset,factorial-and-ackermann-are-named-rule-examples,,not-serious-candidate,not-applicable
L0512,BACK-MATTER/NOTES/04-Systems-Based-on-Numbers-Notes.md:L229-230[U005732];BACK-MATTER/NOTES/04-Systems-Based-on-Numbers-Notes.md:L231-234[U005733];BACK-MATTER/NOTES/04-Systems-Based-on-Numbers-Notes.md:L235-236[U005734],RESOLVED,real-scalar-map,one-term-recurrence-is-equivalent-to-an-iterated-map,,not-serious-candidate,not-applicable
L0513,BACK-MATTER/NOTES/04-Systems-Based-on-Numbers-Notes.md:L237-238[U005735];BACK-MATTER/NOTES/04-Systems-Based-on-Numbers-Notes.md:L239-243[U005736],SERIOUS,recursive-function-evaluator,multiple-arguments-trigger-nested-self-evaluation,C072,T41:retire-role,F047
L0514,BACK-MATTER/NOTES/04-Systems-Based-on-Numbers-Notes.md:L244-245[U005737];BACK-MATTER/NOTES/04-Systems-Based-on-Numbers-Notes.md:L246-250[U005738];BACK-MATTER/NOTES/04-Systems-Based-on-Numbers-Notes.md:L251-252[U005739];BACK-MATTER/NOTES/04-Systems-Based-on-Numbers-Notes.md:L253-257[U005740];BACK-MATTER/NOTES/04-Systems-Based-on-Numbers-Notes.md:L258-259[U005741],RESOLVED,nested-recursive-function,alternate-ackermann-definitions-are-equivalent-presets,,not-serious-candidate,not-applicable
L0515,BACK-MATTER/NOTES/04-Systems-Based-on-Numbers-Notes.md:L260-261[U005742];BACK-MATTER/NOTES/04-Systems-Based-on-Numbers-Notes.md:L262-266[U005743];BACK-MATTER/NOTES/04-Systems-Based-on-Numbers-Notes.md:L267-268[U005744],WEAK,memoization-technique,caching-prior-values-is-an-implementation-optimization,,not-serious-candidate,not-applicable
L0516,BACK-MATTER/NOTES/04-Systems-Based-on-Numbers-Notes.md:L267-268[U005744],SERIOUS,recursive-function-evaluator,evaluation-order-can-change-definedness-and-termination,C072,T41:retire-role,F047
L0517,BACK-MATTER/NOTES/04-Systems-Based-on-Numbers-Notes.md:L269-270[U005745];BACK-MATTER/NOTES/04-Systems-Based-on-Numbers-Notes.md:L271-274[U005746];BACK-MATTER/NOTES/04-Systems-Based-on-Numbers-Notes.md:L275-279[U005747];BACK-MATTER/NOTES/04-Systems-Based-on-Numbers-Notes.md:L280-281[U005748];BACK-MATTER/NOTES/04-Systems-Based-on-Numbers-Notes.md:L282-283[U005749];BACK-MATTER/NOTES/04-Systems-Based-on-Numbers-Notes.md:L284-285[U005750];BACK-MATTER/NOTES/04-Systems-Based-on-Numbers-Notes.md:L286-287[U005751];BACK-MATTER/NOTES/04-Systems-Based-on-Numbers-Notes.md:L288-289[U005752],WEAK,recurrence-property,closed-forms-and-shape-relations-are-derived-properties,,not-serious-candidate,not-applicable
L0518,BACK-MATTER/NOTES/04-Systems-Based-on-Numbers-Notes.md:L290-291[U005753];BACK-MATTER/NOTES/04-Systems-Based-on-Numbers-Notes.md:L292-297[U005754];BACK-MATTER/NOTES/04-Systems-Based-on-Numbers-Notes.md:L298-299[U005755];BACK-MATTER/NOTES/04-Systems-Based-on-Numbers-Notes.md:L300-305[U005756],WEAK,recurrence-property,closed-forms-and-shape-relations-are-derived-properties,,not-serious-candidate,not-applicable
L0519,BACK-MATTER/NOTES/04-Systems-Based-on-Numbers-Notes.md:L308-309[U005758];BACK-MATTER/NOTES/04-Systems-Based-on-Numbers-Notes.md:L312-313[U005760],RESOLVED,recurrence-evaluation-observer,dependency-tree-measures-evaluation-of-a-fixed-rule,,not-serious-candidate,not-applicable
L0520,BACK-MATTER/NOTES/04-Systems-Based-on-Numbers-Notes.md:L316-317[U005762];BACK-MATTER/NOTES/04-Systems-Based-on-Numbers-Notes.md:L318-319[U005763];BACK-MATTER/NOTES/04-Systems-Based-on-Numbers-Notes.md:L320-324[U005764];BACK-MATTER/NOTES/04-Systems-Based-on-Numbers-Notes.md:L334-335[U005768];BACK-MATTER/NOTES/04-Systems-Based-on-Numbers-Notes.md:L336-339[U005769],SERIOUS,recursive-function-evaluator,composition-and-bounded-recursion-construct-integer-functions,C072,T41:retire-role,F047
L0521,BACK-MATTER/NOTES/04-Systems-Based-on-Numbers-Notes.md:L325-326[U005765];BACK-MATTER/NOTES/04-Systems-Based-on-Numbers-Notes.md:L327-331[U005766],RESOLVED,primitive-recursion-combinators,plus-and-times-are-derived-function-presets,,not-serious-candidate,not-applicable
L0522,BACK-MATTER/NOTES/04-Systems-Based-on-Numbers-Notes.md:L325-326[U005765];BACK-MATTER/NOTES/04-Systems-Based-on-Numbers-Notes.md:L327-331[U005766],RESOLVED,primitive-recursion-combinators,plus-and-times-are-derived-function-presets,,not-serious-candidate,not-applicable
L0523,BACK-MATTER/NOTES/04-Systems-Based-on-Numbers-Notes.md:L340-341[U005770];BACK-MATTER/NOTES/04-Systems-Based-on-Numbers-Notes.md:L342-345[U005771];BACK-MATTER/NOTES/04-Systems-Based-on-Numbers-Notes.md:L346-347[U005772],SERIOUS,recursive-function-evaluator,unbounded-search-adds-partial-functions-and-nontermination,C072,T41:retire-role,F047
L0524,BACK-MATTER/NOTES/04-Systems-Based-on-Numbers-Notes.md:L348-349[U005773];BACK-MATTER/NOTES/04-Systems-Based-on-Numbers-Notes.md:L350-355[U005774];BACK-MATTER/NOTES/04-Systems-Based-on-Numbers-Notes.md:L356-357[U005775];BACK-MATTER/NOTES/04-Systems-Based-on-Numbers-Notes.md:L358-362[U005776];BACK-MATTER/NOTES/04-Systems-Based-on-Numbers-Notes.md:L363-364[U005777],SERIOUS,recursive-function-evaluator,symbolic-combinators-specify-composition-and-recursion,C072,T41:retire-role,F047
L0525,BACK-MATTER/NOTES/04-Systems-Based-on-Numbers-Notes.md:L369-370[U005780],RESOLVED,primitive-recursion-combinators,enumerated-functions-are-expression-presets,,not-serious-candidate,not-applicable
L0526,BACK-MATTER/NOTES/04-Systems-Based-on-Numbers-Notes.md:L371-372[U005781],RESOLVED,primitive-recursion-combinators,enumerated-functions-are-expression-presets,,not-serious-candidate,not-applicable
L0527,BACK-MATTER/NOTES/04-Systems-Based-on-Numbers-Notes.md:L373-374[U005782],RESOLVED,primitive-recursion-combinators,enumerated-functions-are-expression-presets,,not-serious-candidate,not-applicable
L0528,BACK-MATTER/NOTES/04-Systems-Based-on-Numbers-Notes.md:L375-376[U005783],RESOLVED,primitive-recursion-combinators,enumerated-functions-are-expression-presets,,not-serious-candidate,not-applicable
L0529,BACK-MATTER/NOTES/04-Systems-Based-on-Numbers-Notes.md:L377-378[U005784],RESOLVED,primitive-recursion-combinators,enumerated-functions-are-expression-presets,,not-serious-candidate,not-applicable
L0530,BACK-MATTER/NOTES/04-Systems-Based-on-Numbers-Notes.md:L379-380[U005785];BACK-MATTER/NOTES/04-Systems-Based-on-Numbers-Notes.md:L381-385[U005786];BACK-MATTER/NOTES/04-Systems-Based-on-Numbers-Notes.md:L386-387[U005787];BACK-MATTER/NOTES/04-Systems-Based-on-Numbers-Notes.md:L390-391[U005789],RESOLVED,primitive-recursion-combinators,enumerated-functions-are-expression-presets,,not-serious-candidate,not-applicable
L0531,BACK-MATTER/NOTES/04-Systems-Based-on-Numbers-Notes.md:L394-395[U005791],RESOLVED,nested-recursive-function,formula-is-an-alias-to-the-ackermann-family,,not-serious-candidate,not-applicable
L0532,BACK-MATTER/NOTES/04-Systems-Based-on-Numbers-Notes.md:L398-399[U005793],WEAK,recursive-function-property,growth-and-non-primitive-recursiveness-are-properties,,not-serious-candidate,not-applicable
L0533,BACK-MATTER/NOTES/04-Systems-Based-on-Numbers-Notes.md:L404-405[U005796];BACK-MATTER/NOTES/04-Systems-Based-on-Numbers-Notes.md:L406-407[U005797];BACK-MATTER/NOTES/04-Systems-Based-on-Numbers-Notes.md:L408-409[U005798],SERIOUS,least-unique-sum-sequence,global-history-search-appends-the-least-uniquely-representable-sum,C038,covered-by-existing-family,F002
L0534,BACK-MATTER/NOTES/04-Systems-Based-on-Numbers-Notes.md:L416-417[U005802],RESOLVED,primality-observer,single-number-prime-testing-is-a-query,,not-serious-candidate,not-applicable
L0535,BACK-MATTER/NOTES/04-Systems-Based-on-Numbers-Notes.md:L418-419[U005803],SERIOUS,iterated-erasure-process,each-round-deletes-every-kth-surviving-cell,C035,T39:retain-family,F026
L0536,BACK-MATTER/NOTES/04-Systems-Based-on-Numbers-Notes.md:L420-424[U005804];BACK-MATTER/NOTES/04-Systems-Based-on-Numbers-Notes.md:L425-426[U005805],RESOLVED,iterative-decimation,survival-code-and-circular-case-route-to-the-same-deletion-mechanic,,not-serious-candidate,not-applicable
L0537,BACK-MATTER/NOTES/04-Systems-Based-on-Numbers-Notes.md:L429-430[U005807],RESOLVED,iterative-decimation,survival-code-and-circular-case-route-to-the-same-deletion-mechanic,,not-serious-candidate,not-applicable
L0538,BACK-MATTER/NOTES/04-Systems-Based-on-Numbers-Notes.md:L435-436[U005810],WEAK,number-theory-property,bounds-conjectures-and-counts-are-static-properties,,not-serious-candidate,not-applicable
L0539,BACK-MATTER/NOTES/04-Systems-Based-on-Numbers-Notes.md:L435-436[U005810];BACK-MATTER/NOTES/04-Systems-Based-on-Numbers-Notes.md:L775-777[U005956],WEAK,number-theory-property,bounds-conjectures-and-counts-are-static-properties,,not-serious-candidate,not-applicable
L0540,BACK-MATTER/NOTES/04-Systems-Based-on-Numbers-Notes.md:L445-446[U005815],WEAK,number-theory-property,bounds-conjectures-and-counts-are-static-properties,,not-serious-candidate,not-applicable
L0541,BACK-MATTER/NOTES/04-Systems-Based-on-Numbers-Notes.md:L445-446[U005815],WEAK,number-theory-property,bounds-conjectures-and-counts-are-static-properties,,not-serious-candidate,not-applicable
L0542,BACK-MATTER/NOTES/04-Systems-Based-on-Numbers-Notes.md:L447-448[U005816],WEAK,number-theory-property,bounds-conjectures-and-counts-are-static-properties,,not-serious-candidate,not-applicable
L0543,BACK-MATTER/NOTES/04-Systems-Based-on-Numbers-Notes.md:L449-450[U005817],WEAK,number-theory-property,bounds-conjectures-and-counts-are-static-properties,,not-serious-candidate,not-applicable
L0544,BACK-MATTER/NOTES/04-Systems-Based-on-Numbers-Notes.md:L451-452[U005818];BACK-MATTER/NOTES/04-Systems-Based-on-Numbers-Notes.md:L453-457[U005819],RESOLVED,arithmetic-property-observer,formulas-count-divisors-or-representations-of-a-number,,not-serious-candidate,not-applicable
L0545,BACK-MATTER/NOTES/04-Systems-Based-on-Numbers-Notes.md:L458-459[U005820],RESOLVED,arithmetic-property-observer,formulas-count-divisors-or-representations-of-a-number,,not-serious-candidate,not-applicable
L0546,BACK-MATTER/NOTES/04-Systems-Based-on-Numbers-Notes.md:L458-459[U005820],RESOLVED,arithmetic-property-observer,formulas-count-divisors-or-representations-of-a-number,,not-serious-candidate,not-applicable
L0547,BACK-MATTER/NOTES/04-Systems-Based-on-Numbers-Notes.md:L460-461[U005821],RESOLVED,arithmetic-property-observer,formulas-count-divisors-or-representations-of-a-number,,not-serious-candidate,not-applicable
L0548,BACK-MATTER/NOTES/04-Systems-Based-on-Numbers-Notes.md:L462-463[U005822],RESOLVED,arithmetic-property-observer,formulas-count-divisors-or-representations-of-a-number,,not-serious-candidate,not-applicable
L0549,BACK-MATTER/NOTES/04-Systems-Based-on-Numbers-Notes.md:L462-463[U005822],RESOLVED,arithmetic-property-observer,formulas-count-divisors-or-representations-of-a-number,,not-serious-candidate,not-applicable
L0550,BACK-MATTER/NOTES/04-Systems-Based-on-Numbers-Notes.md:L464-465[U005823],WEAK,number-theory-property,conjectures-and-named-number-classes-are-properties,,not-serious-candidate,not-applicable
L0551,BACK-MATTER/NOTES/04-Systems-Based-on-Numbers-Notes.md:L464-465[U005823];BACK-MATTER/NOTES/04-Systems-Based-on-Numbers-Notes.md:L466-470[U005824],WEAK,number-theory-property,conjectures-and-named-number-classes-are-properties,,not-serious-candidate,not-applicable
L0552,BACK-MATTER/NOTES/04-Systems-Based-on-Numbers-Notes.md:L473-474[U005826],WEAK,number-theory-property,conjectures-and-named-number-classes-are-properties,,not-serious-candidate,not-applicable
L0553,BACK-MATTER/NOTES/04-Systems-Based-on-Numbers-Notes.md:L481-482[U005830],WEAK,number-theory-property,conjectures-and-named-number-classes-are-properties,,not-serious-candidate,not-applicable
L0554,BACK-MATTER/NOTES/04-Systems-Based-on-Numbers-Notes.md:L481-482[U005830],WEAK,number-theory-property,conjectures-and-named-number-classes-are-properties,,not-serious-candidate,not-applicable
L0555,BACK-MATTER/NOTES/04-Systems-Based-on-Numbers-Notes.md:L485-486[U005832],WEAK,number-theory-property,conjectures-and-named-number-classes-are-properties,,not-serious-candidate,not-applicable
L0556,BACK-MATTER/NOTES/04-Systems-Based-on-Numbers-Notes.md:L485-486[U005832],WEAK,number-theory-property,conjectures-and-named-number-classes-are-properties,,not-serious-candidate,not-applicable
L0557,BACK-MATTER/NOTES/04-Systems-Based-on-Numbers-Notes.md:L487-488[U005833];BACK-MATTER/NOTES/04-Systems-Based-on-Numbers-Notes.md:L491-492[U005835];BACK-MATTER/NOTES/04-Systems-Based-on-Numbers-Notes.md:L493-494[U005836],RESOLVED,scalar-arithmetic-iteration,aliquot-sum-replacement-is-a-rule-preset,,not-serious-candidate,not-applicable
L0558,BACK-MATTER/NOTES/04-Systems-Based-on-Numbers-Notes.md:L495-496[U005837],WEAK,trajectory-behavior,possible-unbounded-growth-is-an-open-property,,not-serious-candidate,not-applicable
L0559,BACK-MATTER/NOTES/04-Systems-Based-on-Numbers-Notes.md:L505-506[U005841];BACK-MATTER/NOTES/04-Systems-Based-on-Numbers-Notes.md:L507-508[U005842],WEAK,constant-computation-technique,formulas-and-algorithms-for-pi-are-implementation-techniques,,not-serious-candidate,not-applicable
L0560,BACK-MATTER/NOTES/04-Systems-Based-on-Numbers-Notes.md:L509-510[U005843];BACK-MATTER/NOTES/04-Systems-Based-on-Numbers-Notes.md:L511-512[U005844],WEAK,constant-computation-technique,formulas-and-algorithms-for-pi-are-implementation-techniques,,not-serious-candidate,not-applicable
L0561,BACK-MATTER/NOTES/04-Systems-Based-on-Numbers-Notes.md:L513-514[U005845];BACK-MATTER/NOTES/04-Systems-Based-on-Numbers-Notes.md:L515-521[U005846];BACK-MATTER/NOTES/04-Systems-Based-on-Numbers-Notes.md:L522-523[U005847],WEAK,constant-computation-technique,formulas-and-algorithms-for-pi-are-implementation-techniques,,not-serious-candidate,not-applicable
L0562,BACK-MATTER/NOTES/04-Systems-Based-on-Numbers-Notes.md:L524-525[U005848];BACK-MATTER/NOTES/04-Systems-Based-on-Numbers-Notes.md:L526-531[U005849];BACK-MATTER/NOTES/04-Systems-Based-on-Numbers-Notes.md:L532-533[U005850],WEAK,constant-computation-technique,formulas-and-algorithms-for-pi-are-implementation-techniques,,not-serious-candidate,not-applicable
L0563,BACK-MATTER/NOTES/04-Systems-Based-on-Numbers-Notes.md:L534-538[U005851];BACK-MATTER/NOTES/04-Systems-Based-on-Numbers-Notes.md:L539-540[U005852],WEAK,constant-computation-technique,formulas-and-algorithms-for-pi-are-implementation-techniques,,not-serious-candidate,not-applicable
L0564,BACK-MATTER/NOTES/04-Systems-Based-on-Numbers-Notes.md:L543-544[U005854];BACK-MATTER/NOTES/04-Systems-Based-on-Numbers-Notes.md:L545-546[U005855];BACK-MATTER/NOTES/04-Systems-Based-on-Numbers-Notes.md:L547-548[U005856];BACK-MATTER/NOTES/04-Systems-Based-on-Numbers-Notes.md:L549-550[U005857],WEAK,digit-distribution-property,rational-layout-and-normality-are-number-properties,,not-serious-candidate,not-applicable
L0565,BACK-MATTER/NOTES/04-Systems-Based-on-Numbers-Notes.md:L555-556[U005860],WEAK,digit-distribution-property,rational-layout-and-normality-are-number-properties,,not-serious-candidate,not-applicable
L0566,BACK-MATTER/NOTES/04-Systems-Based-on-Numbers-Notes.md:L555-556[U005860],WEAK,digit-distribution-property,rational-layout-and-normality-are-number-properties,,not-serious-candidate,not-applicable
L0567,BACK-MATTER/NOTES/04-Systems-Based-on-Numbers-Notes.md:L557-558[U005861],RESOLVED,real-scalar-map,newton-update-is-a-map-preset,,not-serious-candidate,not-applicable
L0568,BACK-MATTER/NOTES/04-Systems-Based-on-Numbers-Notes.md:L559-560[U005862],RESOLVED,fixed-lag-recurrence,ratio-limit-method-is-a-recurrence-preset,,not-serious-candidate,not-applicable
L0569,BACK-MATTER/NOTES/04-Systems-Based-on-Numbers-Notes.md:L561-562[U005863],SERIOUS,digit-emitting-register-transducer,register-invariant-clarifies-the-digit-emitting-mechanic,C017,T40:split,F008
L0570,BACK-MATTER/NOTES/04-Systems-Based-on-Numbers-Notes.md:L563-564[U005864],RESOLVED,substitution-sequence-encoding,nested-digits-are-output-of-substitution-presets,,not-serious-candidate,not-applicable
L0571,BACK-MATTER/NOTES/04-Systems-Based-on-Numbers-Notes.md:L565-566[U005865],RESOLVED,substitution-sequence-encoding,nested-digits-are-output-of-substitution-presets,,not-serious-candidate,not-applicable
L0572,BACK-MATTER/NOTES/04-Systems-Based-on-Numbers-Notes.md:L569-570[U005867];BACK-MATTER/NOTES/04-Systems-Based-on-Numbers-Notes.md:L555-556[U005860],SERIOUS,append-only-sequence-generator,successive-integer-encodings-are-appended-to-a-growing-sequence,C003,T40:split,F002
L0573,BACK-MATTER/NOTES/04-Systems-Based-on-Numbers-Notes.md:L573-574[U005869],RESOLVED,concatenation-sequence-observer,cumulative-sum-and-leading-digit-removal-are-output-transforms,,not-serious-candidate,not-applicable
L0574,BACK-MATTER/NOTES/04-Systems-Based-on-Numbers-Notes.md:L577-578[U005871];BACK-MATTER/NOTES/04-Systems-Based-on-Numbers-Notes.md:L581-582[U005873];BACK-MATTER/NOTES/04-Systems-Based-on-Numbers-Notes.md:L583-587[U005874],RESOLVED,concatenation-sequence-observer,cumulative-sum-and-leading-digit-removal-are-output-transforms,,not-serious-candidate,not-applicable
L0575,BACK-MATTER/NOTES/04-Systems-Based-on-Numbers-Notes.md:L588-589[U005875];BACK-MATTER/NOTES/04-Systems-Based-on-Numbers-Notes.md:L590-595[U005876];BACK-MATTER/NOTES/04-Systems-Based-on-Numbers-Notes.md:L596-597[U005877];BACK-MATTER/NOTES/04-Systems-Based-on-Numbers-Notes.md:L598-599[U005878],SERIOUS,append-only-sequence-generator,non-substitution-structure-supports-a-separate-generation-mechanic,C003,T40:split,F002
L0576,BACK-MATTER/NOTES/04-Systems-Based-on-Numbers-Notes.md:L600-601[U005879];BACK-MATTER/NOTES/04-Systems-Based-on-Numbers-Notes.md:L602-609[U005880],WEAK,direct-digit-computation,fast-position-formula-is-an-implementation-technique,,not-serious-candidate,not-applicable
L0577,BACK-MATTER/NOTES/04-Systems-Based-on-Numbers-Notes.md:L614-615[U005883],WEAK,transcendental-number-property,special-digit-position-examples-are-number-properties,,not-serious-candidate,not-applicable
L0578,BACK-MATTER/NOTES/04-Systems-Based-on-Numbers-Notes.md:L616-617[U005884];BACK-MATTER/NOTES/04-Systems-Based-on-Numbers-Notes.md:L618-619[U005885],RESOLVED,run-length-encoding,run-length-list-is-a-representation-of-an-existing-sequence,,not-serious-candidate,not-applicable
L0579,BACK-MATTER/NOTES/04-Systems-Based-on-Numbers-Notes.md:L620-621[U005886],WEAK,digit-distribution-property,special-values-and-leading-digit-laws-are-properties,,not-serious-candidate,not-applicable
L0580,BACK-MATTER/NOTES/04-Systems-Based-on-Numbers-Notes.md:L622-624[U005887],WEAK,digit-distribution-property,special-values-and-leading-digit-laws-are-properties,,not-serious-candidate,not-applicable
L0581,BACK-MATTER/NOTES/04-Systems-Based-on-Numbers-Notes.md:L622-624[U005887];BACK-MATTER/NOTES/04-Systems-Based-on-Numbers-Notes.md:L625-626[U005888],WEAK,digit-distribution-property,special-values-and-leading-digit-laws-are-properties,,not-serious-candidate,not-applicable
L0582,BACK-MATTER/NOTES/04-Systems-Based-on-Numbers-Notes.md:L627-628[U005889];BACK-MATTER/NOTES/04-Systems-Based-on-Numbers-Notes.md:L629-630[U005890],RESOLVED,continued-fraction-encoding,fold-reconstructs-a-number-from-its-representation,,not-serious-candidate,not-applicable
L0583,BACK-MATTER/NOTES/04-Systems-Based-on-Numbers-Notes.md:L631-632[U005891],RESOLVED,real-scalar-map,continued-fraction-gauss-map-is-a-rule-preset,,not-serious-candidate,not-applicable
L0584,BACK-MATTER/NOTES/04-Systems-Based-on-Numbers-Notes.md:L635-636[U005893],WEAK,continued-fraction-property,term-statistics-and-approximation-quality-are-properties,,not-serious-candidate,not-applicable
L0585,BACK-MATTER/NOTES/04-Systems-Based-on-Numbers-Notes.md:L639-640[U005895];BACK-MATTER/NOTES/04-Systems-Based-on-Numbers-Notes.md:L641-642[U005896];BACK-MATTER/NOTES/04-Systems-Based-on-Numbers-Notes.md:L643-644[U005897],WEAK,continued-fraction-property,term-statistics-and-approximation-quality-are-properties,,not-serious-candidate,not-applicable
L0586,BACK-MATTER/NOTES/04-Systems-Based-on-Numbers-Notes.md:L645-646[U005898],WEAK,continued-fraction-property,term-statistics-and-approximation-quality-are-properties,,not-serious-candidate,not-applicable
L0587,BACK-MATTER/NOTES/04-Systems-Based-on-Numbers-Notes.md:L647-648[U005899];BACK-MATTER/NOTES/04-Systems-Based-on-Numbers-Notes.md:L649-654[U005900],WEAK,continued-fraction-property,term-statistics-and-approximation-quality-are-properties,,not-serious-candidate,not-applicable
L0588,BACK-MATTER/NOTES/04-Systems-Based-on-Numbers-Notes.md:L663-664[U005905];BACK-MATTER/NOTES/04-Systems-Based-on-Numbers-Notes.md:L665-667[U005906];BACK-MATTER/NOTES/04-Systems-Based-on-Numbers-Notes.md:L668-669[U005907],WEAK,continued-fraction-property,term-statistics-and-approximation-quality-are-properties,,not-serious-candidate,not-applicable
L0589,BACK-MATTER/NOTES/04-Systems-Based-on-Numbers-Notes.md:L670-671[U005908];BACK-MATTER/NOTES/04-Systems-Based-on-Numbers-Notes.md:L672-673[U005909];BACK-MATTER/NOTES/04-Systems-Based-on-Numbers-Notes.md:L674-675[U005910],WEAK,continued-fraction-property,term-statistics-and-approximation-quality-are-properties,,not-serious-candidate,not-applicable
L0590,BACK-MATTER/NOTES/04-Systems-Based-on-Numbers-Notes.md:L678-679[U005912],SERIOUS,iterated-map,a-guarded-pair-update-repeats-until-a-zero-component,C037,T34:retain-family;T35:retain-preset;T36:retain-preset;T43:retain-family,F027
L0591,BACK-MATTER/NOTES/04-Systems-Based-on-Numbers-Notes.md:L682-683[U005914],RESOLVED,conditional-pair-iteration,termination-and-continued-fraction-link-describe-the-same-rule,,not-serious-candidate,not-applicable
L0592,BACK-MATTER/NOTES/04-Systems-Based-on-Numbers-Notes.md:L688-690[U005917],RESOLVED,generalized-number-encoding,egyptian-fraction-and-nested-radical-forms-are-representations,,not-serious-candidate,not-applicable
L0593,BACK-MATTER/NOTES/04-Systems-Based-on-Numbers-Notes.md:L688-690[U005917],RESOLVED,generalized-number-encoding,egyptian-fraction-and-nested-radical-forms-are-representations,,not-serious-candidate,not-applicable
L0594,BACK-MATTER/NOTES/04-Systems-Based-on-Numbers-Notes.md:L691-692[U005918];BACK-MATTER/NOTES/04-Systems-Based-on-Numbers-Notes.md:L693-694[U005919];BACK-MATTER/NOTES/04-Systems-Based-on-Numbers-Notes.md:L695-696[U005920],RESOLVED,generalized-number-encoding,egyptian-fraction-and-nested-radical-forms-are-representations,,not-serious-candidate,not-applicable
L0595,BACK-MATTER/NOTES/04-Systems-Based-on-Numbers-Notes.md:L697-698[U005921];BACK-MATTER/NOTES/05-Two-Dimensions-and-Beyond-Notes.md:L306-307[U006182],RESOLVED,digital-slope-encoding,grid-step-sequence-is-a-representation-of-slope,,not-serious-candidate,not-applicable
L0596,BACK-MATTER/NOTES/04-Systems-Based-on-Numbers-Notes.md:L697-698[U005921];BACK-MATTER/NOTES/04-Systems-Based-on-Numbers-Notes.md:L699-700[U005922],RESOLVED,digital-slope-encoding,grid-step-sequence-is-a-representation-of-slope,,not-serious-candidate,not-applicable
L0597,BACK-MATTER/NOTES/04-Systems-Based-on-Numbers-Notes.md:L701-702[U005923];BACK-MATTER/NOTES/04-Systems-Based-on-Numbers-Notes.md:L703-704[U005924],WEAK,rational-approximation-property,farey-membership-is-a-derived-property,,not-serious-candidate,not-applicable
L0598,BACK-MATTER/NOTES/04-Systems-Based-on-Numbers-Notes.md:L709-711[U005927];BACK-MATTER/NOTES/04-Systems-Based-on-Numbers-Notes.md:L712-713[U005928],RESOLVED,operator-number-encoding,operator-expression-is-an-alternate-representation,,not-serious-candidate,not-applicable
L0599,BACK-MATTER/NOTES/04-Systems-Based-on-Numbers-Notes.md:L716-717[U005930];BACK-MATTER/NOTES/04-Systems-Based-on-Numbers-Notes.md:L718-723[U005931];BACK-MATTER/NOTES/04-Systems-Based-on-Numbers-Notes.md:L724-725[U005932],WEAK,number-classification-property,classification-by-allowed-operations-is-taxonomic-prose,,not-serious-candidate,not-applicable
L0600,BACK-MATTER/NOTES/04-Systems-Based-on-Numbers-Notes.md:L730-731[U005935],RESOLVED,function-curve-observer,lissajous-figure-is-a-plotting-projection,,not-serious-candidate,not-applicable
L0601,BACK-MATTER/NOTES/04-Systems-Based-on-Numbers-Notes.md:L734-738[U005937],WEAK,trigonometric-zero-property,identities-and-zero-spacing-are-static-function-properties,,not-serious-candidate,not-applicable
L0602,BACK-MATTER/NOTES/04-Systems-Based-on-Numbers-Notes.md:L734-738[U005937],WEAK,trigonometric-zero-property,identities-and-zero-spacing-are-static-function-properties,,not-serious-candidate,not-applicable
L0603,BACK-MATTER/NOTES/04-Systems-Based-on-Numbers-Notes.md:L734-738[U005937];BACK-MATTER/NOTES/04-Systems-Based-on-Numbers-Notes.md:L739-740[U005938];BACK-MATTER/NOTES/04-Systems-Based-on-Numbers-Notes.md:L745-746[U005941],WEAK,trigonometric-zero-property,identities-and-zero-spacing-are-static-function-properties,,not-serious-candidate,not-applicable
L0604,BACK-MATTER/NOTES/04-Systems-Based-on-Numbers-Notes.md:L749-750[U005943];BACK-MATTER/NOTES/04-Systems-Based-on-Numbers-Notes.md:L751-752[U005944],RESOLVED,substitution-system,zero-crossing-sequence-routes-to-a-substitution-encoding,,not-serious-candidate,not-applicable
L0605,BACK-MATTER/NOTES/04-Systems-Based-on-Numbers-Notes.md:L753-754[U005945],SERIOUS,parallel-independent-substitution,continued-fraction-terms-select-a-sequence-of-substitution-rules,C061,T13:retain-family;T15:merge;T26:retain-preset;T27:repair;T42:retain-preset,F038
L0606,BACK-MATTER/NOTES/04-Systems-Based-on-Numbers-Notes.md:L755-756[U005946],WEAK,fourier-curve-example,finite-sums-and-curve-dimensions-are-static-examples,,not-serious-candidate,not-applicable
L0607,BACK-MATTER/NOTES/04-Systems-Based-on-Numbers-Notes.md:L759-760[U005948];BACK-MATTER/NOTES/04-Systems-Based-on-Numbers-Notes.md:L761-762[U005949];BACK-MATTER/NOTES/04-Systems-Based-on-Numbers-Notes.md:L763-764[U005950],WEAK,fourier-curve-example,finite-sums-and-curve-dimensions-are-static-examples,,not-serious-candidate,not-applicable
L0608,BACK-MATTER/NOTES/04-Systems-Based-on-Numbers-Notes.md:L767-768[U005952],WEAK,fourier-curve-example,finite-sums-and-curve-dimensions-are-static-examples,,not-serious-candidate,not-applicable
L0609,BACK-MATTER/NOTES/04-Systems-Based-on-Numbers-Notes.md:L771-772[U005954],WEAK,fourier-curve-example,finite-sums-and-curve-dimensions-are-static-examples,,not-serious-candidate,not-applicable
L0610,BACK-MATTER/NOTES/04-Systems-Based-on-Numbers-Notes.md:L775-777[U005956],WEAK,function-property,synthesis-zeta-definitions-and-universality-are-not-evolution-mechanics,,not-serious-candidate,not-applicable
L0611,BACK-MATTER/NOTES/04-Systems-Based-on-Numbers-Notes.md:L775-777[U005956],WEAK,function-property,synthesis-zeta-definitions-and-universality-are-not-evolution-mechanics,,not-serious-candidate,not-applicable
L0612,BACK-MATTER/NOTES/04-Systems-Based-on-Numbers-Notes.md:L778-779[U005957],WEAK,function-property,synthesis-zeta-definitions-and-universality-are-not-evolution-mechanics,,not-serious-candidate,not-applicable
L0613,BACK-MATTER/NOTES/04-Systems-Based-on-Numbers-Notes.md:L780-781[U005958];BACK-MATTER/NOTES/04-Systems-Based-on-Numbers-Notes.md:L782-783[U005959];BACK-MATTER/NOTES/04-Systems-Based-on-Numbers-Notes.md:L784-785[U005960],WEAK,function-property,synthesis-zeta-definitions-and-universality-are-not-evolution-mechanics,,not-serious-candidate,not-applicable
L0614,BACK-MATTER/NOTES/04-Systems-Based-on-Numbers-Notes.md:L794-795[U005964],WEAK,function-property,synthesis-zeta-definitions-and-universality-are-not-evolution-mechanics,,not-serious-candidate,not-applicable
L0615,BACK-MATTER/NOTES/04-Systems-Based-on-Numbers-Notes.md:L800-801[U005967],RESOLVED,real-scalar-map,gauss-map-is-a-historical-rule-preset,,not-serious-candidate,not-applicable
L0616,BACK-MATTER/NOTES/04-Systems-Based-on-Numbers-Notes.md:L802-805[U005968];BACK-MATTER/NOTES/04-Systems-Based-on-Numbers-Notes.md:L824-825[U005978],WEAK,map-iterate-property,closed-form-iterates-are-derived-properties,,not-serious-candidate,not-applicable
L0617,BACK-MATTER/NOTES/04-Systems-Based-on-Numbers-Notes.md:L802-805[U005968],WEAK,map-iterate-property,closed-form-iterates-are-derived-properties,,not-serious-candidate,not-applicable
L0618,BACK-MATTER/NOTES/04-Systems-Based-on-Numbers-Notes.md:L812-813[U005972];BACK-MATTER/NOTES/04-Systems-Based-on-Numbers-Notes.md:L816-817[U005974];BACK-MATTER/NOTES/04-Systems-Based-on-Numbers-Notes.md:L818-819[U005975];BACK-MATTER/NOTES/04-Systems-Based-on-Numbers-Notes.md:L824-825[U005978],RESOLVED,real-scalar-map,digit-shift-description-routes-to-the-shift-map-preset,,not-serious-candidate,not-applicable
L0619,BACK-MATTER/NOTES/04-Systems-Based-on-Numbers-Notes.md:L814-815[U005973];BACK-MATTER/NOTES/04-Systems-Based-on-Numbers-Notes.md:L816-817[U005974];BACK-MATTER/NOTES/04-Systems-Based-on-Numbers-Notes.md:L820-821[U005976];BACK-MATTER/NOTES/04-Systems-Based-on-Numbers-Notes.md:L822-823[U005977];BACK-MATTER/NOTES/04-Systems-Based-on-Numbers-Notes.md:L824-825[U005978],WEAK,finite-precision-artifact,calculator-arithmetic-effects-are-implementation-properties,,not-serious-candidate,not-applicable
L0620,BACK-MATTER/NOTES/04-Systems-Based-on-Numbers-Notes.md:L830-831[U005981],WEAK,finite-precision-artifact,calculator-arithmetic-effects-are-implementation-properties,,not-serious-candidate,not-applicable
L0621,BACK-MATTER/NOTES/04-Systems-Based-on-Numbers-Notes.md:L848-850[U005990];BACK-MATTER/NOTES/04-Systems-Based-on-Numbers-Notes.md:L851-852[U005991],WEAK,initial-condition-property,information-content-is-conceptual-analysis,,not-serious-candidate,not-applicable
L0622,BACK-MATTER/NOTES/04-Systems-Based-on-Numbers-Notes.md:L851-852[U005991],RESOLVED,real-scalar-map,quadratic-map-and-starting-value-are-presets,,not-serious-candidate,not-applicable
L0623,BACK-MATTER/NOTES/04-Systems-Based-on-Numbers-Notes.md:L855-857[U005993],SERIOUS,iterated-map,a-matrix-map-updates-a-multidimensional-real-state,C037,T34:retain-family;T35:retain-preset;T36:retain-preset;T43:retain-family,F027
L0624,BACK-MATTER/NOTES/04-Systems-Based-on-Numbers-Notes.md:L860-863[U005995],RESOLVED,lyapunov-observer,exponent-measures-trajectory-divergence,,not-serious-candidate,not-applicable
L0625,BACK-MATTER/NOTES/04-Systems-Based-on-Numbers-Notes.md:L866-867[U005997];BACK-MATTER/NOTES/04-Systems-Based-on-Numbers-Notes.md:L868-874[U005998];BACK-MATTER/NOTES/04-Systems-Based-on-Numbers-Notes.md:L875-876[U005999];BACK-MATTER/NOTES/04-Systems-Based-on-Numbers-Notes.md:L877-878[U006000],RESOLVED,continuous-cellular-automaton,list-update-code-implements-the-already-routed-mechanic,,not-serious-candidate,not-applicable
L0626,BACK-MATTER/NOTES/04-Systems-Based-on-Numbers-Notes.md:L866-867[U005997];BACK-MATTER/NOTES/04-Systems-Based-on-Numbers-Notes.md:L868-874[U005998];BACK-MATTER/NOTES/04-Systems-Based-on-Numbers-Notes.md:L875-876[U005999];BACK-MATTER/NOTES/04-Systems-Based-on-Numbers-Notes.md:L877-878[U006000],RESOLVED,continuous-cellular-automaton,list-update-code-implements-the-already-routed-mechanic,,not-serious-candidate,not-applicable
L0627,BACK-MATTER/NOTES/04-Systems-Based-on-Numbers-Notes.md:L866-867[U005997];BACK-MATTER/NOTES/04-Systems-Based-on-Numbers-Notes.md:L868-874[U005998];BACK-MATTER/NOTES/04-Systems-Based-on-Numbers-Notes.md:L875-876[U005999];BACK-MATTER/NOTES/04-Systems-Based-on-Numbers-Notes.md:L877-878[U006000],RESOLVED,continuous-cellular-automaton,list-update-code-implements-the-already-routed-mechanic,,not-serious-candidate,not-applicable
L0628,BACK-MATTER/NOTES/04-Systems-Based-on-Numbers-Notes.md:L883-884[U006003],WEAK,continuous-ca-property,background-periodicity-is-a-derived-behavior,,not-serious-candidate,not-applicable
L0629,BACK-MATTER/NOTES/04-Systems-Based-on-Numbers-Notes.md:L883-884[U006003],WEAK,continuous-ca-property,background-periodicity-is-a-derived-behavior,,not-serious-candidate,not-applicable
L0630,BACK-MATTER/NOTES/04-Systems-Based-on-Numbers-Notes.md:L889-890[U006006];BACK-MATTER/NOTES/04-Systems-Based-on-Numbers-Notes.md:L891-892[U006007];BACK-MATTER/NOTES/04-Systems-Based-on-Numbers-Notes.md:L893-894[U006008],RESOLVED,continuous-cellular-automaton,additive-rule-is-a-rule-and-seed-preset,,not-serious-candidate,not-applicable
L0631,BACK-MATTER/NOTES/04-Systems-Based-on-Numbers-Notes.md:L897-898[U006010],SERIOUS,probabilistic-cellular-automaton,each-cell-randomly-selects-among-discrete-local-rules,C066,covered-by-existing-family,F053
L0632,BACK-MATTER/NOTES/04-Systems-Based-on-Numbers-Notes.md:L901-902[U006012],SERIOUS,ordinary-differential-equation,finite-continuous-variables-evolve-in-continuous-time,C060,proposed-addition,F037
L0633,BACK-MATTER/NOTES/04-Systems-Based-on-Numbers-Notes.md:L901-902[U006012],RESOLVED,ordinary-differential-equation,sensitivity-discussion-routes-to-the-same-ode-mechanic,,not-serious-candidate,not-applicable
L0634,BACK-MATTER/NOTES/04-Systems-Based-on-Numbers-Notes.md:L907-908[U006015],RESOLVED,partial-differential-equation,klein-gordon-is-a-named-equation-preset,,not-serious-candidate,not-applicable
L0635,BACK-MATTER/NOTES/04-Systems-Based-on-Numbers-Notes.md:L907-908[U006015];BACK-MATTER/NOTES/04-Systems-Based-on-Numbers-Notes.md:L909-910[U006016],RESOLVED,partial-differential-equation,klein-gordon-is-a-named-equation-preset,,not-serious-candidate,not-applicable
L0636,BACK-MATTER/NOTES/04-Systems-Based-on-Numbers-Notes.md:L915-916[U006019],WEAK,pde-superposition-property,linearity-and-superposition-are-equation-properties,,not-serious-candidate,not-applicable
L0637,BACK-MATTER/NOTES/04-Systems-Based-on-Numbers-Notes.md:L919-920[U006021];BACK-MATTER/NOTES/04-Systems-Based-on-Numbers-Notes.md:L923-924[U006023],RESOLVED,partial-differential-equation,spatial-dimension-is-a-domain-parameter,,not-serious-candidate,not-applicable
L0638,BACK-MATTER/NOTES/04-Systems-Based-on-Numbers-Notes.md:L925-926[U006024];BACK-MATTER/NOTES/04-Systems-Based-on-Numbers-Notes.md:L927-928[U006025];BACK-MATTER/NOTES/04-Systems-Based-on-Numbers-Notes.md:L929-930[U006026],SERIOUS,partial-differential-equation,negative-diffusion-is-a-close-exclusion-with-singular-evolution,C063,T45:retain-family,F041
L0639,BACK-MATTER/NOTES/04-Systems-Based-on-Numbers-Notes.md:L933-934[U006028],SERIOUS,partial-differential-equation,pde-solutions-may-be-constraints-not-unique-time-evolutions,C063,T45:retain-family,F041
L0640,BACK-MATTER/NOTES/04-Systems-Based-on-Numbers-Notes.md:L935-936[U006029];BACK-MATTER/NOTES/04-Systems-Based-on-Numbers-Notes.md:L937-938[U006030];BACK-MATTER/NOTES/04-Systems-Based-on-Numbers-Notes.md:L939-940[U006031],SERIOUS,partial-differential-equation,field-equation-family-specifies-local-spacetime-constraints,C063,T45:retain-family,F041
L0641,BACK-MATTER/NOTES/04-Systems-Based-on-Numbers-Notes.md:L941-942[U006032],WEAK,field-energy-property,potential-lagrangian-and-hamiltonian-are-derived-quantities,,not-serious-candidate,not-applicable
L0642,BACK-MATTER/NOTES/04-Systems-Based-on-Numbers-Notes.md:L943-944[U006033];BACK-MATTER/NOTES/04-Systems-Based-on-Numbers-Notes.md:L945-946[U006034],WEAK,field-energy-property,potential-lagrangian-and-hamiltonian-are-derived-quantities,,not-serious-candidate,not-applicable
L0643,BACK-MATTER/NOTES/04-Systems-Based-on-Numbers-Notes.md:L947-948[U006035];BACK-MATTER/NOTES/04-Systems-Based-on-Numbers-Notes.md:L949-950[U006036];BACK-MATTER/NOTES/04-Systems-Based-on-Numbers-Notes.md:L951-952[U006037],WEAK,field-energy-property,potential-lagrangian-and-hamiltonian-are-derived-quantities,,not-serious-candidate,not-applicable
L0644,BACK-MATTER/NOTES/04-Systems-Based-on-Numbers-Notes.md:L953-954[U006038];BACK-MATTER/NOTES/04-Systems-Based-on-Numbers-Notes.md:L955-956[U006039];BACK-MATTER/NOTES/04-Systems-Based-on-Numbers-Notes.md:L957-958[U006040],RESOLVED,ordinary-differential-equation,uniform-background-reduces-the-field-rule-to-an-ode,,not-serious-candidate,not-applicable
L0645,BACK-MATTER/NOTES/04-Systems-Based-on-Numbers-Notes.md:L959-960[U006041];BACK-MATTER/NOTES/04-Systems-Based-on-Numbers-Notes.md:L961-962[U006042],WEAK,ode-solution-property,closed-form-and-periodicity-are-derived-results,,not-serious-candidate,not-applicable
L0646,BACK-MATTER/NOTES/04-Systems-Based-on-Numbers-Notes.md:L963-964[U006043];BACK-MATTER/NOTES/04-Systems-Based-on-Numbers-Notes.md:L965-966[U006044];BACK-MATTER/NOTES/04-Systems-Based-on-Numbers-Notes.md:L967-968[U006045];BACK-MATTER/NOTES/04-Systems-Based-on-Numbers-Notes.md:L969-970[U006046];BACK-MATTER/NOTES/04-Systems-Based-on-Numbers-Notes.md:L971-972[U006047];BACK-MATTER/NOTES/04-Systems-Based-on-Numbers-Notes.md:L973-974[U006048];BACK-MATTER/NOTES/04-Systems-Based-on-Numbers-Notes.md:L975-976[U006049];BACK-MATTER/NOTES/04-Systems-Based-on-Numbers-Notes.md:L977-978[U006050];BACK-MATTER/NOTES/04-Systems-Based-on-Numbers-Notes.md:L979-980[U006051],WEAK,ode-solution-property,closed-form-and-periodicity-are-derived-results,,not-serious-candidate,not-applicable
L0647,BACK-MATTER/NOTES/04-Systems-Based-on-Numbers-Notes.md:L981-982[U006052],WEAK,pde-numerical-technique,discretization-and-solver-code-are-implementation-techniques,,not-serious-candidate,not-applicable
L0648,BACK-MATTER/NOTES/04-Systems-Based-on-Numbers-Notes.md:L983-984[U006053],WEAK,pde-numerical-technique,discretization-and-solver-code-are-implementation-techniques,,not-serious-candidate,not-applicable
L0649,BACK-MATTER/NOTES/04-Systems-Based-on-Numbers-Notes.md:L993-994[U006058];BACK-MATTER/NOTES/04-Systems-Based-on-Numbers-Notes.md:L995-996[U006059];BACK-MATTER/NOTES/04-Systems-Based-on-Numbers-Notes.md:L997-998[U006060];BACK-MATTER/NOTES/04-Systems-Based-on-Numbers-Notes.md:L999-1003[U006061];BACK-MATTER/NOTES/04-Systems-Based-on-Numbers-Notes.md:L1004-1005[U006062];BACK-MATTER/NOTES/04-Systems-Based-on-Numbers-Notes.md:L1006-1013[U006063],WEAK,pde-numerical-technique,discretization-and-solver-code-are-implementation-techniques,,not-serious-candidate,not-applicable
L0650,BACK-MATTER/NOTES/04-Systems-Based-on-Numbers-Notes.md:L1014-1015[U006064];BACK-MATTER/NOTES/04-Systems-Based-on-Numbers-Notes.md:L1016-1021[U006065],WEAK,pde-numerical-technique,discretization-and-solver-code-are-implementation-techniques,,not-serious-candidate,not-applicable
L0651,BACK-MATTER/NOTES/04-Systems-Based-on-Numbers-Notes.md:L1022-1023[U006066],WEAK,numerical-convergence-property,uncertain-convergence-is-an-implementation-property,,not-serious-candidate,not-applicable
L0652,BACK-MATTER/NOTES/04-Systems-Based-on-Numbers-Notes.md:L1026-1027[U006068];BACK-MATTER/NOTES/04-Systems-Based-on-Numbers-Notes.md:L1028-1029[U006069];BACK-MATTER/NOTES/04-Systems-Based-on-Numbers-Notes.md:L1030-1031[U006070],RESOLVED,scalar-field-pde,changed-polynomial-powers-are-rule-parameter-presets,,not-serious-candidate,not-applicable
L0653,BACK-MATTER/NOTES/04-Systems-Based-on-Numbers-Notes.md:L1034-1035[U006072],SERIOUS,partial-differential-equation,unbounded-propagation-distinguishes-this-pde-rule-class,C063,T45:retain-family,F041
L0654,BACK-MATTER/NOTES/04-Systems-Based-on-Numbers-Notes.md:L1032-1033[U006071];BACK-MATTER/NOTES/04-Systems-Based-on-Numbers-Notes.md:L1034-1035[U006072],RESOLVED,parabolic-pde,burgers-schrodinger-and-kuramoto-sivashinsky-are-rule-presets,,not-serious-candidate,not-applicable
L0655,BACK-MATTER/NOTES/04-Systems-Based-on-Numbers-Notes.md:L1032-1033[U006071];BACK-MATTER/NOTES/04-Systems-Based-on-Numbers-Notes.md:L1034-1035[U006072],RESOLVED,parabolic-pde,burgers-schrodinger-and-kuramoto-sivashinsky-are-rule-presets,,not-serious-candidate,not-applicable
L0656,BACK-MATTER/NOTES/04-Systems-Based-on-Numbers-Notes.md:L1032-1033[U006071];BACK-MATTER/NOTES/04-Systems-Based-on-Numbers-Notes.md:L1034-1035[U006072],RESOLVED,parabolic-pde,burgers-schrodinger-and-kuramoto-sivashinsky-are-rule-presets,,not-serious-candidate,not-applicable
L0657,CHAPTERS/05-Two-Dimensions-and-Beyond.md:L27-28[U000960];CHAPTERS/05-Two-Dimensions-and-Beyond.md:L29-30[U000961];CHAPTERS/05-Two-Dimensions-and-Beyond.md:L31-32[U000962],SERIOUS,synchronous-local-state-automaton,defines-two-dimensional-neighborhood-update,C090,T01:retain-family;T02:retain-preset;T03:retain-preset;T04:retain-preset;T05:merge;T06:retain-preset;T07:retain-preset;T21:retain-preset;T22:retain-preset;T23:retain-preset;T24:retain-preset;T44:alias,F053
L0658,CHAPTERS/05-Two-Dimensions-and-Beyond.md:L33-34[U000963];CHAPTERS/05-Two-Dimensions-and-Beyond.md:L35-36[U000964];CHAPTERS/05-Two-Dimensions-and-Beyond.md:L37-38[U000965],RESOLVED,synchronous-lattice-cellular-automaton,outer-totalistic-rule-preset,,not-serious-candidate,not-applicable
L0659,CHAPTERS/05-Two-Dimensions-and-Beyond.md:L39-40[U000966];CHAPTERS/05-Two-Dimensions-and-Beyond.md:L41-42[U000967];CHAPTERS/05-Two-Dimensions-and-Beyond.md:L43-44[U000968],WEAK,behavior-example,reports-pattern-shape-from-ca-rules,,not-serious-candidate,not-applicable
L0660,CHAPTERS/05-Two-Dimensions-and-Beyond.md:L71-72[U000982];CHAPTERS/05-Two-Dimensions-and-Beyond.md:L73-74[U000983];CHAPTERS/05-Two-Dimensions-and-Beyond.md:L75-76[U000984];CHAPTERS/05-Two-Dimensions-and-Beyond.md:L91-92[U000992];CHAPTERS/05-Two-Dimensions-and-Beyond.md:L93-94[U000993];CHAPTERS/05-Two-Dimensions-and-Beyond.md:L99-100[U000996];CHAPTERS/05-Two-Dimensions-and-Beyond.md:L101-102[U000997];CHAPTERS/05-Two-Dimensions-and-Beyond.md:L103-104[U000998];CHAPTERS/05-Two-Dimensions-and-Beyond.md:L105-106[U000999];CHAPTERS/05-Two-Dimensions-and-Beyond.md:L107-108[U001000];CHAPTERS/05-Two-Dimensions-and-Beyond.md:L109-110[U001001];CHAPTERS/05-Two-Dimensions-and-Beyond.md:L111-112[U001002],WEAK,behavior-example,reports-pattern-shape-from-ca-rules,,not-serious-candidate,not-applicable
L0661,CHAPTERS/05-Two-Dimensions-and-Beyond.md:L79-80[U000986];CHAPTERS/05-Two-Dimensions-and-Beyond.md:L83-84[U000988];CHAPTERS/05-Two-Dimensions-and-Beyond.md:L85-86[U000989];CHAPTERS/05-Two-Dimensions-and-Beyond.md:L67-68[U000980],RESOLVED,synchronous-lattice-cellular-automaton,figure-routes-to-two-dimensional-ca,,not-serious-candidate,not-applicable
L0662,CHAPTERS/05-Two-Dimensions-and-Beyond.md:L69-70[U000981];CHAPTERS/05-Two-Dimensions-and-Beyond.md:L87-88[U000990];CHAPTERS/05-Two-Dimensions-and-Beyond.md:L89-90[U000991];BACK-MATTER/NOTES/05-Two-Dimensions-and-Beyond-Notes.md:L159-165[U006121],RESOLVED,projection-observer,large-scale-surface-and-stack-visualization,,not-serious-candidate,not-applicable
L0663,CHAPTERS/05-Two-Dimensions-and-Beyond.md:L95-96[U000994],RESOLVED,synchronous-lattice-cellular-automaton,dimension-is-a-domain-parameter,,not-serious-candidate,not-applicable
L0664,CHAPTERS/05-Two-Dimensions-and-Beyond.md:L113-114[U001003];CHAPTERS/05-Two-Dimensions-and-Beyond.md:L115-116[U001004];CHAPTERS/05-Two-Dimensions-and-Beyond.md:L117-118[U001005],RESOLVED,synchronous-lattice-cellular-automaton,dimension-is-a-domain-parameter,,not-serious-candidate,not-applicable
L0665,CHAPTERS/05-Two-Dimensions-and-Beyond.md:L113-114[U001003];CHAPTERS/05-Two-Dimensions-and-Beyond.md:L115-116[U001004];CHAPTERS/05-Two-Dimensions-and-Beyond.md:L117-118[U001005],RESOLVED,synchronous-lattice-cellular-automaton,dimension-is-a-domain-parameter,,not-serious-candidate,not-applicable
L0666,CHAPTERS/05-Two-Dimensions-and-Beyond.md:L119-120[U001006];CHAPTERS/05-Two-Dimensions-and-Beyond.md:L121-122[U001007];CHAPTERS/05-Two-Dimensions-and-Beyond.md:L123-124[U001008],RESOLVED,synchronous-lattice-cellular-automaton,dimension-is-a-domain-parameter,,not-serious-candidate,not-applicable
L0667,CHAPTERS/05-Two-Dimensions-and-Beyond.md:L119-120[U001006];CHAPTERS/05-Two-Dimensions-and-Beyond.md:L121-122[U001007];CHAPTERS/05-Two-Dimensions-and-Beyond.md:L123-124[U001008],RESOLVED,synchronous-lattice-cellular-automaton,dimension-is-a-domain-parameter,,not-serious-candidate,not-applicable
L0668,CHAPTERS/05-Two-Dimensions-and-Beyond.md:L127-128[U001010];CHAPTERS/05-Two-Dimensions-and-Beyond.md:L129-130[U001011],SERIOUS,mobile-head-grid-rewrite,defines-head-motion-and-cell-rewrite-on-a-two-dimensional-grid,C049,T12:retain-family;T25:retain-family,F031
L0669,CHAPTERS/05-Two-Dimensions-and-Beyond.md:L173-174[U001033];CHAPTERS/05-Two-Dimensions-and-Beyond.md:L175-176[U001034];CHAPTERS/05-Two-Dimensions-and-Beyond.md:L185-186[U001039],SERIOUS,parallel-independent-substitution,defines-parallel-two-dimensional-element-subdivision,C061,T13:retain-family;T15:merge;T26:retain-preset;T27:repair;T42:retain-preset,F038
L0670,CHAPTERS/05-Two-Dimensions-and-Beyond.md:L177-178[U001035];CHAPTERS/05-Two-Dimensions-and-Beyond.md:L179-180[U001036];CHAPTERS/05-Two-Dimensions-and-Beyond.md:L181-182[U001037],RESOLVED,parallel-block-substitution,rule-figure-routes-to-block-substitution,,not-serious-candidate,not-applicable
L0671,CHAPTERS/05-Two-Dimensions-and-Beyond.md:L191-192[U001042];CHAPTERS/05-Two-Dimensions-and-Beyond.md:L207-208[U001050];CHAPTERS/05-Two-Dimensions-and-Beyond.md:L209-210[U001051];CHAPTERS/05-Two-Dimensions-and-Beyond.md:L213-214[U001053],SERIOUS,parallel-independent-substitution,defines-coordinate-bearing-geometric-replacement,C061,T13:retain-family;T15:merge;T26:retain-preset;T27:repair;T42:retain-preset,F038
L0672,CHAPTERS/05-Two-Dimensions-and-Beyond.md:L191-192[U001042];CHAPTERS/05-Two-Dimensions-and-Beyond.md:L193-194[U001043];CHAPTERS/05-Two-Dimensions-and-Beyond.md:L195-196[U001044];CHAPTERS/05-Two-Dimensions-and-Beyond.md:L197-198[U001045];CHAPTERS/05-Two-Dimensions-and-Beyond.md:L213-214[U001053],RESOLVED,parallel-geometric-substitution,duplicate-geometric-replacement-description,,not-serious-candidate,not-applicable
L0673,CHAPTERS/05-Two-Dimensions-and-Beyond.md:L199-200[U001046];CHAPTERS/05-Two-Dimensions-and-Beyond.md:L201-202[U001047];CHAPTERS/05-Two-Dimensions-and-Beyond.md:L203-204[U001048];CHAPTERS/05-Two-Dimensions-and-Beyond.md:L205-206[U001049],RESOLVED,parallel-geometric-substitution,overlap-is-an-output-condition-not-new-mechanics,,not-serious-candidate,not-applicable
L0674,CHAPTERS/05-Two-Dimensions-and-Beyond.md:L211-212[U001052];CHAPTERS/05-Two-Dimensions-and-Beyond.md:L219-220[U001056];CHAPTERS/05-Two-Dimensions-and-Beyond.md:L221-222[U001057];CHAPTERS/05-Two-Dimensions-and-Beyond.md:L223-224[U001058];CHAPTERS/05-Two-Dimensions-and-Beyond.md:L225-226[U001059],SERIOUS,neighbor-dependent-block-substitution,replacement-reads-neighboring-elements,C055,T14:retain-family;T28:retain-family,F005
L0675,CHAPTERS/05-Two-Dimensions-and-Beyond.md:L239-240[U001066];CHAPTERS/05-Two-Dimensions-and-Beyond.md:L241-242[U001067];CHAPTERS/05-Two-Dimensions-and-Beyond.md:L245-246[U001069];CHAPTERS/05-Two-Dimensions-and-Beyond.md:L247-248[U001070],SERIOUS,parallel-network-rewrite,defines-parallel-connection-rewriting-on-dynamic-topology,C062,T29:retain-family,F040
L0676,CHAPTERS/05-Two-Dimensions-and-Beyond.md:L249-250[U001071];CHAPTERS/05-Two-Dimensions-and-Beyond.md:L287-288[U001090];CHAPTERS/05-Two-Dimensions-and-Beyond.md:L295-296[U001094],RESOLVED,parallel-network-rewrite,fixed-outdegree-is-a-network-parameter,,not-serious-candidate,not-applicable
L0677,CHAPTERS/05-Two-Dimensions-and-Beyond.md:L251-252[U001072];CHAPTERS/05-Two-Dimensions-and-Beyond.md:L253-254[U001073];CHAPTERS/05-Two-Dimensions-and-Beyond.md:L255-256[U001074],RESOLVED,network-seed,one-node-loop-network-is-an-initial-condition,,not-serious-candidate,not-applicable
L0678,CHAPTERS/05-Two-Dimensions-and-Beyond.md:L279-280[U001086];CHAPTERS/05-Two-Dimensions-and-Beyond.md:L281-282[U001087];CHAPTERS/05-Two-Dimensions-and-Beyond.md:L283-284[U001088],WEAK,static-network-example,nested-network-is-a-static-example-without-evolution,,not-serious-candidate,not-applicable
L0679,CHAPTERS/05-Two-Dimensions-and-Beyond.md:L297-298[U001095];CHAPTERS/05-Two-Dimensions-and-Beyond.md:L299-300[U001096];CHAPTERS/05-Two-Dimensions-and-Beyond.md:L301-302[U001097];CHAPTERS/05-Two-Dimensions-and-Beyond.md:L303-304[U001098];CHAPTERS/05-Two-Dimensions-and-Beyond.md:L305-306[U001099],RESOLVED,parallel-network-rewrite,network-rerouting-rule-preset,,not-serious-candidate,not-applicable
L0680,CHAPTERS/05-Two-Dimensions-and-Beyond.md:L297-298[U001095];CHAPTERS/05-Two-Dimensions-and-Beyond.md:L299-300[U001096];CHAPTERS/05-Two-Dimensions-and-Beyond.md:L301-302[U001097];CHAPTERS/05-Two-Dimensions-and-Beyond.md:L303-304[U001098];CHAPTERS/05-Two-Dimensions-and-Beyond.md:L305-306[U001099],RESOLVED,parallel-network-rewrite,network-rerouting-rule-preset,,not-serious-candidate,not-applicable
L0681,CHAPTERS/05-Two-Dimensions-and-Beyond.md:L297-298[U001095];CHAPTERS/05-Two-Dimensions-and-Beyond.md:L299-300[U001096];CHAPTERS/05-Two-Dimensions-and-Beyond.md:L301-302[U001097];CHAPTERS/05-Two-Dimensions-and-Beyond.md:L303-304[U001098];CHAPTERS/05-Two-Dimensions-and-Beyond.md:L305-306[U001099],RESOLVED,parallel-network-rewrite,network-rerouting-rule-preset,,not-serious-candidate,not-applicable
L0682,CHAPTERS/05-Two-Dimensions-and-Beyond.md:L297-298[U001095];CHAPTERS/05-Two-Dimensions-and-Beyond.md:L299-300[U001096];CHAPTERS/05-Two-Dimensions-and-Beyond.md:L301-302[U001097];CHAPTERS/05-Two-Dimensions-and-Beyond.md:L303-304[U001098];CHAPTERS/05-Two-Dimensions-and-Beyond.md:L305-306[U001099],RESOLVED,parallel-network-rewrite,network-rerouting-rule-preset,,not-serious-candidate,not-applicable
L0683,CHAPTERS/05-Two-Dimensions-and-Beyond.md:L307-308[U001100];CHAPTERS/05-Two-Dimensions-and-Beyond.md:L309-310[U001101];CHAPTERS/05-Two-Dimensions-and-Beyond.md:L311-312[U001102];CHAPTERS/05-Two-Dimensions-and-Beyond.md:L315-316[U001104],SERIOUS,parallel-network-rewrite,defines-node-insertion-and-reconnection,C062,T29:retain-family,F040
L0684,CHAPTERS/05-Two-Dimensions-and-Beyond.md:L307-308[U001100];CHAPTERS/05-Two-Dimensions-and-Beyond.md:L309-310[U001101];CHAPTERS/05-Two-Dimensions-and-Beyond.md:L313-314[U001103];CHAPTERS/05-Two-Dimensions-and-Beyond.md:L315-316[U001104],RESOLVED,parallel-network-rewrite,duplicate-node-insertion-description,,not-serious-candidate,not-applicable
L0685,CHAPTERS/05-Two-Dimensions-and-Beyond.md:L319-320[U001106];CHAPTERS/05-Two-Dimensions-and-Beyond.md:L321-322[U001107];CHAPTERS/05-Two-Dimensions-and-Beyond.md:L325-326[U001109];CHAPTERS/05-Two-Dimensions-and-Beyond.md:L327-328[U001110];CHAPTERS/05-Two-Dimensions-and-Beyond.md:L323-324[U001108],SERIOUS,parallel-network-rewrite,defines-local-topology-conditioned-rewrite,C062,T29:retain-family,F040
L0686,CHAPTERS/05-Two-Dimensions-and-Beyond.md:L329-330[U001111];CHAPTERS/05-Two-Dimensions-and-Beyond.md:L335-336[U001114];CHAPTERS/05-Two-Dimensions-and-Beyond.md:L337-338[U001115],RESOLVED,parallel-network-rewrite,read-depth-is-a-rule-parameter,,not-serious-candidate,not-applicable
L0687,CHAPTERS/05-Two-Dimensions-and-Beyond.md:L339-340[U001116];CHAPTERS/05-Two-Dimensions-and-Beyond.md:L341-342[U001117];CHAPTERS/05-Two-Dimensions-and-Beyond.md:L343-346[U001118];CHAPTERS/05-Two-Dimensions-and-Beyond.md:L353-354[U001121];CHAPTERS/05-Two-Dimensions-and-Beyond.md:L329-330[U001111],RESOLVED,parallel-network-rewrite,figure-routes-to-network-rewrite-rules,,not-serious-candidate,not-applicable
L0688,CHAPTERS/05-Two-Dimensions-and-Beyond.md:L339-340[U001116];CHAPTERS/05-Two-Dimensions-and-Beyond.md:L347-348[U001119];CHAPTERS/05-Two-Dimensions-and-Beyond.md:L349-352[U001120];CHAPTERS/05-Two-Dimensions-and-Beyond.md:L353-354[U001121];CHAPTERS/05-Two-Dimensions-and-Beyond.md:L329-330[U001111],RESOLVED,parallel-network-rewrite,figure-routes-to-network-rewrite-rules,,not-serious-candidate,not-applicable
L0689,CHAPTERS/05-Two-Dimensions-and-Beyond.md:L359-360[U001124];CHAPTERS/05-Two-Dimensions-and-Beyond.md:L369-370[U001129],SERIOUS,multiway-rewrite,defines-all-branch-replacements-with-distinct-states-retained,C051,T30:retain-family,F034
L0690,CHAPTERS/05-Two-Dimensions-and-Beyond.md:L363-364[U001126];CHAPTERS/05-Two-Dimensions-and-Beyond.md:L365-366[U001127];CHAPTERS/05-Two-Dimensions-and-Beyond.md:L367-368[U001128],RESOLVED,multiway-string-rewrite,figure-routes-to-multiway-rewrite,,not-serious-candidate,not-applicable
L0691,CHAPTERS/05-Two-Dimensions-and-Beyond.md:L391-392[U001140];CHAPTERS/05-Two-Dimensions-and-Beyond.md:L393-394[U001141];CHAPTERS/05-Two-Dimensions-and-Beyond.md:L395-396[U001142];CHAPTERS/05-Two-Dimensions-and-Beyond.md:L397-398[U001143];CHAPTERS/05-Two-Dimensions-and-Beyond.md:L399-400[U001144];BACK-MATTER/NOTES/05-Two-Dimensions-and-Beyond-Notes.md:L536-537[U006255];BACK-MATTER/NOTES/05-Two-Dimensions-and-Beyond-Notes.md:L548-551[U006261],WEAK,behavior-example,reports-growth-or-repetition-of-a-rule-preset,,not-serious-candidate,not-applicable
L0692,CHAPTERS/05-Two-Dimensions-and-Beyond.md:L401-402[U001145];CHAPTERS/05-Two-Dimensions-and-Beyond.md:L403-404[U001146];CHAPTERS/05-Two-Dimensions-and-Beyond.md:L405-406[U001147],WEAK,behavior-example,reports-growth-or-repetition-of-a-rule-preset,,not-serious-candidate,not-applicable
L0693,CHAPTERS/05-Two-Dimensions-and-Beyond.md:L413-414[U001151];CHAPTERS/05-Two-Dimensions-and-Beyond.md:L415-416[U001152];CHAPTERS/05-Two-Dimensions-and-Beyond.md:L419-420[U001154];CHAPTERS/05-Two-Dimensions-and-Beyond.md:L421-422[U001155];CHAPTERS/05-Two-Dimensions-and-Beyond.md:L423-424[U001156];CHAPTERS/05-Two-Dimensions-and-Beyond.md:L425-426[U001157];CHAPTERS/05-Two-Dimensions-and-Beyond.md:L427-428[U001158],RESOLVED,multiway-evolution-graph-observer,renders-deduplicated-state-successor-network,,not-serious-candidate,not-applicable
L0694,CHAPTERS/05-Two-Dimensions-and-Beyond.md:L433-434[U001161],SERIOUS,local-satisfaction-constraint,defines-uniterated-configurations-by-satisfaction,C043,T31:retain-family;T32:alias;T33:retain-preset,F030
L0695,CHAPTERS/05-Two-Dimensions-and-Beyond.md:L435-436[U001162];CHAPTERS/05-Two-Dimensions-and-Beyond.md:L437-438[U001163];CHAPTERS/05-Two-Dimensions-and-Beyond.md:L439-440[U001164],RESOLVED,local-template-constraint,specific-neighbor-constraint-preset,,not-serious-candidate,not-applicable
L0696,CHAPTERS/05-Two-Dimensions-and-Beyond.md:L443-444[U001166];CHAPTERS/05-Two-Dimensions-and-Beyond.md:L445-446[U001167];CHAPTERS/05-Two-Dimensions-and-Beyond.md:L447-448[U001168],RESOLVED,local-template-constraint,specific-neighbor-constraint-preset,,not-serious-candidate,not-applicable
L0697,CHAPTERS/05-Two-Dimensions-and-Beyond.md:L457-458[U001173];CHAPTERS/05-Two-Dimensions-and-Beyond.md:L459-460[U001174];CHAPTERS/05-Two-Dimensions-and-Beyond.md:L461-462[U001175];CHAPTERS/05-Two-Dimensions-and-Beyond.md:L471-472[U001180],RESOLVED,local-template-constraint,specific-neighbor-constraint-preset,,not-serious-candidate,not-applicable
L0698,CHAPTERS/05-Two-Dimensions-and-Beyond.md:L467-468[U001178];CHAPTERS/05-Two-Dimensions-and-Beyond.md:L471-472[U001180];CHAPTERS/05-Two-Dimensions-and-Beyond.md:L473-474[U001181],RESOLVED,local-template-constraint,specific-neighbor-constraint-preset,,not-serious-candidate,not-applicable
L0699,CHAPTERS/05-Two-Dimensions-and-Beyond.md:L475-476[U001182];CHAPTERS/05-Two-Dimensions-and-Beyond.md:L477-478[U001183];CHAPTERS/05-Two-Dimensions-and-Beyond.md:L479-480[U001184];CHAPTERS/05-Two-Dimensions-and-Beyond.md:L481-482[U001185];CHAPTERS/05-Two-Dimensions-and-Beyond.md:L487-488[U001188],SERIOUS,local-satisfaction-constraint,defines-overlapping-allowed-neighborhood-templates,C043,T31:retain-family;T32:alias;T33:retain-preset,F030
L0700,CHAPTERS/05-Two-Dimensions-and-Beyond.md:L477-478[U001183];CHAPTERS/05-Two-Dimensions-and-Beyond.md:L479-480[U001184],RESOLVED,local-template-constraint,figure-routes-to-template-constraint,,not-serious-candidate,not-applicable
L0701,CHAPTERS/05-Two-Dimensions-and-Beyond.md:L477-478[U001183];CHAPTERS/05-Two-Dimensions-and-Beyond.md:L479-480[U001184],RESOLVED,local-template-constraint,figure-routes-to-template-constraint,,not-serious-candidate,not-applicable
L0702,CHAPTERS/05-Two-Dimensions-and-Beyond.md:L481-482[U001185];CHAPTERS/05-Two-Dimensions-and-Beyond.md:L483-484[U001186];CHAPTERS/05-Two-Dimensions-and-Beyond.md:L485-486[U001187];CHAPTERS/05-Two-Dimensions-and-Beyond.md:L487-488[U001188];CHAPTERS/05-Two-Dimensions-and-Beyond.md:L479-480[U001184],WEAK,constraint-space-property,counts-satisfiable-template-sets-and-patterns,,not-serious-candidate,not-applicable
L0703,CHAPTERS/05-Two-Dimensions-and-Beyond.md:L491-492[U001190];CHAPTERS/05-Two-Dimensions-and-Beyond.md:L493-494[U001191];CHAPTERS/05-Two-Dimensions-and-Beyond.md:L495-496[U001192];CHAPTERS/05-Two-Dimensions-and-Beyond.md:L497-498[U001193];CHAPTERS/05-Two-Dimensions-and-Beyond.md:L535-536[U001212],SERIOUS,local-plus-global-constraint,adds-required-occurrence-to-local-template-constraints,C042,T33:retain-preset,F030
L0704,CHAPTERS/05-Two-Dimensions-and-Beyond.md:L499-500[U001194];CHAPTERS/05-Two-Dimensions-and-Beyond.md:L501-502[U001195];CHAPTERS/05-Two-Dimensions-and-Beyond.md:L503-504[U001196];CHAPTERS/05-Two-Dimensions-and-Beyond.md:L505-506[U001197],WEAK,research-narrative,describes-search-difficulty-not-system-mechanics,,not-serious-candidate,not-applicable
L0705,CHAPTERS/05-Two-Dimensions-and-Beyond.md:L507-508[U001198];CHAPTERS/05-Two-Dimensions-and-Beyond.md:L509-510[U001199];CHAPTERS/05-Two-Dimensions-and-Beyond.md:L511-512[U001200];CHAPTERS/05-Two-Dimensions-and-Beyond.md:L513-514[U001201];CHAPTERS/05-Two-Dimensions-and-Beyond.md:L515-516[U001202];CHAPTERS/05-Two-Dimensions-and-Beyond.md:L519-520[U001204];CHAPTERS/05-Two-Dimensions-and-Beyond.md:L521-522[U001205],WEAK,implementation-technique,backtracking-searches-for-a-satisfying-pattern,,not-serious-candidate,not-applicable
L0706,CHAPTERS/05-Two-Dimensions-and-Beyond.md:L519-520[U001204];CHAPTERS/05-Two-Dimensions-and-Beyond.md:L521-522[U001205],WEAK,implementation-technique,backtracking-searches-for-a-satisfying-pattern,,not-serious-candidate,not-applicable
L0707,CHAPTERS/05-Two-Dimensions-and-Beyond.md:L519-520[U001204];CHAPTERS/05-Two-Dimensions-and-Beyond.md:L521-522[U001205];CHAPTERS/05-Two-Dimensions-and-Beyond.md:L513-514[U001201],WEAK,implementation-technique,backtracking-searches-for-a-satisfying-pattern,,not-serious-candidate,not-applicable
L0708,CHAPTERS/05-Two-Dimensions-and-Beyond.md:L523-524[U001206];CHAPTERS/05-Two-Dimensions-and-Beyond.md:L527-528[U001208];CHAPTERS/05-Two-Dimensions-and-Beyond.md:L529-530[U001209];CHAPTERS/05-Two-Dimensions-and-Beyond.md:L531-532[U001210];CHAPTERS/05-Two-Dimensions-and-Beyond.md:L535-536[U001212],RESOLVED,local-plus-global-constraint,nonperiodic-constraint-rule-preset,,not-serious-candidate,not-applicable
L0709,CHAPTERS/05-Two-Dimensions-and-Beyond.md:L535-536[U001212];CHAPTERS/05-Two-Dimensions-and-Beyond.md:L537-538[U001213],WEAK,constraint-space-property,reports-negative-search-results,,not-serious-candidate,not-applicable
L0710,CHAPTERS/05-Two-Dimensions-and-Beyond.md:L539-540[U001214];CHAPTERS/05-Two-Dimensions-and-Beyond.md:L541-542[U001215];CHAPTERS/05-Two-Dimensions-and-Beyond.md:L543-544[U001216],RESOLVED,local-template-constraint,figure-routes-to-a-template-constraint-preset,,not-serious-candidate,not-applicable
L0711,CHAPTERS/05-Two-Dimensions-and-Beyond.md:L545-546[U001217];CHAPTERS/05-Two-Dimensions-and-Beyond.md:L547-548[U001218];CHAPTERS/05-Two-Dimensions-and-Beyond.md:L549-550[U001219];CHAPTERS/05-Two-Dimensions-and-Beyond.md:L551-552[U001220],RESOLVED,local-plus-global-constraint,ca-encoded-complex-constraint-preset,,not-serious-candidate,not-applicable
L0712,CHAPTERS/05-Two-Dimensions-and-Beyond.md:L53-54[U000973];CHAPTERS/05-Two-Dimensions-and-Beyond.md:L55-56[U000974];CHAPTERS/05-Two-Dimensions-and-Beyond.md:L51-52[U000972];CHAPTERS/05-Two-Dimensions-and-Beyond.md:L59-60[U000976];CHAPTERS/05-Two-Dimensions-and-Beyond.md:L63-64[U000978],RESOLVED,synchronous-lattice-cellular-automaton,two-dimensional-ca-rule-preset,,not-serious-candidate,not-applicable
L0713,CHAPTERS/05-Two-Dimensions-and-Beyond.md:L53-54[U000973];CHAPTERS/05-Two-Dimensions-and-Beyond.md:L55-56[U000974];CHAPTERS/05-Two-Dimensions-and-Beyond.md:L51-52[U000972];CHAPTERS/05-Two-Dimensions-and-Beyond.md:L59-60[U000976];CHAPTERS/05-Two-Dimensions-and-Beyond.md:L63-64[U000978],RESOLVED,synchronous-lattice-cellular-automaton,two-dimensional-ca-rule-preset,,not-serious-candidate,not-applicable
L0714,CHAPTERS/05-Two-Dimensions-and-Beyond.md:L53-54[U000973];CHAPTERS/05-Two-Dimensions-and-Beyond.md:L55-56[U000974];CHAPTERS/05-Two-Dimensions-and-Beyond.md:L51-52[U000972];CHAPTERS/05-Two-Dimensions-and-Beyond.md:L59-60[U000976];CHAPTERS/05-Two-Dimensions-and-Beyond.md:L63-64[U000978],RESOLVED,synchronous-lattice-cellular-automaton,two-dimensional-ca-rule-preset,,not-serious-candidate,not-applicable
L0715,CHAPTERS/05-Two-Dimensions-and-Beyond.md:L53-54[U000973];CHAPTERS/05-Two-Dimensions-and-Beyond.md:L55-56[U000974];CHAPTERS/05-Two-Dimensions-and-Beyond.md:L51-52[U000972];CHAPTERS/05-Two-Dimensions-and-Beyond.md:L59-60[U000976];CHAPTERS/05-Two-Dimensions-and-Beyond.md:L63-64[U000978],RESOLVED,synchronous-lattice-cellular-automaton,two-dimensional-ca-rule-preset,,not-serious-candidate,not-applicable
L0716,CHAPTERS/05-Two-Dimensions-and-Beyond.md:L53-54[U000973];CHAPTERS/05-Two-Dimensions-and-Beyond.md:L55-56[U000974];CHAPTERS/05-Two-Dimensions-and-Beyond.md:L51-52[U000972];CHAPTERS/05-Two-Dimensions-and-Beyond.md:L59-60[U000976];CHAPTERS/05-Two-Dimensions-and-Beyond.md:L63-64[U000978],RESOLVED,synchronous-lattice-cellular-automaton,two-dimensional-ca-rule-preset,,not-serious-candidate,not-applicable
L0717,CHAPTERS/05-Two-Dimensions-and-Beyond.md:L53-54[U000973];CHAPTERS/05-Two-Dimensions-and-Beyond.md:L55-56[U000974];CHAPTERS/05-Two-Dimensions-and-Beyond.md:L51-52[U000972];CHAPTERS/05-Two-Dimensions-and-Beyond.md:L59-60[U000976];CHAPTERS/05-Two-Dimensions-and-Beyond.md:L63-64[U000978],RESOLVED,synchronous-lattice-cellular-automaton,two-dimensional-ca-rule-preset,,not-serious-candidate,not-applicable
L0718,CHAPTERS/05-Two-Dimensions-and-Beyond.md:L53-54[U000973];CHAPTERS/05-Two-Dimensions-and-Beyond.md:L55-56[U000974];CHAPTERS/05-Two-Dimensions-and-Beyond.md:L51-52[U000972];CHAPTERS/05-Two-Dimensions-and-Beyond.md:L59-60[U000976];CHAPTERS/05-Two-Dimensions-and-Beyond.md:L63-64[U000978],RESOLVED,synchronous-lattice-cellular-automaton,two-dimensional-ca-rule-preset,,not-serious-candidate,not-applicable
L0719,CHAPTERS/05-Two-Dimensions-and-Beyond.md:L53-54[U000973];CHAPTERS/05-Two-Dimensions-and-Beyond.md:L55-56[U000974];CHAPTERS/05-Two-Dimensions-and-Beyond.md:L51-52[U000972];CHAPTERS/05-Two-Dimensions-and-Beyond.md:L59-60[U000976];CHAPTERS/05-Two-Dimensions-and-Beyond.md:L63-64[U000978],RESOLVED,synchronous-lattice-cellular-automaton,two-dimensional-ca-rule-preset,,not-serious-candidate,not-applicable
L0720,CHAPTERS/05-Two-Dimensions-and-Beyond.md:L53-54[U000973];CHAPTERS/05-Two-Dimensions-and-Beyond.md:L55-56[U000974];CHAPTERS/05-Two-Dimensions-and-Beyond.md:L51-52[U000972];CHAPTERS/05-Two-Dimensions-and-Beyond.md:L59-60[U000976];CHAPTERS/05-Two-Dimensions-and-Beyond.md:L63-64[U000978],RESOLVED,synchronous-lattice-cellular-automaton,two-dimensional-ca-rule-preset,,not-serious-candidate,not-applicable
L0721,CHAPTERS/05-Two-Dimensions-and-Beyond.md:L53-54[U000973];CHAPTERS/05-Two-Dimensions-and-Beyond.md:L55-56[U000974];CHAPTERS/05-Two-Dimensions-and-Beyond.md:L51-52[U000972];CHAPTERS/05-Two-Dimensions-and-Beyond.md:L59-60[U000976];CHAPTERS/05-Two-Dimensions-and-Beyond.md:L63-64[U000978],RESOLVED,synchronous-lattice-cellular-automaton,two-dimensional-ca-rule-preset,,not-serious-candidate,not-applicable
L0722,CHAPTERS/05-Two-Dimensions-and-Beyond.md:L53-54[U000973];CHAPTERS/05-Two-Dimensions-and-Beyond.md:L55-56[U000974];CHAPTERS/05-Two-Dimensions-and-Beyond.md:L51-52[U000972];CHAPTERS/05-Two-Dimensions-and-Beyond.md:L59-60[U000976];CHAPTERS/05-Two-Dimensions-and-Beyond.md:L63-64[U000978],RESOLVED,synchronous-lattice-cellular-automaton,two-dimensional-ca-rule-preset,,not-serious-candidate,not-applicable
L0723,CHAPTERS/05-Two-Dimensions-and-Beyond.md:L53-54[U000973];CHAPTERS/05-Two-Dimensions-and-Beyond.md:L55-56[U000974];CHAPTERS/05-Two-Dimensions-and-Beyond.md:L51-52[U000972];CHAPTERS/05-Two-Dimensions-and-Beyond.md:L59-60[U000976];CHAPTERS/05-Two-Dimensions-and-Beyond.md:L63-64[U000978],RESOLVED,synchronous-lattice-cellular-automaton,two-dimensional-ca-rule-preset,,not-serious-candidate,not-applicable
L0724,CHAPTERS/05-Two-Dimensions-and-Beyond.md:L53-54[U000973];CHAPTERS/05-Two-Dimensions-and-Beyond.md:L55-56[U000974];CHAPTERS/05-Two-Dimensions-and-Beyond.md:L51-52[U000972];CHAPTERS/05-Two-Dimensions-and-Beyond.md:L59-60[U000976];CHAPTERS/05-Two-Dimensions-and-Beyond.md:L63-64[U000978],RESOLVED,synchronous-lattice-cellular-automaton,two-dimensional-ca-rule-preset,,not-serious-candidate,not-applicable
L0725,CHAPTERS/05-Two-Dimensions-and-Beyond.md:L53-54[U000973];CHAPTERS/05-Two-Dimensions-and-Beyond.md:L55-56[U000974];CHAPTERS/05-Two-Dimensions-and-Beyond.md:L51-52[U000972];CHAPTERS/05-Two-Dimensions-and-Beyond.md:L59-60[U000976];CHAPTERS/05-Two-Dimensions-and-Beyond.md:L63-64[U000978],RESOLVED,synchronous-lattice-cellular-automaton,two-dimensional-ca-rule-preset,,not-serious-candidate,not-applicable
L0726,CHAPTERS/05-Two-Dimensions-and-Beyond.md:L53-54[U000973];CHAPTERS/05-Two-Dimensions-and-Beyond.md:L55-56[U000974];CHAPTERS/05-Two-Dimensions-and-Beyond.md:L51-52[U000972];CHAPTERS/05-Two-Dimensions-and-Beyond.md:L59-60[U000976];CHAPTERS/05-Two-Dimensions-and-Beyond.md:L63-64[U000978],RESOLVED,synchronous-lattice-cellular-automaton,two-dimensional-ca-rule-preset,,not-serious-candidate,not-applicable
L0727,CHAPTERS/05-Two-Dimensions-and-Beyond.md:L53-54[U000973];CHAPTERS/05-Two-Dimensions-and-Beyond.md:L55-56[U000974];CHAPTERS/05-Two-Dimensions-and-Beyond.md:L51-52[U000972];CHAPTERS/05-Two-Dimensions-and-Beyond.md:L59-60[U000976];CHAPTERS/05-Two-Dimensions-and-Beyond.md:L63-64[U000978],RESOLVED,synchronous-lattice-cellular-automaton,two-dimensional-ca-rule-preset,,not-serious-candidate,not-applicable
L0728,CHAPTERS/05-Two-Dimensions-and-Beyond.md:L53-54[U000973];CHAPTERS/05-Two-Dimensions-and-Beyond.md:L55-56[U000974];CHAPTERS/05-Two-Dimensions-and-Beyond.md:L51-52[U000972];CHAPTERS/05-Two-Dimensions-and-Beyond.md:L59-60[U000976];CHAPTERS/05-Two-Dimensions-and-Beyond.md:L63-64[U000978],RESOLVED,synchronous-lattice-cellular-automaton,two-dimensional-ca-rule-preset,,not-serious-candidate,not-applicable
L0729,CHAPTERS/05-Two-Dimensions-and-Beyond.md:L53-54[U000973];CHAPTERS/05-Two-Dimensions-and-Beyond.md:L55-56[U000974];CHAPTERS/05-Two-Dimensions-and-Beyond.md:L51-52[U000972];CHAPTERS/05-Two-Dimensions-and-Beyond.md:L59-60[U000976];CHAPTERS/05-Two-Dimensions-and-Beyond.md:L63-64[U000978],RESOLVED,synchronous-lattice-cellular-automaton,two-dimensional-ca-rule-preset,,not-serious-candidate,not-applicable
L0730,CHAPTERS/05-Two-Dimensions-and-Beyond.md:L53-54[U000973];CHAPTERS/05-Two-Dimensions-and-Beyond.md:L55-56[U000974];CHAPTERS/05-Two-Dimensions-and-Beyond.md:L51-52[U000972];CHAPTERS/05-Two-Dimensions-and-Beyond.md:L59-60[U000976];CHAPTERS/05-Two-Dimensions-and-Beyond.md:L63-64[U000978],RESOLVED,synchronous-lattice-cellular-automaton,two-dimensional-ca-rule-preset,,not-serious-candidate,not-applicable
L0731,CHAPTERS/05-Two-Dimensions-and-Beyond.md:L53-54[U000973];CHAPTERS/05-Two-Dimensions-and-Beyond.md:L55-56[U000974];CHAPTERS/05-Two-Dimensions-and-Beyond.md:L51-52[U000972];CHAPTERS/05-Two-Dimensions-and-Beyond.md:L59-60[U000976];CHAPTERS/05-Two-Dimensions-and-Beyond.md:L63-64[U000978],RESOLVED,synchronous-lattice-cellular-automaton,two-dimensional-ca-rule-preset,,not-serious-candidate,not-applicable
L0732,CHAPTERS/05-Two-Dimensions-and-Beyond.md:L53-54[U000973];CHAPTERS/05-Two-Dimensions-and-Beyond.md:L55-56[U000974];CHAPTERS/05-Two-Dimensions-and-Beyond.md:L51-52[U000972];CHAPTERS/05-Two-Dimensions-and-Beyond.md:L59-60[U000976];CHAPTERS/05-Two-Dimensions-and-Beyond.md:L63-64[U000978],RESOLVED,synchronous-lattice-cellular-automaton,two-dimensional-ca-rule-preset,,not-serious-candidate,not-applicable
L0733,CHAPTERS/05-Two-Dimensions-and-Beyond.md:L53-54[U000973];CHAPTERS/05-Two-Dimensions-and-Beyond.md:L55-56[U000974];CHAPTERS/05-Two-Dimensions-and-Beyond.md:L51-52[U000972];CHAPTERS/05-Two-Dimensions-and-Beyond.md:L59-60[U000976];CHAPTERS/05-Two-Dimensions-and-Beyond.md:L63-64[U000978],RESOLVED,synchronous-lattice-cellular-automaton,two-dimensional-ca-rule-preset,,not-serious-candidate,not-applicable
L0734,CHAPTERS/05-Two-Dimensions-and-Beyond.md:L53-54[U000973];CHAPTERS/05-Two-Dimensions-and-Beyond.md:L55-56[U000974];CHAPTERS/05-Two-Dimensions-and-Beyond.md:L51-52[U000972];CHAPTERS/05-Two-Dimensions-and-Beyond.md:L59-60[U000976];CHAPTERS/05-Two-Dimensions-and-Beyond.md:L63-64[U000978],RESOLVED,synchronous-lattice-cellular-automaton,two-dimensional-ca-rule-preset,,not-serious-candidate,not-applicable
L0735,CHAPTERS/05-Two-Dimensions-and-Beyond.md:L53-54[U000973];CHAPTERS/05-Two-Dimensions-and-Beyond.md:L55-56[U000974];CHAPTERS/05-Two-Dimensions-and-Beyond.md:L51-52[U000972];CHAPTERS/05-Two-Dimensions-and-Beyond.md:L59-60[U000976];CHAPTERS/05-Two-Dimensions-and-Beyond.md:L63-64[U000978],RESOLVED,synchronous-lattice-cellular-automaton,two-dimensional-ca-rule-preset,,not-serious-candidate,not-applicable
L0736,CHAPTERS/05-Two-Dimensions-and-Beyond.md:L53-54[U000973];CHAPTERS/05-Two-Dimensions-and-Beyond.md:L55-56[U000974];CHAPTERS/05-Two-Dimensions-and-Beyond.md:L51-52[U000972];CHAPTERS/05-Two-Dimensions-and-Beyond.md:L59-60[U000976];CHAPTERS/05-Two-Dimensions-and-Beyond.md:L63-64[U000978],RESOLVED,synchronous-lattice-cellular-automaton,two-dimensional-ca-rule-preset,,not-serious-candidate,not-applicable
L0737,CHAPTERS/05-Two-Dimensions-and-Beyond.md:L53-54[U000973];CHAPTERS/05-Two-Dimensions-and-Beyond.md:L55-56[U000974];CHAPTERS/05-Two-Dimensions-and-Beyond.md:L51-52[U000972];CHAPTERS/05-Two-Dimensions-and-Beyond.md:L59-60[U000976];CHAPTERS/05-Two-Dimensions-and-Beyond.md:L63-64[U000978],RESOLVED,synchronous-lattice-cellular-automaton,two-dimensional-ca-rule-preset,,not-serious-candidate,not-applicable
L0738,CHAPTERS/05-Two-Dimensions-and-Beyond.md:L53-54[U000973];CHAPTERS/05-Two-Dimensions-and-Beyond.md:L55-56[U000974];CHAPTERS/05-Two-Dimensions-and-Beyond.md:L51-52[U000972];CHAPTERS/05-Two-Dimensions-and-Beyond.md:L59-60[U000976];CHAPTERS/05-Two-Dimensions-and-Beyond.md:L63-64[U000978],RESOLVED,synchronous-lattice-cellular-automaton,two-dimensional-ca-rule-preset,,not-serious-candidate,not-applicable
L0739,CHAPTERS/05-Two-Dimensions-and-Beyond.md:L53-54[U000973];CHAPTERS/05-Two-Dimensions-and-Beyond.md:L55-56[U000974];CHAPTERS/05-Two-Dimensions-and-Beyond.md:L51-52[U000972];CHAPTERS/05-Two-Dimensions-and-Beyond.md:L59-60[U000976];CHAPTERS/05-Two-Dimensions-and-Beyond.md:L63-64[U000978],RESOLVED,synchronous-lattice-cellular-automaton,two-dimensional-ca-rule-preset,,not-serious-candidate,not-applicable
L0740,CHAPTERS/05-Two-Dimensions-and-Beyond.md:L53-54[U000973];CHAPTERS/05-Two-Dimensions-and-Beyond.md:L55-56[U000974];CHAPTERS/05-Two-Dimensions-and-Beyond.md:L51-52[U000972];CHAPTERS/05-Two-Dimensions-and-Beyond.md:L59-60[U000976];CHAPTERS/05-Two-Dimensions-and-Beyond.md:L63-64[U000978],RESOLVED,synchronous-lattice-cellular-automaton,two-dimensional-ca-rule-preset,,not-serious-candidate,not-applicable
L0741,CHAPTERS/05-Two-Dimensions-and-Beyond.md:L53-54[U000973];CHAPTERS/05-Two-Dimensions-and-Beyond.md:L55-56[U000974];CHAPTERS/05-Two-Dimensions-and-Beyond.md:L51-52[U000972];CHAPTERS/05-Two-Dimensions-and-Beyond.md:L59-60[U000976];CHAPTERS/05-Two-Dimensions-and-Beyond.md:L63-64[U000978],RESOLVED,synchronous-lattice-cellular-automaton,two-dimensional-ca-rule-preset,,not-serious-candidate,not-applicable
L0742,CHAPTERS/05-Two-Dimensions-and-Beyond.md:L53-54[U000973];CHAPTERS/05-Two-Dimensions-and-Beyond.md:L55-56[U000974];CHAPTERS/05-Two-Dimensions-and-Beyond.md:L51-52[U000972];CHAPTERS/05-Two-Dimensions-and-Beyond.md:L59-60[U000976];CHAPTERS/05-Two-Dimensions-and-Beyond.md:L63-64[U000978],RESOLVED,synchronous-lattice-cellular-automaton,two-dimensional-ca-rule-preset,,not-serious-candidate,not-applicable
L0743,CHAPTERS/05-Two-Dimensions-and-Beyond.md:L53-54[U000973];CHAPTERS/05-Two-Dimensions-and-Beyond.md:L55-56[U000974];CHAPTERS/05-Two-Dimensions-and-Beyond.md:L51-52[U000972];CHAPTERS/05-Two-Dimensions-and-Beyond.md:L59-60[U000976];CHAPTERS/05-Two-Dimensions-and-Beyond.md:L63-64[U000978],RESOLVED,synchronous-lattice-cellular-automaton,two-dimensional-ca-rule-preset,,not-serious-candidate,not-applicable
L0744,CHAPTERS/05-Two-Dimensions-and-Beyond.md:L53-54[U000973];CHAPTERS/05-Two-Dimensions-and-Beyond.md:L55-56[U000974];CHAPTERS/05-Two-Dimensions-and-Beyond.md:L51-52[U000972];CHAPTERS/05-Two-Dimensions-and-Beyond.md:L59-60[U000976];CHAPTERS/05-Two-Dimensions-and-Beyond.md:L63-64[U000978],RESOLVED,synchronous-lattice-cellular-automaton,two-dimensional-ca-rule-preset,,not-serious-candidate,not-applicable
L0745,CHAPTERS/05-Two-Dimensions-and-Beyond.md:L53-54[U000973];CHAPTERS/05-Two-Dimensions-and-Beyond.md:L55-56[U000974];CHAPTERS/05-Two-Dimensions-and-Beyond.md:L51-52[U000972];CHAPTERS/05-Two-Dimensions-and-Beyond.md:L59-60[U000976];CHAPTERS/05-Two-Dimensions-and-Beyond.md:L63-64[U000978],RESOLVED,synchronous-lattice-cellular-automaton,two-dimensional-ca-rule-preset,,not-serious-candidate,not-applicable
L0746,CHAPTERS/05-Two-Dimensions-and-Beyond.md:L53-54[U000973];CHAPTERS/05-Two-Dimensions-and-Beyond.md:L55-56[U000974];CHAPTERS/05-Two-Dimensions-and-Beyond.md:L51-52[U000972];CHAPTERS/05-Two-Dimensions-and-Beyond.md:L59-60[U000976];CHAPTERS/05-Two-Dimensions-and-Beyond.md:L63-64[U000978],RESOLVED,synchronous-lattice-cellular-automaton,two-dimensional-ca-rule-preset,,not-serious-candidate,not-applicable
L0747,CHAPTERS/05-Two-Dimensions-and-Beyond.md:L53-54[U000973];CHAPTERS/05-Two-Dimensions-and-Beyond.md:L55-56[U000974];CHAPTERS/05-Two-Dimensions-and-Beyond.md:L51-52[U000972];CHAPTERS/05-Two-Dimensions-and-Beyond.md:L59-60[U000976];CHAPTERS/05-Two-Dimensions-and-Beyond.md:L63-64[U000978],RESOLVED,synchronous-lattice-cellular-automaton,two-dimensional-ca-rule-preset,,not-serious-candidate,not-applicable
L0748,CHAPTERS/05-Two-Dimensions-and-Beyond.md:L53-54[U000973];CHAPTERS/05-Two-Dimensions-and-Beyond.md:L55-56[U000974];CHAPTERS/05-Two-Dimensions-and-Beyond.md:L51-52[U000972];CHAPTERS/05-Two-Dimensions-and-Beyond.md:L59-60[U000976];CHAPTERS/05-Two-Dimensions-and-Beyond.md:L63-64[U000978],RESOLVED,synchronous-lattice-cellular-automaton,two-dimensional-ca-rule-preset,,not-serious-candidate,not-applicable
L0749,CHAPTERS/05-Two-Dimensions-and-Beyond.md:L53-54[U000973];CHAPTERS/05-Two-Dimensions-and-Beyond.md:L55-56[U000974];CHAPTERS/05-Two-Dimensions-and-Beyond.md:L51-52[U000972];CHAPTERS/05-Two-Dimensions-and-Beyond.md:L59-60[U000976];CHAPTERS/05-Two-Dimensions-and-Beyond.md:L63-64[U000978],RESOLVED,synchronous-lattice-cellular-automaton,two-dimensional-ca-rule-preset,,not-serious-candidate,not-applicable
L0750,CHAPTERS/05-Two-Dimensions-and-Beyond.md:L53-54[U000973];CHAPTERS/05-Two-Dimensions-and-Beyond.md:L55-56[U000974];CHAPTERS/05-Two-Dimensions-and-Beyond.md:L51-52[U000972];CHAPTERS/05-Two-Dimensions-and-Beyond.md:L59-60[U000976];CHAPTERS/05-Two-Dimensions-and-Beyond.md:L63-64[U000978],RESOLVED,synchronous-lattice-cellular-automaton,two-dimensional-ca-rule-preset,,not-serious-candidate,not-applicable
L0751,CHAPTERS/05-Two-Dimensions-and-Beyond.md:L53-54[U000973];CHAPTERS/05-Two-Dimensions-and-Beyond.md:L55-56[U000974];CHAPTERS/05-Two-Dimensions-and-Beyond.md:L51-52[U000972];CHAPTERS/05-Two-Dimensions-and-Beyond.md:L59-60[U000976];CHAPTERS/05-Two-Dimensions-and-Beyond.md:L63-64[U000978],RESOLVED,synchronous-lattice-cellular-automaton,two-dimensional-ca-rule-preset,,not-serious-candidate,not-applicable
L0752,CHAPTERS/05-Two-Dimensions-and-Beyond.md:L53-54[U000973];CHAPTERS/05-Two-Dimensions-and-Beyond.md:L55-56[U000974];CHAPTERS/05-Two-Dimensions-and-Beyond.md:L51-52[U000972];CHAPTERS/05-Two-Dimensions-and-Beyond.md:L59-60[U000976];CHAPTERS/05-Two-Dimensions-and-Beyond.md:L63-64[U000978],RESOLVED,synchronous-lattice-cellular-automaton,two-dimensional-ca-rule-preset,,not-serious-candidate,not-applicable
L0753,CHAPTERS/05-Two-Dimensions-and-Beyond.md:L53-54[U000973];CHAPTERS/05-Two-Dimensions-and-Beyond.md:L55-56[U000974];CHAPTERS/05-Two-Dimensions-and-Beyond.md:L51-52[U000972];CHAPTERS/05-Two-Dimensions-and-Beyond.md:L59-60[U000976];CHAPTERS/05-Two-Dimensions-and-Beyond.md:L63-64[U000978],RESOLVED,synchronous-lattice-cellular-automaton,two-dimensional-ca-rule-preset,,not-serious-candidate,not-applicable
L0754,CHAPTERS/05-Two-Dimensions-and-Beyond.md:L53-54[U000973];CHAPTERS/05-Two-Dimensions-and-Beyond.md:L55-56[U000974];CHAPTERS/05-Two-Dimensions-and-Beyond.md:L51-52[U000972];CHAPTERS/05-Two-Dimensions-and-Beyond.md:L59-60[U000976];CHAPTERS/05-Two-Dimensions-and-Beyond.md:L63-64[U000978],RESOLVED,synchronous-lattice-cellular-automaton,two-dimensional-ca-rule-preset,,not-serious-candidate,not-applicable
L0755,CHAPTERS/05-Two-Dimensions-and-Beyond.md:L53-54[U000973];CHAPTERS/05-Two-Dimensions-and-Beyond.md:L55-56[U000974];CHAPTERS/05-Two-Dimensions-and-Beyond.md:L51-52[U000972];CHAPTERS/05-Two-Dimensions-and-Beyond.md:L59-60[U000976];CHAPTERS/05-Two-Dimensions-and-Beyond.md:L63-64[U000978],RESOLVED,synchronous-lattice-cellular-automaton,two-dimensional-ca-rule-preset,,not-serious-candidate,not-applicable
L0756,CHAPTERS/05-Two-Dimensions-and-Beyond.md:L53-54[U000973];CHAPTERS/05-Two-Dimensions-and-Beyond.md:L55-56[U000974];CHAPTERS/05-Two-Dimensions-and-Beyond.md:L51-52[U000972];CHAPTERS/05-Two-Dimensions-and-Beyond.md:L59-60[U000976];CHAPTERS/05-Two-Dimensions-and-Beyond.md:L63-64[U000978],RESOLVED,synchronous-lattice-cellular-automaton,two-dimensional-ca-rule-preset,,not-serious-candidate,not-applicable
L0757,CHAPTERS/05-Two-Dimensions-and-Beyond.md:L53-54[U000973];CHAPTERS/05-Two-Dimensions-and-Beyond.md:L55-56[U000974];CHAPTERS/05-Two-Dimensions-and-Beyond.md:L51-52[U000972];CHAPTERS/05-Two-Dimensions-and-Beyond.md:L59-60[U000976];CHAPTERS/05-Two-Dimensions-and-Beyond.md:L63-64[U000978],RESOLVED,synchronous-lattice-cellular-automaton,two-dimensional-ca-rule-preset,,not-serious-candidate,not-applicable
L0758,CHAPTERS/05-Two-Dimensions-and-Beyond.md:L53-54[U000973];CHAPTERS/05-Two-Dimensions-and-Beyond.md:L55-56[U000974];CHAPTERS/05-Two-Dimensions-and-Beyond.md:L51-52[U000972];CHAPTERS/05-Two-Dimensions-and-Beyond.md:L59-60[U000976];CHAPTERS/05-Two-Dimensions-and-Beyond.md:L63-64[U000978],RESOLVED,synchronous-lattice-cellular-automaton,two-dimensional-ca-rule-preset,,not-serious-candidate,not-applicable
L0759,CHAPTERS/05-Two-Dimensions-and-Beyond.md:L53-54[U000973];CHAPTERS/05-Two-Dimensions-and-Beyond.md:L55-56[U000974];CHAPTERS/05-Two-Dimensions-and-Beyond.md:L51-52[U000972];CHAPTERS/05-Two-Dimensions-and-Beyond.md:L59-60[U000976];CHAPTERS/05-Two-Dimensions-and-Beyond.md:L63-64[U000978],RESOLVED,synchronous-lattice-cellular-automaton,two-dimensional-ca-rule-preset,,not-serious-candidate,not-applicable
L0760,CHAPTERS/05-Two-Dimensions-and-Beyond.md:L53-54[U000973];CHAPTERS/05-Two-Dimensions-and-Beyond.md:L55-56[U000974];CHAPTERS/05-Two-Dimensions-and-Beyond.md:L51-52[U000972];CHAPTERS/05-Two-Dimensions-and-Beyond.md:L59-60[U000976];CHAPTERS/05-Two-Dimensions-and-Beyond.md:L63-64[U000978],RESOLVED,synchronous-lattice-cellular-automaton,two-dimensional-ca-rule-preset,,not-serious-candidate,not-applicable
L0761,CHAPTERS/05-Two-Dimensions-and-Beyond.md:L127-128[U001010];CHAPTERS/05-Two-Dimensions-and-Beyond.md:L129-130[U001011];CHAPTERS/05-Two-Dimensions-and-Beyond.md:L131-132[U001012],RESOLVED,mobile-head-grid-rewrite,duplicate-two-dimensional-turing-definition,,not-serious-candidate,not-applicable
L0762,CHAPTERS/05-Two-Dimensions-and-Beyond.md:L139-140[U001016];CHAPTERS/05-Two-Dimensions-and-Beyond.md:L141-142[U001017];CHAPTERS/05-Two-Dimensions-and-Beyond.md:L157-158[U001025];CHAPTERS/05-Two-Dimensions-and-Beyond.md:L159-160[U001026],RESOLVED,mobile-head-grid-rewrite,two-dimensional-turing-rule-preset,,not-serious-candidate,not-applicable
L0763,CHAPTERS/05-Two-Dimensions-and-Beyond.md:L139-140[U001016];CHAPTERS/05-Two-Dimensions-and-Beyond.md:L145-146[U001019];CHAPTERS/05-Two-Dimensions-and-Beyond.md:L157-158[U001025];CHAPTERS/05-Two-Dimensions-and-Beyond.md:L159-160[U001026],RESOLVED,mobile-head-grid-rewrite,two-dimensional-turing-rule-preset,,not-serious-candidate,not-applicable
L0764,CHAPTERS/05-Two-Dimensions-and-Beyond.md:L139-140[U001016];CHAPTERS/05-Two-Dimensions-and-Beyond.md:L147-148[U001020];CHAPTERS/05-Two-Dimensions-and-Beyond.md:L157-158[U001025];CHAPTERS/05-Two-Dimensions-and-Beyond.md:L159-160[U001026],RESOLVED,mobile-head-grid-rewrite,two-dimensional-turing-rule-preset,,not-serious-candidate,not-applicable
L0765,CHAPTERS/05-Two-Dimensions-and-Beyond.md:L139-140[U001016];CHAPTERS/05-Two-Dimensions-and-Beyond.md:L151-152[U001022];CHAPTERS/05-Two-Dimensions-and-Beyond.md:L157-158[U001025];CHAPTERS/05-Two-Dimensions-and-Beyond.md:L159-160[U001026],RESOLVED,mobile-head-grid-rewrite,two-dimensional-turing-rule-preset,,not-serious-candidate,not-applicable
L0766,CHAPTERS/05-Two-Dimensions-and-Beyond.md:L139-140[U001016];CHAPTERS/05-Two-Dimensions-and-Beyond.md:L153-154[U001023];CHAPTERS/05-Two-Dimensions-and-Beyond.md:L157-158[U001025];CHAPTERS/05-Two-Dimensions-and-Beyond.md:L159-160[U001026];CHAPTERS/05-Two-Dimensions-and-Beyond.md:L161-162[U001027];CHAPTERS/05-Two-Dimensions-and-Beyond.md:L165-166[U001029];CHAPTERS/05-Two-Dimensions-and-Beyond.md:L169-170[U001031],RESOLVED,mobile-head-grid-rewrite,two-dimensional-turing-rule-preset,,not-serious-candidate,not-applicable
L0767,CHAPTERS/05-Two-Dimensions-and-Beyond.md:L183-184[U001038];CHAPTERS/05-Two-Dimensions-and-Beyond.md:L187-188[U001040];CHAPTERS/05-Two-Dimensions-and-Beyond.md:L189-190[U001041];BACK-MATTER/NOTES/05-Two-Dimensions-and-Beyond-Notes.md:L236-237[U006149],RESOLVED,parallel-block-substitution,two-dimensional-substitution-rule-preset,,not-serious-candidate,not-applicable
L0768,CHAPTERS/05-Two-Dimensions-and-Beyond.md:L183-184[U001038];CHAPTERS/05-Two-Dimensions-and-Beyond.md:L187-188[U001040];CHAPTERS/05-Two-Dimensions-and-Beyond.md:L189-190[U001041];BACK-MATTER/NOTES/05-Two-Dimensions-and-Beyond-Notes.md:L236-237[U006149],RESOLVED,parallel-block-substitution,two-dimensional-substitution-rule-preset,,not-serious-candidate,not-applicable
L0769,CHAPTERS/05-Two-Dimensions-and-Beyond.md:L183-184[U001038];CHAPTERS/05-Two-Dimensions-and-Beyond.md:L187-188[U001040];CHAPTERS/05-Two-Dimensions-and-Beyond.md:L189-190[U001041];BACK-MATTER/NOTES/05-Two-Dimensions-and-Beyond-Notes.md:L236-237[U006149],RESOLVED,parallel-block-substitution,two-dimensional-substitution-rule-preset,,not-serious-candidate,not-applicable
L0770,CHAPTERS/05-Two-Dimensions-and-Beyond.md:L183-184[U001038];CHAPTERS/05-Two-Dimensions-and-Beyond.md:L187-188[U001040];CHAPTERS/05-Two-Dimensions-and-Beyond.md:L189-190[U001041];BACK-MATTER/NOTES/05-Two-Dimensions-and-Beyond-Notes.md:L236-237[U006149],RESOLVED,parallel-block-substitution,two-dimensional-substitution-rule-preset,,not-serious-candidate,not-applicable
L0771,CHAPTERS/05-Two-Dimensions-and-Beyond.md:L183-184[U001038];CHAPTERS/05-Two-Dimensions-and-Beyond.md:L187-188[U001040];CHAPTERS/05-Two-Dimensions-and-Beyond.md:L189-190[U001041];BACK-MATTER/NOTES/05-Two-Dimensions-and-Beyond-Notes.md:L236-237[U006149],RESOLVED,parallel-block-substitution,two-dimensional-substitution-rule-preset,,not-serious-candidate,not-applicable
L0772,CHAPTERS/05-Two-Dimensions-and-Beyond.md:L183-184[U001038];CHAPTERS/05-Two-Dimensions-and-Beyond.md:L187-188[U001040];CHAPTERS/05-Two-Dimensions-and-Beyond.md:L189-190[U001041];BACK-MATTER/NOTES/05-Two-Dimensions-and-Beyond-Notes.md:L236-237[U006149],RESOLVED,parallel-block-substitution,two-dimensional-substitution-rule-preset,,not-serious-candidate,not-applicable
L0773,CHAPTERS/05-Two-Dimensions-and-Beyond.md:L183-184[U001038];CHAPTERS/05-Two-Dimensions-and-Beyond.md:L187-188[U001040];CHAPTERS/05-Two-Dimensions-and-Beyond.md:L189-190[U001041],RESOLVED,parallel-block-substitution,two-dimensional-substitution-rule-preset,,not-serious-candidate,not-applicable
L0774,CHAPTERS/05-Two-Dimensions-and-Beyond.md:L183-184[U001038];CHAPTERS/05-Two-Dimensions-and-Beyond.md:L187-188[U001040];CHAPTERS/05-Two-Dimensions-and-Beyond.md:L189-190[U001041],RESOLVED,parallel-block-substitution,two-dimensional-substitution-rule-preset,,not-serious-candidate,not-applicable
L0775,CHAPTERS/05-Two-Dimensions-and-Beyond.md:L183-184[U001038];CHAPTERS/05-Two-Dimensions-and-Beyond.md:L187-188[U001040];CHAPTERS/05-Two-Dimensions-and-Beyond.md:L189-190[U001041],RESOLVED,parallel-block-substitution,two-dimensional-substitution-rule-preset,,not-serious-candidate,not-applicable
L0776,CHAPTERS/05-Two-Dimensions-and-Beyond.md:L207-208[U001050];CHAPTERS/05-Two-Dimensions-and-Beyond.md:L209-210[U001051];CHAPTERS/05-Two-Dimensions-and-Beyond.md:L215-216[U001054];CHAPTERS/05-Two-Dimensions-and-Beyond.md:L217-218[U001055];CHAPTERS/05-Two-Dimensions-and-Beyond.md:L213-214[U001053],RESOLVED,parallel-geometric-substitution,geometric-replacement-rule-preset,,not-serious-candidate,not-applicable
L0777,CHAPTERS/05-Two-Dimensions-and-Beyond.md:L207-208[U001050];CHAPTERS/05-Two-Dimensions-and-Beyond.md:L209-210[U001051];CHAPTERS/05-Two-Dimensions-and-Beyond.md:L215-216[U001054];CHAPTERS/05-Two-Dimensions-and-Beyond.md:L217-218[U001055];CHAPTERS/05-Two-Dimensions-and-Beyond.md:L213-214[U001053],RESOLVED,parallel-geometric-substitution,geometric-replacement-rule-preset,,not-serious-candidate,not-applicable
L0778,CHAPTERS/05-Two-Dimensions-and-Beyond.md:L207-208[U001050];CHAPTERS/05-Two-Dimensions-and-Beyond.md:L209-210[U001051];CHAPTERS/05-Two-Dimensions-and-Beyond.md:L215-216[U001054];CHAPTERS/05-Two-Dimensions-and-Beyond.md:L217-218[U001055];CHAPTERS/05-Two-Dimensions-and-Beyond.md:L213-214[U001053],RESOLVED,parallel-geometric-substitution,geometric-replacement-rule-preset,,not-serious-candidate,not-applicable
L0779,CHAPTERS/05-Two-Dimensions-and-Beyond.md:L207-208[U001050];CHAPTERS/05-Two-Dimensions-and-Beyond.md:L209-210[U001051];CHAPTERS/05-Two-Dimensions-and-Beyond.md:L215-216[U001054];CHAPTERS/05-Two-Dimensions-and-Beyond.md:L217-218[U001055];CHAPTERS/05-Two-Dimensions-and-Beyond.md:L213-214[U001053],RESOLVED,parallel-geometric-substitution,geometric-replacement-rule-preset,,not-serious-candidate,not-applicable
L0780,CHAPTERS/05-Two-Dimensions-and-Beyond.md:L223-224[U001058];CHAPTERS/05-Two-Dimensions-and-Beyond.md:L225-226[U001059];CHAPTERS/05-Two-Dimensions-and-Beyond.md:L219-220[U001056],RESOLVED,neighbor-dependent-block-substitution,neighbor-dependent-rule-preset,,not-serious-candidate,not-applicable
L0781,CHAPTERS/05-Two-Dimensions-and-Beyond.md:L223-224[U001058];CHAPTERS/05-Two-Dimensions-and-Beyond.md:L225-226[U001059];CHAPTERS/05-Two-Dimensions-and-Beyond.md:L227-228[U001060];CHAPTERS/05-Two-Dimensions-and-Beyond.md:L219-220[U001056],RESOLVED,neighbor-dependent-block-substitution,neighbor-dependent-rule-preset,,not-serious-candidate,not-applicable
L0782,CHAPTERS/05-Two-Dimensions-and-Beyond.md:L223-224[U001058];CHAPTERS/05-Two-Dimensions-and-Beyond.md:L225-226[U001059];CHAPTERS/05-Two-Dimensions-and-Beyond.md:L227-228[U001060];CHAPTERS/05-Two-Dimensions-and-Beyond.md:L219-220[U001056],RESOLVED,neighbor-dependent-block-substitution,neighbor-dependent-rule-preset,,not-serious-candidate,not-applicable
L0783,CHAPTERS/05-Two-Dimensions-and-Beyond.md:L223-224[U001058];CHAPTERS/05-Two-Dimensions-and-Beyond.md:L225-226[U001059];CHAPTERS/05-Two-Dimensions-and-Beyond.md:L227-228[U001060];CHAPTERS/05-Two-Dimensions-and-Beyond.md:L219-220[U001056],RESOLVED,neighbor-dependent-block-substitution,neighbor-dependent-rule-preset,,not-serious-candidate,not-applicable
L0784,CHAPTERS/05-Two-Dimensions-and-Beyond.md:L223-224[U001058];CHAPTERS/05-Two-Dimensions-and-Beyond.md:L225-226[U001059];CHAPTERS/05-Two-Dimensions-and-Beyond.md:L227-228[U001060];CHAPTERS/05-Two-Dimensions-and-Beyond.md:L219-220[U001056],RESOLVED,neighbor-dependent-block-substitution,neighbor-dependent-rule-preset,,not-serious-candidate,not-applicable
L0785,CHAPTERS/05-Two-Dimensions-and-Beyond.md:L223-224[U001058];CHAPTERS/05-Two-Dimensions-and-Beyond.md:L225-226[U001059];CHAPTERS/05-Two-Dimensions-and-Beyond.md:L227-228[U001060];CHAPTERS/05-Two-Dimensions-and-Beyond.md:L219-220[U001056],RESOLVED,neighbor-dependent-block-substitution,neighbor-dependent-rule-preset,,not-serious-candidate,not-applicable
L0786,CHAPTERS/05-Two-Dimensions-and-Beyond.md:L223-224[U001058];CHAPTERS/05-Two-Dimensions-and-Beyond.md:L225-226[U001059];CHAPTERS/05-Two-Dimensions-and-Beyond.md:L227-228[U001060];CHAPTERS/05-Two-Dimensions-and-Beyond.md:L219-220[U001056],RESOLVED,neighbor-dependent-block-substitution,neighbor-dependent-rule-preset,,not-serious-candidate,not-applicable
L0787,CHAPTERS/05-Two-Dimensions-and-Beyond.md:L223-224[U001058];CHAPTERS/05-Two-Dimensions-and-Beyond.md:L225-226[U001059];CHAPTERS/05-Two-Dimensions-and-Beyond.md:L227-228[U001060];CHAPTERS/05-Two-Dimensions-and-Beyond.md:L219-220[U001056],RESOLVED,neighbor-dependent-block-substitution,neighbor-dependent-rule-preset,,not-serious-candidate,not-applicable
L0788,CHAPTERS/05-Two-Dimensions-and-Beyond.md:L223-224[U001058];CHAPTERS/05-Two-Dimensions-and-Beyond.md:L225-226[U001059];CHAPTERS/05-Two-Dimensions-and-Beyond.md:L227-228[U001060];CHAPTERS/05-Two-Dimensions-and-Beyond.md:L219-220[U001056],RESOLVED,neighbor-dependent-block-substitution,neighbor-dependent-rule-preset,,not-serious-candidate,not-applicable
L0789,CHAPTERS/05-Two-Dimensions-and-Beyond.md:L261-262[U001077];CHAPTERS/05-Two-Dimensions-and-Beyond.md:L265-266[U001079];CHAPTERS/05-Two-Dimensions-and-Beyond.md:L267-268[U001080];CHAPTERS/05-Two-Dimensions-and-Beyond.md:L257-258[U001075];CHAPTERS/05-Two-Dimensions-and-Beyond.md:L259-260[U001076],WEAK,static-network-example,fixed-network-shape-without-evolution,,not-serious-candidate,not-applicable
L0790,CHAPTERS/05-Two-Dimensions-and-Beyond.md:L261-262[U001077];CHAPTERS/05-Two-Dimensions-and-Beyond.md:L263-264[U001078];CHAPTERS/05-Two-Dimensions-and-Beyond.md:L265-266[U001079];CHAPTERS/05-Two-Dimensions-and-Beyond.md:L269-270[U001081];CHAPTERS/05-Two-Dimensions-and-Beyond.md:L257-258[U001075];CHAPTERS/05-Two-Dimensions-and-Beyond.md:L259-260[U001076],WEAK,static-network-example,fixed-network-shape-without-evolution,,not-serious-candidate,not-applicable
L0791,CHAPTERS/05-Two-Dimensions-and-Beyond.md:L261-262[U001077];CHAPTERS/05-Two-Dimensions-and-Beyond.md:L265-266[U001079];CHAPTERS/05-Two-Dimensions-and-Beyond.md:L271-272[U001082];CHAPTERS/05-Two-Dimensions-and-Beyond.md:L257-258[U001075];CHAPTERS/05-Two-Dimensions-and-Beyond.md:L259-260[U001076],WEAK,static-network-example,fixed-network-shape-without-evolution,,not-serious-candidate,not-applicable
L0792,CHAPTERS/05-Two-Dimensions-and-Beyond.md:L273-274[U001083];CHAPTERS/05-Two-Dimensions-and-Beyond.md:L275-276[U001084];CHAPTERS/05-Two-Dimensions-and-Beyond.md:L277-278[U001085],RESOLVED,network-layout-observer,same-topology-under-different-node-layouts,,not-serious-candidate,not-applicable
L0793,CHAPTERS/05-Two-Dimensions-and-Beyond.md:L273-274[U001083];CHAPTERS/05-Two-Dimensions-and-Beyond.md:L275-276[U001084];CHAPTERS/05-Two-Dimensions-and-Beyond.md:L277-278[U001085],RESOLVED,network-layout-observer,same-topology-under-different-node-layouts,,not-serious-candidate,not-applicable
L0794,CHAPTERS/05-Two-Dimensions-and-Beyond.md:L325-326[U001109];CHAPTERS/05-Two-Dimensions-and-Beyond.md:L327-328[U001110];CHAPTERS/05-Two-Dimensions-and-Beyond.md:L323-324[U001108],RESOLVED,parallel-network-rewrite,network-rewrite-rule-preset,,not-serious-candidate,not-applicable
L0795,CHAPTERS/05-Two-Dimensions-and-Beyond.md:L325-326[U001109];CHAPTERS/05-Two-Dimensions-and-Beyond.md:L327-328[U001110];CHAPTERS/05-Two-Dimensions-and-Beyond.md:L323-324[U001108],RESOLVED,parallel-network-rewrite,network-rewrite-rule-preset,,not-serious-candidate,not-applicable
L0796,CHAPTERS/05-Two-Dimensions-and-Beyond.md:L325-326[U001109];CHAPTERS/05-Two-Dimensions-and-Beyond.md:L327-328[U001110];CHAPTERS/05-Two-Dimensions-and-Beyond.md:L323-324[U001108],RESOLVED,parallel-network-rewrite,network-rewrite-rule-preset,,not-serious-candidate,not-applicable
L0797,CHAPTERS/05-Two-Dimensions-and-Beyond.md:L335-336[U001114];CHAPTERS/05-Two-Dimensions-and-Beyond.md:L337-338[U001115];CHAPTERS/05-Two-Dimensions-and-Beyond.md:L329-330[U001111],RESOLVED,parallel-network-rewrite,network-rewrite-rule-preset,,not-serious-candidate,not-applicable
L0798,CHAPTERS/05-Two-Dimensions-and-Beyond.md:L335-336[U001114];CHAPTERS/05-Two-Dimensions-and-Beyond.md:L337-338[U001115];CHAPTERS/05-Two-Dimensions-and-Beyond.md:L329-330[U001111],RESOLVED,parallel-network-rewrite,network-rewrite-rule-preset,,not-serious-candidate,not-applicable
L0799,CHAPTERS/05-Two-Dimensions-and-Beyond.md:L335-336[U001114];CHAPTERS/05-Two-Dimensions-and-Beyond.md:L337-338[U001115];CHAPTERS/05-Two-Dimensions-and-Beyond.md:L329-330[U001111],RESOLVED,parallel-network-rewrite,network-rewrite-rule-preset,,not-serious-candidate,not-applicable
L0800,CHAPTERS/05-Two-Dimensions-and-Beyond.md:L385-386[U001137];CHAPTERS/05-Two-Dimensions-and-Beyond.md:L389-390[U001139],RESOLVED,multiway-string-rewrite,multiway-rewrite-rule-preset,,not-serious-candidate,not-applicable
L0801,CHAPTERS/05-Two-Dimensions-and-Beyond.md:L377-378[U001133];CHAPTERS/05-Two-Dimensions-and-Beyond.md:L379-380[U001134],RESOLVED,multiway-string-rewrite,multiway-rewrite-rule-preset,,not-serious-candidate,not-applicable
L0802,CHAPTERS/05-Two-Dimensions-and-Beyond.md:L383-384[U001136];CHAPTERS/05-Two-Dimensions-and-Beyond.md:L389-390[U001139],RESOLVED,multiway-string-rewrite,multiway-rewrite-rule-preset,,not-serious-candidate,not-applicable
L0803,CHAPTERS/05-Two-Dimensions-and-Beyond.md:L373-374[U001131];CHAPTERS/05-Two-Dimensions-and-Beyond.md:L379-380[U001134],RESOLVED,multiway-string-rewrite,multiway-rewrite-rule-preset,,not-serious-candidate,not-applicable
L0804,CHAPTERS/05-Two-Dimensions-and-Beyond.md:L375-376[U001132];CHAPTERS/05-Two-Dimensions-and-Beyond.md:L379-380[U001134],RESOLVED,multiway-string-rewrite,multiway-rewrite-rule-preset,,not-serious-candidate,not-applicable
L0805,CHAPTERS/05-Two-Dimensions-and-Beyond.md:L407-408[U001148];CHAPTERS/05-Two-Dimensions-and-Beyond.md:L409-410[U001149];CHAPTERS/05-Two-Dimensions-and-Beyond.md:L411-412[U001150],WEAK,behavior-example,reports-state-set-growth-from-multiway-rules,,not-serious-candidate,not-applicable
L0806,CHAPTERS/05-Two-Dimensions-and-Beyond.md:L407-408[U001148];CHAPTERS/05-Two-Dimensions-and-Beyond.md:L409-410[U001149];CHAPTERS/05-Two-Dimensions-and-Beyond.md:L411-412[U001150],WEAK,behavior-example,reports-state-set-growth-from-multiway-rules,,not-serious-candidate,not-applicable
L0807,CHAPTERS/05-Two-Dimensions-and-Beyond.md:L407-408[U001148];CHAPTERS/05-Two-Dimensions-and-Beyond.md:L409-410[U001149];CHAPTERS/05-Two-Dimensions-and-Beyond.md:L411-412[U001150],WEAK,behavior-example,reports-state-set-growth-from-multiway-rules,,not-serious-candidate,not-applicable
L0808,CHAPTERS/05-Two-Dimensions-and-Beyond.md:L407-408[U001148];CHAPTERS/05-Two-Dimensions-and-Beyond.md:L409-410[U001149];CHAPTERS/05-Two-Dimensions-and-Beyond.md:L411-412[U001150],WEAK,behavior-example,reports-state-set-growth-from-multiway-rules,,not-serious-candidate,not-applicable
L0809,CHAPTERS/05-Two-Dimensions-and-Beyond.md:L407-408[U001148];CHAPTERS/05-Two-Dimensions-and-Beyond.md:L409-410[U001149];CHAPTERS/05-Two-Dimensions-and-Beyond.md:L411-412[U001150],WEAK,behavior-example,reports-state-set-growth-from-multiway-rules,,not-serious-candidate,not-applicable
L0810,CHAPTERS/05-Two-Dimensions-and-Beyond.md:L407-408[U001148];CHAPTERS/05-Two-Dimensions-and-Beyond.md:L409-410[U001149];CHAPTERS/05-Two-Dimensions-and-Beyond.md:L411-412[U001150],WEAK,behavior-example,reports-state-set-growth-from-multiway-rules,,not-serious-candidate,not-applicable
L0811,CHAPTERS/05-Two-Dimensions-and-Beyond.md:L407-408[U001148];CHAPTERS/05-Two-Dimensions-and-Beyond.md:L409-410[U001149];CHAPTERS/05-Two-Dimensions-and-Beyond.md:L411-412[U001150],WEAK,behavior-example,reports-state-set-growth-from-multiway-rules,,not-serious-candidate,not-applicable
L0812,CHAPTERS/05-Two-Dimensions-and-Beyond.md:L407-408[U001148];CHAPTERS/05-Two-Dimensions-and-Beyond.md:L409-410[U001149];CHAPTERS/05-Two-Dimensions-and-Beyond.md:L411-412[U001150],WEAK,behavior-example,reports-state-set-growth-from-multiway-rules,,not-serious-candidate,not-applicable
L0813,CHAPTERS/05-Two-Dimensions-and-Beyond.md:L407-408[U001148];CHAPTERS/05-Two-Dimensions-and-Beyond.md:L409-410[U001149];CHAPTERS/05-Two-Dimensions-and-Beyond.md:L411-412[U001150],WEAK,behavior-example,reports-state-set-growth-from-multiway-rules,,not-serious-candidate,not-applicable
L0814,CHAPTERS/05-Two-Dimensions-and-Beyond.md:L407-408[U001148];CHAPTERS/05-Two-Dimensions-and-Beyond.md:L409-410[U001149];CHAPTERS/05-Two-Dimensions-and-Beyond.md:L411-412[U001150],WEAK,behavior-example,reports-state-set-growth-from-multiway-rules,,not-serious-candidate,not-applicable
L0815,CHAPTERS/05-Two-Dimensions-and-Beyond.md:L407-408[U001148];CHAPTERS/05-Two-Dimensions-and-Beyond.md:L409-410[U001149];CHAPTERS/05-Two-Dimensions-and-Beyond.md:L411-412[U001150],WEAK,behavior-example,reports-state-set-growth-from-multiway-rules,,not-serious-candidate,not-applicable
L0816,CHAPTERS/05-Two-Dimensions-and-Beyond.md:L407-408[U001148];CHAPTERS/05-Two-Dimensions-and-Beyond.md:L409-410[U001149];CHAPTERS/05-Two-Dimensions-and-Beyond.md:L411-412[U001150],WEAK,behavior-example,reports-state-set-growth-from-multiway-rules,,not-serious-candidate,not-applicable
L0817,CHAPTERS/05-Two-Dimensions-and-Beyond.md:L407-408[U001148];CHAPTERS/05-Two-Dimensions-and-Beyond.md:L409-410[U001149];CHAPTERS/05-Two-Dimensions-and-Beyond.md:L411-412[U001150],WEAK,behavior-example,reports-state-set-growth-from-multiway-rules,,not-serious-candidate,not-applicable
L0818,CHAPTERS/05-Two-Dimensions-and-Beyond.md:L413-414[U001151];CHAPTERS/05-Two-Dimensions-and-Beyond.md:L417-418[U001153];CHAPTERS/05-Two-Dimensions-and-Beyond.md:L415-416[U001152],RESOLVED,multiway-evolution-graph-observer,duplicate-state-successor-network-description,,not-serious-candidate,not-applicable
L0819,CHAPTERS/05-Two-Dimensions-and-Beyond.md:L471-472[U001180];CHAPTERS/05-Two-Dimensions-and-Beyond.md:L473-474[U001181];CHAPTERS/05-Two-Dimensions-and-Beyond.md:L467-468[U001178],RESOLVED,local-template-constraint,neighbor-count-constraint-preset,,not-serious-candidate,not-applicable
L0820,CHAPTERS/05-Two-Dimensions-and-Beyond.md:L471-472[U001180];CHAPTERS/05-Two-Dimensions-and-Beyond.md:L473-474[U001181];CHAPTERS/05-Two-Dimensions-and-Beyond.md:L467-468[U001178],RESOLVED,local-template-constraint,neighbor-count-constraint-preset,,not-serious-candidate,not-applicable
L0821,CHAPTERS/05-Two-Dimensions-and-Beyond.md:L471-472[U001180];CHAPTERS/05-Two-Dimensions-and-Beyond.md:L473-474[U001181];CHAPTERS/05-Two-Dimensions-and-Beyond.md:L467-468[U001178],RESOLVED,local-template-constraint,neighbor-count-constraint-preset,,not-serious-candidate,not-applicable
L0822,CHAPTERS/05-Two-Dimensions-and-Beyond.md:L471-472[U001180];CHAPTERS/05-Two-Dimensions-and-Beyond.md:L473-474[U001181];CHAPTERS/05-Two-Dimensions-and-Beyond.md:L467-468[U001178],RESOLVED,local-template-constraint,neighbor-count-constraint-preset,,not-serious-candidate,not-applicable
L0823,CHAPTERS/05-Two-Dimensions-and-Beyond.md:L471-472[U001180];CHAPTERS/05-Two-Dimensions-and-Beyond.md:L473-474[U001181];CHAPTERS/05-Two-Dimensions-and-Beyond.md:L467-468[U001178],RESOLVED,local-template-constraint,neighbor-count-constraint-preset,,not-serious-candidate,not-applicable
L0824,CHAPTERS/05-Two-Dimensions-and-Beyond.md:L471-472[U001180];CHAPTERS/05-Two-Dimensions-and-Beyond.md:L473-474[U001181];CHAPTERS/05-Two-Dimensions-and-Beyond.md:L467-468[U001178],RESOLVED,local-template-constraint,neighbor-count-constraint-preset,,not-serious-candidate,not-applicable
L0825,CHAPTERS/05-Two-Dimensions-and-Beyond.md:L471-472[U001180];CHAPTERS/05-Two-Dimensions-and-Beyond.md:L473-474[U001181];CHAPTERS/05-Two-Dimensions-and-Beyond.md:L467-468[U001178],RESOLVED,local-template-constraint,neighbor-count-constraint-preset,,not-serious-candidate,not-applicable
L0826,CHAPTERS/05-Two-Dimensions-and-Beyond.md:L471-472[U001180];CHAPTERS/05-Two-Dimensions-and-Beyond.md:L473-474[U001181];CHAPTERS/05-Two-Dimensions-and-Beyond.md:L467-468[U001178],RESOLVED,local-template-constraint,neighbor-count-constraint-preset,,not-serious-candidate,not-applicable
L0827,CHAPTERS/05-Two-Dimensions-and-Beyond.md:L471-472[U001180];CHAPTERS/05-Two-Dimensions-and-Beyond.md:L473-474[U001181];CHAPTERS/05-Two-Dimensions-and-Beyond.md:L467-468[U001178],RESOLVED,local-template-constraint,neighbor-count-constraint-preset,,not-serious-candidate,not-applicable
L0828,CHAPTERS/05-Two-Dimensions-and-Beyond.md:L471-472[U001180];CHAPTERS/05-Two-Dimensions-and-Beyond.md:L473-474[U001181];CHAPTERS/05-Two-Dimensions-and-Beyond.md:L467-468[U001178],RESOLVED,local-template-constraint,neighbor-count-constraint-preset,,not-serious-candidate,not-applicable
L0829,CHAPTERS/05-Two-Dimensions-and-Beyond.md:L471-472[U001180];CHAPTERS/05-Two-Dimensions-and-Beyond.md:L473-474[U001181];CHAPTERS/05-Two-Dimensions-and-Beyond.md:L467-468[U001178],RESOLVED,local-template-constraint,neighbor-count-constraint-preset,,not-serious-candidate,not-applicable
L0830,CHAPTERS/05-Two-Dimensions-and-Beyond.md:L471-472[U001180];CHAPTERS/05-Two-Dimensions-and-Beyond.md:L473-474[U001181];CHAPTERS/05-Two-Dimensions-and-Beyond.md:L467-468[U001178],RESOLVED,local-template-constraint,neighbor-count-constraint-preset,,not-serious-candidate,not-applicable
L0831,CHAPTERS/05-Two-Dimensions-and-Beyond.md:L471-472[U001180];CHAPTERS/05-Two-Dimensions-and-Beyond.md:L473-474[U001181];CHAPTERS/05-Two-Dimensions-and-Beyond.md:L467-468[U001178],RESOLVED,local-template-constraint,neighbor-count-constraint-preset,,not-serious-candidate,not-applicable
L0832,CHAPTERS/05-Two-Dimensions-and-Beyond.md:L471-472[U001180];CHAPTERS/05-Two-Dimensions-and-Beyond.md:L473-474[U001181];CHAPTERS/05-Two-Dimensions-and-Beyond.md:L467-468[U001178],RESOLVED,local-template-constraint,neighbor-count-constraint-preset,,not-serious-candidate,not-applicable
L0833,CHAPTERS/05-Two-Dimensions-and-Beyond.md:L471-472[U001180];CHAPTERS/05-Two-Dimensions-and-Beyond.md:L473-474[U001181];CHAPTERS/05-Two-Dimensions-and-Beyond.md:L467-468[U001178],RESOLVED,local-template-constraint,neighbor-count-constraint-preset,,not-serious-candidate,not-applicable
L0834,CHAPTERS/05-Two-Dimensions-and-Beyond.md:L471-472[U001180];CHAPTERS/05-Two-Dimensions-and-Beyond.md:L473-474[U001181];CHAPTERS/05-Two-Dimensions-and-Beyond.md:L467-468[U001178],RESOLVED,local-template-constraint,neighbor-count-constraint-preset,,not-serious-candidate,not-applicable
L0835,CHAPTERS/05-Two-Dimensions-and-Beyond.md:L471-472[U001180];CHAPTERS/05-Two-Dimensions-and-Beyond.md:L473-474[U001181];CHAPTERS/05-Two-Dimensions-and-Beyond.md:L467-468[U001178],RESOLVED,local-template-constraint,neighbor-count-constraint-preset,,not-serious-candidate,not-applicable
L0836,CHAPTERS/05-Two-Dimensions-and-Beyond.md:L471-472[U001180];CHAPTERS/05-Two-Dimensions-and-Beyond.md:L473-474[U001181];CHAPTERS/05-Two-Dimensions-and-Beyond.md:L467-468[U001178],RESOLVED,local-template-constraint,neighbor-count-constraint-preset,,not-serious-candidate,not-applicable
L0837,CHAPTERS/05-Two-Dimensions-and-Beyond.md:L471-472[U001180];CHAPTERS/05-Two-Dimensions-and-Beyond.md:L473-474[U001181];CHAPTERS/05-Two-Dimensions-and-Beyond.md:L467-468[U001178],RESOLVED,local-template-constraint,neighbor-count-constraint-preset,,not-serious-candidate,not-applicable
L0838,CHAPTERS/05-Two-Dimensions-and-Beyond.md:L471-472[U001180];CHAPTERS/05-Two-Dimensions-and-Beyond.md:L473-474[U001181];CHAPTERS/05-Two-Dimensions-and-Beyond.md:L467-468[U001178],RESOLVED,local-template-constraint,neighbor-count-constraint-preset,,not-serious-candidate,not-applicable
L0839,CHAPTERS/05-Two-Dimensions-and-Beyond.md:L471-472[U001180];CHAPTERS/05-Two-Dimensions-and-Beyond.md:L473-474[U001181];CHAPTERS/05-Two-Dimensions-and-Beyond.md:L467-468[U001178],RESOLVED,local-template-constraint,neighbor-count-constraint-preset,,not-serious-candidate,not-applicable
L0840,CHAPTERS/05-Two-Dimensions-and-Beyond.md:L471-472[U001180];CHAPTERS/05-Two-Dimensions-and-Beyond.md:L473-474[U001181];CHAPTERS/05-Two-Dimensions-and-Beyond.md:L467-468[U001178],RESOLVED,local-template-constraint,neighbor-count-constraint-preset,,not-serious-candidate,not-applicable
L0841,CHAPTERS/05-Two-Dimensions-and-Beyond.md:L471-472[U001180];CHAPTERS/05-Two-Dimensions-and-Beyond.md:L473-474[U001181];CHAPTERS/05-Two-Dimensions-and-Beyond.md:L467-468[U001178],RESOLVED,local-template-constraint,neighbor-count-constraint-preset,,not-serious-candidate,not-applicable
L0842,CHAPTERS/05-Two-Dimensions-and-Beyond.md:L471-472[U001180];CHAPTERS/05-Two-Dimensions-and-Beyond.md:L473-474[U001181];CHAPTERS/05-Two-Dimensions-and-Beyond.md:L467-468[U001178],RESOLVED,local-template-constraint,neighbor-count-constraint-preset,,not-serious-candidate,not-applicable
L0843,CHAPTERS/05-Two-Dimensions-and-Beyond.md:L495-496[U001192];CHAPTERS/05-Two-Dimensions-and-Beyond.md:L497-498[U001193],RESOLVED,local-plus-global-constraint,required-template-occurrence-preset,,not-serious-candidate,not-applicable
L0844,CHAPTERS/05-Two-Dimensions-and-Beyond.md:L495-496[U001192];CHAPTERS/05-Two-Dimensions-and-Beyond.md:L497-498[U001193],RESOLVED,local-plus-global-constraint,required-template-occurrence-preset,,not-serious-candidate,not-applicable
L0845,CHAPTERS/05-Two-Dimensions-and-Beyond.md:L495-496[U001192];CHAPTERS/05-Two-Dimensions-and-Beyond.md:L497-498[U001193];CHAPTERS/05-Two-Dimensions-and-Beyond.md:L519-520[U001204];CHAPTERS/05-Two-Dimensions-and-Beyond.md:L521-522[U001205],RESOLVED,local-plus-global-constraint,required-template-occurrence-preset,,not-serious-candidate,not-applicable
L0846,CHAPTERS/05-Two-Dimensions-and-Beyond.md:L495-496[U001192];CHAPTERS/05-Two-Dimensions-and-Beyond.md:L497-498[U001193],RESOLVED,local-plus-global-constraint,required-template-occurrence-preset,,not-serious-candidate,not-applicable
L0847,CHAPTERS/05-Two-Dimensions-and-Beyond.md:L495-496[U001192];CHAPTERS/05-Two-Dimensions-and-Beyond.md:L497-498[U001193],RESOLVED,local-plus-global-constraint,required-template-occurrence-preset,,not-serious-candidate,not-applicable
L0848,CHAPTERS/05-Two-Dimensions-and-Beyond.md:L495-496[U001192];CHAPTERS/05-Two-Dimensions-and-Beyond.md:L497-498[U001193],RESOLVED,local-plus-global-constraint,required-template-occurrence-preset,,not-serious-candidate,not-applicable
L0849,CHAPTERS/05-Two-Dimensions-and-Beyond.md:L495-496[U001192];CHAPTERS/05-Two-Dimensions-and-Beyond.md:L497-498[U001193],RESOLVED,local-plus-global-constraint,required-template-occurrence-preset,,not-serious-candidate,not-applicable
L0850,CHAPTERS/05-Two-Dimensions-and-Beyond.md:L495-496[U001192];CHAPTERS/05-Two-Dimensions-and-Beyond.md:L497-498[U001193],RESOLVED,local-plus-global-constraint,required-template-occurrence-preset,,not-serious-candidate,not-applicable
L0851,CHAPTERS/05-Two-Dimensions-and-Beyond.md:L495-496[U001192];CHAPTERS/05-Two-Dimensions-and-Beyond.md:L497-498[U001193],RESOLVED,local-plus-global-constraint,required-template-occurrence-preset,,not-serious-candidate,not-applicable
L0852,CHAPTERS/05-Two-Dimensions-and-Beyond.md:L495-496[U001192];CHAPTERS/05-Two-Dimensions-and-Beyond.md:L497-498[U001193],RESOLVED,local-plus-global-constraint,required-template-occurrence-preset,,not-serious-candidate,not-applicable
L0853,BACK-MATTER/NOTES/05-Two-Dimensions-and-Beyond-Notes.md:L16-17[U006082];BACK-MATTER/NOTES/05-Two-Dimensions-and-Beyond-Notes.md:L18-23[U006083];BACK-MATTER/NOTES/05-Two-Dimensions-and-Beyond-Notes.md:L24-25[U006084],WEAK,implementation-technique,code-formula-for-a-cellular-automaton-step,,not-serious-candidate,not-applicable
L0854,BACK-MATTER/NOTES/05-Two-Dimensions-and-Beyond-Notes.md:L26-27[U006085];BACK-MATTER/NOTES/05-Two-Dimensions-and-Beyond-Notes.md:L28-33[U006086];BACK-MATTER/NOTES/05-Two-Dimensions-and-Beyond-Notes.md:L34-35[U006087],WEAK,implementation-technique,code-formula-for-a-cellular-automaton-step,,not-serious-candidate,not-applicable
L0855,BACK-MATTER/NOTES/05-Two-Dimensions-and-Beyond-Notes.md:L36-37[U006088];BACK-MATTER/NOTES/05-Two-Dimensions-and-Beyond-Notes.md:L38-45[U006089];BACK-MATTER/NOTES/05-Two-Dimensions-and-Beyond-Notes.md:L46-47[U006090],RESOLVED,synchronous-lattice-cellular-automaton,dimension-and-neighborhood-are-explicit-parameters,,not-serious-candidate,not-applicable
L0856,BACK-MATTER/NOTES/05-Two-Dimensions-and-Beyond-Notes.md:L48-49[U006091];BACK-MATTER/NOTES/05-Two-Dimensions-and-Beyond-Notes.md:L50-57[U006092];BACK-MATTER/NOTES/05-Two-Dimensions-and-Beyond-Notes.md:L58-59[U006093],RESOLVED,synchronous-lattice-cellular-automaton,dimension-and-neighborhood-are-explicit-parameters,,not-serious-candidate,not-applicable
L0857,BACK-MATTER/NOTES/05-Two-Dimensions-and-Beyond-Notes.md:L66-67[U006096];BACK-MATTER/NOTES/05-Two-Dimensions-and-Beyond-Notes.md:L73-74[U006098];BACK-MATTER/NOTES/05-Two-Dimensions-and-Beyond-Notes.md:L75-80[U006099];BACK-MATTER/NOTES/05-Two-Dimensions-and-Beyond-Notes.md:L83-88[U006101],RESOLVED,synchronous-lattice-cellular-automaton,dimension-and-neighborhood-are-explicit-parameters,,not-serious-candidate,not-applicable
L0858,BACK-MATTER/NOTES/05-Two-Dimensions-and-Beyond-Notes.md:L89-90[U006102];BACK-MATTER/NOTES/05-Two-Dimensions-and-Beyond-Notes.md:L97-105[U006105],WEAK,rule-space-property,counts-or-samples-rules-not-new-mechanics,,not-serious-candidate,not-applicable
L0859,BACK-MATTER/NOTES/05-Two-Dimensions-and-Beyond-Notes.md:L89-90[U006102];BACK-MATTER/NOTES/05-Two-Dimensions-and-Beyond-Notes.md:L91-92[U006103];BACK-MATTER/NOTES/05-Two-Dimensions-and-Beyond-Notes.md:L93-96[U006104],WEAK,rule-space-property,counts-or-samples-rules-not-new-mechanics,,not-serious-candidate,not-applicable
L0860,BACK-MATTER/NOTES/05-Two-Dimensions-and-Beyond-Notes.md:L89-90[U006102];BACK-MATTER/NOTES/05-Two-Dimensions-and-Beyond-Notes.md:L121-122[U006110],WEAK,rule-space-property,counts-or-samples-rules-not-new-mechanics,,not-serious-candidate,not-applicable
L0861,BACK-MATTER/NOTES/05-Two-Dimensions-and-Beyond-Notes.md:L106-107[U006106];BACK-MATTER/NOTES/05-Two-Dimensions-and-Beyond-Notes.md:L108-113[U006107];BACK-MATTER/NOTES/05-Two-Dimensions-and-Beyond-Notes.md:L114-115[U006108];BACK-MATTER/NOTES/05-Two-Dimensions-and-Beyond-Notes.md:L116-120[U006109],WEAK,rule-space-property,symmetry-classes-identify-equivalent-rules,,not-serious-candidate,not-applicable
L0862,BACK-MATTER/NOTES/05-Two-Dimensions-and-Beyond-Notes.md:L121-122[U006110];BACK-MATTER/NOTES/05-Two-Dimensions-and-Beyond-Notes.md:L123-124[U006111],RESOLVED,synchronous-lattice-cellular-automaton,growth-rule-preset,,not-serious-candidate,not-applicable
L0863,BACK-MATTER/NOTES/05-Two-Dimensions-and-Beyond-Notes.md:L121-122[U006110];BACK-MATTER/NOTES/05-Two-Dimensions-and-Beyond-Notes.md:L123-124[U006111],RESOLVED,synchronous-lattice-cellular-automaton,growth-rule-preset,,not-serious-candidate,not-applicable
L0864,BACK-MATTER/NOTES/05-Two-Dimensions-and-Beyond-Notes.md:L121-122[U006110];BACK-MATTER/NOTES/05-Two-Dimensions-and-Beyond-Notes.md:L123-124[U006111],RESOLVED,synchronous-lattice-cellular-automaton,growth-rule-preset,,not-serious-candidate,not-applicable
L0865,BACK-MATTER/NOTES/05-Two-Dimensions-and-Beyond-Notes.md:L121-122[U006110];BACK-MATTER/NOTES/05-Two-Dimensions-and-Beyond-Notes.md:L123-124[U006111],RESOLVED,synchronous-lattice-cellular-automaton,growth-rule-preset,,not-serious-candidate,not-applicable
L0866,BACK-MATTER/NOTES/05-Two-Dimensions-and-Beyond-Notes.md:L121-122[U006110];BACK-MATTER/NOTES/05-Two-Dimensions-and-Beyond-Notes.md:L123-124[U006111],RESOLVED,synchronous-lattice-cellular-automaton,growth-rule-preset,,not-serious-candidate,not-applicable
L0867,BACK-MATTER/NOTES/05-Two-Dimensions-and-Beyond-Notes.md:L129-131[U006114];BACK-MATTER/NOTES/05-Two-Dimensions-and-Beyond-Notes.md:L132-148[U006115];BACK-MATTER/NOTES/05-Two-Dimensions-and-Beyond-Notes.md:L149-150[U006116],WEAK,historical-commentary,historical-context-does-not-define-a-construction,,not-serious-candidate,not-applicable
L0868,BACK-MATTER/NOTES/05-Two-Dimensions-and-Beyond-Notes.md:L132-148[U006115];BACK-MATTER/NOTES/05-Two-Dimensions-and-Beyond-Notes.md:L151-152[U006117];BACK-MATTER/NOTES/05-Two-Dimensions-and-Beyond-Notes.md:L153-154[U006118],SERIOUS,history-dependent-growth-rewrite,ulam-growth-retains-prior-sites-and-parent-relations,C032,proposed-addition,F023
L0869,BACK-MATTER/NOTES/05-Two-Dimensions-and-Beyond-Notes.md:L132-148[U006115];BACK-MATTER/NOTES/05-Two-Dimensions-and-Beyond-Notes.md:L153-154[U006118],RESOLVED,history-dependent-growth-rewrite,duplicate-ulam-system-formula,,not-serious-candidate,not-applicable
L0870,BACK-MATTER/NOTES/05-Two-Dimensions-and-Beyond-Notes.md:L132-148[U006115];BACK-MATTER/NOTES/05-Two-Dimensions-and-Beyond-Notes.md:L153-154[U006118],RESOLVED,history-dependent-growth-rewrite,duplicate-ulam-system-formula,,not-serious-candidate,not-applicable
L0871,BACK-MATTER/NOTES/05-Two-Dimensions-and-Beyond-Notes.md:L132-148[U006115];BACK-MATTER/NOTES/05-Two-Dimensions-and-Beyond-Notes.md:L153-154[U006118],RESOLVED,history-dependent-growth-rewrite,duplicate-ulam-system-formula,,not-serious-candidate,not-applicable
L0872,BACK-MATTER/NOTES/05-Two-Dimensions-and-Beyond-Notes.md:L132-148[U006115];BACK-MATTER/NOTES/05-Two-Dimensions-and-Beyond-Notes.md:L153-154[U006118],RESOLVED,history-dependent-growth-rewrite,duplicate-ulam-system-formula,,not-serious-candidate,not-applicable
L0873,BACK-MATTER/NOTES/05-Two-Dimensions-and-Beyond-Notes.md:L132-148[U006115];BACK-MATTER/NOTES/05-Two-Dimensions-and-Beyond-Notes.md:L153-154[U006118],RESOLVED,history-dependent-growth-rewrite,duplicate-ulam-system-formula,,not-serious-candidate,not-applicable
L0874,BACK-MATTER/NOTES/05-Two-Dimensions-and-Beyond-Notes.md:L155-156[U006119];BACK-MATTER/NOTES/05-Two-Dimensions-and-Beyond-Notes.md:L157-158[U006120],RESOLVED,synchronous-lattice-cellular-automaton,outer-totalistic-rule-preset,,not-serious-candidate,not-applicable
L0875,BACK-MATTER/NOTES/05-Two-Dimensions-and-Beyond-Notes.md:L168-169[U006123];BACK-MATTER/NOTES/05-Two-Dimensions-and-Beyond-Notes.md:L170-171[U006124],RESOLVED,projection-observer,projects-three-dimensional-ca-state-to-an-image,,not-serious-candidate,not-applicable
L0876,BACK-MATTER/NOTES/05-Two-Dimensions-and-Beyond-Notes.md:L172-173[U006125];BACK-MATTER/NOTES/05-Two-Dimensions-and-Beyond-Notes.md:L174-175[U006126];BACK-MATTER/NOTES/05-Two-Dimensions-and-Beyond-Notes.md:L176-177[U006127],SERIOUS,synchronous-local-state-automaton,extends-local-state-update-to-nonregular-cell-complexes,C090,T01:retain-family;T02:retain-preset;T03:retain-preset;T04:retain-preset;T05:merge;T06:retain-preset;T07:retain-preset;T21:retain-preset;T22:retain-preset;T23:retain-preset;T24:retain-preset;T44:alias,F053
L0877,BACK-MATTER/NOTES/05-Two-Dimensions-and-Beyond-Notes.md:L178-179[U006128];BACK-MATTER/NOTES/05-Two-Dimensions-and-Beyond-Notes.md:L180-181[U006129],RESOLVED,fixed-graph-cellular-automaton,tiling-is-fixed-domain-data-for-local-state-update,,not-serious-candidate,not-applicable
L0878,BACK-MATTER/NOTES/05-Two-Dimensions-and-Beyond-Notes.md:L178-179[U006128];BACK-MATTER/NOTES/05-Two-Dimensions-and-Beyond-Notes.md:L180-181[U006129],RESOLVED,fixed-graph-cellular-automaton,tiling-is-fixed-domain-data-for-local-state-update,,not-serious-candidate,not-applicable
L0879,BACK-MATTER/NOTES/05-Two-Dimensions-and-Beyond-Notes.md:L178-179[U006128];BACK-MATTER/NOTES/05-Two-Dimensions-and-Beyond-Notes.md:L180-181[U006129],RESOLVED,fixed-graph-cellular-automaton,tiling-is-fixed-domain-data-for-local-state-update,,not-serious-candidate,not-applicable
L0880,BACK-MATTER/NOTES/05-Two-Dimensions-and-Beyond-Notes.md:L178-179[U006128];BACK-MATTER/NOTES/05-Two-Dimensions-and-Beyond-Notes.md:L180-181[U006129],RESOLVED,fixed-graph-cellular-automaton,tiling-is-fixed-domain-data-for-local-state-update,,not-serious-candidate,not-applicable
L0881,BACK-MATTER/NOTES/05-Two-Dimensions-and-Beyond-Notes.md:L178-179[U006128];BACK-MATTER/NOTES/05-Two-Dimensions-and-Beyond-Notes.md:L180-181[U006129],RESOLVED,fixed-graph-cellular-automaton,tiling-is-fixed-domain-data-for-local-state-update,,not-serious-candidate,not-applicable
L0882,BACK-MATTER/NOTES/05-Two-Dimensions-and-Beyond-Notes.md:L178-179[U006128];BACK-MATTER/NOTES/05-Two-Dimensions-and-Beyond-Notes.md:L180-181[U006129],RESOLVED,fixed-graph-cellular-automaton,tiling-is-fixed-domain-data-for-local-state-update,,not-serious-candidate,not-applicable
L0883,BACK-MATTER/NOTES/05-Two-Dimensions-and-Beyond-Notes.md:L178-179[U006128];BACK-MATTER/NOTES/05-Two-Dimensions-and-Beyond-Notes.md:L180-181[U006129],RESOLVED,fixed-graph-cellular-automaton,tiling-is-fixed-domain-data-for-local-state-update,,not-serious-candidate,not-applicable
L0884,BACK-MATTER/NOTES/05-Two-Dimensions-and-Beyond-Notes.md:L182-183[U006130];BACK-MATTER/NOTES/05-Two-Dimensions-and-Beyond-Notes.md:L184-185[U006131],RESOLVED,fixed-graph-cellular-automaton,tiling-is-fixed-domain-data-for-local-state-update,,not-serious-candidate,not-applicable
L0885,BACK-MATTER/NOTES/05-Two-Dimensions-and-Beyond-Notes.md:L182-183[U006130];BACK-MATTER/NOTES/05-Two-Dimensions-and-Beyond-Notes.md:L184-185[U006131],RESOLVED,fixed-graph-cellular-automaton,tiling-is-fixed-domain-data-for-local-state-update,,not-serious-candidate,not-applicable
L0886,BACK-MATTER/NOTES/05-Two-Dimensions-and-Beyond-Notes.md:L182-183[U006130];BACK-MATTER/NOTES/05-Two-Dimensions-and-Beyond-Notes.md:L184-185[U006131],RESOLVED,fixed-graph-cellular-automaton,tiling-is-fixed-domain-data-for-local-state-update,,not-serious-candidate,not-applicable
L0887,BACK-MATTER/NOTES/05-Two-Dimensions-and-Beyond-Notes.md:L182-183[U006130];BACK-MATTER/NOTES/05-Two-Dimensions-and-Beyond-Notes.md:L184-185[U006131],RESOLVED,fixed-graph-cellular-automaton,tiling-is-fixed-domain-data-for-local-state-update,,not-serious-candidate,not-applicable
L0888,BACK-MATTER/NOTES/05-Two-Dimensions-and-Beyond-Notes.md:L182-183[U006130];BACK-MATTER/NOTES/05-Two-Dimensions-and-Beyond-Notes.md:L184-185[U006131],RESOLVED,fixed-graph-cellular-automaton,tiling-is-fixed-domain-data-for-local-state-update,,not-serious-candidate,not-applicable
L0889,BACK-MATTER/NOTES/05-Two-Dimensions-and-Beyond-Notes.md:L182-183[U006130];BACK-MATTER/NOTES/05-Two-Dimensions-and-Beyond-Notes.md:L184-185[U006131],RESOLVED,fixed-graph-cellular-automaton,tiling-is-fixed-domain-data-for-local-state-update,,not-serious-candidate,not-applicable
L0890,BACK-MATTER/NOTES/05-Two-Dimensions-and-Beyond-Notes.md:L182-183[U006130];BACK-MATTER/NOTES/05-Two-Dimensions-and-Beyond-Notes.md:L184-185[U006131],RESOLVED,fixed-graph-cellular-automaton,tiling-is-fixed-domain-data-for-local-state-update,,not-serious-candidate,not-applicable
L0891,BACK-MATTER/NOTES/05-Two-Dimensions-and-Beyond-Notes.md:L186-187[U006132];BACK-MATTER/NOTES/05-Two-Dimensions-and-Beyond-Notes.md:L474-476[U006236];BACK-MATTER/NOTES/05-Two-Dimensions-and-Beyond-Notes.md:L477-481[U006237],SERIOUS,synchronous-local-state-automaton,defines-homogeneous-state-update-on-fixed-network-topology,C090,T01:retain-family;T02:retain-preset;T03:retain-preset;T04:retain-preset;T05:merge;T06:retain-preset;T07:retain-preset;T21:retain-preset;T22:retain-preset;T23:retain-preset;T24:retain-preset;T44:alias,F053
L0892,BACK-MATTER/NOTES/05-Two-Dimensions-and-Beyond-Notes.md:L190-191[U006134];BACK-MATTER/NOTES/05-Two-Dimensions-and-Beyond-Notes.md:L192-197[U006135];BACK-MATTER/NOTES/05-Two-Dimensions-and-Beyond-Notes.md:L198-199[U006136],WEAK,implementation-technique,code-representation-for-two-dimensional-turing-step,,not-serious-candidate,not-applicable
L0893,BACK-MATTER/NOTES/05-Two-Dimensions-and-Beyond-Notes.md:L198-199[U006136];BACK-MATTER/NOTES/05-Two-Dimensions-and-Beyond-Notes.md:L200-204[U006137];BACK-MATTER/NOTES/05-Two-Dimensions-and-Beyond-Notes.md:L205-206[U006138],WEAK,historical-commentary,historical-analogs-do-not-add-mechanics,,not-serious-candidate,not-applicable
L0894,BACK-MATTER/NOTES/05-Two-Dimensions-and-Beyond-Notes.md:L211-212[U006141];BACK-MATTER/NOTES/05-Two-Dimensions-and-Beyond-Notes.md:L213-214[U006142],RESOLVED,mobile-head-grid-rewrite,two-dimensional-turing-rule-preset,,not-serious-candidate,not-applicable
L0895,BACK-MATTER/NOTES/05-Two-Dimensions-and-Beyond-Notes.md:L215-217[U006143],SERIOUS,mobile-head-grid-rewrite,head-turns-are-relative-to-persistent-orientation,C049,T12:retain-family;T25:retain-family,F031
L0896,BACK-MATTER/NOTES/05-Two-Dimensions-and-Beyond-Notes.md:L215-217[U006143],RESOLVED,orientation-relative-mobile-head,duplicate-relative-turn-rule-description,,not-serious-candidate,not-applicable
L0897,BACK-MATTER/NOTES/05-Two-Dimensions-and-Beyond-Notes.md:L220-221[U006145];BACK-MATTER/NOTES/05-Two-Dimensions-and-Beyond-Notes.md:L222-228[U006146],WEAK,implementation-technique,code-formula-for-block-substitution,,not-serious-candidate,not-applicable
L0898,BACK-MATTER/NOTES/05-Two-Dimensions-and-Beyond-Notes.md:L220-221[U006145];BACK-MATTER/NOTES/05-Two-Dimensions-and-Beyond-Notes.md:L222-228[U006146];BACK-MATTER/NOTES/05-Two-Dimensions-and-Beyond-Notes.md:L236-237[U006149];BACK-MATTER/NOTES/05-Two-Dimensions-and-Beyond-Notes.md:L238-239[U006150],WEAK,implementation-technique,code-formula-for-block-substitution,,not-serious-candidate,not-applicable
L0899,BACK-MATTER/NOTES/05-Two-Dimensions-and-Beyond-Notes.md:L264-265[U006168];BACK-MATTER/NOTES/05-Two-Dimensions-and-Beyond-Notes.md:L266-267[U006169],RESOLVED,parallel-block-substitution,nonwhite-background-is-a-rule-preset,,not-serious-candidate,not-applicable
L0900,BACK-MATTER/NOTES/05-Two-Dimensions-and-Beyond-Notes.md:L268-269[U006170];BACK-MATTER/NOTES/05-Two-Dimensions-and-Beyond-Notes.md:L270-277[U006171],RESOLVED,parallel-block-substitution,dimension-is-a-domain-parameter,,not-serious-candidate,not-applicable
L0901,BACK-MATTER/NOTES/05-Two-Dimensions-and-Beyond-Notes.md:L278-279[U006172];BACK-MATTER/NOTES/05-Two-Dimensions-and-Beyond-Notes.md:L280-283[U006173];BACK-MATTER/NOTES/05-Two-Dimensions-and-Beyond-Notes.md:L284-285[U006174],RESOLVED,parallel-block-substitution,three-dimensional-substitution-rule-preset,,not-serious-candidate,not-applicable
L0902,BACK-MATTER/NOTES/05-Two-Dimensions-and-Beyond-Notes.md:L286-287[U006175];BACK-MATTER/NOTES/05-Two-Dimensions-and-Beyond-Notes.md:L288-289[U006176],RESOLVED,parallel-geometric-substitution,shape-and-orientation-can-be-explicit-symbol-data,,not-serious-candidate,not-applicable
L0903,BACK-MATTER/NOTES/05-Two-Dimensions-and-Beyond-Notes.md:L286-287[U006175];BACK-MATTER/NOTES/05-Two-Dimensions-and-Beyond-Notes.md:L288-289[U006176];BACK-MATTER/NOTES/05-Two-Dimensions-and-Beyond-Notes.md:L290-291[U006177],RESOLVED,parallel-geometric-substitution,shape-and-orientation-can-be-explicit-symbol-data,,not-serious-candidate,not-applicable
L0904,BACK-MATTER/NOTES/05-Two-Dimensions-and-Beyond-Notes.md:L292-293[U006178];BACK-MATTER/NOTES/05-Two-Dimensions-and-Beyond-Notes.md:L294-295[U006179];BACK-MATTER/NOTES/05-Two-Dimensions-and-Beyond-Notes.md:L296-297[U006180];BACK-MATTER/NOTES/05-Two-Dimensions-and-Beyond-Notes.md:L298-305[U006181],RESOLVED,parallel-geometric-substitution,penrose-subdivision-rule-preset,,not-serious-candidate,not-applicable
L0905,BACK-MATTER/NOTES/05-Two-Dimensions-and-Beyond-Notes.md:L310-311[U006184];BACK-MATTER/NOTES/05-Two-Dimensions-and-Beyond-Notes.md:L312-313[U006185],RESOLVED,parallel-geometric-substitution,dragon-curve-rule-preset,,not-serious-candidate,not-applicable
L0906,BACK-MATTER/NOTES/05-Two-Dimensions-and-Beyond-Notes.md:L312-313[U006185],WEAK,implementation-technique,coordinate-code-computes-a-specific-geometric-pattern,,not-serious-candidate,not-applicable
L0907,BACK-MATTER/NOTES/05-Two-Dimensions-and-Beyond-Notes.md:L312-313[U006185];BACK-MATTER/NOTES/05-Two-Dimensions-and-Beyond-Notes.md:L314-319[U006186],WEAK,implementation-technique,coordinate-code-computes-a-specific-geometric-pattern,,not-serious-candidate,not-applicable
L0908,BACK-MATTER/NOTES/05-Two-Dimensions-and-Beyond-Notes.md:L312-313[U006185];BACK-MATTER/NOTES/05-Two-Dimensions-and-Beyond-Notes.md:L314-319[U006186],WEAK,implementation-technique,coordinate-code-computes-a-specific-geometric-pattern,,not-serious-candidate,not-applicable
L0909,BACK-MATTER/NOTES/05-Two-Dimensions-and-Beyond-Notes.md:L312-313[U006185];BACK-MATTER/NOTES/05-Two-Dimensions-and-Beyond-Notes.md:L314-319[U006186],WEAK,implementation-technique,coordinate-code-computes-a-specific-geometric-pattern,,not-serious-candidate,not-applicable
L0910,BACK-MATTER/NOTES/05-Two-Dimensions-and-Beyond-Notes.md:L332-334[U006192],SERIOUS,parallel-independent-substitution,iterates-a-set-of-affine-point-transformations,C061,T13:retain-family;T15:merge;T26:retain-preset;T27:repair;T42:retain-preset,F038
L0911,BACK-MATTER/NOTES/05-Two-Dimensions-and-Beyond-Notes.md:L335-337[U006193],SERIOUS,parallel-independent-substitution,each-point-produces-all-images-under-a-set-valued-map,C061,T13:retain-family;T15:merge;T26:retain-preset;T27:repair;T42:retain-preset,F038
L0912,BACK-MATTER/NOTES/05-Two-Dimensions-and-Beyond-Notes.md:L335-337[U006193];BACK-MATTER/NOTES/05-Two-Dimensions-and-Beyond-Notes.md:L346-347[U006198];BACK-MATTER/NOTES/05-Two-Dimensions-and-Beyond-Notes.md:L348-349[U006199],RESOLVED,multi-branch-point-map-iteration,duplicate-nonlinear-map-family-description,,not-serious-candidate,not-applicable
L0913,BACK-MATTER/NOTES/05-Two-Dimensions-and-Beyond-Notes.md:L346-347[U006198];BACK-MATTER/NOTES/05-Two-Dimensions-and-Beyond-Notes.md:L350-351[U006200];BACK-MATTER/NOTES/05-Two-Dimensions-and-Beyond-Notes.md:L352-353[U006201],RESOLVED,multi-branch-point-map-iteration,julia-set-map-and-parameter-preset,,not-serious-candidate,not-applicable
L0914,BACK-MATTER/NOTES/05-Two-Dimensions-and-Beyond-Notes.md:L360-361[U006205];BACK-MATTER/NOTES/05-Two-Dimensions-and-Beyond-Notes.md:L362-365[U006206];BACK-MATTER/NOTES/05-Two-Dimensions-and-Beyond-Notes.md:L366-367[U006207],RESOLVED,neighbor-dependent-block-substitution,implementation-routes-to-neighbor-dependent-replacement,,not-serious-candidate,not-applicable
L0915,BACK-MATTER/NOTES/05-Two-Dimensions-and-Beyond-Notes.md:L368-369[U006208];BACK-MATTER/NOTES/05-Two-Dimensions-and-Beyond-Notes.md:L370-374[U006209],RESOLVED,scan-order-schedule,space-filling-grid-enumeration-is-a-schedule-preset,,not-serious-candidate,not-applicable
L0916,BACK-MATTER/NOTES/05-Two-Dimensions-and-Beyond-Notes.md:L377-378[U006211];BACK-MATTER/NOTES/05-Two-Dimensions-and-Beyond-Notes.md:L386-389[U006214];BACK-MATTER/NOTES/05-Two-Dimensions-and-Beyond-Notes.md:L392-397[U006216];BACK-MATTER/NOTES/05-Two-Dimensions-and-Beyond-Notes.md:L398-399[U006217];BACK-MATTER/NOTES/05-Two-Dimensions-and-Beyond-Notes.md:L400-410[U006218];BACK-MATTER/NOTES/05-Two-Dimensions-and-Beyond-Notes.md:L427-432[U006224];BACK-MATTER/NOTES/05-Two-Dimensions-and-Beyond-Notes.md:L425-426[U006223],WEAK,implementation-technique,data-structure-code-for-network-state,,not-serious-candidate,not-applicable
L0917,BACK-MATTER/NOTES/05-Two-Dimensions-and-Beyond-Notes.md:L435-437[U006226],RESOLVED,parallel-network-rewrite,neighbor-count-signature-is-local-rule-input,,not-serious-candidate,not-applicable
L0918,BACK-MATTER/NOTES/05-Two-Dimensions-and-Beyond-Notes.md:L453-454[U006229];BACK-MATTER/NOTES/05-Two-Dimensions-and-Beyond-Notes.md:L455-456[U006230],SERIOUS,active-node-network-rewrite,one-moving-active-node-performs-topology-rewrites,C001,proposed-addition,F029
L0919,BACK-MATTER/NOTES/05-Two-Dimensions-and-Beyond-Notes.md:L455-456[U006230];BACK-MATTER/NOTES/05-Two-Dimensions-and-Beyond-Notes.md:L457-458[U006231];BACK-MATTER/NOTES/05-Two-Dimensions-and-Beyond-Notes.md:L459-467[U006232];BACK-MATTER/NOTES/05-Two-Dimensions-and-Beyond-Notes.md:L468-469[U006233],RESOLVED,active-node-network-rewrite,figure-routes-to-sequential-network-rewrite,,not-serious-candidate,not-applicable
L0920,BACK-MATTER/NOTES/05-Two-Dimensions-and-Beyond-Notes.md:L482-483[U006238],SERIOUS,synchronous-local-state-automaton,fixed-nodes-have-individually-chosen-boolean-update-rules,C090,T01:retain-family;T02:retain-preset;T03:retain-preset;T04:retain-preset;T05:merge;T06:retain-preset;T07:retain-preset;T21:retain-preset;T22:retain-preset;T23:retain-preset;T24:retain-preset;T44:alias,F053
L0921,BACK-MATTER/NOTES/05-Two-Dimensions-and-Beyond-Notes.md:L486-487[U006240];BACK-MATTER/NOTES/05-Two-Dimensions-and-Beyond-Notes.md:L488-491[U006241];BACK-MATTER/NOTES/05-Two-Dimensions-and-Beyond-Notes.md:L494-502[U006243];BACK-MATTER/NOTES/05-Two-Dimensions-and-Beyond-Notes.md:L512-516[U006247];BACK-MATTER/NOTES/05-Two-Dimensions-and-Beyond-Notes.md:L523-524[U006250];BACK-MATTER/NOTES/05-Two-Dimensions-and-Beyond-Notes.md:L548-551[U006261];BACK-MATTER/NOTES/05-Two-Dimensions-and-Beyond-Notes.md:L510-511[U006246];BACK-MATTER/NOTES/05-Two-Dimensions-and-Beyond-Notes.md:L492-493[U006242];BACK-MATTER/NOTES/05-Two-Dimensions-and-Beyond-Notes.md:L503-504[U006244];BACK-MATTER/NOTES/05-Two-Dimensions-and-Beyond-Notes.md:L505-509[U006245];BACK-MATTER/NOTES/05-Two-Dimensions-and-Beyond-Notes.md:L525-526[U006251],WEAK,implementation-technique,code-formula-for-multiway-rewrite,,not-serious-candidate,not-applicable
L0922,BACK-MATTER/NOTES/05-Two-Dimensions-and-Beyond-Notes.md:L517-518[U006248];BACK-MATTER/NOTES/05-Two-Dimensions-and-Beyond-Notes.md:L519-522[U006249];BACK-MATTER/NOTES/05-Two-Dimensions-and-Beyond-Notes.md:L523-524[U006250];BACK-MATTER/NOTES/05-Two-Dimensions-and-Beyond-Notes.md:L546-547[U006260];BACK-MATTER/NOTES/05-Two-Dimensions-and-Beyond-Notes.md:L536-537[U006255];BACK-MATTER/NOTES/05-Two-Dimensions-and-Beyond-Notes.md:L542-543[U006258];BACK-MATTER/NOTES/05-Two-Dimensions-and-Beyond-Notes.md:L544-545[U006259];BACK-MATTER/NOTES/05-Two-Dimensions-and-Beyond-Notes.md:L548-551[U006261],RESOLVED,multiway-string-rewrite,specific-multiway-rule-and-seed-preset,,not-serious-candidate,not-applicable
L0923,BACK-MATTER/NOTES/05-Two-Dimensions-and-Beyond-Notes.md:L529-530[U006253];BACK-MATTER/NOTES/05-Two-Dimensions-and-Beyond-Notes.md:L531-535[U006254],RESOLVED,multiway-vector-rewrite,sorted-strings-encode-as-count-vectors,,not-serious-candidate,not-applicable
L0924,BACK-MATTER/NOTES/05-Two-Dimensions-and-Beyond-Notes.md:L548-551[U006261],WEAK,behavior-property,frequency-and-growth-statistics-are-not-mechanics,,not-serious-candidate,not-applicable
L0925,BACK-MATTER/NOTES/05-Two-Dimensions-and-Beyond-Notes.md:L548-551[U006261],WEAK,behavior-property,frequency-and-growth-statistics-are-not-mechanics,,not-serious-candidate,not-applicable
L0926,BACK-MATTER/NOTES/05-Two-Dimensions-and-Beyond-Notes.md:L562-563[U006267];BACK-MATTER/NOTES/05-Two-Dimensions-and-Beyond-Notes.md:L564-565[U006268],RESOLVED,multiway-string-rewrite,generative-grammar-is-a-string-rewrite-alias,,not-serious-candidate,not-applicable
L0927,BACK-MATTER/NOTES/05-Two-Dimensions-and-Beyond-Notes.md:L562-563[U006267];BACK-MATTER/NOTES/05-Two-Dimensions-and-Beyond-Notes.md:L566-567[U006269],RESOLVED,multiway-string-rewrite,generative-grammar-is-a-string-rewrite-alias,,not-serious-candidate,not-applicable
L0928,BACK-MATTER/NOTES/05-Two-Dimensions-and-Beyond-Notes.md:L562-563[U006267];BACK-MATTER/NOTES/05-Two-Dimensions-and-Beyond-Notes.md:L568-569[U006270],RESOLVED,multiway-string-rewrite,generative-grammar-is-a-string-rewrite-alias,,not-serious-candidate,not-applicable
L0929,BACK-MATTER/NOTES/05-Two-Dimensions-and-Beyond-Notes.md:L562-563[U006267];BACK-MATTER/NOTES/05-Two-Dimensions-and-Beyond-Notes.md:L570-571[U006271],RESOLVED,multiway-string-rewrite,generative-grammar-is-a-string-rewrite-alias,,not-serious-candidate,not-applicable
L0930,BACK-MATTER/NOTES/05-Two-Dimensions-and-Beyond-Notes.md:L574-578[U006273],SERIOUS,multiway-rewrite,applies-all-block-replacements-on-array-states,C051,T30:retain-family,F034
L0931,BACK-MATTER/NOTES/05-Two-Dimensions-and-Beyond-Notes.md:L574-578[U006273],RESOLVED,multidimensional-multiway-rewrite,duplicate-multidimensional-rewrite-description,,not-serious-candidate,not-applicable
L0932,BACK-MATTER/NOTES/05-Two-Dimensions-and-Beyond-Notes.md:L574-578[U006273];BACK-MATTER/NOTES/05-Two-Dimensions-and-Beyond-Notes.md:L579-582[U006274];BACK-MATTER/NOTES/05-Two-Dimensions-and-Beyond-Notes.md:L583-584[U006275],RESOLVED,multidimensional-multiway-rewrite,duplicate-multidimensional-rewrite-description,,not-serious-candidate,not-applicable
L0933,BACK-MATTER/NOTES/05-Two-Dimensions-and-Beyond-Notes.md:L585-588[U006276],RESOLVED,nondeterministic-branching-alias,nondeterminism-is-the-general-branching-role,,not-serious-candidate,not-applicable
L0934,BACK-MATTER/NOTES/05-Two-Dimensions-and-Beyond-Notes.md:L591-592[U006278],WEAK,conceptual-comparison,contrasts-evolution-rules-with-equations,,not-serious-candidate,not-applicable
L0935,BACK-MATTER/NOTES/05-Two-Dimensions-and-Beyond-Notes.md:L593-594[U006279],WEAK,domain-analogy,differential-equation-problems-are-an-analogy,,not-serious-candidate,not-applicable
L0936,BACK-MATTER/NOTES/05-Two-Dimensions-and-Beyond-Notes.md:L593-594[U006279],WEAK,domain-analogy,differential-equation-problems-are-an-analogy,,not-serious-candidate,not-applicable
L0937,BACK-MATTER/NOTES/05-Two-Dimensions-and-Beyond-Notes.md:L597-598[U006281],WEAK,equation-property,linear-versus-nonlinear-solution-cost-is-a-property,,not-serious-candidate,not-applicable
L0938,BACK-MATTER/NOTES/05-Two-Dimensions-and-Beyond-Notes.md:L597-598[U006281],WEAK,equation-property,linear-versus-nonlinear-solution-cost-is-a-property,,not-serious-candidate,not-applicable
L0939,BACK-MATTER/NOTES/05-Two-Dimensions-and-Beyond-Notes.md:L599-601[U006282],WEAK,conceptual-comparison,constraint-based-explanation-is-not-a-construction,,not-serious-candidate,not-applicable
L0940,BACK-MATTER/NOTES/05-Two-Dimensions-and-Beyond-Notes.md:L599-601[U006282];BACK-MATTER/NOTES/05-Two-Dimensions-and-Beyond-Notes.md:L604-605[U006284];BACK-MATTER/NOTES/05-Two-Dimensions-and-Beyond-Notes.md:L606-609[U006285];BACK-MATTER/NOTES/05-Two-Dimensions-and-Beyond-Notes.md:L720-722[U006323],WEAK,conceptual-comparison,constraint-based-explanation-is-not-a-construction,,not-serious-candidate,not-applicable
L0941,BACK-MATTER/NOTES/05-Two-Dimensions-and-Beyond-Notes.md:L599-601[U006282];BACK-MATTER/NOTES/05-Two-Dimensions-and-Beyond-Notes.md:L602-603[U006283];BACK-MATTER/NOTES/05-Two-Dimensions-and-Beyond-Notes.md:L604-605[U006284];BACK-MATTER/NOTES/05-Two-Dimensions-and-Beyond-Notes.md:L720-722[U006323],WEAK,conceptual-comparison,constraint-based-explanation-is-not-a-construction,,not-serious-candidate,not-applicable
L0942,BACK-MATTER/NOTES/05-Two-Dimensions-and-Beyond-Notes.md:L606-609[U006285],RESOLVED,local-template-constraint,ca-fixed-points-encode-as-allowed-local-blocks,,not-serious-candidate,not-applicable
L0943,BACK-MATTER/NOTES/05-Two-Dimensions-and-Beyond-Notes.md:L606-609[U006285];BACK-MATTER/NOTES/05-Two-Dimensions-and-Beyond-Notes.md:L610-611[U006286];BACK-MATTER/NOTES/05-Two-Dimensions-and-Beyond-Notes.md:L612-613[U006287];BACK-MATTER/NOTES/05-Two-Dimensions-and-Beyond-Notes.md:L614-616[U006288];BACK-MATTER/NOTES/05-Two-Dimensions-and-Beyond-Notes.md:L617-622[U006289],RESOLVED,local-template-constraint,ca-fixed-points-encode-as-allowed-local-blocks,,not-serious-candidate,not-applicable
L0944,BACK-MATTER/NOTES/05-Two-Dimensions-and-Beyond-Notes.md:L640-641[U006294],WEAK,implementation-technique,backtracking-and-spiral-search-are-solver-techniques,,not-serious-candidate,not-applicable
L0945,BACK-MATTER/NOTES/05-Two-Dimensions-and-Beyond-Notes.md:L642-646[U006295];BACK-MATTER/NOTES/05-Two-Dimensions-and-Beyond-Notes.md:L647-654[U006296];BACK-MATTER/NOTES/05-Two-Dimensions-and-Beyond-Notes.md:L655-656[U006297],WEAK,constraint-space-property,undecidability-is-a-property-of-satisfiability,,not-serious-candidate,not-applicable
L0946,BACK-MATTER/NOTES/05-Two-Dimensions-and-Beyond-Notes.md:L657-658[U006298];BACK-MATTER/NOTES/05-Two-Dimensions-and-Beyond-Notes.md:L659-660[U006299],RESOLVED,local-template-constraint,template-size-is-constraint-data,,not-serious-candidate,not-applicable
L0947,BACK-MATTER/NOTES/05-Two-Dimensions-and-Beyond-Notes.md:L661-662[U006300],RESOLVED,local-plus-global-constraint,colors-size-and-required-occurrences-are-parameters,,not-serious-candidate,not-applicable
L0948,BACK-MATTER/NOTES/05-Two-Dimensions-and-Beyond-Notes.md:L663-664[U006301];BACK-MATTER/NOTES/05-Two-Dimensions-and-Beyond-Notes.md:L665-672[U006302];BACK-MATTER/NOTES/05-Two-Dimensions-and-Beyond-Notes.md:L673-674[U006303];BACK-MATTER/NOTES/05-Two-Dimensions-and-Beyond-Notes.md:L675-676[U006304],RESOLVED,local-template-constraint,substitution-derived-allowed-template-preset,,not-serious-candidate,not-applicable
L0949,BACK-MATTER/NOTES/05-Two-Dimensions-and-Beyond-Notes.md:L677-678[U006305],RESOLVED,local-template-constraint,ca-fixed-point-correspondence-routes-to-constraints,,not-serious-candidate,not-applicable
L0950,BACK-MATTER/NOTES/05-Two-Dimensions-and-Beyond-Notes.md:L679-680[U006306];BACK-MATTER/NOTES/05-Two-Dimensions-and-Beyond-Notes.md:L681-682[U006307];BACK-MATTER/NOTES/05-Two-Dimensions-and-Beyond-Notes.md:L683-684[U006308];BACK-MATTER/NOTES/05-Two-Dimensions-and-Beyond-Notes.md:L685-686[U006309],SERIOUS,local-satisfaction-constraint,allowed-templates-encode-an-entire-ca-history,C043,T31:retain-family;T32:alias;T33:retain-preset,F030
L0951,BACK-MATTER/NOTES/05-Two-Dimensions-and-Beyond-Notes.md:L687-689[U006310];BACK-MATTER/NOTES/05-Two-Dimensions-and-Beyond-Notes.md:L692-693[U006312];BACK-MATTER/NOTES/05-Two-Dimensions-and-Beyond-Notes.md:L694-695[U006313],WEAK,constraint-space-property,noncomputability-is-a-property-of-forced-patterns,,not-serious-candidate,not-applicable
L0952,BACK-MATTER/NOTES/05-Two-Dimensions-and-Beyond-Notes.md:L687-689[U006310];BACK-MATTER/NOTES/05-Two-Dimensions-and-Beyond-Notes.md:L692-693[U006312];BACK-MATTER/NOTES/05-Two-Dimensions-and-Beyond-Notes.md:L694-695[U006313],WEAK,constraint-space-property,noncomputability-is-a-property-of-forced-patterns,,not-serious-candidate,not-applicable
L0953,BACK-MATTER/NOTES/05-Two-Dimensions-and-Beyond-Notes.md:L696-697[U006314];BACK-MATTER/NOTES/05-Two-Dimensions-and-Beyond-Notes.md:L698-699[U006315],SERIOUS,local-satisfaction-constraint,tile-covering-is-a-geometric-form-of-local-satisfaction,C043,T31:retain-family;T32:alias;T33:retain-preset,F030
L0954,BACK-MATTER/NOTES/05-Two-Dimensions-and-Beyond-Notes.md:L696-697[U006314];BACK-MATTER/NOTES/05-Two-Dimensions-and-Beyond-Notes.md:L698-699[U006315];BACK-MATTER/NOTES/05-Two-Dimensions-and-Beyond-Notes.md:L700-701[U006316];BACK-MATTER/NOTES/05-Two-Dimensions-and-Beyond-Notes.md:L702-703[U006317],RESOLVED,geometric-tiling-constraint,duplicate-polyomino-tiling-description,,not-serious-candidate,not-applicable
L0955,BACK-MATTER/NOTES/05-Two-Dimensions-and-Beyond-Notes.md:L704-708[U006318],SERIOUS,energy-minimization-constraint,ground-state-minimization-can-encode-local-constraints,C021,proposed-addition,F028
L0956,BACK-MATTER/NOTES/05-Two-Dimensions-and-Beyond-Notes.md:L704-708[U006318],RESOLVED,energy-minimization-constraint,duplicate-spin-ground-state-description,,not-serious-candidate,not-applicable
L0957,BACK-MATTER/NOTES/05-Two-Dimensions-and-Beyond-Notes.md:L704-708[U006318],RESOLVED,energy-minimization-constraint,duplicate-spin-ground-state-description,,not-serious-candidate,not-applicable
L0958,BACK-MATTER/NOTES/05-Two-Dimensions-and-Beyond-Notes.md:L704-708[U006318],RESOLVED,energy-minimization-constraint,duplicate-spin-ground-state-description,,not-serious-candidate,not-applicable
L0959,BACK-MATTER/NOTES/05-Two-Dimensions-and-Beyond-Notes.md:L704-708[U006318];BACK-MATTER/NOTES/05-Two-Dimensions-and-Beyond-Notes.md:L709-713[U006319];BACK-MATTER/NOTES/05-Two-Dimensions-and-Beyond-Notes.md:L714-715[U006320],RESOLVED,energy-minimization-constraint,duplicate-spin-ground-state-description,,not-serious-candidate,not-applicable
L0960,BACK-MATTER/NOTES/05-Two-Dimensions-and-Beyond-Notes.md:L716-717[U006321],RESOLVED,sequence-pattern-constraint,thue-morse-is-a-pattern-avoidance-preset,,not-serious-candidate,not-applicable
L0961,BACK-MATTER/NOTES/05-Two-Dimensions-and-Beyond-Notes.md:L718-719[U006322],WEAK,constraint-space-property,unavoidable-block-theorem-is-a-property,,not-serious-candidate,not-applicable
L0962,BACK-MATTER/NOTES/05-Two-Dimensions-and-Beyond-Notes.md:L720-722[U006323],RESOLVED,sequence-pattern-constraint,formal-language-encoding-of-sequence-constraints,,not-serious-candidate,not-applicable
L0963,BACK-MATTER/NOTES/05-Two-Dimensions-and-Beyond-Notes.md:L723-724[U006324];BACK-MATTER/NOTES/05-Two-Dimensions-and-Beyond-Notes.md:L725-726[U006325],SERIOUS,arithmetic-equation-constraint,integer-tuples-are-selected-by-an-uniterated-equation,C004,proposed-addition,F019
L0964,BACK-MATTER/NOTES/05-Two-Dimensions-and-Beyond-Notes.md:L723-724[U006324];BACK-MATTER/NOTES/05-Two-Dimensions-and-Beyond-Notes.md:L725-726[U006325],RESOLVED,arithmetic-equation-constraint,diophantine-equation-or-solution-set-preset,,not-serious-candidate,not-applicable
L0965,BACK-MATTER/NOTES/05-Two-Dimensions-and-Beyond-Notes.md:L723-724[U006324];BACK-MATTER/NOTES/05-Two-Dimensions-and-Beyond-Notes.md:L725-726[U006325],RESOLVED,arithmetic-equation-constraint,diophantine-equation-or-solution-set-preset,,not-serious-candidate,not-applicable
L0966,BACK-MATTER/NOTES/05-Two-Dimensions-and-Beyond-Notes.md:L723-724[U006324];BACK-MATTER/NOTES/05-Two-Dimensions-and-Beyond-Notes.md:L725-726[U006325],RESOLVED,arithmetic-equation-constraint,diophantine-equation-or-solution-set-preset,,not-serious-candidate,not-applicable
L0967,BACK-MATTER/NOTES/05-Two-Dimensions-and-Beyond-Notes.md:L723-724[U006324];BACK-MATTER/NOTES/05-Two-Dimensions-and-Beyond-Notes.md:L725-726[U006325],RESOLVED,arithmetic-equation-constraint,diophantine-equation-or-solution-set-preset,,not-serious-candidate,not-applicable
L0968,BACK-MATTER/NOTES/05-Two-Dimensions-and-Beyond-Notes.md:L727-728[U006326];BACK-MATTER/NOTES/05-Two-Dimensions-and-Beyond-Notes.md:L729-734[U006327];BACK-MATTER/NOTES/05-Two-Dimensions-and-Beyond-Notes.md:L735-736[U006328];BACK-MATTER/NOTES/05-Two-Dimensions-and-Beyond-Notes.md:L737-738[U006329],RESOLVED,arithmetic-equation-constraint,diophantine-equation-or-solution-set-preset,,not-serious-candidate,not-applicable
L0969,BACK-MATTER/NOTES/05-Two-Dimensions-and-Beyond-Notes.md:L739-740[U006330];BACK-MATTER/NOTES/05-Two-Dimensions-and-Beyond-Notes.md:L741-742[U006331],RESOLVED,arithmetic-equation-constraint,diophantine-equation-or-solution-set-preset,,not-serious-candidate,not-applicable
L0970,BACK-MATTER/NOTES/05-Two-Dimensions-and-Beyond-Notes.md:L743-744[U006332];BACK-MATTER/NOTES/05-Two-Dimensions-and-Beyond-Notes.md:L745-746[U006333],RESOLVED,arithmetic-equation-constraint,diophantine-equation-or-solution-set-preset,,not-serious-candidate,not-applicable
L0971,BACK-MATTER/NOTES/05-Two-Dimensions-and-Beyond-Notes.md:L743-744[U006332];BACK-MATTER/NOTES/05-Two-Dimensions-and-Beyond-Notes.md:L745-746[U006333],RESOLVED,arithmetic-equation-constraint,diophantine-equation-or-solution-set-preset,,not-serious-candidate,not-applicable
L0972,BACK-MATTER/NOTES/05-Two-Dimensions-and-Beyond-Notes.md:L743-744[U006332];BACK-MATTER/NOTES/05-Two-Dimensions-and-Beyond-Notes.md:L745-746[U006333],RESOLVED,arithmetic-equation-constraint,diophantine-equation-or-solution-set-preset,,not-serious-candidate,not-applicable
L0973,BACK-MATTER/NOTES/05-Two-Dimensions-and-Beyond-Notes.md:L743-744[U006332];BACK-MATTER/NOTES/05-Two-Dimensions-and-Beyond-Notes.md:L745-746[U006333],RESOLVED,arithmetic-equation-constraint,diophantine-equation-or-solution-set-preset,,not-serious-candidate,not-applicable
L0974,BACK-MATTER/NOTES/05-Two-Dimensions-and-Beyond-Notes.md:L743-744[U006332];BACK-MATTER/NOTES/05-Two-Dimensions-and-Beyond-Notes.md:L745-746[U006333],RESOLVED,arithmetic-equation-constraint,diophantine-equation-or-solution-set-preset,,not-serious-candidate,not-applicable
L0975,BACK-MATTER/NOTES/05-Two-Dimensions-and-Beyond-Notes.md:L743-744[U006332];BACK-MATTER/NOTES/05-Two-Dimensions-and-Beyond-Notes.md:L745-746[U006333],RESOLVED,arithmetic-equation-constraint,diophantine-equation-or-solution-set-preset,,not-serious-candidate,not-applicable
L0976,BACK-MATTER/NOTES/05-Two-Dimensions-and-Beyond-Notes.md:L743-744[U006332];BACK-MATTER/NOTES/05-Two-Dimensions-and-Beyond-Notes.md:L745-746[U006333],RESOLVED,arithmetic-equation-constraint,diophantine-equation-or-solution-set-preset,,not-serious-candidate,not-applicable
L0977,BACK-MATTER/NOTES/05-Two-Dimensions-and-Beyond-Notes.md:L743-744[U006332];BACK-MATTER/NOTES/05-Two-Dimensions-and-Beyond-Notes.md:L745-746[U006333],RESOLVED,arithmetic-equation-constraint,diophantine-equation-or-solution-set-preset,,not-serious-candidate,not-applicable
L0978,BACK-MATTER/NOTES/05-Two-Dimensions-and-Beyond-Notes.md:L747-748[U006334];BACK-MATTER/NOTES/05-Two-Dimensions-and-Beyond-Notes.md:L749-750[U006335],WEAK,equation-property,fermat-theorem-reports-absence-of-solutions,,not-serious-candidate,not-applicable
L0979,BACK-MATTER/NOTES/05-Two-Dimensions-and-Beyond-Notes.md:L751-753[U006336],RESOLVED,finite-array-constraint,magic-latin-and-hadamard-matrices-are-presets,,not-serious-candidate,not-applicable
L0980,BACK-MATTER/NOTES/05-Two-Dimensions-and-Beyond-Notes.md:L756-757[U006338],RESOLVED,formula-constraint,symbolic-formulas-are-selected-by-a-relation,,not-serious-candidate,not-applicable
L0981,BACK-MATTER/NOTES/05-Two-Dimensions-and-Beyond-Notes.md:L66-67[U006096];BACK-MATTER/NOTES/05-Two-Dimensions-and-Beyond-Notes.md:L68-72[U006097],RESOLVED,synchronous-lattice-cellular-automaton,duplicate-general-neighborhood-description,,not-serious-candidate,not-applicable
L0982,BACK-MATTER/NOTES/05-Two-Dimensions-and-Beyond-Notes.md:L66-67[U006096];BACK-MATTER/NOTES/05-Two-Dimensions-and-Beyond-Notes.md:L73-74[U006098];BACK-MATTER/NOTES/05-Two-Dimensions-and-Beyond-Notes.md:L75-80[U006099];BACK-MATTER/NOTES/05-Two-Dimensions-and-Beyond-Notes.md:L83-88[U006101],RESOLVED,synchronous-lattice-cellular-automaton,duplicate-general-neighborhood-description,,not-serious-candidate,not-applicable
L0983,BACK-MATTER/NOTES/05-Two-Dimensions-and-Beyond-Notes.md:L89-90[U006102];BACK-MATTER/NOTES/05-Two-Dimensions-and-Beyond-Notes.md:L97-105[U006105],WEAK,rule-space-property,counts-rules-not-mechanics,,not-serious-candidate,not-applicable
L0984,BACK-MATTER/NOTES/05-Two-Dimensions-and-Beyond-Notes.md:L91-92[U006103];BACK-MATTER/NOTES/05-Two-Dimensions-and-Beyond-Notes.md:L93-96[U006104];BACK-MATTER/NOTES/05-Two-Dimensions-and-Beyond-Notes.md:L121-122[U006110],RESOLVED,synchronous-lattice-cellular-automaton,outer-totalistic-code-is-a-rule-encoding,,not-serious-candidate,not-applicable
L0985,BACK-MATTER/NOTES/05-Two-Dimensions-and-Beyond-Notes.md:L106-107[U006106];BACK-MATTER/NOTES/05-Two-Dimensions-and-Beyond-Notes.md:L108-113[U006107];BACK-MATTER/NOTES/05-Two-Dimensions-and-Beyond-Notes.md:L114-115[U006108];BACK-MATTER/NOTES/05-Two-Dimensions-and-Beyond-Notes.md:L116-120[U006109],WEAK,rule-space-property,symmetry-classes-identify-equivalent-rules,,not-serious-candidate,not-applicable
L0986,BACK-MATTER/NOTES/05-Two-Dimensions-and-Beyond-Notes.md:L89-90[U006102];BACK-MATTER/NOTES/05-Two-Dimensions-and-Beyond-Notes.md:L151-152[U006117];BACK-MATTER/NOTES/05-Two-Dimensions-and-Beyond-Notes.md:L153-154[U006118],WEAK,rule-space-property,counts-rules-not-mechanics,,not-serious-candidate,not-applicable
L0987,BACK-MATTER/NOTES/05-Two-Dimensions-and-Beyond-Notes.md:L482-483[U006238],RESOLVED,heterogeneous-fixed-network-automaton,duplicate-boolean-network-description,,not-serious-candidate,not-applicable
L0988,BACK-MATTER/NOTES/05-Two-Dimensions-and-Beyond-Notes.md:L207-208[U006139];BACK-MATTER/NOTES/05-Two-Dimensions-and-Beyond-Notes.md:L209-210[U006140];CHAPTERS/05-Two-Dimensions-and-Beyond.md:L169-170[U001031],RESOLVED,path-observer,plots-the-head-position-through-time,,not-serious-candidate,not-applicable
L0989,BACK-MATTER/NOTES/05-Two-Dimensions-and-Beyond-Notes.md:L215-217[U006143],RESOLVED,orientation-relative-mobile-head,duplicate-relative-turn-rule-description,,not-serious-candidate,not-applicable
L0990,BACK-MATTER/NOTES/05-Two-Dimensions-and-Beyond-Notes.md:L585-588[U006276],RESOLVED,nondeterministic-branching-alias,duplicate-nondeterminism-alias,,not-serious-candidate,not-applicable
L0991,BACK-MATTER/NOTES/05-Two-Dimensions-and-Beyond-Notes.md:L229-230[U006147];BACK-MATTER/NOTES/05-Two-Dimensions-and-Beyond-Notes.md:L231-235[U006148];BACK-MATTER/NOTES/05-Two-Dimensions-and-Beyond-Notes.md:L236-237[U006149],RESOLVED,direct-evaluation-observer,computes-a-substitution-cell-without-running-all-steps,,not-serious-candidate,not-applicable
L0992,BACK-MATTER/NOTES/05-Two-Dimensions-and-Beyond-Notes.md:L306-307[U006182],RESOLVED,parallel-geometric-substitution,lattice-projection-is-an-equivalent-pattern-encoding,,not-serious-candidate,not-applicable
L0993,BACK-MATTER/NOTES/05-Two-Dimensions-and-Beyond-Notes.md:L308-309[U006183],RESOLVED,parallel-geometric-substitution,lattice-projection-is-an-equivalent-pattern-encoding,,not-serious-candidate,not-applicable
L0994,BACK-MATTER/NOTES/05-Two-Dimensions-and-Beyond-Notes.md:L328-329[U006190];BACK-MATTER/NOTES/05-Two-Dimensions-and-Beyond-Notes.md:L330-331[U006191],RESOLVED,geometric-state-observer,renders-successive-geometric-states-in-three-dimensions,,not-serious-candidate,not-applicable
L0995,BACK-MATTER/NOTES/05-Two-Dimensions-and-Beyond-Notes.md:L335-337[U006193];BACK-MATTER/NOTES/05-Two-Dimensions-and-Beyond-Notes.md:L338-339[U006194];BACK-MATTER/NOTES/05-Two-Dimensions-and-Beyond-Notes.md:L340-341[U006195],RESOLVED,multi-branch-point-map-iteration,duplicate-complex-map-family-description,,not-serious-candidate,not-applicable
L0996,BACK-MATTER/NOTES/05-Two-Dimensions-and-Beyond-Notes.md:L342-343[U006196],RESOLVED,fractal-dimension-observer,measures-pattern-scale-statistics,,not-serious-candidate,not-applicable
L0997,BACK-MATTER/NOTES/05-Two-Dimensions-and-Beyond-Notes.md:L354-355[U006202];BACK-MATTER/NOTES/05-Two-Dimensions-and-Beyond-Notes.md:L356-357[U006203];BACK-MATTER/NOTES/05-Two-Dimensions-and-Beyond-Notes.md:L358-359[U006204],RESOLVED,parameter-space-observer,classifies-map-parameters-by-derived-set-properties,,not-serious-candidate,not-applicable
L0998,BACK-MATTER/NOTES/05-Two-Dimensions-and-Beyond-Notes.md:L356-357[U006203];BACK-MATTER/NOTES/05-Two-Dimensions-and-Beyond-Notes.md:L358-359[U006204],RESOLVED,parameter-space-observer,classifies-map-parameters-by-derived-set-properties,,not-serious-candidate,not-applicable
L0999,BACK-MATTER/NOTES/05-Two-Dimensions-and-Beyond-Notes.md:L562-563[U006267],RESOLVED,multiway-string-rewrite,duplicate-generative-grammar-alias,,not-serious-candidate,not-applicable
L1000,BACK-MATTER/NOTES/05-Two-Dimensions-and-Beyond-Notes.md:L574-578[U006273];BACK-MATTER/NOTES/05-Two-Dimensions-and-Beyond-Notes.md:L579-582[U006274];BACK-MATTER/NOTES/05-Two-Dimensions-and-Beyond-Notes.md:L583-584[U006275],RESOLVED,multidimensional-multiway-rewrite,duplicate-array-multiway-description,,not-serious-candidate,not-applicable
L1001,BACK-MATTER/NOTES/05-Two-Dimensions-and-Beyond-Notes.md:L663-664[U006301];BACK-MATTER/NOTES/05-Two-Dimensions-and-Beyond-Notes.md:L665-672[U006302];BACK-MATTER/NOTES/05-Two-Dimensions-and-Beyond-Notes.md:L673-674[U006303];BACK-MATTER/NOTES/05-Two-Dimensions-and-Beyond-Notes.md:L675-676[U006304],RESOLVED,local-template-constraint,substitution-derived-constraint-preset,,not-serious-candidate,not-applicable
L1002,BACK-MATTER/NOTES/05-Two-Dimensions-and-Beyond-Notes.md:L663-664[U006301];BACK-MATTER/NOTES/05-Two-Dimensions-and-Beyond-Notes.md:L665-672[U006302];BACK-MATTER/NOTES/05-Two-Dimensions-and-Beyond-Notes.md:L673-674[U006303],RESOLVED,local-template-constraint,substitution-derived-constraint-preset,,not-serious-candidate,not-applicable
L1003,BACK-MATTER/NOTES/05-Two-Dimensions-and-Beyond-Notes.md:L704-708[U006318];BACK-MATTER/NOTES/05-Two-Dimensions-and-Beyond-Notes.md:L709-713[U006319],RESOLVED,energy-minimization-constraint,duplicate-spin-ground-state-description,,not-serious-candidate,not-applicable
L1004,BACK-MATTER/NOTES/05-Two-Dimensions-and-Beyond-Notes.md:L704-708[U006318],RESOLVED,energy-minimization-constraint,duplicate-spin-ground-state-description,,not-serious-candidate,not-applicable
L1005,CHAPTERS/05-Two-Dimensions-and-Beyond.md:L289-290[U001091];CHAPTERS/05-Two-Dimensions-and-Beyond.md:L291-292[U001092];CHAPTERS/05-Two-Dimensions-and-Beyond.md:L293-294[U001093];CHAPTERS/05-Two-Dimensions-and-Beyond.md:L295-296[U001094];BACK-MATTER/NOTES/05-Two-Dimensions-and-Beyond-Notes.md:L433-434[U006225],RESOLVED,network-layout-observer,node-positions-are-only-for-display,,not-serious-candidate,not-applicable
L1006,CHAPTERS/05-Two-Dimensions-and-Beyond.md:L331-332[U001112];CHAPTERS/05-Two-Dimensions-and-Beyond.md:L335-336[U001114];CHAPTERS/05-Two-Dimensions-and-Beyond.md:L337-338[U001115],WEAK,behavior-property,node-count-irregularity-is-observed-behavior,,not-serious-candidate,not-applicable
L1007,BACK-MATTER/NOTES/05-Two-Dimensions-and-Beyond-Notes.md:L320-321[U006187];BACK-MATTER/NOTES/05-Two-Dimensions-and-Beyond-Notes.md:L322-325[U006188];BACK-MATTER/NOTES/05-Two-Dimensions-and-Beyond-Notes.md:L326-327[U006189],RESOLVED,direct-evaluation-observer,complex-base-code-computes-a-geometric-pattern,,not-serious-candidate,not-applicable
L1008,BACK-MATTER/NOTES/05-Two-Dimensions-and-Beyond-Notes.md:L377-378[U006211];BACK-MATTER/NOTES/05-Two-Dimensions-and-Beyond-Notes.md:L379-383[U006212],WEAK,implementation-technique,network-representation-reachability-or-cleanup-helper,,not-serious-candidate,not-applicable
L1009,BACK-MATTER/NOTES/05-Two-Dimensions-and-Beyond-Notes.md:L384-385[U006213];BACK-MATTER/NOTES/05-Two-Dimensions-and-Beyond-Notes.md:L386-389[U006214],WEAK,implementation-technique,network-representation-reachability-or-cleanup-helper,,not-serious-candidate,not-applicable
L1010,BACK-MATTER/NOTES/05-Two-Dimensions-and-Beyond-Notes.md:L390-391[U006215];BACK-MATTER/NOTES/05-Two-Dimensions-and-Beyond-Notes.md:L392-397[U006216],WEAK,implementation-technique,network-representation-reachability-or-cleanup-helper,,not-serious-candidate,not-applicable
L1011,BACK-MATTER/NOTES/05-Two-Dimensions-and-Beyond-Notes.md:L411-412[U006219];BACK-MATTER/NOTES/05-Two-Dimensions-and-Beyond-Notes.md:L413-417[U006220],WEAK,implementation-technique,network-representation-reachability-or-cleanup-helper,,not-serious-candidate,not-applicable
L1012,BACK-MATTER/NOTES/05-Two-Dimensions-and-Beyond-Notes.md:L418-419[U006221];BACK-MATTER/NOTES/05-Two-Dimensions-and-Beyond-Notes.md:L420-424[U006222],WEAK,implementation-technique,network-representation-reachability-or-cleanup-helper,,not-serious-candidate,not-applicable
L1013,BACK-MATTER/NOTES/05-Two-Dimensions-and-Beyond-Notes.md:L438-440[U006227];BACK-MATTER/NOTES/05-Two-Dimensions-and-Beyond-Notes.md:L441-452[U006228],WEAK,domain-analogy,pointer-and-garbage-collection-comparison-is-an-analogy,,not-serious-candidate,not-applicable
L1014,BACK-MATTER/NOTES/05-Two-Dimensions-and-Beyond-Notes.md:L470-471[U006234];BACK-MATTER/NOTES/05-Two-Dimensions-and-Beyond-Notes.md:L472-473[U006235],RESOLVED,graph-dimension-observer,estimates-dimension-from-reachable-node-growth,,not-serious-candidate,not-applicable
L1015,BACK-MATTER/NOTES/05-Two-Dimensions-and-Beyond-Notes.md:L554-555[U006263],RESOLVED,rewrite-state-graph-observer,cayley-graph-renders-rewrite-reachability,,not-serious-candidate,not-applicable
L1016,BACK-MATTER/NOTES/05-Two-Dimensions-and-Beyond-Notes.md:L554-555[U006263],RESOLVED,rewrite-state-graph-observer,cayley-graph-renders-rewrite-reachability,,not-serious-candidate,not-applicable
L1017,BACK-MATTER/NOTES/05-Two-Dimensions-and-Beyond-Notes.md:L554-555[U006263],RESOLVED,rewrite-state-graph-observer,cayley-graph-renders-rewrite-reachability,,not-serious-candidate,not-applicable
L1018,CHAPTERS/05-Two-Dimensions-and-Beyond.md:L379-380[U001134],RESOLVED,multiway-string-rewrite,multiway-rule-preset,,not-serious-candidate,not-applicable
L1019,CHAPTERS/05-Two-Dimensions-and-Beyond.md:L379-380[U001134],RESOLVED,multiway-string-rewrite,multiway-rule-preset,,not-serious-candidate,not-applicable
L1020,CHAPTERS/05-Two-Dimensions-and-Beyond.md:L379-380[U001134],RESOLVED,multiway-string-rewrite,multiway-rule-preset,,not-serious-candidate,not-applicable
L1021,CHAPTERS/05-Two-Dimensions-and-Beyond.md:L405-406[U001147],WEAK,behavior-example,reports-growth-of-a-multiway-rule-preset,,not-serious-candidate,not-applicable
L1022,CHAPTERS/05-Two-Dimensions-and-Beyond.md:L405-406[U001147],WEAK,behavior-example,reports-growth-of-a-multiway-rule-preset,,not-serious-candidate,not-applicable
L1023,BACK-MATTER/NOTES/05-Two-Dimensions-and-Beyond-Notes.md:L548-551[U006261];BACK-MATTER/NOTES/05-Two-Dimensions-and-Beyond-Notes.md:L552-553[U006262],WEAK,behavior-example,reports-growth-of-a-multiway-rule-preset,,not-serious-candidate,not-applicable
L1024,BACK-MATTER/NOTES/05-Two-Dimensions-and-Beyond-Notes.md:L556-557[U006264],WEAK,algebraic-property,group-or-semigroup-finiteness-is-a-property,,not-serious-candidate,not-applicable
L1025,BACK-MATTER/NOTES/05-Two-Dimensions-and-Beyond-Notes.md:L556-557[U006264];BACK-MATTER/NOTES/05-Two-Dimensions-and-Beyond-Notes.md:L558-559[U006265],WEAK,algebraic-property,group-or-semigroup-finiteness-is-a-property,,not-serious-candidate,not-applicable
L1026,BACK-MATTER/NOTES/05-Two-Dimensions-and-Beyond-Notes.md:L562-563[U006267];BACK-MATTER/NOTES/05-Two-Dimensions-and-Beyond-Notes.md:L564-565[U006268],RESOLVED,multiway-string-rewrite,generative-grammar-is-a-string-rewrite-alias,,not-serious-candidate,not-applicable
L1027,BACK-MATTER/NOTES/05-Two-Dimensions-and-Beyond-Notes.md:L562-563[U006267];BACK-MATTER/NOTES/05-Two-Dimensions-and-Beyond-Notes.md:L566-567[U006269],RESOLVED,multiway-string-rewrite,generative-grammar-is-a-string-rewrite-alias,,not-serious-candidate,not-applicable
L1028,BACK-MATTER/NOTES/05-Two-Dimensions-and-Beyond-Notes.md:L562-563[U006267];BACK-MATTER/NOTES/05-Two-Dimensions-and-Beyond-Notes.md:L568-569[U006270],RESOLVED,multiway-string-rewrite,generative-grammar-is-a-string-rewrite-alias,,not-serious-candidate,not-applicable
L1029,BACK-MATTER/NOTES/05-Two-Dimensions-and-Beyond-Notes.md:L751-753[U006336];BACK-MATTER/NOTES/05-Two-Dimensions-and-Beyond-Notes.md:L754-755[U006337],RESOLVED,finite-array-constraint,matrix-constraint-presets,,not-serious-candidate,not-applicable
L1030,CHAPTERS/05-Two-Dimensions-and-Beyond.md:L477-478[U001183];CHAPTERS/05-Two-Dimensions-and-Beyond.md:L479-480[U001184];CHAPTERS/05-Two-Dimensions-and-Beyond.md:L481-482[U001185];CHAPTERS/05-Two-Dimensions-and-Beyond.md:L483-484[U001186];CHAPTERS/05-Two-Dimensions-and-Beyond.md:L485-486[U001187],RESOLVED,local-template-constraint,duplicate-template-constraint-figure,,not-serious-candidate,not-applicable
L1031,CHAPTERS/05-Two-Dimensions-and-Beyond.md:L535-536[U001212],WEAK,constraint-space-property,negative-search-result-is-not-mechanics,,not-serious-candidate,not-applicable
L1032,BACK-MATTER/NOTES/05-Two-Dimensions-and-Beyond-Notes.md:L597-598[U006281],WEAK,equation-property,linear-versus-nonlinear-equation-discussion,,not-serious-candidate,not-applicable
L1033,BACK-MATTER/NOTES/05-Two-Dimensions-and-Beyond-Notes.md:L597-598[U006281],WEAK,equation-property,linear-versus-nonlinear-equation-discussion,,not-serious-candidate,not-applicable
L1034,BACK-MATTER/NOTES/05-Two-Dimensions-and-Beyond-Notes.md:L597-598[U006281],WEAK,equation-property,linear-versus-nonlinear-equation-discussion,,not-serious-candidate,not-applicable
L1035,BACK-MATTER/NOTES/05-Two-Dimensions-and-Beyond-Notes.md:L610-611[U006286];BACK-MATTER/NOTES/05-Two-Dimensions-and-Beyond-Notes.md:L612-613[U006287];BACK-MATTER/NOTES/05-Two-Dimensions-and-Beyond-Notes.md:L614-616[U006288],WEAK,cataloging-metadata,constraint-numbering-scheme-is-metadata,,not-serious-candidate,not-applicable
L1036,BACK-MATTER/NOTES/05-Two-Dimensions-and-Beyond-Notes.md:L614-616[U006288];BACK-MATTER/NOTES/05-Two-Dimensions-and-Beyond-Notes.md:L617-622[U006289],WEAK,implementation-technique,symmetry-pruning-is-a-search-optimization,,not-serious-candidate,not-applicable
L1037,BACK-MATTER/NOTES/05-Two-Dimensions-and-Beyond-Notes.md:L623-624[U006290];BACK-MATTER/NOTES/05-Two-Dimensions-and-Beyond-Notes.md:L625-628[U006291],RESOLVED,pattern-renderer,tessellation-is-a-compact-repetitive-pattern-display,,not-serious-candidate,not-applicable
L1038,BACK-MATTER/NOTES/05-Two-Dimensions-and-Beyond-Notes.md:L743-744[U006332],RESOLVED,arithmetic-equation-constraint,diophantine-solution-set-preset,,not-serious-candidate,not-applicable
L1039,BACK-MATTER/NOTES/05-Two-Dimensions-and-Beyond-Notes.md:L743-744[U006332],RESOLVED,arithmetic-equation-constraint,diophantine-solution-set-preset,,not-serious-candidate,not-applicable
L1040,BACK-MATTER/NOTES/05-Two-Dimensions-and-Beyond-Notes.md:L595-596[U006280],WEAK,implementation-technique,numerical-discretization-is-a-solver-technique,,not-serious-candidate,not-applicable
L1041,BACK-MATTER/NOTES/05-Two-Dimensions-and-Beyond-Notes.md:L696-697[U006314];BACK-MATTER/NOTES/05-Two-Dimensions-and-Beyond-Notes.md:L700-701[U006316];BACK-MATTER/NOTES/05-Two-Dimensions-and-Beyond-Notes.md:L702-703[U006317],RESOLVED,geometric-tiling-constraint,duplicate-polyomino-tiling-description,,not-serious-candidate,not-applicable
L1042,BACK-MATTER/NOTES/05-Two-Dimensions-and-Beyond-Notes.md:L727-728[U006326];BACK-MATTER/NOTES/05-Two-Dimensions-and-Beyond-Notes.md:L729-734[U006327];BACK-MATTER/NOTES/05-Two-Dimensions-and-Beyond-Notes.md:L735-736[U006328];BACK-MATTER/NOTES/05-Two-Dimensions-and-Beyond-Notes.md:L737-738[U006329],RESOLVED,arithmetic-equation-constraint,diophantine-equation-preset,,not-serious-candidate,not-applicable
L1043,BACK-MATTER/NOTES/05-Two-Dimensions-and-Beyond-Notes.md:L727-728[U006326],RESOLVED,arithmetic-equation-constraint,diophantine-equation-preset,,not-serious-candidate,not-applicable
L1044,BACK-MATTER/NOTES/05-Two-Dimensions-and-Beyond-Notes.md:L739-740[U006330];BACK-MATTER/NOTES/05-Two-Dimensions-and-Beyond-Notes.md:L741-742[U006331],RESOLVED,arithmetic-equation-constraint,diophantine-equation-preset,,not-serious-candidate,not-applicable
L1045,CHAPTERS/05-Two-Dimensions-and-Beyond.md:L45-46[U000969];CHAPTERS/05-Two-Dimensions-and-Beyond.md:L47-48[U000970];CHAPTERS/05-Two-Dimensions-and-Beyond.md:L49-50[U000971];CHAPTERS/05-Two-Dimensions-and-Beyond.md:L99-100[U000996];CHAPTERS/05-Two-Dimensions-and-Beyond.md:L101-102[U000997],WEAK,behavior-example,snowflake-like-ca-pattern-is-an-output-example,,not-serious-candidate,not-applicable
L1046,CHAPTERS/05-Two-Dimensions-and-Beyond.md:L229-230[U001061];BACK-MATTER/NOTES/05-Two-Dimensions-and-Beyond-Notes.md:L368-369[U006208],RESOLVED,scan-order-schedule,spiral-or-snake-is-a-grid-scan-preset,,not-serious-candidate,not-applicable
L1047,CHAPTERS/05-Two-Dimensions-and-Beyond.md:L371-372[U001130];CHAPTERS/05-Two-Dimensions-and-Beyond.md:L379-380[U001134];CHAPTERS/05-Two-Dimensions-and-Beyond.md:L381-382[U001135];CHAPTERS/05-Two-Dimensions-and-Beyond.md:L387-388[U001138];CHAPTERS/05-Two-Dimensions-and-Beyond.md:L389-390[U001139];BACK-MATTER/NOTES/05-Two-Dimensions-and-Beyond-Notes.md:L536-537[U006255],RESOLVED,multiway-string-rewrite,simple-multiway-rule-preset,,not-serious-candidate,not-applicable
L1048,BACK-MATTER/NOTES/05-Two-Dimensions-and-Beyond-Notes.md:L10-11[U006080];BACK-MATTER/NOTES/05-Two-Dimensions-and-Beyond-Notes.md:L12-15[U006081],RESOLVED,grid-seed,single-black-center-array-is-an-initial-condition,,not-serious-candidate,not-applicable
L1049,BACK-MATTER/NOTES/05-Two-Dimensions-and-Beyond-Notes.md:L238-239[U006150];BACK-MATTER/NOTES/05-Two-Dimensions-and-Beyond-Notes.md:L240[U006151],RESOLVED,pattern-generator-alias,alternate-recipe-for-the-same-sierpinski-pattern,,not-serious-candidate,not-applicable
L1050,BACK-MATTER/NOTES/05-Two-Dimensions-and-Beyond-Notes.md:L238-239[U006150];BACK-MATTER/NOTES/05-Two-Dimensions-and-Beyond-Notes.md:L241[U006152],RESOLVED,pattern-generator-alias,alternate-recipe-for-the-same-sierpinski-pattern,,not-serious-candidate,not-applicable
L1051,BACK-MATTER/NOTES/05-Two-Dimensions-and-Beyond-Notes.md:L238-239[U006150];BACK-MATTER/NOTES/05-Two-Dimensions-and-Beyond-Notes.md:L242[U006153],RESOLVED,pattern-generator-alias,alternate-recipe-for-the-same-sierpinski-pattern,,not-serious-candidate,not-applicable
L1052,BACK-MATTER/NOTES/05-Two-Dimensions-and-Beyond-Notes.md:L238-239[U006150];BACK-MATTER/NOTES/05-Two-Dimensions-and-Beyond-Notes.md:L243[U006154],RESOLVED,pattern-generator-alias,alternate-recipe-for-the-same-sierpinski-pattern,,not-serious-candidate,not-applicable
L1053,BACK-MATTER/NOTES/05-Two-Dimensions-and-Beyond-Notes.md:L238-239[U006150];BACK-MATTER/NOTES/05-Two-Dimensions-and-Beyond-Notes.md:L244[U006155],RESOLVED,pattern-generator-alias,alternate-recipe-for-the-same-sierpinski-pattern,,not-serious-candidate,not-applicable
L1054,BACK-MATTER/NOTES/05-Two-Dimensions-and-Beyond-Notes.md:L238-239[U006150];BACK-MATTER/NOTES/05-Two-Dimensions-and-Beyond-Notes.md:L245[U006156],RESOLVED,pattern-generator-alias,alternate-recipe-for-the-same-sierpinski-pattern,,not-serious-candidate,not-applicable
L1055,BACK-MATTER/NOTES/05-Two-Dimensions-and-Beyond-Notes.md:L238-239[U006150];BACK-MATTER/NOTES/05-Two-Dimensions-and-Beyond-Notes.md:L246[U006157],RESOLVED,pattern-generator-alias,alternate-recipe-for-the-same-sierpinski-pattern,,not-serious-candidate,not-applicable
L1056,BACK-MATTER/NOTES/05-Two-Dimensions-and-Beyond-Notes.md:L238-239[U006150];BACK-MATTER/NOTES/05-Two-Dimensions-and-Beyond-Notes.md:L247[U006158],RESOLVED,pattern-generator-alias,alternate-recipe-for-the-same-sierpinski-pattern,,not-serious-candidate,not-applicable
L1057,BACK-MATTER/NOTES/05-Two-Dimensions-and-Beyond-Notes.md:L238-239[U006150];BACK-MATTER/NOTES/05-Two-Dimensions-and-Beyond-Notes.md:L248-249[U006159],RESOLVED,pattern-generator-alias,alternate-recipe-for-the-same-sierpinski-pattern,,not-serious-candidate,not-applicable
L1058,BACK-MATTER/NOTES/05-Two-Dimensions-and-Beyond-Notes.md:L238-239[U006150];BACK-MATTER/NOTES/05-Two-Dimensions-and-Beyond-Notes.md:L250-251[U006160];BACK-MATTER/NOTES/05-Two-Dimensions-and-Beyond-Notes.md:L252[U006161],RESOLVED,pattern-generator-alias,alternate-recipe-for-the-same-sierpinski-pattern,,not-serious-candidate,not-applicable
L1059,BACK-MATTER/NOTES/05-Two-Dimensions-and-Beyond-Notes.md:L238-239[U006150];BACK-MATTER/NOTES/05-Two-Dimensions-and-Beyond-Notes.md:L250-251[U006160];BACK-MATTER/NOTES/05-Two-Dimensions-and-Beyond-Notes.md:L253[U006162],RESOLVED,pattern-generator-alias,alternate-recipe-for-the-same-sierpinski-pattern,,not-serious-candidate,not-applicable
L1060,BACK-MATTER/NOTES/05-Two-Dimensions-and-Beyond-Notes.md:L238-239[U006150];BACK-MATTER/NOTES/05-Two-Dimensions-and-Beyond-Notes.md:L250-251[U006160];BACK-MATTER/NOTES/05-Two-Dimensions-and-Beyond-Notes.md:L254[U006163],RESOLVED,pattern-generator-alias,alternate-recipe-for-the-same-sierpinski-pattern,,not-serious-candidate,not-applicable
L1061,BACK-MATTER/NOTES/05-Two-Dimensions-and-Beyond-Notes.md:L238-239[U006150];BACK-MATTER/NOTES/05-Two-Dimensions-and-Beyond-Notes.md:L250-251[U006160];BACK-MATTER/NOTES/05-Two-Dimensions-and-Beyond-Notes.md:L255[U006164],RESOLVED,pattern-generator-alias,alternate-recipe-for-the-same-sierpinski-pattern,,not-serious-candidate,not-applicable
L1062,BACK-MATTER/NOTES/05-Two-Dimensions-and-Beyond-Notes.md:L238-239[U006150];BACK-MATTER/NOTES/05-Two-Dimensions-and-Beyond-Notes.md:L250-251[U006160];BACK-MATTER/NOTES/05-Two-Dimensions-and-Beyond-Notes.md:L256-257[U006165],RESOLVED,pattern-generator-alias,alternate-recipe-for-the-same-sierpinski-pattern,,not-serious-candidate,not-applicable
L1063,BACK-MATTER/NOTES/05-Two-Dimensions-and-Beyond-Notes.md:L290-291[U006177],RESOLVED,parallel-block-substitution,shape-and-orientation-encode-as-cell-colors,,not-serious-candidate,not-applicable
L1064,BACK-MATTER/NOTES/05-Two-Dimensions-and-Beyond-Notes.md:L486-487[U006240];BACK-MATTER/NOTES/05-Two-Dimensions-and-Beyond-Notes.md:L494-502[U006243];BACK-MATTER/NOTES/05-Two-Dimensions-and-Beyond-Notes.md:L527-528[U006252],WEAK,implementation-technique,duplicate-multiway-code-representation,,not-serious-candidate,not-applicable
L1065,BACK-MATTER/NOTES/05-Two-Dimensions-and-Beyond-Notes.md:L527-528[U006252],SERIOUS,multiway-rewrite,deduplication-and-state-merging-affect-branch-growth,C051,T30:retain-family,F034
L1066,BACK-MATTER/NOTES/05-Two-Dimensions-and-Beyond-Notes.md:L538-539[U006256];BACK-MATTER/NOTES/05-Two-Dimensions-and-Beyond-Notes.md:L540-541[U006257],RESOLVED,multiway-state-observer,stacked-sequences-or-reachability-rendering,,not-serious-candidate,not-applicable
L1067,BACK-MATTER/NOTES/05-Two-Dimensions-and-Beyond-Notes.md:L542-543[U006258];BACK-MATTER/NOTES/05-Two-Dimensions-and-Beyond-Notes.md:L544-545[U006259],RESOLVED,multiway-state-observer,stacked-sequences-or-reachability-rendering,,not-serious-candidate,not-applicable
L1068,BACK-MATTER/NOTES/05-Two-Dimensions-and-Beyond-Notes.md:L629-630[U006292];BACK-MATTER/NOTES/05-Two-Dimensions-and-Beyond-Notes.md:L631-639[U006293],WEAK,implementation-technique,constructs-a-finite-repetitive-array,,not-serious-candidate,not-applicable
L1069,BACK-MATTER/NOTES/05-Two-Dimensions-and-Beyond-Notes.md:L704-708[U006318];BACK-MATTER/NOTES/05-Two-Dimensions-and-Beyond-Notes.md:L709-713[U006319];BACK-MATTER/NOTES/05-Two-Dimensions-and-Beyond-Notes.md:L714-715[U006320];BACK-MATTER/NOTES/05-Two-Dimensions-and-Beyond-Notes.md:L716-717[U006321];BACK-MATTER/NOTES/05-Two-Dimensions-and-Beyond-Notes.md:L718-719[U006322],RESOLVED,energy-minimization-constraint,duplicate-spin-ground-state-description,,not-serious-candidate,not-applicable
L1070,CHAPTERS/06-Starting-from-Randomness.md:L9-10[U001227];CHAPTERS/06-Starting-from-Randomness.md:L187-188[U001316];CHAPTERS/06-Starting-from-Randomness.md:L203-204[U001324];CHAPTERS/06-Starting-from-Randomness.md:L217-218[U001331];CHAPTERS/06-Starting-from-Randomness.md:L221-222[U001333];CHAPTERS/06-Starting-from-Randomness.md:L389-390[U001416];CHAPTERS/06-Starting-from-Randomness.md:L399-400[U001421],RESOLVED,random-seed,random-cell-colors-are-an-initial-condition-recipe,,not-serious-candidate,not-applicable
L1071,CHAPTERS/06-Starting-from-Randomness.md:L13-14[U001229];CHAPTERS/06-Starting-from-Randomness.md:L17-18[U001231];CHAPTERS/06-Starting-from-Randomness.md:L19-20[U001232];CHAPTERS/06-Starting-from-Randomness.md:L21-22[U001233],RESOLVED,cellular-automaton-rule-preset,ca-rule-run-from-a-random-seed,,not-serious-candidate,not-applicable
L1072,CHAPTERS/06-Starting-from-Randomness.md:L25-26[U001235];CHAPTERS/06-Starting-from-Randomness.md:L27-28[U001236],RESOLVED,cellular-automaton-rule-preset,figure-routes-to-a-ca-rule-and-random-seed,,not-serious-candidate,not-applicable
L1073,CHAPTERS/06-Starting-from-Randomness.md:L33-34[U001239];CHAPTERS/06-Starting-from-Randomness.md:L35-36[U001240];CHAPTERS/06-Starting-from-Randomness.md:L527-528[U001485];CHAPTERS/06-Starting-from-Randomness.md:L529-530[U001486],RESOLVED,cellular-automaton-rule-preset,figure-routes-to-a-ca-rule-and-random-seed,,not-serious-candidate,not-applicable
L1074,CHAPTERS/06-Starting-from-Randomness.md:L39-40[U001242];CHAPTERS/06-Starting-from-Randomness.md:L41-42[U001243];CHAPTERS/06-Starting-from-Randomness.md:L43-44[U001244];CHAPTERS/06-Starting-from-Randomness.md:L431-432[U001437];CHAPTERS/06-Starting-from-Randomness.md:L433-434[U001438];CHAPTERS/06-Starting-from-Randomness.md:L435-436[U001439],RESOLVED,cellular-automaton-rule-preset,figure-routes-to-a-ca-rule-and-random-seed,,not-serious-candidate,not-applicable
L1075,CHAPTERS/06-Starting-from-Randomness.md:L45-46[U001245];CHAPTERS/06-Starting-from-Randomness.md:L369-370[U001406];CHAPTERS/06-Starting-from-Randomness.md:L371-372[U001407];CHAPTERS/06-Starting-from-Randomness.md:L375-376[U001409];CHAPTERS/06-Starting-from-Randomness.md:L377-378[U001410];CHAPTERS/06-Starting-from-Randomness.md:L397-398[U001420];CHAPTERS/06-Starting-from-Randomness.md:L399-400[U001421];CHAPTERS/06-Starting-from-Randomness.md:L457-458[U001450],RESOLVED,cellular-automaton-rule-preset,figure-routes-to-a-ca-rule-and-random-seed,,not-serious-candidate,not-applicable
L1076,CHAPTERS/06-Starting-from-Randomness.md:L47-48[U001246];CHAPTERS/06-Starting-from-Randomness.md:L357-358[U001400];CHAPTERS/06-Starting-from-Randomness.md:L359-360[U001401];CHAPTERS/06-Starting-from-Randomness.md:L361-362[U001402];CHAPTERS/06-Starting-from-Randomness.md:L407-408[U001425];CHAPTERS/06-Starting-from-Randomness.md:L409-410[U001426];CHAPTERS/06-Starting-from-Randomness.md:L411-412[U001427];CHAPTERS/06-Starting-from-Randomness.md:L413-414[U001428];CHAPTERS/06-Starting-from-Randomness.md:L415-416[U001429];CHAPTERS/06-Starting-from-Randomness.md:L417-418[U001430];CHAPTERS/06-Starting-from-Randomness.md:L419-420[U001431];CHAPTERS/06-Starting-from-Randomness.md:L427-428[U001435];CHAPTERS/06-Starting-from-Randomness.md:L437-438[U001440];CHAPTERS/06-Starting-from-Randomness.md:L439-440[U001441],RESOLVED,cellular-automaton-rule-preset,figure-routes-to-a-ca-rule-and-random-seed,,not-serious-candidate,not-applicable
L1077,CHAPTERS/06-Starting-from-Randomness.md:L49-50[U001247];CHAPTERS/06-Starting-from-Randomness.md:L477-478[U001460];CHAPTERS/06-Starting-from-Randomness.md:L479-480[U001461];CHAPTERS/06-Starting-from-Randomness.md:L481-482[U001462];CHAPTERS/06-Starting-from-Randomness.md:L483-484[U001463];CHAPTERS/06-Starting-from-Randomness.md:L485-486[U001464],RESOLVED,cellular-automaton-rule-preset,figure-routes-to-a-ca-rule-and-random-seed,,not-serious-candidate,not-applicable
L1078,CHAPTERS/06-Starting-from-Randomness.md:L51-52[U001248],RESOLVED,cellular-automaton-rule-preset,figure-routes-to-a-ca-rule-and-random-seed,,not-serious-candidate,not-applicable
L1079,CHAPTERS/06-Starting-from-Randomness.md:L55-56[U001250];CHAPTERS/06-Starting-from-Randomness.md:L383-384[U001413];CHAPTERS/06-Starting-from-Randomness.md:L385-386[U001414];CHAPTERS/06-Starting-from-Randomness.md:L397-398[U001420];CHAPTERS/06-Starting-from-Randomness.md:L399-400[U001421];CHAPTERS/06-Starting-from-Randomness.md:L449-450[U001446];CHAPTERS/06-Starting-from-Randomness.md:L451-452[U001447];CHAPTERS/06-Starting-from-Randomness.md:L453-454[U001448];CHAPTERS/06-Starting-from-Randomness.md:L457-458[U001450];CHAPTERS/06-Starting-from-Randomness.md:L467-468[U001455];CHAPTERS/06-Starting-from-Randomness.md:L469-470[U001456];CHAPTERS/06-Starting-from-Randomness.md:L471-472[U001457];CHAPTERS/06-Starting-from-Randomness.md:L473-474[U001458];CHAPTERS/06-Starting-from-Randomness.md:L483-484[U001463];CHAPTERS/06-Starting-from-Randomness.md:L485-486[U001464],RESOLVED,cellular-automaton-rule-preset,figure-routes-to-a-ca-rule-and-random-seed,,not-serious-candidate,not-applicable
L1080,CHAPTERS/06-Starting-from-Randomness.md:L55-56[U001250],RESOLVED,cellular-automaton-rule-preset,figure-routes-to-a-ca-rule-and-random-seed,,not-serious-candidate,not-applicable
L1081,CHAPTERS/06-Starting-from-Randomness.md:L63-64[U001254];CHAPTERS/06-Starting-from-Randomness.md:L65-66[U001255];CHAPTERS/06-Starting-from-Randomness.md:L67-68[U001256];CHAPTERS/06-Starting-from-Randomness.md:L69-70[U001257];CHAPTERS/06-Starting-from-Randomness.md:L275-276[U001359];CHAPTERS/06-Starting-from-Randomness.md:L277-278[U001360];CHAPTERS/06-Starting-from-Randomness.md:L279-280[U001361];CHAPTERS/06-Starting-from-Randomness.md:L281-282[U001362];CHAPTERS/06-Starting-from-Randomness.md:L671-672[U001557];CHAPTERS/06-Starting-from-Randomness.md:L673-674[U001558];CHAPTERS/06-Starting-from-Randomness.md:L677-678[U001560];CHAPTERS/06-Starting-from-Randomness.md:L679-680[U001561];CHAPTERS/06-Starting-from-Randomness.md:L685-686[U001564];CHAPTERS/06-Starting-from-Randomness.md:L699-700[U001571];CHAPTERS/06-Starting-from-Randomness.md:L701-702[U001572];CHAPTERS/06-Starting-from-Randomness.md:L703-704[U001573];CHAPTERS/06-Starting-from-Randomness.md:L705-706[U001574];CHAPTERS/06-Starting-from-Randomness.md:L707-708[U001575];CHAPTERS/06-Starting-from-Randomness.md:L709-710[U001576],RESOLVED,cellular-automaton-rule-preset,figure-routes-to-a-ca-rule-and-random-seed,,not-serious-candidate,not-applicable
L1082,CHAPTERS/06-Starting-from-Randomness.md:L83-84[U001264];CHAPTERS/06-Starting-from-Randomness.md:L85-86[U001265];CHAPTERS/06-Starting-from-Randomness.md:L87-88[U001266];CHAPTERS/06-Starting-from-Randomness.md:L89-90[U001267];CHAPTERS/06-Starting-from-Randomness.md:L91-92[U001268];CHAPTERS/06-Starting-from-Randomness.md:L93-94[U001269];CHAPTERS/06-Starting-from-Randomness.md:L95-96[U001270];CHAPTERS/06-Starting-from-Randomness.md:L97-98[U001271];CHAPTERS/06-Starting-from-Randomness.md:L111-112[U001278];CHAPTERS/06-Starting-from-Randomness.md:L113-114[U001279];CHAPTERS/06-Starting-from-Randomness.md:L115-116[U001280];CHAPTERS/06-Starting-from-Randomness.md:L141-142[U001293];CHAPTERS/06-Starting-from-Randomness.md:L143-144[U001294];CHAPTERS/06-Starting-from-Randomness.md:L145-146[U001295];CHAPTERS/06-Starting-from-Randomness.md:L147-148[U001296];CHAPTERS/06-Starting-from-Randomness.md:L149-150[U001297];CHAPTERS/06-Starting-from-Randomness.md:L151-152[U001298],WEAK,behavior-classification,four-classes-categorize-output-not-construction-mechanics,,not-serious-candidate,not-applicable
L1083,CHAPTERS/06-Starting-from-Randomness.md:L99-100[U001272];CHAPTERS/06-Starting-from-Randomness.md:L101-102[U001273],WEAK,behavior-example,figures-illustrate-ca-behavior-classes,,not-serious-candidate,not-applicable
L1084,CHAPTERS/06-Starting-from-Randomness.md:L103-104[U001274];CHAPTERS/06-Starting-from-Randomness.md:L105-106[U001275],WEAK,behavior-example,figures-illustrate-ca-behavior-classes,,not-serious-candidate,not-applicable
L1085,CHAPTERS/06-Starting-from-Randomness.md:L107-108[U001276];CHAPTERS/06-Starting-from-Randomness.md:L109-110[U001277],WEAK,behavior-example,figures-illustrate-ca-behavior-classes,,not-serious-candidate,not-applicable
L1086,CHAPTERS/06-Starting-from-Randomness.md:L125-126[U001285];CHAPTERS/06-Starting-from-Randomness.md:L127-128[U001286];CHAPTERS/06-Starting-from-Randomness.md:L129-130[U001287],RESOLVED,cellular-automaton-rule-preset,class-four-ca-rule-preset,,not-serious-candidate,not-applicable
L1087,CHAPTERS/06-Starting-from-Randomness.md:L125-126[U001285];CHAPTERS/06-Starting-from-Randomness.md:L131-132[U001288];CHAPTERS/06-Starting-from-Randomness.md:L133-134[U001289],RESOLVED,cellular-automaton-rule-preset,class-four-ca-rule-preset,,not-serious-candidate,not-applicable
L1088,CHAPTERS/06-Starting-from-Randomness.md:L125-126[U001285];CHAPTERS/06-Starting-from-Randomness.md:L135-136[U001290],RESOLVED,cellular-automaton-rule-preset,class-four-ca-rule-preset,,not-serious-candidate,not-applicable
L1089,CHAPTERS/06-Starting-from-Randomness.md:L125-126[U001285];CHAPTERS/06-Starting-from-Randomness.md:L137-138[U001291];CHAPTERS/06-Starting-from-Randomness.md:L139-140[U001292],RESOLVED,cellular-automaton-rule-preset,class-four-ca-rule-preset,,not-serious-candidate,not-applicable
L1090,CHAPTERS/06-Starting-from-Randomness.md:L165-166[U001305];CHAPTERS/06-Starting-from-Randomness.md:L167-168[U001306],WEAK,behavior-classification,rule-sequence-illustrates-class-transitions,,not-serious-candidate,not-applicable
L1091,CHAPTERS/06-Starting-from-Randomness.md:L177-178[U001311];CHAPTERS/06-Starting-from-Randomness.md:L185-186[U001315];CHAPTERS/06-Starting-from-Randomness.md:L187-188[U001316];CHAPTERS/06-Starting-from-Randomness.md:L189-190[U001317];CHAPTERS/06-Starting-from-Randomness.md:L191-192[U001318];CHAPTERS/06-Starting-from-Randomness.md:L193-194[U001319];CHAPTERS/06-Starting-from-Randomness.md:L195-196[U001320];CHAPTERS/06-Starting-from-Randomness.md:L201-202[U001323],RESOLVED,continuous-cellular-automaton,continuous-rule-parameter-varies-within-one-mechanics-family,,not-serious-candidate,not-applicable
L1092,CHAPTERS/06-Starting-from-Randomness.md:L189-190[U001317];CHAPTERS/06-Starting-from-Randomness.md:L193-194[U001319];CHAPTERS/06-Starting-from-Randomness.md:L197-198[U001321];CHAPTERS/06-Starting-from-Randomness.md:L201-202[U001323],RESOLVED,continuous-cellular-automaton,continuous-ca-rule-preset,,not-serious-candidate,not-applicable
L1093,CHAPTERS/06-Starting-from-Randomness.md:L197-198[U001321];CHAPTERS/06-Starting-from-Randomness.md:L199-200[U001322];CHAPTERS/06-Starting-from-Randomness.md:L201-202[U001323],RESOLVED,continuous-cellular-automaton,continuous-ca-rule-preset,,not-serious-candidate,not-applicable
L1094,CHAPTERS/06-Starting-from-Randomness.md:L205-206[U001325];CHAPTERS/06-Starting-from-Randomness.md:L207-208[U001326];CHAPTERS/06-Starting-from-Randomness.md:L209-210[U001327];CHAPTERS/06-Starting-from-Randomness.md:L223-224[U001334];CHAPTERS/06-Starting-from-Randomness.md:L225-226[U001335],RESOLVED,spacetime-observer,stacks-or-samples-ca-states-through-time,,not-serious-candidate,not-applicable
L1095,CHAPTERS/06-Starting-from-Randomness.md:L213-214[U001329];CHAPTERS/06-Starting-from-Randomness.md:L227-228[U001336];CHAPTERS/06-Starting-from-Randomness.md:L229-232[U001337];CHAPTERS/06-Starting-from-Randomness.md:L233-234[U001338];CHAPTERS/06-Starting-from-Randomness.md:L235-236[U001339];CHAPTERS/06-Starting-from-Randomness.md:L237-238[U001340];CHAPTERS/06-Starting-from-Randomness.md:L239-240[U001341],RESOLVED,cellular-automaton-rule-preset,game-of-life-or-localized-structure-preset,,not-serious-candidate,not-applicable
L1096,CHAPTERS/06-Starting-from-Randomness.md:L215-216[U001330];CHAPTERS/06-Starting-from-Randomness.md:L217-218[U001331];CHAPTERS/06-Starting-from-Randomness.md:L219-220[U001332];CHAPTERS/06-Starting-from-Randomness.md:L221-222[U001333];CHAPTERS/06-Starting-from-Randomness.md:L223-224[U001334];CHAPTERS/06-Starting-from-Randomness.md:L225-226[U001335],RESOLVED,cellular-automaton-rule-preset,game-of-life-or-localized-structure-preset,,not-serious-candidate,not-applicable
L1097,CHAPTERS/06-Starting-from-Randomness.md:L227-228[U001336];CHAPTERS/06-Starting-from-Randomness.md:L233-234[U001338];CHAPTERS/06-Starting-from-Randomness.md:L235-236[U001339];CHAPTERS/06-Starting-from-Randomness.md:L237-238[U001340];CHAPTERS/06-Starting-from-Randomness.md:L239-240[U001341],RESOLVED,cellular-automaton-rule-preset,game-of-life-or-localized-structure-preset,,not-serious-candidate,not-applicable
L1098,CHAPTERS/06-Starting-from-Randomness.md:L245-246[U001344];CHAPTERS/06-Starting-from-Randomness.md:L247-248[U001345];CHAPTERS/06-Starting-from-Randomness.md:L249-250[U001346];CHAPTERS/06-Starting-from-Randomness.md:L253-254[U001348];CHAPTERS/06-Starting-from-Randomness.md:L255-256[U001349];CHAPTERS/06-Starting-from-Randomness.md:L257-258[U001350];CHAPTERS/06-Starting-from-Randomness.md:L259-260[U001351];CHAPTERS/06-Starting-from-Randomness.md:L261-262[U001352];CHAPTERS/06-Starting-from-Randomness.md:L275-276[U001359];CHAPTERS/06-Starting-from-Randomness.md:L277-278[U001360];CHAPTERS/06-Starting-from-Randomness.md:L279-280[U001361];CHAPTERS/06-Starting-from-Randomness.md:L281-282[U001362],RESOLVED,sensitivity-observer,compares-evolution-after-a-one-cell-seed-perturbation,,not-serious-candidate,not-applicable
L1099,CHAPTERS/06-Starting-from-Randomness.md:L289-290[U001366];CHAPTERS/06-Starting-from-Randomness.md:L325-326[U001384];CHAPTERS/06-Starting-from-Randomness.md:L327-328[U001385];CHAPTERS/06-Starting-from-Randomness.md:L329-330[U001386];CHAPTERS/06-Starting-from-Randomness.md:L331-332[U001387];CHAPTERS/06-Starting-from-Randomness.md:L333-334[U001388];CHAPTERS/06-Starting-from-Randomness.md:L335-336[U001389];CHAPTERS/06-Starting-from-Randomness.md:L337-338[U001390];CHAPTERS/06-Starting-from-Randomness.md:L339-340[U001391];CHAPTERS/06-Starting-from-Randomness.md:L341-342[U001392];CHAPTERS/06-Starting-from-Randomness.md:L343-344[U001393],WEAK,behavior-explanation,limited-communication-explains-class-two-behavior,,not-serious-candidate,not-applicable
L1100,CHAPTERS/06-Starting-from-Randomness.md:L291-292[U001367];CHAPTERS/06-Starting-from-Randomness.md:L293-294[U001368];CHAPTERS/06-Starting-from-Randomness.md:L295-296[U001369];CHAPTERS/06-Starting-from-Randomness.md:L297-298[U001370];CHAPTERS/06-Starting-from-Randomness.md:L299-300[U001371];CHAPTERS/06-Starting-from-Randomness.md:L301-302[U001372];CHAPTERS/06-Starting-from-Randomness.md:L303-304[U001373];CHAPTERS/06-Starting-from-Randomness.md:L305-306[U001374];CHAPTERS/06-Starting-from-Randomness.md:L307-308[U001375];CHAPTERS/06-Starting-from-Randomness.md:L309-310[U001376],RESOLVED,finite-modular-map,cyclic-addition-is-an-iterated-finite-state-map,,not-serious-candidate,not-applicable
L1101,CHAPTERS/06-Starting-from-Randomness.md:L311-312[U001377];CHAPTERS/06-Starting-from-Randomness.md:L313-314[U001378];CHAPTERS/06-Starting-from-Randomness.md:L315-316[U001379];CHAPTERS/06-Starting-from-Randomness.md:L317-318[U001380];CHAPTERS/06-Starting-from-Randomness.md:L319-320[U001381],RESOLVED,finite-modular-map,cyclic-multiplication-is-an-iterated-finite-state-map,,not-serious-candidate,not-applicable
L1102,CHAPTERS/06-Starting-from-Randomness.md:L323-324[U001383];CHAPTERS/06-Starting-from-Randomness.md:L327-328[U001385];CHAPTERS/06-Starting-from-Randomness.md:L331-332[U001387];CHAPTERS/06-Starting-from-Randomness.md:L335-336[U001389];CHAPTERS/06-Starting-from-Randomness.md:L337-338[U001390];CHAPTERS/06-Starting-from-Randomness.md:L339-340[U001391];CHAPTERS/06-Starting-from-Randomness.md:L343-344[U001393],RESOLVED,finite-ring-cellular-automaton,cyclic-boundary-is-finite-domain-data,,not-serious-candidate,not-applicable
L1103,CHAPTERS/06-Starting-from-Randomness.md:L333-334[U001388];CHAPTERS/06-Starting-from-Randomness.md:L343-344[U001393],WEAK,behavior-property,period-or-seed-dependence-is-a-ca-property,,not-serious-candidate,not-applicable
L1104,CHAPTERS/06-Starting-from-Randomness.md:L379-380[U001411];CHAPTERS/06-Starting-from-Randomness.md:L381-382[U001412];CHAPTERS/06-Starting-from-Randomness.md:L383-384[U001413];CHAPTERS/06-Starting-from-Randomness.md:L385-386[U001414];CHAPTERS/06-Starting-from-Randomness.md:L483-484[U001463];CHAPTERS/06-Starting-from-Randomness.md:L485-486[U001464],WEAK,behavior-property,period-or-seed-dependence-is-a-ca-property,,not-serious-candidate,not-applicable
L1105,CHAPTERS/06-Starting-from-Randomness.md:L421-422[U001432];CHAPTERS/06-Starting-from-Randomness.md:L423-424[U001433];CHAPTERS/06-Starting-from-Randomness.md:L425-426[U001434];CHAPTERS/06-Starting-from-Randomness.md:L427-428[U001435];CHAPTERS/06-Starting-from-Randomness.md:L437-438[U001440];CHAPTERS/06-Starting-from-Randomness.md:L439-440[U001441];CHAPTERS/06-Starting-from-Randomness.md:L671-672[U001557];CHAPTERS/06-Starting-from-Randomness.md:L673-674[U001558];CHAPTERS/06-Starting-from-Randomness.md:L679-680[U001561],WEAK,behavior-property,period-or-seed-dependence-is-a-ca-property,,not-serious-candidate,not-applicable
L1106,CHAPTERS/06-Starting-from-Randomness.md:L429-430[U001436];CHAPTERS/06-Starting-from-Randomness.md:L431-432[U001437];CHAPTERS/06-Starting-from-Randomness.md:L433-434[U001438];CHAPTERS/06-Starting-from-Randomness.md:L435-436[U001439],RESOLVED,cellular-automaton-seed,special-block-pattern-is-an-initial-condition,,not-serious-candidate,not-applicable
L1107,CHAPTERS/06-Starting-from-Randomness.md:L445-446[U001444];CHAPTERS/06-Starting-from-Randomness.md:L447-448[U001445];CHAPTERS/06-Starting-from-Randomness.md:L449-450[U001446];CHAPTERS/06-Starting-from-Randomness.md:L451-452[U001447];CHAPTERS/06-Starting-from-Randomness.md:L453-454[U001448];CHAPTERS/06-Starting-from-Randomness.md:L455-456[U001449],RESOLVED,emulation-encoding,cell-blocks-encode-another-ca-rule-or-rescaled-copy,,not-serious-candidate,not-applicable
L1108,CHAPTERS/06-Starting-from-Randomness.md:L461-462[U001452];CHAPTERS/06-Starting-from-Randomness.md:L463-464[U001453];CHAPTERS/06-Starting-from-Randomness.md:L465-466[U001454];CHAPTERS/06-Starting-from-Randomness.md:L467-468[U001455];CHAPTERS/06-Starting-from-Randomness.md:L469-470[U001456];CHAPTERS/06-Starting-from-Randomness.md:L471-472[U001457];CHAPTERS/06-Starting-from-Randomness.md:L473-474[U001458],RESOLVED,emulation-encoding,cell-blocks-encode-another-ca-rule-or-rescaled-copy,,not-serious-candidate,not-applicable
L1109,CHAPTERS/06-Starting-from-Randomness.md:L475-476[U001459];CHAPTERS/06-Starting-from-Randomness.md:L477-478[U001460];CHAPTERS/06-Starting-from-Randomness.md:L479-480[U001461];CHAPTERS/06-Starting-from-Randomness.md:L481-482[U001462];CHAPTERS/06-Starting-from-Randomness.md:L483-484[U001463];CHAPTERS/06-Starting-from-Randomness.md:L485-486[U001464],RESOLVED,emulation-encoding,cell-blocks-encode-another-ca-rule-or-rescaled-copy,,not-serious-candidate,not-applicable
L1110,CHAPTERS/06-Starting-from-Randomness.md:L487-488[U001465];CHAPTERS/06-Starting-from-Randomness.md:L489-490[U001466];CHAPTERS/06-Starting-from-Randomness.md:L491-492[U001467];CHAPTERS/06-Starting-from-Randomness.md:L493-494[U001468];CHAPTERS/06-Starting-from-Randomness.md:L495-496[U001469];CHAPTERS/06-Starting-from-Randomness.md:L501-502[U001472];CHAPTERS/06-Starting-from-Randomness.md:L503-504[U001473];CHAPTERS/06-Starting-from-Randomness.md:L505-506[U001474];CHAPTERS/06-Starting-from-Randomness.md:L509-510[U001476];CHAPTERS/06-Starting-from-Randomness.md:L511-512[U001477],RESOLVED,emulation-encoding,cell-blocks-encode-another-ca-rule-or-rescaled-copy,,not-serious-candidate,not-applicable
L1111,CHAPTERS/06-Starting-from-Randomness.md:L487-488[U001465];CHAPTERS/06-Starting-from-Randomness.md:L489-490[U001466];CHAPTERS/06-Starting-from-Randomness.md:L491-492[U001467];CHAPTERS/06-Starting-from-Randomness.md:L493-494[U001468];CHAPTERS/06-Starting-from-Randomness.md:L495-496[U001469];CHAPTERS/06-Starting-from-Randomness.md:L507-508[U001475],RESOLVED,emulation-encoding,cell-blocks-encode-another-ca-rule-or-rescaled-copy,,not-serious-candidate,not-applicable
L1112,CHAPTERS/06-Starting-from-Randomness.md:L497-498[U001470];CHAPTERS/06-Starting-from-Randomness.md:L499-500[U001471];CHAPTERS/06-Starting-from-Randomness.md:L501-502[U001472];CHAPTERS/06-Starting-from-Randomness.md:L505-506[U001474],RESOLVED,cellular-automaton-seed,nested-background-is-an-initial-condition-preset,,not-serious-candidate,not-applicable
L1113,CHAPTERS/06-Starting-from-Randomness.md:L515-516[U001479];CHAPTERS/06-Starting-from-Randomness.md:L517-518[U001480],RESOLVED,cellular-automaton-seed,nested-background-is-an-initial-condition-preset,,not-serious-candidate,not-applicable
L1114,CHAPTERS/06-Starting-from-Randomness.md:L523-524[U001483];CHAPTERS/06-Starting-from-Randomness.md:L545-546[U001494];CHAPTERS/06-Starting-from-Randomness.md:L553-554[U001498],WEAK,attractor-property,reachable-configurations-and-preimages-describe-behavior,,not-serious-candidate,not-applicable
L1115,CHAPTERS/06-Starting-from-Randomness.md:L525-526[U001484];CHAPTERS/06-Starting-from-Randomness.md:L527-528[U001485];CHAPTERS/06-Starting-from-Randomness.md:L529-530[U001486],WEAK,attractor-property,reachable-configurations-and-preimages-describe-behavior,,not-serious-candidate,not-applicable
L1116,CHAPTERS/06-Starting-from-Randomness.md:L525-526[U001484];CHAPTERS/06-Starting-from-Randomness.md:L527-528[U001485];CHAPTERS/06-Starting-from-Randomness.md:L529-530[U001486];CHAPTERS/06-Starting-from-Randomness.md:L531-532[U001487],WEAK,attractor-property,reachable-configurations-and-preimages-describe-behavior,,not-serious-candidate,not-applicable
L1117,CHAPTERS/06-Starting-from-Randomness.md:L527-528[U001485];CHAPTERS/06-Starting-from-Randomness.md:L529-530[U001486],WEAK,attractor-property,reachable-configurations-and-preimages-describe-behavior,,not-serious-candidate,not-applicable
L1118,CHAPTERS/06-Starting-from-Randomness.md:L527-528[U001485];CHAPTERS/06-Starting-from-Randomness.md:L529-530[U001486];CHAPTERS/06-Starting-from-Randomness.md:L533-534[U001488],WEAK,attractor-property,reachable-configurations-and-preimages-describe-behavior,,not-serious-candidate,not-applicable
L1119,CHAPTERS/06-Starting-from-Randomness.md:L535-536[U001489];CHAPTERS/06-Starting-from-Randomness.md:L537-538[U001490];CHAPTERS/06-Starting-from-Randomness.md:L539-540[U001491],WEAK,attractor-property,reachable-configurations-and-preimages-describe-behavior,,not-serious-candidate,not-applicable
L1120,CHAPTERS/06-Starting-from-Randomness.md:L541-542[U001492];CHAPTERS/06-Starting-from-Randomness.md:L543-544[U001493];CHAPTERS/06-Starting-from-Randomness.md:L545-546[U001494];CHAPTERS/06-Starting-from-Randomness.md:L547-548[U001495];CHAPTERS/06-Starting-from-Randomness.md:L549-550[U001496];CHAPTERS/06-Starting-from-Randomness.md:L551-552[U001497];CHAPTERS/06-Starting-from-Randomness.md:L553-554[U001498];CHAPTERS/06-Starting-from-Randomness.md:L555-556[U001499];CHAPTERS/06-Starting-from-Randomness.md:L557-558[U001500];CHAPTERS/06-Starting-from-Randomness.md:L559-560[U001501];CHAPTERS/06-Starting-from-Randomness.md:L561-562[U001502];CHAPTERS/06-Starting-from-Randomness.md:L563-564[U001503];CHAPTERS/06-Starting-from-Randomness.md:L565-566[U001504];CHAPTERS/06-Starting-from-Randomness.md:L567-568[U001505];CHAPTERS/06-Starting-from-Randomness.md:L569-570[U001506];CHAPTERS/06-Starting-from-Randomness.md:L583-584[U001513];CHAPTERS/06-Starting-from-Randomness.md:L585-586[U001514];CHAPTERS/06-Starting-from-Randomness.md:L587-588[U001515],RESOLVED,regular-language-observer,finite-network-represents-all-allowed-cell-sequences,,not-serious-candidate,not-applicable
L1121,CHAPTERS/06-Starting-from-Randomness.md:L555-556[U001499];CHAPTERS/06-Starting-from-Randomness.md:L557-558[U001500];CHAPTERS/06-Starting-from-Randomness.md:L559-560[U001501];CHAPTERS/06-Starting-from-Randomness.md:L561-562[U001502];CHAPTERS/06-Starting-from-Randomness.md:L563-564[U001503],RESOLVED,regular-language-observer,network-tracks-shrinking-sets-of-allowed-sequences,,not-serious-candidate,not-applicable
L1122,CHAPTERS/06-Starting-from-Randomness.md:L573-574[U001508];CHAPTERS/06-Starting-from-Randomness.md:L575-576[U001509];CHAPTERS/06-Starting-from-Randomness.md:L577-578[U001510];CHAPTERS/06-Starting-from-Randomness.md:L579-580[U001511];CHAPTERS/06-Starting-from-Randomness.md:L581-582[U001512],WEAK,mapping-property,surjectivity-is-a-property-of-the-ca-global-map,,not-serious-candidate,not-applicable
L1123,CHAPTERS/06-Starting-from-Randomness.md:L583-584[U001513];CHAPTERS/06-Starting-from-Randomness.md:L585-586[U001514];CHAPTERS/06-Starting-from-Randomness.md:L587-588[U001515],RESOLVED,regular-language-observer,network-represents-restricted-seed-sequences,,not-serious-candidate,not-applicable
L1124,CHAPTERS/06-Starting-from-Randomness.md:L595-596[U001519];CHAPTERS/06-Starting-from-Randomness.md:L607-608[U001525];CHAPTERS/06-Starting-from-Randomness.md:L609-610[U001526];CHAPTERS/06-Starting-from-Randomness.md:L621-622[U001532];CHAPTERS/06-Starting-from-Randomness.md:L623-624[U001533];CHAPTERS/06-Starting-from-Randomness.md:L627-628[U001535];CHAPTERS/06-Starting-from-Randomness.md:L629-630[U001536];CHAPTERS/06-Starting-from-Randomness.md:L635-636[U001539];CHAPTERS/06-Starting-from-Randomness.md:L637-638[U001540],WEAK,implementation-technique,enumerates-seeds-to-find-persistent-structures,,not-serious-candidate,not-applicable
L1125,CHAPTERS/06-Starting-from-Randomness.md:L595-596[U001519];CHAPTERS/06-Starting-from-Randomness.md:L621-622[U001532];CHAPTERS/06-Starting-from-Randomness.md:L623-624[U001533];CHAPTERS/06-Starting-from-Randomness.md:L625-626[U001534];CHAPTERS/06-Starting-from-Randomness.md:L627-628[U001535];CHAPTERS/06-Starting-from-Randomness.md:L629-630[U001536];CHAPTERS/06-Starting-from-Randomness.md:L641-642[U001542];CHAPTERS/06-Starting-from-Randomness.md:L643-644[U001543];CHAPTERS/06-Starting-from-Randomness.md:L645-646[U001544];CHAPTERS/06-Starting-from-Randomness.md:L647-648[U001545];CHAPTERS/06-Starting-from-Randomness.md:L649-650[U001546];CHAPTERS/06-Starting-from-Randomness.md:L653-654[U001548];CHAPTERS/06-Starting-from-Randomness.md:L655-656[U001549];CHAPTERS/06-Starting-from-Randomness.md:L657-658[U001550];CHAPTERS/06-Starting-from-Randomness.md:L659-660[U001551];CHAPTERS/06-Starting-from-Randomness.md:L661-662[U001552];CHAPTERS/06-Starting-from-Randomness.md:L663-664[U001553];CHAPTERS/06-Starting-from-Randomness.md:L665-666[U001554];CHAPTERS/06-Starting-from-Randomness.md:L667-668[U001555];CHAPTERS/06-Starting-from-Randomness.md:L669-670[U001556];CHAPTERS/06-Starting-from-Randomness.md:L681-682[U001562];CHAPTERS/06-Starting-from-Randomness.md:L683-684[U001563];CHAPTERS/06-Starting-from-Randomness.md:L691-692[U001567];CHAPTERS/06-Starting-from-Randomness.md:L693-694[U001568];CHAPTERS/06-Starting-from-Randomness.md:L695-696[U001569];CHAPTERS/06-Starting-from-Randomness.md:L697-698[U001570],WEAK,implementation-technique,enumerates-seeds-to-find-persistent-structures,,not-serious-candidate,not-applicable
L1126,CHAPTERS/06-Starting-from-Randomness.md:L611-612[U001527];CHAPTERS/06-Starting-from-Randomness.md:L613-614[U001528];CHAPTERS/06-Starting-from-Randomness.md:L641-642[U001542];CHAPTERS/06-Starting-from-Randomness.md:L643-644[U001543];CHAPTERS/06-Starting-from-Randomness.md:L645-646[U001544];CHAPTERS/06-Starting-from-Randomness.md:L647-648[U001545];CHAPTERS/06-Starting-from-Randomness.md:L649-650[U001546],RESOLVED,localized-structure-seed,figure-identifies-a-persistent-structure-preset,,not-serious-candidate,not-applicable
L1127,CHAPTERS/06-Starting-from-Randomness.md:L615-616[U001529];CHAPTERS/06-Starting-from-Randomness.md:L617-618[U001530];CHAPTERS/06-Starting-from-Randomness.md:L653-654[U001548];CHAPTERS/06-Starting-from-Randomness.md:L655-656[U001549];CHAPTERS/06-Starting-from-Randomness.md:L657-658[U001550];CHAPTERS/06-Starting-from-Randomness.md:L659-660[U001551];CHAPTERS/06-Starting-from-Randomness.md:L661-662[U001552];CHAPTERS/06-Starting-from-Randomness.md:L663-664[U001553];CHAPTERS/06-Starting-from-Randomness.md:L665-666[U001554];CHAPTERS/06-Starting-from-Randomness.md:L667-668[U001555];CHAPTERS/06-Starting-from-Randomness.md:L669-670[U001556],RESOLVED,localized-structure-seed,figure-identifies-a-persistent-structure-preset,,not-serious-candidate,not-applicable
L1128,CHAPTERS/06-Starting-from-Randomness.md:L623-624[U001533];CHAPTERS/06-Starting-from-Randomness.md:L629-630[U001536];CHAPTERS/06-Starting-from-Randomness.md:L645-646[U001544],WEAK,behavior-example,reports-survival-for-enumerated-initial-conditions,,not-serious-candidate,not-applicable
L1129,CHAPTERS/06-Starting-from-Randomness.md:L631-632[U001537];CHAPTERS/06-Starting-from-Randomness.md:L633-634[U001538];CHAPTERS/06-Starting-from-Randomness.md:L635-636[U001539];CHAPTERS/06-Starting-from-Randomness.md:L637-638[U001540];CHAPTERS/06-Starting-from-Randomness.md:L645-646[U001544],WEAK,research-narrative,reports-the-cost-of-searching-larger-seeds,,not-serious-candidate,not-applicable
L1130,BACK-MATTER/NOTES/06-Starting-from-Randomness-Notes.md:L5-6[U006341];BACK-MATTER/NOTES/06-Starting-from-Randomness-Notes.md:L20-25[U006348],WEAK,density-property,average-cell-density-is-an-output-statistic,,not-serious-candidate,not-applicable
L1131,BACK-MATTER/NOTES/06-Starting-from-Randomness-Notes.md:L5-6[U006341];BACK-MATTER/NOTES/06-Starting-from-Randomness-Notes.md:L7-8[U006342];BACK-MATTER/NOTES/06-Starting-from-Randomness-Notes.md:L9-10[U006343];BACK-MATTER/NOTES/06-Starting-from-Randomness-Notes.md:L138-140[U006390],WEAK,density-property,average-cell-density-is-an-output-statistic,,not-serious-candidate,not-applicable
L1132,BACK-MATTER/NOTES/06-Starting-from-Randomness-Notes.md:L11-12[U006344];BACK-MATTER/NOTES/06-Starting-from-Randomness-Notes.md:L138-140[U006390],RESOLVED,cellular-automaton-rule-encoding,algebraic-form-is-an-equivalent-ca-rule-representation,,not-serious-candidate,not-applicable
L1133,BACK-MATTER/NOTES/06-Starting-from-Randomness-Notes.md:L11-12[U006344],RESOLVED,cellular-automaton-rule-encoding,algebraic-form-is-an-equivalent-ca-rule-representation,,not-serious-candidate,not-applicable
L1134,BACK-MATTER/NOTES/06-Starting-from-Randomness-Notes.md:L11-12[U006344],RESOLVED,cellular-automaton-rule-encoding,algebraic-form-is-an-equivalent-ca-rule-representation,,not-serious-candidate,not-applicable
L1135,BACK-MATTER/NOTES/06-Starting-from-Randomness-Notes.md:L11-12[U006344],RESOLVED,cellular-automaton-rule-encoding,algebraic-form-is-an-equivalent-ca-rule-representation,,not-serious-candidate,not-applicable
L1136,BACK-MATTER/NOTES/06-Starting-from-Randomness-Notes.md:L15-17[U006346];BACK-MATTER/NOTES/06-Starting-from-Randomness-Notes.md:L13-14[U006345],SERIOUS,probabilistic-cellular-automaton,injects-a-random-cell-change-at-every-evolution-step,C066,covered-by-existing-family,F053
L1137,BACK-MATTER/NOTES/06-Starting-from-Randomness-Notes.md:L20-25[U006348],WEAK,behavior-property,compares-qualitative-behavior-across-random-seeds,,not-serious-candidate,not-applicable
L1138,BACK-MATTER/NOTES/06-Starting-from-Randomness-Notes.md:L20-25[U006348],WEAK,behavior-property,compares-qualitative-behavior-across-random-seeds,,not-serious-candidate,not-applicable
L1139,BACK-MATTER/NOTES/06-Starting-from-Randomness-Notes.md:L20-25[U006348];BACK-MATTER/NOTES/06-Starting-from-Randomness-Notes.md:L26-27[U006349],WEAK,behavior-property,compares-qualitative-behavior-across-random-seeds,,not-serious-candidate,not-applicable
L1140,BACK-MATTER/NOTES/06-Starting-from-Randomness-Notes.md:L28-34[U006350],WEAK,historical-commentary,classification-history-does-not-add-mechanics,,not-serious-candidate,not-applicable
L1141,BACK-MATTER/NOTES/06-Starting-from-Randomness-Notes.md:L28-34[U006350],WEAK,historical-commentary,classification-history-does-not-add-mechanics,,not-serious-candidate,not-applicable
L1142,BACK-MATTER/NOTES/06-Starting-from-Randomness-Notes.md:L28-34[U006350],WEAK,historical-commentary,classification-history-does-not-add-mechanics,,not-serious-candidate,not-applicable
L1143,BACK-MATTER/NOTES/06-Starting-from-Randomness-Notes.md:L28-34[U006350],WEAK,historical-commentary,classification-history-does-not-add-mechanics,,not-serious-candidate,not-applicable
L1144,BACK-MATTER/NOTES/06-Starting-from-Randomness-Notes.md:L28-34[U006350],WEAK,historical-commentary,classification-history-does-not-add-mechanics,,not-serious-candidate,not-applicable
L1145,BACK-MATTER/NOTES/06-Starting-from-Randomness-Notes.md:L28-34[U006350];BACK-MATTER/NOTES/06-Starting-from-Randomness-Notes.md:L35-36[U006351];BACK-MATTER/NOTES/06-Starting-from-Randomness-Notes.md:L37-42[U006352];BACK-MATTER/NOTES/06-Starting-from-Randomness-Notes.md:L43-44[U006353];BACK-MATTER/NOTES/06-Starting-from-Randomness-Notes.md:L45-52[U006354];BACK-MATTER/NOTES/06-Starting-from-Randomness-Notes.md:L53-54[U006355];BACK-MATTER/NOTES/06-Starting-from-Randomness-Notes.md:L620-623[U006570],WEAK,historical-commentary,classification-history-does-not-add-mechanics,,not-serious-candidate,not-applicable
L1146,BACK-MATTER/NOTES/06-Starting-from-Randomness-Notes.md:L55-56[U006356];BACK-MATTER/NOTES/06-Starting-from-Randomness-Notes.md:L57-62[U006357];BACK-MATTER/NOTES/06-Starting-from-Randomness-Notes.md:L63-64[U006358];BACK-MATTER/NOTES/06-Starting-from-Randomness-Notes.md:L65-66[U006359],RESOLVED,cellular-automaton-rule-preset,three-dimensional-class-four-rule-preset,,not-serious-candidate,not-applicable
L1147,BACK-MATTER/NOTES/06-Starting-from-Randomness-Notes.md:L67-68[U006360],RESOLVED,random-seed,random-infinite-elements-are-an-initial-condition-role,,not-serious-candidate,not-applicable
L1148,BACK-MATTER/NOTES/06-Starting-from-Randomness-Notes.md:L71-72[U006362];BACK-MATTER/NOTES/06-Starting-from-Randomness-Notes.md:L73-74[U006363];BACK-MATTER/NOTES/06-Starting-from-Randomness-Notes.md:L75-76[U006364];BACK-MATTER/NOTES/06-Starting-from-Randomness-Notes.md:L77-78[U006365],WEAK,behavior-property,propagation-and-correlation-claims-are-properties,,not-serious-candidate,not-applicable
L1149,BACK-MATTER/NOTES/06-Starting-from-Randomness-Notes.md:L77-78[U006365],WEAK,behavior-property,propagation-and-correlation-claims-are-properties,,not-serious-candidate,not-applicable
L1150,BACK-MATTER/NOTES/06-Starting-from-Randomness-Notes.md:L71-72[U006362];BACK-MATTER/NOTES/06-Starting-from-Randomness-Notes.md:L73-74[U006363];BACK-MATTER/NOTES/06-Starting-from-Randomness-Notes.md:L79-80[U006366];BACK-MATTER/NOTES/06-Starting-from-Randomness-Notes.md:L81-82[U006367];BACK-MATTER/NOTES/06-Starting-from-Randomness-Notes.md:L138-140[U006390],WEAK,behavior-property,propagation-and-correlation-claims-are-properties,,not-serious-candidate,not-applicable
L1151,BACK-MATTER/NOTES/06-Starting-from-Randomness-Notes.md:L85-86[U006369];BACK-MATTER/NOTES/06-Starting-from-Randomness-Notes.md:L87-88[U006370];BACK-MATTER/NOTES/06-Starting-from-Randomness-Notes.md:L89-90[U006371],RESOLVED,finite-modular-map,closed-form-analysis-routes-to-the-finite-map,,not-serious-candidate,not-applicable
L1152,BACK-MATTER/NOTES/06-Starting-from-Randomness-Notes.md:L91-92[U006372],RESOLVED,finite-modular-map,closed-form-analysis-routes-to-the-finite-map,,not-serious-candidate,not-applicable
L1153,BACK-MATTER/NOTES/06-Starting-from-Randomness-Notes.md:L93-94[U006373];BACK-MATTER/NOTES/06-Starting-from-Randomness-Notes.md:L95-99[U006374];BACK-MATTER/NOTES/06-Starting-from-Randomness-Notes.md:L100-101[U006375];BACK-MATTER/NOTES/06-Starting-from-Randomness-Notes.md:L102-106[U006376];BACK-MATTER/NOTES/06-Starting-from-Randomness-Notes.md:L107-108[U006377];BACK-MATTER/NOTES/06-Starting-from-Randomness-Notes.md:L573-574[U006548],WEAK,period-property,period-bounds-and-additive-analysis-are-properties,,not-serious-candidate,not-applicable
L1154,BACK-MATTER/NOTES/06-Starting-from-Randomness-Notes.md:L109-110[U006378];BACK-MATTER/NOTES/06-Starting-from-Randomness-Notes.md:L111-114[U006379];BACK-MATTER/NOTES/06-Starting-from-Randomness-Notes.md:L115-116[U006380];BACK-MATTER/NOTES/06-Starting-from-Randomness-Notes.md:L129-131[U006386],WEAK,period-property,period-bounds-and-additive-analysis-are-properties,,not-serious-candidate,not-applicable
L1155,BACK-MATTER/NOTES/06-Starting-from-Randomness-Notes.md:L115-116[U006380];BACK-MATTER/NOTES/06-Starting-from-Randomness-Notes.md:L117-120[U006381];BACK-MATTER/NOTES/06-Starting-from-Randomness-Notes.md:L121-122[U006382];BACK-MATTER/NOTES/06-Starting-from-Randomness-Notes.md:L129-131[U006386],WEAK,period-property,period-bounds-and-additive-analysis-are-properties,,not-serious-candidate,not-applicable
L1156,BACK-MATTER/NOTES/06-Starting-from-Randomness-Notes.md:L123-124[U006383],WEAK,period-property,period-bounds-and-additive-analysis-are-properties,,not-serious-candidate,not-applicable
L1157,BACK-MATTER/NOTES/06-Starting-from-Randomness-Notes.md:L123-124[U006383];BACK-MATTER/NOTES/06-Starting-from-Randomness-Notes.md:L125-126[U006384];BACK-MATTER/NOTES/06-Starting-from-Randomness-Notes.md:L127-128[U006385],WEAK,period-property,period-bounds-and-additive-analysis-are-properties,,not-serious-candidate,not-applicable
L1158,BACK-MATTER/NOTES/06-Starting-from-Randomness-Notes.md:L129-131[U006386];BACK-MATTER/NOTES/06-Starting-from-Randomness-Notes.md:L132-133[U006387],WEAK,period-property,period-bounds-and-additive-analysis-are-properties,,not-serious-candidate,not-applicable
L1159,BACK-MATTER/NOTES/06-Starting-from-Randomness-Notes.md:L134-135[U006388],WEAK,implementation-technique,bit-mask-code-implements-boundary-conditions,,not-serious-candidate,not-applicable
L1160,BACK-MATTER/NOTES/06-Starting-from-Randomness-Notes.md:L138-140[U006390],RESOLVED,cellular-automaton-seed,special-seed-and-rule-preset,,not-serious-candidate,not-applicable
L1161,BACK-MATTER/NOTES/06-Starting-from-Randomness-Notes.md:L138-140[U006390];BACK-MATTER/NOTES/06-Starting-from-Randomness-Notes.md:L141-142[U006391],RESOLVED,cellular-automaton-seed,special-seed-and-rule-preset,,not-serious-candidate,not-applicable
L1162,BACK-MATTER/NOTES/06-Starting-from-Randomness-Notes.md:L143-144[U006392];BACK-MATTER/NOTES/06-Starting-from-Randomness-Notes.md:L145-146[U006393],RESOLVED,cellular-automaton-seed,special-seed-and-rule-preset,,not-serious-candidate,not-applicable
L1163,BACK-MATTER/NOTES/06-Starting-from-Randomness-Notes.md:L147-149[U006394],RESOLVED,cellular-automaton-seed,special-seed-and-rule-preset,,not-serious-candidate,not-applicable
L1164,BACK-MATTER/NOTES/06-Starting-from-Randomness-Notes.md:L147-149[U006394];BACK-MATTER/NOTES/06-Starting-from-Randomness-Notes.md:L150-151[U006395];BACK-MATTER/NOTES/06-Starting-from-Randomness-Notes.md:L154-155[U006397];BACK-MATTER/NOTES/06-Starting-from-Randomness-Notes.md:L156-159[U006398];BACK-MATTER/NOTES/06-Starting-from-Randomness-Notes.md:L160-161[U006399];BACK-MATTER/NOTES/06-Starting-from-Randomness-Notes.md:L152-153[U006396],RESOLVED,cellular-automaton-seed,special-seed-and-rule-preset,,not-serious-candidate,not-applicable
L1165,BACK-MATTER/NOTES/06-Starting-from-Randomness-Notes.md:L162-163[U006400];BACK-MATTER/NOTES/06-Starting-from-Randomness-Notes.md:L164-165[U006401];BACK-MATTER/NOTES/06-Starting-from-Randomness-Notes.md:L166-167[U006402];BACK-MATTER/NOTES/06-Starting-from-Randomness-Notes.md:L170-171[U006404];BACK-MATTER/NOTES/06-Starting-from-Randomness-Notes.md:L174-175[U006406];BACK-MATTER/NOTES/06-Starting-from-Randomness-Notes.md:L176-177[U006407];BACK-MATTER/NOTES/06-Starting-from-Randomness-Notes.md:L180-181[U006409];BACK-MATTER/NOTES/06-Starting-from-Randomness-Notes.md:L182-183[U006410];BACK-MATTER/NOTES/06-Starting-from-Randomness-Notes.md:L184-185[U006411];BACK-MATTER/NOTES/06-Starting-from-Randomness-Notes.md:L349-350[U006468];BACK-MATTER/NOTES/06-Starting-from-Randomness-Notes.md:L178-179[U006408];BACK-MATTER/NOTES/06-Starting-from-Randomness-Notes.md:L172-173[U006405];BACK-MATTER/NOTES/06-Starting-from-Randomness-Notes.md:L168-169[U006403],WEAK,algebraic-property,generalized-additivity-is-a-rule-property,,not-serious-candidate,not-applicable
L1166,BACK-MATTER/NOTES/06-Starting-from-Randomness-Notes.md:L186-187[U006412],RESOLVED,monoid-additive-cellular-automaton,alphabet-and-addition-operation-are-ca-rule-data,,not-serious-candidate,not-applicable
L1167,BACK-MATTER/NOTES/06-Starting-from-Randomness-Notes.md:L186-187[U006412],RESOLVED,monoid-additive-cellular-automaton,alphabet-and-addition-operation-are-ca-rule-data,,not-serious-candidate,not-applicable
L1168,BACK-MATTER/NOTES/06-Starting-from-Randomness-Notes.md:L188-189[U006413],RESOLVED,monoid-additive-cellular-automaton,alphabet-and-addition-operation-are-ca-rule-data,,not-serious-candidate,not-applicable
L1169,BACK-MATTER/NOTES/06-Starting-from-Randomness-Notes.md:L188-189[U006413],RESOLVED,monoid-additive-cellular-automaton,alphabet-and-addition-operation-are-ca-rule-data,,not-serious-candidate,not-applicable
L1170,BACK-MATTER/NOTES/06-Starting-from-Randomness-Notes.md:L190-191[U006414];BACK-MATTER/NOTES/06-Starting-from-Randomness-Notes.md:L192-196[U006415];BACK-MATTER/NOTES/06-Starting-from-Randomness-Notes.md:L197-198[U006416];BACK-MATTER/NOTES/06-Starting-from-Randomness-Notes.md:L199-202[U006417];BACK-MATTER/NOTES/06-Starting-from-Randomness-Notes.md:L203-204[U006418];BACK-MATTER/NOTES/06-Starting-from-Randomness-Notes.md:L209-210[U006421];BACK-MATTER/NOTES/06-Starting-from-Randomness-Notes.md:L211-212[U006422];BACK-MATTER/NOTES/06-Starting-from-Randomness-Notes.md:L213-214[U006423];BACK-MATTER/NOTES/06-Starting-from-Randomness-Notes.md:L207-208[U006420];BACK-MATTER/NOTES/06-Starting-from-Randomness-Notes.md:L205-206[U006419],WEAK,behavior-property,density-period-and-localization-results-are-properties,,not-serious-candidate,not-applicable
L1171,BACK-MATTER/NOTES/06-Starting-from-Randomness-Notes.md:L215-216[U006424];BACK-MATTER/NOTES/06-Starting-from-Randomness-Notes.md:L217-220[U006425],WEAK,behavior-property,density-period-and-localization-results-are-properties,,not-serious-candidate,not-applicable
L1172,BACK-MATTER/NOTES/06-Starting-from-Randomness-Notes.md:L221-222[U006426];BACK-MATTER/NOTES/06-Starting-from-Randomness-Notes.md:L223-224[U006427];BACK-MATTER/NOTES/06-Starting-from-Randomness-Notes.md:L225-226[U006428],WEAK,behavior-property,density-period-and-localization-results-are-properties,,not-serious-candidate,not-applicable
L1173,BACK-MATTER/NOTES/06-Starting-from-Randomness-Notes.md:L227-228[U006429],WEAK,behavior-property,density-period-and-localization-results-are-properties,,not-serious-candidate,not-applicable
L1174,BACK-MATTER/NOTES/06-Starting-from-Randomness-Notes.md:L227-228[U006429],WEAK,behavior-property,density-period-and-localization-results-are-properties,,not-serious-candidate,not-applicable
L1175,BACK-MATTER/NOTES/06-Starting-from-Randomness-Notes.md:L227-228[U006429];BACK-MATTER/NOTES/06-Starting-from-Randomness-Notes.md:L229-230[U006430],WEAK,behavior-property,density-period-and-localization-results-are-properties,,not-serious-candidate,not-applicable
L1176,BACK-MATTER/NOTES/06-Starting-from-Randomness-Notes.md:L233-234[U006432];BACK-MATTER/NOTES/06-Starting-from-Randomness-Notes.md:L237-238[U006434];BACK-MATTER/NOTES/06-Starting-from-Randomness-Notes.md:L247-248[U006439];BACK-MATTER/NOTES/06-Starting-from-Randomness-Notes.md:L249-250[U006440];BACK-MATTER/NOTES/06-Starting-from-Randomness-Notes.md:L235-236[U006433],WEAK,behavior-property,density-period-and-localization-results-are-properties,,not-serious-candidate,not-applicable
L1177,BACK-MATTER/NOTES/06-Starting-from-Randomness-Notes.md:L239-240[U006435];BACK-MATTER/NOTES/06-Starting-from-Randomness-Notes.md:L241-242[U006436];BACK-MATTER/NOTES/06-Starting-from-Randomness-Notes.md:L243-244[U006437],WEAK,behavior-property,density-period-and-localization-results-are-properties,,not-serious-candidate,not-applicable
L1178,BACK-MATTER/NOTES/06-Starting-from-Randomness-Notes.md:L243-244[U006437];BACK-MATTER/NOTES/06-Starting-from-Randomness-Notes.md:L245-246[U006438],WEAK,behavior-property,density-period-and-localization-results-are-properties,,not-serious-candidate,not-applicable
L1179,BACK-MATTER/NOTES/06-Starting-from-Randomness-Notes.md:L251-253[U006441];BACK-MATTER/NOTES/06-Starting-from-Randomness-Notes.md:L664-666[U006591],WEAK,behavior-property,density-period-and-localization-results-are-properties,,not-serious-candidate,not-applicable
L1180,BACK-MATTER/NOTES/06-Starting-from-Randomness-Notes.md:L254-255[U006442],RESOLVED,iterated-number-map,rational-or-polynomial-map-preset,,not-serious-candidate,not-applicable
L1181,BACK-MATTER/NOTES/06-Starting-from-Randomness-Notes.md:L254-255[U006442],RESOLVED,iterated-number-map,rational-or-polynomial-map-preset,,not-serious-candidate,not-applicable
L1182,BACK-MATTER/NOTES/06-Starting-from-Randomness-Notes.md:L254-255[U006442],RESOLVED,iterated-number-map,rational-or-polynomial-map-preset,,not-serious-candidate,not-applicable
L1183,BACK-MATTER/NOTES/06-Starting-from-Randomness-Notes.md:L256-257[U006443];BACK-MATTER/NOTES/06-Starting-from-Randomness-Notes.md:L534-537[U006531],RESOLVED,iterated-number-map,rational-or-polynomial-map-preset,,not-serious-candidate,not-applicable
L1184,BACK-MATTER/NOTES/06-Starting-from-Randomness-Notes.md:L256-257[U006443];BACK-MATTER/NOTES/06-Starting-from-Randomness-Notes.md:L258-261[U006444];BACK-MATTER/NOTES/06-Starting-from-Randomness-Notes.md:L262-263[U006445],RESOLVED,iterated-number-map,rational-or-polynomial-map-preset,,not-serious-candidate,not-applicable
L1185,BACK-MATTER/NOTES/06-Starting-from-Randomness-Notes.md:L264-265[U006446];BACK-MATTER/NOTES/06-Starting-from-Randomness-Notes.md:L266-270[U006447];BACK-MATTER/NOTES/06-Starting-from-Randomness-Notes.md:L271-272[U006448],WEAK,map-theorem,period-three-implication-is-a-map-property,,not-serious-candidate,not-applicable
L1186,BACK-MATTER/NOTES/06-Starting-from-Randomness-Notes.md:L273-275[U006449];BACK-MATTER/NOTES/06-Starting-from-Randomness-Notes.md:L276-277[U006450],WEAK,emulation-property,renormalization-and-self-similarity-describe-behavior,,not-serious-candidate,not-applicable
L1187,BACK-MATTER/NOTES/06-Starting-from-Randomness-Notes.md:L278-280[U006451],WEAK,emulation-property,renormalization-and-self-similarity-describe-behavior,,not-serious-candidate,not-applicable
L1188,BACK-MATTER/NOTES/06-Starting-from-Randomness-Notes.md:L278-280[U006451];BACK-MATTER/NOTES/06-Starting-from-Randomness-Notes.md:L281-285[U006452];BACK-MATTER/NOTES/06-Starting-from-Randomness-Notes.md:L286-287[U006453];BACK-MATTER/NOTES/06-Starting-from-Randomness-Notes.md:L288-291[U006454];BACK-MATTER/NOTES/06-Starting-from-Randomness-Notes.md:L292-293[U006455];BACK-MATTER/NOTES/06-Starting-from-Randomness-Notes.md:L294-302[U006456];BACK-MATTER/NOTES/06-Starting-from-Randomness-Notes.md:L303-304[U006457];BACK-MATTER/NOTES/06-Starting-from-Randomness-Notes.md:L305-311[U006458];BACK-MATTER/NOTES/06-Starting-from-Randomness-Notes.md:L312-313[U006459];BACK-MATTER/NOTES/06-Starting-from-Randomness-Notes.md:L314-321[U006460],WEAK,emulation-property,renormalization-and-self-similarity-describe-behavior,,not-serious-candidate,not-applicable
L1189,BACK-MATTER/NOTES/06-Starting-from-Randomness-Notes.md:L184-185[U006411];BACK-MATTER/NOTES/06-Starting-from-Randomness-Notes.md:L322-323[U006461];BACK-MATTER/NOTES/06-Starting-from-Randomness-Notes.md:L324-328[U006462];BACK-MATTER/NOTES/06-Starting-from-Randomness-Notes.md:L329-330[U006463];BACK-MATTER/NOTES/06-Starting-from-Randomness-Notes.md:L331-338[U006464];BACK-MATTER/NOTES/06-Starting-from-Randomness-Notes.md:L339-340[U006465];BACK-MATTER/NOTES/06-Starting-from-Randomness-Notes.md:L341-346[U006466];BACK-MATTER/NOTES/06-Starting-from-Randomness-Notes.md:L347-348[U006467];BACK-MATTER/NOTES/06-Starting-from-Randomness-Notes.md:L349-350[U006468],RESOLVED,monoid-additive-cellular-automaton,rule-form-routes-to-additive-ca-mechanics,,not-serious-candidate,not-applicable
L1190,BACK-MATTER/NOTES/06-Starting-from-Randomness-Notes.md:L351-353[U006469],RESOLVED,cellular-automaton-seed,nested-background-seed-preset,,not-serious-candidate,not-applicable
L1191,BACK-MATTER/NOTES/06-Starting-from-Randomness-Notes.md:L351-353[U006469];BACK-MATTER/NOTES/06-Starting-from-Randomness-Notes.md:L354-355[U006470],RESOLVED,cellular-automaton-seed,nested-background-seed-preset,,not-serious-candidate,not-applicable
L1192,BACK-MATTER/NOTES/06-Starting-from-Randomness-Notes.md:L356-358[U006471],RESOLVED,emulation-encoding,square-root-rule-is-a-temporal-ca-encoding,,not-serious-candidate,not-applicable
L1193,BACK-MATTER/NOTES/06-Starting-from-Randomness-Notes.md:L356-358[U006471];BACK-MATTER/NOTES/06-Starting-from-Randomness-Notes.md:L359-360[U006472],RESOLVED,emulation-encoding,square-root-rule-is-a-temporal-ca-encoding,,not-serious-candidate,not-applicable
L1194,BACK-MATTER/NOTES/06-Starting-from-Randomness-Notes.md:L365-366[U006475];BACK-MATTER/NOTES/06-Starting-from-Randomness-Notes.md:L367-371[U006476];BACK-MATTER/NOTES/06-Starting-from-Randomness-Notes.md:L372-373[U006477];BACK-MATTER/NOTES/06-Starting-from-Randomness-Notes.md:L374-378[U006478];BACK-MATTER/NOTES/06-Starting-from-Randomness-Notes.md:L433-434[U006490];BACK-MATTER/NOTES/06-Starting-from-Randomness-Notes.md:L441-443[U006493],WEAK,implementation-technique,constructs-and-minimizes-sequence-recognition-networks,,not-serious-candidate,not-applicable
L1195,BACK-MATTER/NOTES/06-Starting-from-Randomness-Notes.md:L379-380[U006479];BACK-MATTER/NOTES/06-Starting-from-Randomness-Notes.md:L381-387[U006480];BACK-MATTER/NOTES/06-Starting-from-Randomness-Notes.md:L388-389[U006481];BACK-MATTER/NOTES/06-Starting-from-Randomness-Notes.md:L390-393[U006482];BACK-MATTER/NOTES/06-Starting-from-Randomness-Notes.md:L394-395[U006483];BACK-MATTER/NOTES/06-Starting-from-Randomness-Notes.md:L396-400[U006484];BACK-MATTER/NOTES/06-Starting-from-Randomness-Notes.md:L433-434[U006490],WEAK,implementation-technique,constructs-and-minimizes-sequence-recognition-networks,,not-serious-candidate,not-applicable
L1196,BACK-MATTER/NOTES/06-Starting-from-Randomness-Notes.md:L401-402[U006485];BACK-MATTER/NOTES/06-Starting-from-Randomness-Notes.md:L403-420[U006486];BACK-MATTER/NOTES/06-Starting-from-Randomness-Notes.md:L421-422[U006487];BACK-MATTER/NOTES/06-Starting-from-Randomness-Notes.md:L423-424[U006488];BACK-MATTER/NOTES/06-Starting-from-Randomness-Notes.md:L433-434[U006490];BACK-MATTER/NOTES/06-Starting-from-Randomness-Notes.md:L435-436[U006491],WEAK,implementation-technique,constructs-and-minimizes-sequence-recognition-networks,,not-serious-candidate,not-applicable
L1197,BACK-MATTER/NOTES/06-Starting-from-Randomness-Notes.md:L423-424[U006488];BACK-MATTER/NOTES/06-Starting-from-Randomness-Notes.md:L425-432[U006489],WEAK,implementation-technique,constructs-and-minimizes-sequence-recognition-networks,,not-serious-candidate,not-applicable
L1198,BACK-MATTER/NOTES/06-Starting-from-Randomness-Notes.md:L437-440[U006492];BACK-MATTER/NOTES/06-Starting-from-Randomness-Notes.md:L441-443[U006493],RESOLVED,regular-language-observer,finite-automaton-and-language-are-sequence-observers,,not-serious-candidate,not-applicable
L1199,BACK-MATTER/NOTES/06-Starting-from-Randomness-Notes.md:L437-440[U006492],RESOLVED,regular-language-observer,finite-automaton-and-language-are-sequence-observers,,not-serious-candidate,not-applicable
L1200,BACK-MATTER/NOTES/06-Starting-from-Randomness-Notes.md:L437-440[U006492],RESOLVED,regular-language-observer,finite-automaton-and-language-are-sequence-observers,,not-serious-candidate,not-applicable
L1201,BACK-MATTER/NOTES/06-Starting-from-Randomness-Notes.md:L441-443[U006493];BACK-MATTER/NOTES/06-Starting-from-Randomness-Notes.md:L444-445[U006494];BACK-MATTER/NOTES/06-Starting-from-Randomness-Notes.md:L446-447[U006495],WEAK,historical-commentary,finite-automata-history-does-not-add-mechanics,,not-serious-candidate,not-applicable
L1202,BACK-MATTER/NOTES/06-Starting-from-Randomness-Notes.md:L446-447[U006495];BACK-MATTER/NOTES/06-Starting-from-Randomness-Notes.md:L448-449[U006496];BACK-MATTER/NOTES/06-Starting-from-Randomness-Notes.md:L467-468[U006503],WEAK,observer-size-property,bounds-the-size-of-a-sequence-recognition-network,,not-serious-candidate,not-applicable
L1203,BACK-MATTER/NOTES/06-Starting-from-Randomness-Notes.md:L450-451[U006497];BACK-MATTER/NOTES/06-Starting-from-Randomness-Notes.md:L452-455[U006498];BACK-MATTER/NOTES/06-Starting-from-Randomness-Notes.md:L456-457[U006499];BACK-MATTER/NOTES/06-Starting-from-Randomness-Notes.md:L458-462[U006500];BACK-MATTER/NOTES/06-Starting-from-Randomness-Notes.md:L463-464[U006501];BACK-MATTER/NOTES/06-Starting-from-Randomness-Notes.md:L465-466[U006502];BACK-MATTER/NOTES/06-Starting-from-Randomness-Notes.md:L467-468[U006503];BACK-MATTER/NOTES/06-Starting-from-Randomness-Notes.md:L469-470[U006504];BACK-MATTER/NOTES/06-Starting-from-Randomness-Notes.md:L471-472[U006505];BACK-MATTER/NOTES/06-Starting-from-Randomness-Notes.md:L518-519[U006523],RESOLVED,entropy-observer,computes-entropy-dimension-or-cycle-statistics,,not-serious-candidate,not-applicable
L1204,BACK-MATTER/NOTES/06-Starting-from-Randomness-Notes.md:L469-470[U006504],RESOLVED,entropy-observer,computes-entropy-dimension-or-cycle-statistics,,not-serious-candidate,not-applicable
L1205,BACK-MATTER/NOTES/06-Starting-from-Randomness-Notes.md:L473-474[U006506];BACK-MATTER/NOTES/06-Starting-from-Randomness-Notes.md:L475-476[U006507];BACK-MATTER/NOTES/06-Starting-from-Randomness-Notes.md:L477-478[U006508];BACK-MATTER/NOTES/06-Starting-from-Randomness-Notes.md:L479-482[U006509];BACK-MATTER/NOTES/06-Starting-from-Randomness-Notes.md:L483-484[U006510],RESOLVED,entropy-observer,computes-entropy-dimension-or-cycle-statistics,,not-serious-candidate,not-applicable
L1206,BACK-MATTER/NOTES/06-Starting-from-Randomness-Notes.md:L485-487[U006511],RESOLVED,entropy-observer,computes-entropy-dimension-or-cycle-statistics,,not-serious-candidate,not-applicable
L1207,BACK-MATTER/NOTES/06-Starting-from-Randomness-Notes.md:L485-487[U006511],RESOLVED,entropy-observer,computes-entropy-dimension-or-cycle-statistics,,not-serious-candidate,not-applicable
L1208,BACK-MATTER/NOTES/06-Starting-from-Randomness-Notes.md:L485-487[U006511],RESOLVED,entropy-observer,computes-entropy-dimension-or-cycle-statistics,,not-serious-candidate,not-applicable
L1209,BACK-MATTER/NOTES/06-Starting-from-Randomness-Notes.md:L485-487[U006511];BACK-MATTER/NOTES/06-Starting-from-Randomness-Notes.md:L488-491[U006512];BACK-MATTER/NOTES/06-Starting-from-Randomness-Notes.md:L492-493[U006513];BACK-MATTER/NOTES/06-Starting-from-Randomness-Notes.md:L506-509[U006518],RESOLVED,entropy-observer,computes-entropy-dimension-or-cycle-statistics,,not-serious-candidate,not-applicable
L1210,BACK-MATTER/NOTES/06-Starting-from-Randomness-Notes.md:L494-497[U006514];BACK-MATTER/NOTES/06-Starting-from-Randomness-Notes.md:L498-499[U006515],RESOLVED,entropy-observer,computes-entropy-dimension-or-cycle-statistics,,not-serious-candidate,not-applicable
L1211,BACK-MATTER/NOTES/06-Starting-from-Randomness-Notes.md:L500-503[U006516];BACK-MATTER/NOTES/06-Starting-from-Randomness-Notes.md:L504-505[U006517],RESOLVED,entropy-observer,computes-entropy-dimension-or-cycle-statistics,,not-serious-candidate,not-applicable
L1212,BACK-MATTER/NOTES/06-Starting-from-Randomness-Notes.md:L471-472[U006505];BACK-MATTER/NOTES/06-Starting-from-Randomness-Notes.md:L506-509[U006518],RESOLVED,entropy-observer,computes-entropy-dimension-or-cycle-statistics,,not-serious-candidate,not-applicable
L1213,BACK-MATTER/NOTES/06-Starting-from-Randomness-Notes.md:L506-509[U006518],RESOLVED,entropy-observer,computes-entropy-dimension-or-cycle-statistics,,not-serious-candidate,not-applicable
L1214,BACK-MATTER/NOTES/06-Starting-from-Randomness-Notes.md:L506-509[U006518];BACK-MATTER/NOTES/06-Starting-from-Randomness-Notes.md:L512-513[U006520];BACK-MATTER/NOTES/06-Starting-from-Randomness-Notes.md:L528-529[U006528],RESOLVED,entropy-observer,computes-entropy-dimension-or-cycle-statistics,,not-serious-candidate,not-applicable
L1215,BACK-MATTER/NOTES/06-Starting-from-Randomness-Notes.md:L506-509[U006518];BACK-MATTER/NOTES/06-Starting-from-Randomness-Notes.md:L510-511[U006519];BACK-MATTER/NOTES/06-Starting-from-Randomness-Notes.md:L512-513[U006520];BACK-MATTER/NOTES/06-Starting-from-Randomness-Notes.md:L528-529[U006528],RESOLVED,entropy-observer,computes-entropy-dimension-or-cycle-statistics,,not-serious-candidate,not-applicable
L1216,BACK-MATTER/NOTES/06-Starting-from-Randomness-Notes.md:L514-515[U006521],RESOLVED,spacetime-language-observer,measures-temporal-sequences-or-spacetime-patches,,not-serious-candidate,not-applicable
L1217,BACK-MATTER/NOTES/06-Starting-from-Randomness-Notes.md:L514-515[U006521],RESOLVED,spacetime-language-observer,measures-temporal-sequences-or-spacetime-patches,,not-serious-candidate,not-applicable
L1218,BACK-MATTER/NOTES/06-Starting-from-Randomness-Notes.md:L514-515[U006521];BACK-MATTER/NOTES/06-Starting-from-Randomness-Notes.md:L518-519[U006523];BACK-MATTER/NOTES/06-Starting-from-Randomness-Notes.md:L516-517[U006522],RESOLVED,spacetime-language-observer,measures-temporal-sequences-or-spacetime-patches,,not-serious-candidate,not-applicable
L1219,BACK-MATTER/NOTES/06-Starting-from-Randomness-Notes.md:L520-521[U006524];BACK-MATTER/NOTES/06-Starting-from-Randomness-Notes.md:L522-523[U006525];BACK-MATTER/NOTES/06-Starting-from-Randomness-Notes.md:L524-525[U006526];BACK-MATTER/NOTES/06-Starting-from-Randomness-Notes.md:L530-531[U006529],RESOLVED,spacetime-language-observer,measures-temporal-sequences-or-spacetime-patches,,not-serious-candidate,not-applicable
L1220,BACK-MATTER/NOTES/06-Starting-from-Randomness-Notes.md:L520-521[U006524];BACK-MATTER/NOTES/06-Starting-from-Randomness-Notes.md:L522-523[U006525];BACK-MATTER/NOTES/06-Starting-from-Randomness-Notes.md:L524-525[U006526],RESOLVED,spacetime-language-observer,measures-temporal-sequences-or-spacetime-patches,,not-serious-candidate,not-applicable
L1221,BACK-MATTER/NOTES/06-Starting-from-Randomness-Notes.md:L526-527[U006527],WEAK,historical-commentary,analysis-history-does-not-add-mechanics,,not-serious-candidate,not-applicable
L1222,BACK-MATTER/NOTES/06-Starting-from-Randomness-Notes.md:L534-537[U006531];BACK-MATTER/NOTES/06-Starting-from-Randomness-Notes.md:L540-541[U006533];BACK-MATTER/NOTES/06-Starting-from-Randomness-Notes.md:L544-545[U006535];BACK-MATTER/NOTES/06-Starting-from-Randomness-Notes.md:L546-547[U006536];BACK-MATTER/NOTES/06-Starting-from-Randomness-Notes.md:L550-551[U006538];BACK-MATTER/NOTES/06-Starting-from-Randomness-Notes.md:L554-555[U006540];BACK-MATTER/NOTES/06-Starting-from-Randomness-Notes.md:L558-559[U006542];BACK-MATTER/NOTES/06-Starting-from-Randomness-Notes.md:L564-565[U006545];BACK-MATTER/NOTES/06-Starting-from-Randomness-Notes.md:L566-568[U006546];BACK-MATTER/NOTES/06-Starting-from-Randomness-Notes.md:L583-584[U006552];BACK-MATTER/NOTES/06-Starting-from-Randomness-Notes.md:L538-539[U006532];BACK-MATTER/NOTES/06-Starting-from-Randomness-Notes.md:L542-543[U006534];BACK-MATTER/NOTES/06-Starting-from-Randomness-Notes.md:L560-561[U006543];BACK-MATTER/NOTES/06-Starting-from-Randomness-Notes.md:L556-557[U006541];BACK-MATTER/NOTES/06-Starting-from-Randomness-Notes.md:L548-549[U006537];BACK-MATTER/NOTES/06-Starting-from-Randomness-Notes.md:L552-553[U006539];BACK-MATTER/NOTES/06-Starting-from-Randomness-Notes.md:L585-586[U006553];BACK-MATTER/NOTES/06-Starting-from-Randomness-Notes.md:L562-563[U006544];BACK-MATTER/NOTES/06-Starting-from-Randomness-Notes.md:L587-588[U006554],RESOLVED,iterated-number-map,logistic-map-attractor-is-a-number-map-preset,,not-serious-candidate,not-applicable
L1223,BACK-MATTER/NOTES/06-Starting-from-Randomness-Notes.md:L566-568[U006546];BACK-MATTER/NOTES/06-Starting-from-Randomness-Notes.md:L579-580[U006550];BACK-MATTER/NOTES/06-Starting-from-Randomness-Notes.md:L581-582[U006551],WEAK,graph-symmetry-property,repeated-network-pieces-are-an-observed-symmetry,,not-serious-candidate,not-applicable
L1224,BACK-MATTER/NOTES/06-Starting-from-Randomness-Notes.md:L566-568[U006546];BACK-MATTER/NOTES/06-Starting-from-Randomness-Notes.md:L569-572[U006547],WEAK,graph-symmetry-property,repeated-network-pieces-are-an-observed-symmetry,,not-serious-candidate,not-applicable
L1225,BACK-MATTER/NOTES/06-Starting-from-Randomness-Notes.md:L566-568[U006546];BACK-MATTER/NOTES/06-Starting-from-Randomness-Notes.md:L573-574[U006548];BACK-MATTER/NOTES/06-Starting-from-Randomness-Notes.md:L575-578[U006549];BACK-MATTER/NOTES/06-Starting-from-Randomness-Notes.md:L579-580[U006550],WEAK,graph-symmetry-property,repeated-network-pieces-are-an-observed-symmetry,,not-serious-candidate,not-applicable
L1226,BACK-MATTER/NOTES/06-Starting-from-Randomness-Notes.md:L589-590[U006555];BACK-MATTER/NOTES/06-Starting-from-Randomness-Notes.md:L591-592[U006556],SERIOUS,random-functional-graph,each-node-chooses-one-successor-uniformly-at-random,C069,proposed-addition,F046
L1227,BACK-MATTER/NOTES/06-Starting-from-Randomness-Notes.md:L589-590[U006555],RESOLVED,random-functional-graph,duplicate-random-successor-network-description,,not-serious-candidate,not-applicable
L1228,BACK-MATTER/NOTES/06-Starting-from-Randomness-Notes.md:L595-596[U006558];BACK-MATTER/NOTES/06-Starting-from-Randomness-Notes.md:L597-598[U006559],RESOLVED,survival-time-observer,plots-lifetime-by-initial-condition,,not-serious-candidate,not-applicable
L1229,BACK-MATTER/NOTES/06-Starting-from-Randomness-Notes.md:L599-600[U006560];BACK-MATTER/NOTES/06-Starting-from-Randomness-Notes.md:L601-602[U006561],RESOLVED,periodic-background-seed,rule-110-background-is-an-initial-condition-preset,,not-serious-candidate,not-applicable
L1230,BACK-MATTER/NOTES/06-Starting-from-Randomness-Notes.md:L603-604[U006562];BACK-MATTER/NOTES/06-Starting-from-Randomness-Notes.md:L605-606[U006563];BACK-MATTER/NOTES/06-Starting-from-Randomness-Notes.md:L607-608[U006564];BACK-MATTER/NOTES/06-Starting-from-Randomness-Notes.md:L609-610[U006565],RESOLVED,localized-structure-seed,rule-110-structures-are-initial-condition-presets,,not-serious-candidate,not-applicable
L1231,BACK-MATTER/NOTES/06-Starting-from-Randomness-Notes.md:L611-612[U006566],WEAK,localized-structure-property,period-and-velocity-lattice-is-a-structure-property,,not-serious-candidate,not-applicable
L1232,BACK-MATTER/NOTES/06-Starting-from-Randomness-Notes.md:L611-612[U006566];BACK-MATTER/NOTES/06-Starting-from-Randomness-Notes.md:L618-619[U006569],WEAK,localized-structure-property,period-and-velocity-lattice-is-a-structure-property,,not-serious-candidate,not-applicable
L1233,BACK-MATTER/NOTES/06-Starting-from-Randomness-Notes.md:L611-612[U006566];BACK-MATTER/NOTES/06-Starting-from-Randomness-Notes.md:L613-615[U006567];BACK-MATTER/NOTES/06-Starting-from-Randomness-Notes.md:L616-617[U006568],WEAK,localized-structure-property,period-and-velocity-lattice-is-a-structure-property,,not-serious-candidate,not-applicable
L1234,BACK-MATTER/NOTES/06-Starting-from-Randomness-Notes.md:L603-604[U006562];BACK-MATTER/NOTES/06-Starting-from-Randomness-Notes.md:L620-623[U006570],RESOLVED,localized-structure-seed,named-glider-oscillator-or-growth-object-is-a-seed-preset,,not-serious-candidate,not-applicable
L1235,BACK-MATTER/NOTES/06-Starting-from-Randomness-Notes.md:L620-623[U006570],RESOLVED,localized-structure-seed,named-glider-oscillator-or-growth-object-is-a-seed-preset,,not-serious-candidate,not-applicable
L1236,BACK-MATTER/NOTES/06-Starting-from-Randomness-Notes.md:L620-623[U006570];BACK-MATTER/NOTES/06-Starting-from-Randomness-Notes.md:L624-625[U006571],RESOLVED,localized-structure-seed,named-glider-oscillator-or-growth-object-is-a-seed-preset,,not-serious-candidate,not-applicable
L1237,BACK-MATTER/NOTES/06-Starting-from-Randomness-Notes.md:L620-623[U006570];BACK-MATTER/NOTES/06-Starting-from-Randomness-Notes.md:L624-625[U006571],RESOLVED,localized-structure-seed,named-glider-oscillator-or-growth-object-is-a-seed-preset,,not-serious-candidate,not-applicable
L1238,BACK-MATTER/NOTES/06-Starting-from-Randomness-Notes.md:L620-623[U006570];BACK-MATTER/NOTES/06-Starting-from-Randomness-Notes.md:L624-625[U006571],RESOLVED,localized-structure-seed,named-glider-oscillator-or-growth-object-is-a-seed-preset,,not-serious-candidate,not-applicable
L1239,BACK-MATTER/NOTES/06-Starting-from-Randomness-Notes.md:L620-623[U006570];BACK-MATTER/NOTES/06-Starting-from-Randomness-Notes.md:L624-625[U006571],RESOLVED,localized-structure-seed,named-glider-oscillator-or-growth-object-is-a-seed-preset,,not-serious-candidate,not-applicable
L1240,BACK-MATTER/NOTES/06-Starting-from-Randomness-Notes.md:L626-627[U006572];BACK-MATTER/NOTES/06-Starting-from-Randomness-Notes.md:L628-629[U006573],RESOLVED,localized-structure-seed,named-glider-oscillator-or-growth-object-is-a-seed-preset,,not-serious-candidate,not-applicable
L1241,BACK-MATTER/NOTES/06-Starting-from-Randomness-Notes.md:L630-631[U006574];BACK-MATTER/NOTES/06-Starting-from-Randomness-Notes.md:L632-633[U006575],RESOLVED,localized-structure-seed,named-glider-oscillator-or-growth-object-is-a-seed-preset,,not-serious-candidate,not-applicable
L1242,BACK-MATTER/NOTES/06-Starting-from-Randomness-Notes.md:L638-639[U006578];BACK-MATTER/NOTES/06-Starting-from-Randomness-Notes.md:L640-641[U006579],RESOLVED,localized-structure-seed,named-glider-oscillator-or-growth-object-is-a-seed-preset,,not-serious-candidate,not-applicable
L1243,BACK-MATTER/NOTES/06-Starting-from-Randomness-Notes.md:L642-643[U006580];BACK-MATTER/NOTES/06-Starting-from-Randomness-Notes.md:L644-645[U006581],RESOLVED,localized-structure-seed,named-glider-oscillator-or-growth-object-is-a-seed-preset,,not-serious-candidate,not-applicable
L1244,BACK-MATTER/NOTES/06-Starting-from-Randomness-Notes.md:L646-647[U006582];BACK-MATTER/NOTES/06-Starting-from-Randomness-Notes.md:L648-649[U006583],RESOLVED,localized-structure-seed,named-glider-oscillator-or-growth-object-is-a-seed-preset,,not-serious-candidate,not-applicable
L1245,BACK-MATTER/NOTES/06-Starting-from-Randomness-Notes.md:L646-647[U006582];BACK-MATTER/NOTES/06-Starting-from-Randomness-Notes.md:L648-649[U006583],RESOLVED,localized-structure-seed,named-glider-oscillator-or-growth-object-is-a-seed-preset,,not-serious-candidate,not-applicable
L1246,BACK-MATTER/NOTES/06-Starting-from-Randomness-Notes.md:L650-651[U006584];BACK-MATTER/NOTES/06-Starting-from-Randomness-Notes.md:L652-653[U006585],RESOLVED,localized-structure-seed,named-glider-oscillator-or-growth-object-is-a-seed-preset,,not-serious-candidate,not-applicable
L1247,BACK-MATTER/NOTES/06-Starting-from-Randomness-Notes.md:L650-651[U006584];BACK-MATTER/NOTES/06-Starting-from-Randomness-Notes.md:L652-653[U006585],RESOLVED,localized-structure-seed,named-glider-oscillator-or-growth-object-is-a-seed-preset,,not-serious-candidate,not-applicable
L1248,BACK-MATTER/NOTES/06-Starting-from-Randomness-Notes.md:L654-655[U006586],RESOLVED,localized-structure-seed,named-glider-oscillator-or-growth-object-is-a-seed-preset,,not-serious-candidate,not-applicable
L1249,BACK-MATTER/NOTES/06-Starting-from-Randomness-Notes.md:L656-657[U006587];BACK-MATTER/NOTES/06-Starting-from-Randomness-Notes.md:L658-659[U006588],RESOLVED,localized-structure-seed,named-glider-oscillator-or-growth-object-is-a-seed-preset,,not-serious-candidate,not-applicable
L1250,BACK-MATTER/NOTES/06-Starting-from-Randomness-Notes.md:L660-661[U006589];BACK-MATTER/NOTES/06-Starting-from-Randomness-Notes.md:L662-663[U006590],RESOLVED,localized-structure-seed,named-glider-oscillator-or-growth-object-is-a-seed-preset,,not-serious-candidate,not-applicable
L1251,CHAPTERS/07-Mechanisms-in-Programs-and-Nature.md:L39-40[U001596];CHAPTERS/07-Mechanisms-in-Programs-and-Nature.md:L45-46[U001599];CHAPTERS/07-Mechanisms-in-Programs-and-Nature.md:L47-48[U001600],RESOLVED,stochastic-state-update,diagram-routes-to-random-input-at-each-step,,not-serious-candidate,not-applicable
L1252,CHAPTERS/07-Mechanisms-in-Programs-and-Nature.md:L41-42[U001597];CHAPTERS/07-Mechanisms-in-Programs-and-Nature.md:L45-46[U001599];CHAPTERS/07-Mechanisms-in-Programs-and-Nature.md:L51-52[U001602];CHAPTERS/07-Mechanisms-in-Programs-and-Nature.md:L53-54[U001603];CHAPTERS/07-Mechanisms-in-Programs-and-Nature.md:L55-56[U001604],RESOLVED,random-seed,diagram-routes-to-randomness-only-in-the-initial-state,,not-serious-candidate,not-applicable
L1253,CHAPTERS/07-Mechanisms-in-Programs-and-Nature.md:L43-44[U001598];CHAPTERS/07-Mechanisms-in-Programs-and-Nature.md:L45-46[U001599];CHAPTERS/07-Mechanisms-in-Programs-and-Nature.md:L63-64[U001608];CHAPTERS/07-Mechanisms-in-Programs-and-Nature.md:L65-66[U001609],WEAK,intrinsic-randomness-property,deterministic-random-looking-output-is-a-behavior-claim,,not-serious-candidate,not-applicable
L1254,CHAPTERS/07-Mechanisms-in-Programs-and-Nature.md:L91-92[U001622];CHAPTERS/07-Mechanisms-in-Programs-and-Nature.md:L93-94[U001623];CHAPTERS/07-Mechanisms-in-Programs-and-Nature.md:L95-96[U001624];CHAPTERS/07-Mechanisms-in-Programs-and-Nature.md:L103-104[U001628];CHAPTERS/07-Mechanisms-in-Programs-and-Nature.md:L105-106[U001629];CHAPTERS/07-Mechanisms-in-Programs-and-Nature.md:L107-108[U001630],WEAK,physical-domain-example,physical-randomness-source-is-an-application-example,,not-serious-candidate,not-applicable
L1255,CHAPTERS/07-Mechanisms-in-Programs-and-Nature.md:L127-128[U001640];CHAPTERS/07-Mechanisms-in-Programs-and-Nature.md:L129-130[U001641];CHAPTERS/07-Mechanisms-in-Programs-and-Nature.md:L131-132[U001642];CHAPTERS/07-Mechanisms-in-Programs-and-Nature.md:L133-134[U001643];CHAPTERS/07-Mechanisms-in-Programs-and-Nature.md:L135-136[U001644],WEAK,physical-domain-example,physical-randomness-source-is-an-application-example,,not-serious-candidate,not-applicable
L1256,CHAPTERS/07-Mechanisms-in-Programs-and-Nature.md:L145-146[U001649];CHAPTERS/07-Mechanisms-in-Programs-and-Nature.md:L151-152[U001652];CHAPTERS/07-Mechanisms-in-Programs-and-Nature.md:L153-154[U001653];CHAPTERS/07-Mechanisms-in-Programs-and-Nature.md:L159-160[U001656];CHAPTERS/07-Mechanisms-in-Programs-and-Nature.md:L163-164[U001658];CHAPTERS/07-Mechanisms-in-Programs-and-Nature.md:L165-166[U001659];CHAPTERS/07-Mechanisms-in-Programs-and-Nature.md:L167-168[U001660],RESOLVED,iterated-number-map,kneading-is-the-fractional-part-doubling-map,,not-serious-candidate,not-applicable
L1257,CHAPTERS/07-Mechanisms-in-Programs-and-Nature.md:L195-196[U001674];CHAPTERS/07-Mechanisms-in-Programs-and-Nature.md:L199-200[U001676];CHAPTERS/07-Mechanisms-in-Programs-and-Nature.md:L201-202[U001677];CHAPTERS/07-Mechanisms-in-Programs-and-Nature.md:L203-204[U001678],RESOLVED,iterated-number-map,mirror-apparatus-physically-realizes-the-doubling-map,,not-serious-candidate,not-applicable
L1258,CHAPTERS/07-Mechanisms-in-Programs-and-Nature.md:L207-208[U001680];CHAPTERS/07-Mechanisms-in-Programs-and-Nature.md:L211-212[U001682];CHAPTERS/07-Mechanisms-in-Programs-and-Nature.md:L213-214[U001683];CHAPTERS/07-Mechanisms-in-Programs-and-Nature.md:L215-216[U001684],WEAK,physical-domain-example,pegboard-or-three-body-example-motivates-sensitivity,,not-serious-candidate,not-applicable
L1259,CHAPTERS/07-Mechanisms-in-Programs-and-Nature.md:L219-220[U001686];CHAPTERS/07-Mechanisms-in-Programs-and-Nature.md:L227-228[U001690];CHAPTERS/07-Mechanisms-in-Programs-and-Nature.md:L229-230[U001691];CHAPTERS/07-Mechanisms-in-Programs-and-Nature.md:L231-232[U001692],WEAK,physical-domain-example,pegboard-or-three-body-example-motivates-sensitivity,,not-serious-candidate,not-applicable
L1260,CHAPTERS/07-Mechanisms-in-Programs-and-Nature.md:L239-240[U001696];CHAPTERS/07-Mechanisms-in-Programs-and-Nature.md:L241-242[U001697];CHAPTERS/07-Mechanisms-in-Programs-and-Nature.md:L243-244[U001698];CHAPTERS/07-Mechanisms-in-Programs-and-Nature.md:L337-338[U001745],RESOLVED,cellular-automaton-rule-preset,rule-30-is-a-ca-rule-preset,,not-serious-candidate,not-applicable
L1261,CHAPTERS/07-Mechanisms-in-Programs-and-Nature.md:L249-250[U001701];CHAPTERS/07-Mechanisms-in-Programs-and-Nature.md:L263-264[U001708];CHAPTERS/07-Mechanisms-in-Programs-and-Nature.md:L267-268[U001710],RESOLVED,cell-sequence-observer,extracts-a-one-dimensional-output-stream-from-ca-evolution,,not-serious-candidate,not-applicable
L1262,CHAPTERS/07-Mechanisms-in-Programs-and-Nature.md:L271-272[U001712];CHAPTERS/07-Mechanisms-in-Programs-and-Nature.md:L273-274[U001713];CHAPTERS/07-Mechanisms-in-Programs-and-Nature.md:L275-276[U001714];CHAPTERS/07-Mechanisms-in-Programs-and-Nature.md:L277-278[U001715],WEAK,application-narrative,discusses-practical-random-number-facilities,,not-serious-candidate,not-applicable
L1263,CHAPTERS/07-Mechanisms-in-Programs-and-Nature.md:L281-282[U001717];CHAPTERS/07-Mechanisms-in-Programs-and-Nature.md:L291-292[U001722];CHAPTERS/07-Mechanisms-in-Programs-and-Nature.md:L293-294[U001723],RESOLVED,finite-modular-map,linear-congruential-generator-is-a-finite-map-preset,,not-serious-candidate,not-applicable
L1264,CHAPTERS/07-Mechanisms-in-Programs-and-Nature.md:L283-284[U001718];CHAPTERS/07-Mechanisms-in-Programs-and-Nature.md:L287-288[U001720];CHAPTERS/07-Mechanisms-in-Programs-and-Nature.md:L299-300[U001726];CHAPTERS/07-Mechanisms-in-Programs-and-Nature.md:L301-302[U001727],RESOLVED,finite-modular-map,linear-congruential-generator-is-a-finite-map-preset,,not-serious-candidate,not-applicable
L1265,CHAPTERS/07-Mechanisms-in-Programs-and-Nature.md:L295-296[U001724];CHAPTERS/07-Mechanisms-in-Programs-and-Nature.md:L299-300[U001726];CHAPTERS/07-Mechanisms-in-Programs-and-Nature.md:L301-302[U001727],RESOLVED,randomness-quality-observer,plots-successive-output-tuples-to-reveal-correlations,,not-serious-candidate,not-applicable
L1266,CHAPTERS/07-Mechanisms-in-Programs-and-Nature.md:L339-340[U001746];CHAPTERS/07-Mechanisms-in-Programs-and-Nature.md:L343-344[U001748];CHAPTERS/07-Mechanisms-in-Programs-and-Nature.md:L345-346[U001749];CHAPTERS/07-Mechanisms-in-Programs-and-Nature.md:L347-348[U001750],WEAK,robustness-property,response-to-perturbation-is-a-behavior-property,,not-serious-candidate,not-applicable
L1267,CHAPTERS/07-Mechanisms-in-Programs-and-Nature.md:L341-342[U001747];CHAPTERS/07-Mechanisms-in-Programs-and-Nature.md:L357-358[U001755];CHAPTERS/07-Mechanisms-in-Programs-and-Nature.md:L359-360[U001756];CHAPTERS/07-Mechanisms-in-Programs-and-Nature.md:L361-362[U001757],RESOLVED,continuous-cellular-automaton,gray-level-ca-is-a-continuous-state-preset,,not-serious-candidate,not-applicable
L1268,CHAPTERS/07-Mechanisms-in-Programs-and-Nature.md:L351-352[U001752];CHAPTERS/07-Mechanisms-in-Programs-and-Nature.md:L357-358[U001755];CHAPTERS/07-Mechanisms-in-Programs-and-Nature.md:L359-360[U001756];CHAPTERS/07-Mechanisms-in-Programs-and-Nature.md:L361-362[U001757],WEAK,robustness-property,perturbation-tolerance-is-a-behavior-property,,not-serious-candidate,not-applicable
L1269,CHAPTERS/07-Mechanisms-in-Programs-and-Nature.md:L393-394[U001773];CHAPTERS/07-Mechanisms-in-Programs-and-Nature.md:L397-398[U001775];CHAPTERS/07-Mechanisms-in-Programs-and-Nature.md:L399-400[U001776],SERIOUS,stochastic-random-walk,particle-position-makes-a-random-local-step-each-time,C086,covered-by-existing-family,F031
L1270,CHAPTERS/07-Mechanisms-in-Programs-and-Nature.md:L395-396[U001774];CHAPTERS/07-Mechanisms-in-Programs-and-Nature.md:L397-398[U001775];CHAPTERS/07-Mechanisms-in-Programs-and-Nature.md:L399-400[U001776],RESOLVED,distribution-observer,aggregates-many-walk-positions-into-a-density,,not-serious-candidate,not-applicable
L1271,CHAPTERS/07-Mechanisms-in-Programs-and-Nature.md:L401-402[U001777];CHAPTERS/07-Mechanisms-in-Programs-and-Nature.md:L403-404[U001778];CHAPTERS/07-Mechanisms-in-Programs-and-Nature.md:L405-406[U001779],RESOLVED,stochastic-random-walk,step-length-and-alternation-are-walk-rule-parameters,,not-serious-candidate,not-applicable
L1272,CHAPTERS/07-Mechanisms-in-Programs-and-Nature.md:L407-408[U001780],WEAK,limit-distribution-property,central-limit-behavior-is-a-property,,not-serious-candidate,not-applicable
L1273,CHAPTERS/07-Mechanisms-in-Programs-and-Nature.md:L409-410[U001781];CHAPTERS/07-Mechanisms-in-Programs-and-Nature.md:L413-414[U001783];CHAPTERS/07-Mechanisms-in-Programs-and-Nature.md:L415-416[U001784],RESOLVED,stochastic-random-walk,lattice-and-dimension-are-domain-parameters,,not-serious-candidate,not-applicable
L1274,CHAPTERS/07-Mechanisms-in-Programs-and-Nature.md:L417-418[U001785];CHAPTERS/07-Mechanisms-in-Programs-and-Nature.md:L419-420[U001786];CHAPTERS/07-Mechanisms-in-Programs-and-Nature.md:L421-422[U001787];CHAPTERS/07-Mechanisms-in-Programs-and-Nature.md:L423-424[U001788],SERIOUS,stochastic-frontier-aggregation,adds-one-randomly-chosen-frontier-cell-per-step,C084,proposed-addition,F020
L1275,CHAPTERS/07-Mechanisms-in-Programs-and-Nature.md:L427-428[U001790];CHAPTERS/07-Mechanisms-in-Programs-and-Nature.md:L429-430[U001791];CHAPTERS/07-Mechanisms-in-Programs-and-Nature.md:L433-434[U001793];CHAPTERS/07-Mechanisms-in-Programs-and-Nature.md:L437-438[U001795],RESOLVED,stochastic-frontier-aggregation,neighbor-condition-is-an-aggregation-rule-parameter,,not-serious-candidate,not-applicable
L1276,CHAPTERS/07-Mechanisms-in-Programs-and-Nature.md:L427-428[U001790];CHAPTERS/07-Mechanisms-in-Programs-and-Nature.md:L431-432[U001792];CHAPTERS/07-Mechanisms-in-Programs-and-Nature.md:L435-436[U001794];CHAPTERS/07-Mechanisms-in-Programs-and-Nature.md:L437-438[U001795],RESOLVED,stochastic-frontier-aggregation,neighbor-condition-is-an-aggregation-rule-parameter,,not-serious-candidate,not-applicable
L1277,CHAPTERS/07-Mechanisms-in-Programs-and-Nature.md:L443-444[U001798];CHAPTERS/07-Mechanisms-in-Programs-and-Nature.md:L451-452[U001802];CHAPTERS/07-Mechanisms-in-Programs-and-Nature.md:L453-454[U001803],RESOLVED,cellular-automaton-rule-preset,two-dimensional-ca-rule-preset,,not-serious-candidate,not-applicable
L1278,CHAPTERS/07-Mechanisms-in-Programs-and-Nature.md:L455-456[U001804];CHAPTERS/07-Mechanisms-in-Programs-and-Nature.md:L459-460[U001806];CHAPTERS/07-Mechanisms-in-Programs-and-Nature.md:L461-462[U001807];CHAPTERS/07-Mechanisms-in-Programs-and-Nature.md:L463-464[U001808];CHAPTERS/07-Mechanisms-in-Programs-and-Nature.md:L465-466[U001809],WEAK,phase-transition-property,density-transition-and-domain-behavior-are-properties,,not-serious-candidate,not-applicable
L1279,CHAPTERS/07-Mechanisms-in-Programs-and-Nature.md:L485-486[U001819];CHAPTERS/07-Mechanisms-in-Programs-and-Nature.md:L487-488[U001820];CHAPTERS/07-Mechanisms-in-Programs-and-Nature.md:L489-490[U001821],WEAK,phase-transition-property,density-transition-and-domain-behavior-are-properties,,not-serious-candidate,not-applicable
L1280,CHAPTERS/07-Mechanisms-in-Programs-and-Nature.md:L491-492[U001822];CHAPTERS/07-Mechanisms-in-Programs-and-Nature.md:L495-496[U001824];CHAPTERS/07-Mechanisms-in-Programs-and-Nature.md:L497-498[U001825];CHAPTERS/07-Mechanisms-in-Programs-and-Nature.md:L499-500[U001826];CHAPTERS/07-Mechanisms-in-Programs-and-Nature.md:L709-710[U001931];CHAPTERS/07-Mechanisms-in-Programs-and-Nature.md:L711-712[U001932];CHAPTERS/07-Mechanisms-in-Programs-and-Nature.md:L713-714[U001933],WEAK,phase-transition-property,density-transition-and-domain-behavior-are-properties,,not-serious-candidate,not-applicable
L1281,CHAPTERS/07-Mechanisms-in-Programs-and-Nature.md:L501-502[U001827];CHAPTERS/07-Mechanisms-in-Programs-and-Nature.md:L503-504[U001828];CHAPTERS/07-Mechanisms-in-Programs-and-Nature.md:L505-506[U001829],WEAK,phase-transition-property,density-transition-and-domain-behavior-are-properties,,not-serious-candidate,not-applicable
L1282,CHAPTERS/07-Mechanisms-in-Programs-and-Nature.md:L507-508[U001830];CHAPTERS/07-Mechanisms-in-Programs-and-Nature.md:L511-512[U001832];CHAPTERS/07-Mechanisms-in-Programs-and-Nature.md:L513-514[U001833];CHAPTERS/07-Mechanisms-in-Programs-and-Nature.md:L515-516[U001834];CHAPTERS/07-Mechanisms-in-Programs-and-Nature.md:L517-518[U001835];CHAPTERS/07-Mechanisms-in-Programs-and-Nature.md:L519-520[U001836];CHAPTERS/07-Mechanisms-in-Programs-and-Nature.md:L521-522[U001837];CHAPTERS/07-Mechanisms-in-Programs-and-Nature.md:L523-524[U001838],WEAK,phase-transition-property,density-transition-and-domain-behavior-are-properties,,not-serious-candidate,not-applicable
L1283,CHAPTERS/07-Mechanisms-in-Programs-and-Nature.md:L531-532[U001842];CHAPTERS/07-Mechanisms-in-Programs-and-Nature.md:L541-542[U001847];CHAPTERS/07-Mechanisms-in-Programs-and-Nature.md:L547-548[U001850];CHAPTERS/07-Mechanisms-in-Programs-and-Nature.md:L567-568[U001860];CHAPTERS/07-Mechanisms-in-Programs-and-Nature.md:L611-612[U001882],WEAK,conceptual-comparison,contrasts-explicit-evolution-with-constraints,,not-serious-candidate,not-applicable
L1284,CHAPTERS/07-Mechanisms-in-Programs-and-Nature.md:L539-540[U001846],WEAK,implementation-technique,exhaustive-or-random-pattern-search-is-a-baseline-solver,,not-serious-candidate,not-applicable
L1285,CHAPTERS/07-Mechanisms-in-Programs-and-Nature.md:L541-542[U001847];CHAPTERS/07-Mechanisms-in-Programs-and-Nature.md:L543-544[U001848];CHAPTERS/07-Mechanisms-in-Programs-and-Nature.md:L545-546[U001849];CHAPTERS/07-Mechanisms-in-Programs-and-Nature.md:L547-548[U001850];CHAPTERS/07-Mechanisms-in-Programs-and-Nature.md:L549-550[U001851];CHAPTERS/07-Mechanisms-in-Programs-and-Nature.md:L551-552[U001852],WEAK,implementation-technique,exhaustive-or-random-pattern-search-is-a-baseline-solver,,not-serious-candidate,not-applicable
L1286,CHAPTERS/07-Mechanisms-in-Programs-and-Nature.md:L553-554[U001853];CHAPTERS/07-Mechanisms-in-Programs-and-Nature.md:L555-556[U001854];CHAPTERS/07-Mechanisms-in-Programs-and-Nature.md:L561-562[U001857];CHAPTERS/07-Mechanisms-in-Programs-and-Nature.md:L563-564[U001858];CHAPTERS/07-Mechanisms-in-Programs-and-Nature.md:L565-566[U001859];CHAPTERS/07-Mechanisms-in-Programs-and-Nature.md:L567-568[U001860],SERIOUS,stochastic-local-search,randomly-proposes-a-cell-flip-and-scores-constraint-violations,C085,proposed-addition,F050
L1287,CHAPTERS/07-Mechanisms-in-Programs-and-Nature.md:L567-568[U001860],RESOLVED,stochastic-local-search,constraint-set-is-objective-data-for-the-same-search,,not-serious-candidate,not-applicable
L1288,CHAPTERS/07-Mechanisms-in-Programs-and-Nature.md:L567-568[U001860],RESOLVED,stochastic-local-search,constraint-set-is-objective-data-for-the-same-search,,not-serious-candidate,not-applicable
L1289,CHAPTERS/07-Mechanisms-in-Programs-and-Nature.md:L569-570[U001861];CHAPTERS/07-Mechanisms-in-Programs-and-Nature.md:L575-576[U001864],WEAK,optimization-example,one-dimensional-constraint-illustrates-local-minima,,not-serious-candidate,not-applicable
L1290,CHAPTERS/07-Mechanisms-in-Programs-and-Nature.md:L571-572[U001862];CHAPTERS/07-Mechanisms-in-Programs-and-Nature.md:L573-574[U001863];CHAPTERS/07-Mechanisms-in-Programs-and-Nature.md:L575-576[U001864],SERIOUS,stochastic-local-search,accepts-a-random-bit-flip-only-on-strict-improvement,C085,proposed-addition,F050
L1291,CHAPTERS/07-Mechanisms-in-Programs-and-Nature.md:L577-578[U001865];CHAPTERS/07-Mechanisms-in-Programs-and-Nature.md:L579-580[U001866];CHAPTERS/07-Mechanisms-in-Programs-and-Nature.md:L581-582[U001867];CHAPTERS/07-Mechanisms-in-Programs-and-Nature.md:L583-584[U001868];CHAPTERS/07-Mechanisms-in-Programs-and-Nature.md:L585-586[U001869];CHAPTERS/07-Mechanisms-in-Programs-and-Nature.md:L587-588[U001870];CHAPTERS/07-Mechanisms-in-Programs-and-Nature.md:L589-590[U001871],WEAK,optimization-property,local-minimum-trapping-is-a-search-property,,not-serious-candidate,not-applicable
L1292,CHAPTERS/07-Mechanisms-in-Programs-and-Nature.md:L595-596[U001874];CHAPTERS/07-Mechanisms-in-Programs-and-Nature.md:L597-598[U001875];CHAPTERS/07-Mechanisms-in-Programs-and-Nature.md:L599-600[U001876];CHAPTERS/07-Mechanisms-in-Programs-and-Nature.md:L601-602[U001877],SERIOUS,stochastic-local-search,also-accepts-neutral-random-bit-flips-to-cross-plateaus,C085,proposed-addition,F050
L1293,CHAPTERS/07-Mechanisms-in-Programs-and-Nature.md:L607-608[U001880],WEAK,conceptual-comparison,constraints-summarize-rather-than-define-evolution,,not-serious-candidate,not-applicable
L1294,CHAPTERS/07-Mechanisms-in-Programs-and-Nature.md:L611-612[U001882];CHAPTERS/07-Mechanisms-in-Programs-and-Nature.md:L619-620[U001886];CHAPTERS/07-Mechanisms-in-Programs-and-Nature.md:L621-622[U001887],RESOLVED,fixed-point-constraint-encoding,invariant-ca-states-encode-local-constraints,,not-serious-candidate,not-applicable
L1295,CHAPTERS/07-Mechanisms-in-Programs-and-Nature.md:L613-614[U001883],RESOLVED,cellular-automaton-rule-preset,constraint-invariant-ca-rule-preset,,not-serious-candidate,not-applicable
L1296,CHAPTERS/07-Mechanisms-in-Programs-and-Nature.md:L615-616[U001884],RESOLVED,cellular-automaton-rule-preset,constraint-invariant-ca-rule-preset,,not-serious-candidate,not-applicable
L1297,CHAPTERS/07-Mechanisms-in-Programs-and-Nature.md:L623-624[U001888];CHAPTERS/07-Mechanisms-in-Programs-and-Nature.md:L629-630[U001891];CHAPTERS/07-Mechanisms-in-Programs-and-Nature.md:L631-632[U001892],WEAK,physical-domain-example,coin-or-sphere-packing-motivates-constraint-difficulty,,not-serious-candidate,not-applicable
L1298,CHAPTERS/07-Mechanisms-in-Programs-and-Nature.md:L625-626[U001889];CHAPTERS/07-Mechanisms-in-Programs-and-Nature.md:L633-634[U001893];CHAPTERS/07-Mechanisms-in-Programs-and-Nature.md:L635-636[U001894],WEAK,physical-domain-example,coin-or-sphere-packing-motivates-constraint-difficulty,,not-serious-candidate,not-applicable
L1299,CHAPTERS/07-Mechanisms-in-Programs-and-Nature.md:L637-638[U001895];CHAPTERS/07-Mechanisms-in-Programs-and-Nature.md:L641-642[U001897],SERIOUS,sequential-geometric-packing,places-each-new-circle-as-close-as-possible-to-the-center,C079,proposed-addition,F020
L1300,CHAPTERS/07-Mechanisms-in-Programs-and-Nature.md:L659-660[U001906];CHAPTERS/07-Mechanisms-in-Programs-and-Nature.md:L661-662[U001907],RESOLVED,cellular-automaton-rule-preset,gray-code-sequence-of-ca-rule-presets,,not-serious-candidate,not-applicable
L1301,CHAPTERS/07-Mechanisms-in-Programs-and-Nature.md:L671-672[U001912];CHAPTERS/07-Mechanisms-in-Programs-and-Nature.md:L673-674[U001913],RESOLVED,uniform-growth-rule-preset,mobile-automaton-or-ca-growth-preset,,not-serious-candidate,not-applicable
L1302,CHAPTERS/07-Mechanisms-in-Programs-and-Nature.md:L671-672[U001912];CHAPTERS/07-Mechanisms-in-Programs-and-Nature.md:L673-674[U001913],RESOLVED,uniform-growth-rule-preset,mobile-automaton-or-ca-growth-preset,,not-serious-candidate,not-applicable
L1303,CHAPTERS/07-Mechanisms-in-Programs-and-Nature.md:L675-676[U001914];CHAPTERS/07-Mechanisms-in-Programs-and-Nature.md:L677-678[U001915];CHAPTERS/07-Mechanisms-in-Programs-and-Nature.md:L679-680[U001916],WEAK,behavior-mechanism,figures-explain-uniformity-without-new-mechanics,,not-serious-candidate,not-applicable
L1304,CHAPTERS/07-Mechanisms-in-Programs-and-Nature.md:L675-676[U001914];CHAPTERS/07-Mechanisms-in-Programs-and-Nature.md:L677-678[U001915];CHAPTERS/07-Mechanisms-in-Programs-and-Nature.md:L679-680[U001916],WEAK,behavior-mechanism,figures-explain-uniformity-without-new-mechanics,,not-serious-candidate,not-applicable
L1305,CHAPTERS/07-Mechanisms-in-Programs-and-Nature.md:L683-684[U001918],WEAK,behavior-mechanism,figures-explain-uniformity-without-new-mechanics,,not-serious-candidate,not-applicable
L1306,CHAPTERS/07-Mechanisms-in-Programs-and-Nature.md:L685-686[U001919],WEAK,behavior-mechanism,figures-explain-uniformity-without-new-mechanics,,not-serious-candidate,not-applicable
L1307,CHAPTERS/07-Mechanisms-in-Programs-and-Nature.md:L687-688[U001920];CHAPTERS/07-Mechanisms-in-Programs-and-Nature.md:L689-690[U001921],WEAK,behavior-mechanism,figures-explain-uniformity-without-new-mechanics,,not-serious-candidate,not-applicable
L1308,CHAPTERS/07-Mechanisms-in-Programs-and-Nature.md:L691-692[U001922];CHAPTERS/07-Mechanisms-in-Programs-and-Nature.md:L693-694[U001923];CHAPTERS/07-Mechanisms-in-Programs-and-Nature.md:L695-696[U001924];CHAPTERS/07-Mechanisms-in-Programs-and-Nature.md:L697-698[U001925];CHAPTERS/07-Mechanisms-in-Programs-and-Nature.md:L699-700[U001926],WEAK,behavior-mechanism,figures-explain-uniformity-without-new-mechanics,,not-serious-candidate,not-applicable
L1309,CHAPTERS/07-Mechanisms-in-Programs-and-Nature.md:L703-704[U001928];CHAPTERS/07-Mechanisms-in-Programs-and-Nature.md:L705-706[U001929];CHAPTERS/07-Mechanisms-in-Programs-and-Nature.md:L707-708[U001930],WEAK,behavior-mechanism,figures-explain-uniformity-without-new-mechanics,,not-serious-candidate,not-applicable
L1310,CHAPTERS/07-Mechanisms-in-Programs-and-Nature.md:L715-716[U001934],RESOLVED,local-template-constraint,uniform-color-constraint-is-a-preset,,not-serious-candidate,not-applicable
L1311,CHAPTERS/07-Mechanisms-in-Programs-and-Nature.md:L717-718[U001935];CHAPTERS/07-Mechanisms-in-Programs-and-Nature.md:L719-720[U001936];CHAPTERS/07-Mechanisms-in-Programs-and-Nature.md:L721-722[U001937];CHAPTERS/07-Mechanisms-in-Programs-and-Nature.md:L723-724[U001938];CHAPTERS/07-Mechanisms-in-Programs-and-Nature.md:L725-726[U001939],WEAK,behavior-property,temporal-repetition-is-a-system-property,,not-serious-candidate,not-applicable
L1312,CHAPTERS/07-Mechanisms-in-Programs-and-Nature.md:L743-744[U001948];CHAPTERS/07-Mechanisms-in-Programs-and-Nature.md:L749-750[U001951],WEAK,behavior-example,figures-illustrate-domain-coarsening-and-repetition,,not-serious-candidate,not-applicable
L1313,CHAPTERS/07-Mechanisms-in-Programs-and-Nature.md:L745-746[U001949];CHAPTERS/07-Mechanisms-in-Programs-and-Nature.md:L749-750[U001951],WEAK,behavior-example,figures-illustrate-domain-coarsening-and-repetition,,not-serious-candidate,not-applicable
L1314,CHAPTERS/07-Mechanisms-in-Programs-and-Nature.md:L747-748[U001950];CHAPTERS/07-Mechanisms-in-Programs-and-Nature.md:L749-750[U001951],WEAK,behavior-example,figures-illustrate-domain-coarsening-and-repetition,,not-serious-candidate,not-applicable
L1315,CHAPTERS/07-Mechanisms-in-Programs-and-Nature.md:L751-752[U001952];CHAPTERS/07-Mechanisms-in-Programs-and-Nature.md:L753-754[U001953];CHAPTERS/07-Mechanisms-in-Programs-and-Nature.md:L755-756[U001954];CHAPTERS/07-Mechanisms-in-Programs-and-Nature.md:L757-758[U001955];CHAPTERS/07-Mechanisms-in-Programs-and-Nature.md:L759-760[U001956];CHAPTERS/07-Mechanisms-in-Programs-and-Nature.md:L761-762[U001957],WEAK,behavior-example,figures-illustrate-domain-coarsening-and-repetition,,not-serious-candidate,not-applicable
L1316,CHAPTERS/07-Mechanisms-in-Programs-and-Nature.md:L763-764[U001958];CHAPTERS/07-Mechanisms-in-Programs-and-Nature.md:L765-766[U001959],WEAK,behavior-example,figures-illustrate-domain-coarsening-and-repetition,,not-serious-candidate,not-applicable
L1317,CHAPTERS/07-Mechanisms-in-Programs-and-Nature.md:L767-768[U001960];CHAPTERS/07-Mechanisms-in-Programs-and-Nature.md:L769-770[U001961];CHAPTERS/07-Mechanisms-in-Programs-and-Nature.md:L771-772[U001962];CHAPTERS/07-Mechanisms-in-Programs-and-Nature.md:L773-774[U001963];CHAPTERS/07-Mechanisms-in-Programs-and-Nature.md:L775-776[U001964];CHAPTERS/07-Mechanisms-in-Programs-and-Nature.md:L777-778[U001965],WEAK,behavior-example,figures-illustrate-domain-coarsening-and-repetition,,not-serious-candidate,not-applicable
L1318,CHAPTERS/07-Mechanisms-in-Programs-and-Nature.md:L783-784[U001968];CHAPTERS/07-Mechanisms-in-Programs-and-Nature.md:L785-786[U001969];CHAPTERS/07-Mechanisms-in-Programs-and-Nature.md:L787-788[U001970],RESOLVED,parallel-block-substitution,splitting-elements-routes-to-substitution-mechanics,,not-serious-candidate,not-applicable
L1319,CHAPTERS/07-Mechanisms-in-Programs-and-Nature.md:L783-784[U001968];CHAPTERS/07-Mechanisms-in-Programs-and-Nature.md:L785-786[U001969];CHAPTERS/07-Mechanisms-in-Programs-and-Nature.md:L787-788[U001970],RESOLVED,parallel-block-substitution,splitting-elements-routes-to-substitution-mechanics,,not-serious-candidate,not-applicable
L1320,CHAPTERS/07-Mechanisms-in-Programs-and-Nature.md:L789-790[U001971];CHAPTERS/07-Mechanisms-in-Programs-and-Nature.md:L791-792[U001972];CHAPTERS/07-Mechanisms-in-Programs-and-Nature.md:L793-794[U001973];CHAPTERS/07-Mechanisms-in-Programs-and-Nature.md:L795-796[U001974],RESOLVED,branching-substitution-alias,branching-tree-is-an-equivalent-substitution-view,,not-serious-candidate,not-applicable
L1321,CHAPTERS/07-Mechanisms-in-Programs-and-Nature.md:L789-790[U001971];CHAPTERS/07-Mechanisms-in-Programs-and-Nature.md:L791-792[U001972];CHAPTERS/07-Mechanisms-in-Programs-and-Nature.md:L793-794[U001973];CHAPTERS/07-Mechanisms-in-Programs-and-Nature.md:L795-796[U001974],RESOLVED,branching-substitution-alias,branching-tree-is-an-equivalent-substitution-view,,not-serious-candidate,not-applicable
L1322,CHAPTERS/07-Mechanisms-in-Programs-and-Nature.md:L789-790[U001971];CHAPTERS/07-Mechanisms-in-Programs-and-Nature.md:L791-792[U001972];CHAPTERS/07-Mechanisms-in-Programs-and-Nature.md:L793-794[U001973];CHAPTERS/07-Mechanisms-in-Programs-and-Nature.md:L795-796[U001974],RESOLVED,branching-substitution-alias,branching-tree-is-an-equivalent-substitution-view,,not-serious-candidate,not-applicable
L1323,CHAPTERS/07-Mechanisms-in-Programs-and-Nature.md:L789-790[U001971];CHAPTERS/07-Mechanisms-in-Programs-and-Nature.md:L791-792[U001972];CHAPTERS/07-Mechanisms-in-Programs-and-Nature.md:L793-794[U001973];CHAPTERS/07-Mechanisms-in-Programs-and-Nature.md:L795-796[U001974],RESOLVED,branching-substitution-alias,branching-tree-is-an-equivalent-substitution-view,,not-serious-candidate,not-applicable
L1324,CHAPTERS/07-Mechanisms-in-Programs-and-Nature.md:L801-802[U001977];CHAPTERS/07-Mechanisms-in-Programs-and-Nature.md:L803-804[U001978];CHAPTERS/07-Mechanisms-in-Programs-and-Nature.md:L805-806[U001979];CHAPTERS/07-Mechanisms-in-Programs-and-Nature.md:L811-812[U001982],RESOLVED,cellular-automaton-rule-preset,additive-ca-nesting-preset,,not-serious-candidate,not-applicable
L1325,CHAPTERS/07-Mechanisms-in-Programs-and-Nature.md:L801-802[U001977];CHAPTERS/07-Mechanisms-in-Programs-and-Nature.md:L807-808[U001980];CHAPTERS/07-Mechanisms-in-Programs-and-Nature.md:L809-810[U001981];CHAPTERS/07-Mechanisms-in-Programs-and-Nature.md:L811-812[U001982],RESOLVED,cellular-automaton-rule-preset,additive-ca-nesting-preset,,not-serious-candidate,not-applicable
L1326,CHAPTERS/07-Mechanisms-in-Programs-and-Nature.md:L813-814[U001983];CHAPTERS/07-Mechanisms-in-Programs-and-Nature.md:L815-816[U001984];CHAPTERS/07-Mechanisms-in-Programs-and-Nature.md:L819-820[U001986],SERIOUS,branching-annihilating-particle-system,branches-appear-on-a-schedule-and-pairs-annihilate-on-contact,C009,covered-by-existing-family,F033
L1327,CHAPTERS/07-Mechanisms-in-Programs-and-Nature.md:L813-814[U001983];CHAPTERS/07-Mechanisms-in-Programs-and-Nature.md:L817-818[U001985];CHAPTERS/07-Mechanisms-in-Programs-and-Nature.md:L819-820[U001986],RESOLVED,branching-annihilating-particle-system,duplicate-branch-and-annihilation-description,,not-serious-candidate,not-applicable
L1328,CHAPTERS/07-Mechanisms-in-Programs-and-Nature.md:L821-822[U001987];CHAPTERS/07-Mechanisms-in-Programs-and-Nature.md:L823-824[U001988];CHAPTERS/07-Mechanisms-in-Programs-and-Nature.md:L825-826[U001989];CHAPTERS/07-Mechanisms-in-Programs-and-Nature.md:L827-828[U001990];CHAPTERS/07-Mechanisms-in-Programs-and-Nature.md:L829-830[U001991];CHAPTERS/07-Mechanisms-in-Programs-and-Nature.md:L831-832[U001992];CHAPTERS/07-Mechanisms-in-Programs-and-Nature.md:L835-836[U001994],RESOLVED,annihilating-domain-wall-observer,rule-184-stripes-map-to-annihilating-particles,,not-serious-candidate,not-applicable
L1329,CHAPTERS/07-Mechanisms-in-Programs-and-Nature.md:L837-838[U001995];CHAPTERS/07-Mechanisms-in-Programs-and-Nature.md:L839-840[U001996];CHAPTERS/07-Mechanisms-in-Programs-and-Nature.md:L841-842[U001997];CHAPTERS/07-Mechanisms-in-Programs-and-Nature.md:L843-844[U001998],RESOLVED,block-sampling-observer,coarse-grains-rule-110-evolution-by-fixed-blocks,,not-serious-candidate,not-applicable
L1330,CHAPTERS/07-Mechanisms-in-Programs-and-Nature.md:L845-846[U001999];CHAPTERS/07-Mechanisms-in-Programs-and-Nature.md:L847-848[U002000];CHAPTERS/07-Mechanisms-in-Programs-and-Nature.md:L849-850[U002001];CHAPTERS/07-Mechanisms-in-Programs-and-Nature.md:L859-860[U002005];CHAPTERS/07-Mechanisms-in-Programs-and-Nature.md:L861-862[U002006],WEAK,behavior-example,domain-boundary-figures-report-emergent-behavior,,not-serious-candidate,not-applicable
L1331,CHAPTERS/07-Mechanisms-in-Programs-and-Nature.md:L855-856[U002003];CHAPTERS/07-Mechanisms-in-Programs-and-Nature.md:L857-858[U002004];CHAPTERS/07-Mechanisms-in-Programs-and-Nature.md:L859-860[U002005];CHAPTERS/07-Mechanisms-in-Programs-and-Nature.md:L861-862[U002006],WEAK,behavior-example,domain-boundary-figures-report-emergent-behavior,,not-serious-candidate,not-applicable
L1332,CHAPTERS/07-Mechanisms-in-Programs-and-Nature.md:L859-860[U002005],WEAK,behavior-example,domain-boundary-figures-report-emergent-behavior,,not-serious-candidate,not-applicable
L1333,BACK-MATTER/NOTES/07-Mechanisms-in-Programs-and-Nature-Notes.md:L14-15[U006598];BACK-MATTER/NOTES/07-Mechanisms-in-Programs-and-Nature-Notes.md:L33-36[U006606];BACK-MATTER/NOTES/07-Mechanisms-in-Programs-and-Nature-Notes.md:L37-38[U006607];BACK-MATTER/NOTES/07-Mechanisms-in-Programs-and-Nature-Notes.md:L39-40[U006608],WEAK,historical-commentary,historical-randomness-devices-do-not-add-mechanics,,not-serious-candidate,not-applicable
L1334,BACK-MATTER/NOTES/07-Mechanisms-in-Programs-and-Nature-Notes.md:L18-22[U006600],RESOLVED,stochastic-state-update,stochastic-model-is-the-random-transition-alias,,not-serious-candidate,not-applicable
L1335,BACK-MATTER/NOTES/07-Mechanisms-in-Programs-and-Nature-Notes.md:L18-22[U006600],RESOLVED,stochastic-state-update,stochastic-model-is-the-random-transition-alias,,not-serious-candidate,not-applicable
L1336,BACK-MATTER/NOTES/07-Mechanisms-in-Programs-and-Nature-Notes.md:L23-24[U006601];BACK-MATTER/NOTES/07-Mechanisms-in-Programs-and-Nature-Notes.md:L41-42[U006609],WEAK,physical-domain-example,electrical-noise-types-are-application-examples,,not-serious-candidate,not-applicable
L1337,BACK-MATTER/NOTES/07-Mechanisms-in-Programs-and-Nature-Notes.md:L25-26[U006602];BACK-MATTER/NOTES/07-Mechanisms-in-Programs-and-Nature-Notes.md:L41-42[U006609],WEAK,physical-domain-example,electrical-noise-types-are-application-examples,,not-serious-candidate,not-applicable
L1338,BACK-MATTER/NOTES/07-Mechanisms-in-Programs-and-Nature-Notes.md:L27-28[U006603];BACK-MATTER/NOTES/07-Mechanisms-in-Programs-and-Nature-Notes.md:L41-42[U006609],WEAK,physical-domain-example,electrical-noise-types-are-application-examples,,not-serious-candidate,not-applicable
L1339,BACK-MATTER/NOTES/07-Mechanisms-in-Programs-and-Nature-Notes.md:L29-30[U006604];BACK-MATTER/NOTES/07-Mechanisms-in-Programs-and-Nature-Notes.md:L31-32[U006605];BACK-MATTER/NOTES/07-Mechanisms-in-Programs-and-Nature-Notes.md:L280-281[U006704],RESOLVED,power-spectrum-observer,fourier-power-measures-random-process-output,,not-serious-candidate,not-applicable
L1340,BACK-MATTER/NOTES/07-Mechanisms-in-Programs-and-Nature-Notes.md:L41-42[U006609],WEAK,physical-domain-example,electronic-quantum-or-biological-noise-is-an-example,,not-serious-candidate,not-applicable
L1341,BACK-MATTER/NOTES/07-Mechanisms-in-Programs-and-Nature-Notes.md:L43-45[U006610],WEAK,physical-domain-example,electronic-quantum-or-biological-noise-is-an-example,,not-serious-candidate,not-applicable
L1342,BACK-MATTER/NOTES/07-Mechanisms-in-Programs-and-Nature-Notes.md:L43-45[U006610],WEAK,physical-domain-example,electronic-quantum-or-biological-noise-is-an-example,,not-serious-candidate,not-applicable
L1343,BACK-MATTER/NOTES/07-Mechanisms-in-Programs-and-Nature-Notes.md:L46-47[U006611];BACK-MATTER/NOTES/07-Mechanisms-in-Programs-and-Nature-Notes.md:L48-49[U006612],WEAK,physical-domain-example,electronic-quantum-or-biological-noise-is-an-example,,not-serious-candidate,not-applicable
L1344,BACK-MATTER/NOTES/07-Mechanisms-in-Programs-and-Nature-Notes.md:L52-53[U006614],WEAK,physical-domain-example,electronic-quantum-or-biological-noise-is-an-example,,not-serious-candidate,not-applicable
L1345,BACK-MATTER/NOTES/07-Mechanisms-in-Programs-and-Nature-Notes.md:L58-59[U006617],RESOLVED,continuous-time-differential-system,rolling-ball-deceleration-is-a-differential-rule-preset,,not-serious-candidate,not-applicable
L1346,BACK-MATTER/NOTES/07-Mechanisms-in-Programs-and-Nature-Notes.md:L60-61[U006618];BACK-MATTER/NOTES/07-Mechanisms-in-Programs-and-Nature-Notes.md:L62-63[U006619],SERIOUS,continuous-billiard-dynamics,continuous-motion-is-interrupted-by-boundary-collisions,C013,proposed-addition,F006
L1347,BACK-MATTER/NOTES/07-Mechanisms-in-Programs-and-Nature-Notes.md:L67-71[U006621];BACK-MATTER/NOTES/07-Mechanisms-in-Programs-and-Nature-Notes.md:L72-73[U006622];BACK-MATTER/NOTES/07-Mechanisms-in-Programs-and-Nature-Notes.md:L74-75[U006623];BACK-MATTER/NOTES/07-Mechanisms-in-Programs-and-Nature-Notes.md:L76-77[U006624],WEAK,chaos-property,sensitive-dependence-and-recognition-are-properties,,not-serious-candidate,not-applicable
L1348,BACK-MATTER/NOTES/07-Mechanisms-in-Programs-and-Nature-Notes.md:L80-81[U006626];BACK-MATTER/NOTES/07-Mechanisms-in-Programs-and-Nature-Notes.md:L82-83[U006627];BACK-MATTER/NOTES/07-Mechanisms-in-Programs-and-Nature-Notes.md:L84-85[U006628];BACK-MATTER/NOTES/07-Mechanisms-in-Programs-and-Nature-Notes.md:L86-87[U006629],RESOLVED,continuous-time-differential-system,three-body-equation-is-a-continuous-dynamics-preset,,not-serious-candidate,not-applicable
L1349,BACK-MATTER/NOTES/07-Mechanisms-in-Programs-and-Nature-Notes.md:L88-89[U006630];BACK-MATTER/NOTES/07-Mechanisms-in-Programs-and-Nature-Notes.md:L90-91[U006631],WEAK,physical-domain-example,solar-system-randomness-is-an-application-discussion,,not-serious-candidate,not-applicable
L1350,BACK-MATTER/NOTES/07-Mechanisms-in-Programs-and-Nature-Notes.md:L99-100[U006634];BACK-MATTER/NOTES/07-Mechanisms-in-Programs-and-Nature-Notes.md:L101-105[U006635];BACK-MATTER/NOTES/07-Mechanisms-in-Programs-and-Nature-Notes.md:L106-107[U006636];BACK-MATTER/NOTES/07-Mechanisms-in-Programs-and-Nature-Notes.md:L108-109[U006637],RESOLVED,sequence-permutation-map,perfect-riffle-shuffle-is-an-iterated-permutation-preset,,not-serious-candidate,not-applicable
L1351,BACK-MATTER/NOTES/07-Mechanisms-in-Programs-and-Nature-Notes.md:L112-113[U006639];BACK-MATTER/NOTES/07-Mechanisms-in-Programs-and-Nature-Notes.md:L114-115[U006640];BACK-MATTER/NOTES/07-Mechanisms-in-Programs-and-Nature-Notes.md:L116-117[U006641];BACK-MATTER/NOTES/07-Mechanisms-in-Programs-and-Nature-Notes.md:L118-119[U006642];BACK-MATTER/NOTES/07-Mechanisms-in-Programs-and-Nature-Notes.md:L120-121[U006643];BACK-MATTER/NOTES/07-Mechanisms-in-Programs-and-Nature-Notes.md:L122-123[U006644];BACK-MATTER/NOTES/07-Mechanisms-in-Programs-and-Nature-Notes.md:L124-128[U006645];BACK-MATTER/NOTES/07-Mechanisms-in-Programs-and-Nature-Notes.md:L129-130[U006646];BACK-MATTER/NOTES/07-Mechanisms-in-Programs-and-Nature-Notes.md:L131-132[U006647],RESOLVED,finite-modular-map,linear-congruential-generator-routes-to-a-finite-map,,not-serious-candidate,not-applicable
L1352,BACK-MATTER/NOTES/07-Mechanisms-in-Programs-and-Nature-Notes.md:L135-136[U006649];BACK-MATTER/NOTES/07-Mechanisms-in-Programs-and-Nature-Notes.md:L137-141[U006650];BACK-MATTER/NOTES/07-Mechanisms-in-Programs-and-Nature-Notes.md:L142-143[U006651];BACK-MATTER/NOTES/07-Mechanisms-in-Programs-and-Nature-Notes.md:L144-148[U006652];BACK-MATTER/NOTES/07-Mechanisms-in-Programs-and-Nature-Notes.md:L151-152[U006654];BACK-MATTER/NOTES/07-Mechanisms-in-Programs-and-Nature-Notes.md:L153-156[U006655];BACK-MATTER/NOTES/07-Mechanisms-in-Programs-and-Nature-Notes.md:L159-160[U006657];BACK-MATTER/NOTES/07-Mechanisms-in-Programs-and-Nature-Notes.md:L161-165[U006658];BACK-MATTER/NOTES/07-Mechanisms-in-Programs-and-Nature-Notes.md:L166-167[U006659],RESOLVED,finite-shift-register-recurrence,lfsr-is-a-finite-memory-additive-recurrence,,not-serious-candidate,not-applicable
L1353,BACK-MATTER/NOTES/07-Mechanisms-in-Programs-and-Nature-Notes.md:L170-171[U006661];BACK-MATTER/NOTES/07-Mechanisms-in-Programs-and-Nature-Notes.md:L172-175[U006662],RESOLVED,finite-shift-register-recurrence,generalized-fibonacci-generator-is-a-feedback-recurrence,,not-serious-candidate,not-applicable
L1354,BACK-MATTER/NOTES/07-Mechanisms-in-Programs-and-Nature-Notes.md:L176-177[U006663],RESOLVED,random-sequence-generator-alias,stream-cipher-output-is-used-as-a-random-sequence,,not-serious-candidate,not-applicable
L1355,BACK-MATTER/NOTES/07-Mechanisms-in-Programs-and-Nature-Notes.md:L178-179[U006664];BACK-MATTER/NOTES/07-Mechanisms-in-Programs-and-Nature-Notes.md:L180-183[U006665],RESOLVED,finite-modular-map,quadratic-congruential-generator-is-a-map-preset,,not-serious-candidate,not-applicable
L1356,BACK-MATTER/NOTES/07-Mechanisms-in-Programs-and-Nature-Notes.md:L184-185[U006666];BACK-MATTER/NOTES/07-Mechanisms-in-Programs-and-Nature-Notes.md:L186-189[U006667];BACK-MATTER/NOTES/07-Mechanisms-in-Programs-and-Nature-Notes.md:L190-191[U006668],RESOLVED,finite-modular-map,quadratic-congruential-generator-is-a-map-preset,,not-serious-candidate,not-applicable
L1357,BACK-MATTER/NOTES/07-Mechanisms-in-Programs-and-Nature-Notes.md:L192-193[U006669],RESOLVED,cell-sequence-observer,ca-generator-extracts-a-repeatable-output-stream,,not-serious-candidate,not-applicable
L1358,BACK-MATTER/NOTES/07-Mechanisms-in-Programs-and-Nature-Notes.md:L194-195[U006670];BACK-MATTER/NOTES/07-Mechanisms-in-Programs-and-Nature-Notes.md:L196-200[U006671];BACK-MATTER/NOTES/07-Mechanisms-in-Programs-and-Nature-Notes.md:L201-202[U006672],RESOLVED,random-bit-postprocessor,maps-uniform-bits-to-a-biased-output-bit,,not-serious-candidate,not-applicable
L1359,BACK-MATTER/NOTES/07-Mechanisms-in-Programs-and-Nature-Notes.md:L203-206[U006673];BACK-MATTER/NOTES/07-Mechanisms-in-Programs-and-Nature-Notes.md:L207-210[U006674];BACK-MATTER/NOTES/07-Mechanisms-in-Programs-and-Nature-Notes.md:L211-212[U006675],WEAK,randomness-property,repeatability-test-is-an-output-property,,not-serious-candidate,not-applicable
L1360,BACK-MATTER/NOTES/07-Mechanisms-in-Programs-and-Nature-Notes.md:L213-214[U006676],WEAK,implementation-technique,partial-differential-equation-is-an-approximation-method,,not-serious-candidate,not-applicable
L1361,BACK-MATTER/NOTES/07-Mechanisms-in-Programs-and-Nature-Notes.md:L221-223[U006680];BACK-MATTER/NOTES/07-Mechanisms-in-Programs-and-Nature-Notes.md:L224-225[U006681];BACK-MATTER/NOTES/07-Mechanisms-in-Programs-and-Nature-Notes.md:L226-227[U006682];BACK-MATTER/NOTES/07-Mechanisms-in-Programs-and-Nature-Notes.md:L228-229[U006683];BACK-MATTER/NOTES/07-Mechanisms-in-Programs-and-Nature-Notes.md:L230-231[U006684],WEAK,conceptual-comparison,explains-discreteness-in-programs,,not-serious-candidate,not-applicable
L1362,BACK-MATTER/NOTES/07-Mechanisms-in-Programs-and-Nature-Notes.md:L232-234[U006685];BACK-MATTER/NOTES/07-Mechanisms-in-Programs-and-Nature-Notes.md:L235-236[U006686],WEAK,historical-commentary,probability-history-does-not-add-mechanics,,not-serious-candidate,not-applicable
L1363,BACK-MATTER/NOTES/07-Mechanisms-in-Programs-and-Nature-Notes.md:L237-238[U006687];BACK-MATTER/NOTES/07-Mechanisms-in-Programs-and-Nature-Notes.md:L239-240[U006688];BACK-MATTER/NOTES/07-Mechanisms-in-Programs-and-Nature-Notes.md:L241-242[U006689],WEAK,distribution-property,extreme-value-and-random-matrix-laws-are-properties,,not-serious-candidate,not-applicable
L1364,BACK-MATTER/NOTES/07-Mechanisms-in-Programs-and-Nature-Notes.md:L243-244[U006690];BACK-MATTER/NOTES/07-Mechanisms-in-Programs-and-Nature-Notes.md:L245-246[U006691];BACK-MATTER/NOTES/07-Mechanisms-in-Programs-and-Nature-Notes.md:L247-248[U006692];BACK-MATTER/NOTES/07-Mechanisms-in-Programs-and-Nature-Notes.md:L249-250[U006693],WEAK,distribution-property,extreme-value-and-random-matrix-laws-are-properties,,not-serious-candidate,not-applicable
L1365,BACK-MATTER/NOTES/07-Mechanisms-in-Programs-and-Nature-Notes.md:L253-254[U006695];BACK-MATTER/NOTES/07-Mechanisms-in-Programs-and-Nature-Notes.md:L255-258[U006696];BACK-MATTER/NOTES/07-Mechanisms-in-Programs-and-Nature-Notes.md:L259-260[U006697];BACK-MATTER/NOTES/07-Mechanisms-in-Programs-and-Nature-Notes.md:L261-264[U006698];BACK-MATTER/NOTES/07-Mechanisms-in-Programs-and-Nature-Notes.md:L265-266[U006699];BACK-MATTER/NOTES/07-Mechanisms-in-Programs-and-Nature-Notes.md:L267-271[U006700];BACK-MATTER/NOTES/07-Mechanisms-in-Programs-and-Nature-Notes.md:L272-273[U006701];BACK-MATTER/NOTES/07-Mechanisms-in-Programs-and-Nature-Notes.md:L274-277[U006702];BACK-MATTER/NOTES/07-Mechanisms-in-Programs-and-Nature-Notes.md:L278-279[U006703];BACK-MATTER/NOTES/07-Mechanisms-in-Programs-and-Nature-Notes.md:L282-283[U006705];BACK-MATTER/NOTES/07-Mechanisms-in-Programs-and-Nature-Notes.md:L284-285[U006706];BACK-MATTER/NOTES/07-Mechanisms-in-Programs-and-Nature-Notes.md:L286-289[U006707];BACK-MATTER/NOTES/07-Mechanisms-in-Programs-and-Nature-Notes.md:L290-291[U006708];BACK-MATTER/NOTES/07-Mechanisms-in-Programs-and-Nature-Notes.md:L292-295[U006709];BACK-MATTER/NOTES/07-Mechanisms-in-Programs-and-Nature-Notes.md:L296-297[U006710],RESOLVED,stochastic-random-walk,code-formula-routes-to-random-walk-mechanics,,not-serious-candidate,not-applicable
L1366,BACK-MATTER/NOTES/07-Mechanisms-in-Programs-and-Nature-Notes.md:L272-273[U006701];BACK-MATTER/NOTES/07-Mechanisms-in-Programs-and-Nature-Notes.md:L274-277[U006702];BACK-MATTER/NOTES/07-Mechanisms-in-Programs-and-Nature-Notes.md:L278-279[U006703],WEAK,random-walk-property,displacement-and-extreme-value-laws-are-properties,,not-serious-candidate,not-applicable
L1367,BACK-MATTER/NOTES/07-Mechanisms-in-Programs-and-Nature-Notes.md:L304-305[U006713];BACK-MATTER/NOTES/07-Mechanisms-in-Programs-and-Nature-Notes.md:L306-307[U006714],WEAK,random-walk-property,displacement-and-extreme-value-laws-are-properties,,not-serious-candidate,not-applicable
L1368,BACK-MATTER/NOTES/07-Mechanisms-in-Programs-and-Nature-Notes.md:L308-309[U006715],RESOLVED,stochastic-random-walk,sources-absorbers-and-reflectors-are-boundary-roles,,not-serious-candidate,not-applicable
L1369,BACK-MATTER/NOTES/07-Mechanisms-in-Programs-and-Nature-Notes.md:L308-309[U006715],RESOLVED,stochastic-random-walk,sources-absorbers-and-reflectors-are-boundary-roles,,not-serious-candidate,not-applicable
L1370,BACK-MATTER/NOTES/07-Mechanisms-in-Programs-and-Nature-Notes.md:L312-313[U006717];BACK-MATTER/NOTES/07-Mechanisms-in-Programs-and-Nature-Notes.md:L314-315[U006718],SERIOUS,self-avoiding-random-walk,step-choice-depends-on-the-entire-visited-position-set,C076,covered-by-existing-family,F031
L1371,BACK-MATTER/NOTES/07-Mechanisms-in-Programs-and-Nature-Notes.md:L316-317[U006719];BACK-MATTER/NOTES/07-Mechanisms-in-Programs-and-Nature-Notes.md:L318-319[U006720];BACK-MATTER/NOTES/07-Mechanisms-in-Programs-and-Nature-Notes.md:L320-321[U006721];BACK-MATTER/NOTES/07-Mechanisms-in-Programs-and-Nature-Notes.md:L322-328[U006722];BACK-MATTER/NOTES/07-Mechanisms-in-Programs-and-Nature-Notes.md:L329-330[U006723];BACK-MATTER/NOTES/07-Mechanisms-in-Programs-and-Nature-Notes.md:L331-332[U006724],RESOLVED,stochastic-frontier-aggregation,eden-model-history-routes-to-frontier-aggregation,,not-serious-candidate,not-applicable
L1372,BACK-MATTER/NOTES/07-Mechanisms-in-Programs-and-Nature-Notes.md:L331-332[U006724];BACK-MATTER/NOTES/07-Mechanisms-in-Programs-and-Nature-Notes.md:L333-338[U006725],RESOLVED,stochastic-frontier-aggregation,type-a-and-type-b-eden-choices-are-sampling-presets,,not-serious-candidate,not-applicable
L1373,BACK-MATTER/NOTES/07-Mechanisms-in-Programs-and-Nature-Notes.md:L341-342[U006727];BACK-MATTER/NOTES/07-Mechanisms-in-Programs-and-Nature-Notes.md:L343-344[U006728];BACK-MATTER/NOTES/07-Mechanisms-in-Programs-and-Nature-Notes.md:L353-354[U006733],RESOLVED,stochastic-frontier-aggregation,neighborhood-template-is-an-eligibility-rule,,not-serious-candidate,not-applicable
L1374,BACK-MATTER/NOTES/07-Mechanisms-in-Programs-and-Nature-Notes.md:L345-346[U006729];BACK-MATTER/NOTES/07-Mechanisms-in-Programs-and-Nature-Notes.md:L347-348[U006730];BACK-MATTER/NOTES/07-Mechanisms-in-Programs-and-Nature-Notes.md:L349-350[U006731];BACK-MATTER/NOTES/07-Mechanisms-in-Programs-and-Nature-Notes.md:L351-352[U006732];BACK-MATTER/NOTES/07-Mechanisms-in-Programs-and-Nature-Notes.md:L353-354[U006733],WEAK,aggregation-property,termination-and-undecidability-are-properties,,not-serious-candidate,not-applicable
L1375,BACK-MATTER/NOTES/07-Mechanisms-in-Programs-and-Nature-Notes.md:L355-356[U006734];BACK-MATTER/NOTES/07-Mechanisms-in-Programs-and-Nature-Notes.md:L357-358[U006735],RESOLVED,stochastic-frontier-aggregation,one-dimensional-template-rule-preset,,not-serious-candidate,not-applicable
L1376,BACK-MATTER/NOTES/07-Mechanisms-in-Programs-and-Nature-Notes.md:L359-360[U006736];BACK-MATTER/NOTES/07-Mechanisms-in-Programs-and-Nature-Notes.md:L361-362[U006737];BACK-MATTER/NOTES/07-Mechanisms-in-Programs-and-Nature-Notes.md:L363-364[U006738];BACK-MATTER/NOTES/07-Mechanisms-in-Programs-and-Nature-Notes.md:L365-366[U006739],SERIOUS,diffusion-limited-aggregation,a-random-walker-sticks-at-first-contact-with-the-cluster,C016,proposed-addition,F016
L1377,BACK-MATTER/NOTES/07-Mechanisms-in-Programs-and-Nature-Notes.md:L367-368[U006740];BACK-MATTER/NOTES/07-Mechanisms-in-Programs-and-Nature-Notes.md:L369-370[U006741];BACK-MATTER/NOTES/07-Mechanisms-in-Programs-and-Nature-Notes.md:L373-374[U006743],RESOLVED,growth-rule-preset,code-746-and-related-growth-rules-are-presets,,not-serious-candidate,not-applicable
L1378,BACK-MATTER/NOTES/07-Mechanisms-in-Programs-and-Nature-Notes.md:L371-372[U006742];BACK-MATTER/NOTES/07-Mechanisms-in-Programs-and-Nature-Notes.md:L373-374[U006743],RESOLVED,growth-rule-preset,code-746-and-related-growth-rules-are-presets,,not-serious-candidate,not-applicable
L1379,BACK-MATTER/NOTES/07-Mechanisms-in-Programs-and-Nature-Notes.md:L296-297[U006710];BACK-MATTER/NOTES/07-Mechanisms-in-Programs-and-Nature-Notes.md:L298-301[U006711];BACK-MATTER/NOTES/07-Mechanisms-in-Programs-and-Nature-Notes.md:L375-376[U006744];BACK-MATTER/NOTES/07-Mechanisms-in-Programs-and-Nature-Notes.md:L377-381[U006745];BACK-MATTER/NOTES/07-Mechanisms-in-Programs-and-Nature-Notes.md:L382-383[U006746];BACK-MATTER/NOTES/07-Mechanisms-in-Programs-and-Nature-Notes.md:L384-389[U006747];BACK-MATTER/NOTES/07-Mechanisms-in-Programs-and-Nature-Notes.md:L390-391[U006748];BACK-MATTER/NOTES/07-Mechanisms-in-Programs-and-Nature-Notes.md:L392-393[U006749],WEAK,random-walk-property,average-isotropy-is-a-walk-property,,not-serious-candidate,not-applicable
L1380,BACK-MATTER/NOTES/07-Mechanisms-in-Programs-and-Nature-Notes.md:L394-395[U006750],WEAK,approximation-property,finite-difference-isotropy-is-an-analysis-claim,,not-serious-candidate,not-applicable
L1381,BACK-MATTER/NOTES/07-Mechanisms-in-Programs-and-Nature-Notes.md:L396-397[U006751],RESOLVED,interface-observer,derives-effective-motion-of-domain-boundaries,,not-serious-candidate,not-applicable
L1382,BACK-MATTER/NOTES/07-Mechanisms-in-Programs-and-Nature-Notes.md:L398-399[U006752];BACK-MATTER/NOTES/07-Mechanisms-in-Programs-and-Nature-Notes.md:L415-417[U006759],RESOLVED,cellular-automaton-rule-preset,domain-forming-two-dimensional-ca-preset,,not-serious-candidate,not-applicable
L1383,BACK-MATTER/NOTES/07-Mechanisms-in-Programs-and-Nature-Notes.md:L404-405[U006755],WEAK,phase-transition-property,rule-surveys-and-thresholds-describe-behavior,,not-serious-candidate,not-applicable
L1384,BACK-MATTER/NOTES/07-Mechanisms-in-Programs-and-Nature-Notes.md:L404-405[U006755];BACK-MATTER/NOTES/07-Mechanisms-in-Programs-and-Nature-Notes.md:L406-410[U006756],WEAK,phase-transition-property,rule-surveys-and-thresholds-describe-behavior,,not-serious-candidate,not-applicable
L1385,BACK-MATTER/NOTES/07-Mechanisms-in-Programs-and-Nature-Notes.md:L411-412[U006757];BACK-MATTER/NOTES/07-Mechanisms-in-Programs-and-Nature-Notes.md:L413-414[U006758],WEAK,phase-transition-property,rule-surveys-and-thresholds-describe-behavior,,not-serious-candidate,not-applicable
L1386,BACK-MATTER/NOTES/07-Mechanisms-in-Programs-and-Nature-Notes.md:L415-417[U006759],WEAK,phase-transition-property,rule-surveys-and-thresholds-describe-behavior,,not-serious-candidate,not-applicable
L1387,BACK-MATTER/NOTES/07-Mechanisms-in-Programs-and-Nature-Notes.md:L422-423[U006762];BACK-MATTER/NOTES/07-Mechanisms-in-Programs-and-Nature-Notes.md:L424-428[U006763];BACK-MATTER/NOTES/07-Mechanisms-in-Programs-and-Nature-Notes.md:L429-430[U006764];BACK-MATTER/NOTES/07-Mechanisms-in-Programs-and-Nature-Notes.md:L431-432[U006765];BACK-MATTER/NOTES/07-Mechanisms-in-Programs-and-Nature-Notes.md:L433-434[U006766];BACK-MATTER/NOTES/07-Mechanisms-in-Programs-and-Nature-Notes.md:L435-436[U006767];BACK-MATTER/NOTES/07-Mechanisms-in-Programs-and-Nature-Notes.md:L437-438[U006768];BACK-MATTER/NOTES/07-Mechanisms-in-Programs-and-Nature-Notes.md:L439-442[U006769];BACK-MATTER/NOTES/07-Mechanisms-in-Programs-and-Nature-Notes.md:L443-444[U006770];BACK-MATTER/NOTES/07-Mechanisms-in-Programs-and-Nature-Notes.md:L445-449[U006771];BACK-MATTER/NOTES/07-Mechanisms-in-Programs-and-Nature-Notes.md:L450-451[U006772];BACK-MATTER/NOTES/07-Mechanisms-in-Programs-and-Nature-Notes.md:L452-453[U006773];BACK-MATTER/NOTES/07-Mechanisms-in-Programs-and-Nature-Notes.md:L454-455[U006774];BACK-MATTER/NOTES/07-Mechanisms-in-Programs-and-Nature-Notes.md:L477-478[U006781];BACK-MATTER/NOTES/07-Mechanisms-in-Programs-and-Nature-Notes.md:L479-480[U006782];BACK-MATTER/NOTES/07-Mechanisms-in-Programs-and-Nature-Notes.md:L483-484[U006784],SERIOUS,spin-configuration-ensemble,selects-spin-configurations-by-a-shared-total-energy,C082,proposed-addition,F028
L1388,BACK-MATTER/NOTES/07-Mechanisms-in-Programs-and-Nature-Notes.md:L422-423[U006762];BACK-MATTER/NOTES/07-Mechanisms-in-Programs-and-Nature-Notes.md:L424-428[U006763];BACK-MATTER/NOTES/07-Mechanisms-in-Programs-and-Nature-Notes.md:L429-430[U006764];BACK-MATTER/NOTES/07-Mechanisms-in-Programs-and-Nature-Notes.md:L431-432[U006765];BACK-MATTER/NOTES/07-Mechanisms-in-Programs-and-Nature-Notes.md:L437-438[U006768];BACK-MATTER/NOTES/07-Mechanisms-in-Programs-and-Nature-Notes.md:L439-442[U006769];BACK-MATTER/NOTES/07-Mechanisms-in-Programs-and-Nature-Notes.md:L443-444[U006770];BACK-MATTER/NOTES/07-Mechanisms-in-Programs-and-Nature-Notes.md:L445-449[U006771];BACK-MATTER/NOTES/07-Mechanisms-in-Programs-and-Nature-Notes.md:L450-451[U006772];BACK-MATTER/NOTES/07-Mechanisms-in-Programs-and-Nature-Notes.md:L452-453[U006773];BACK-MATTER/NOTES/07-Mechanisms-in-Programs-and-Nature-Notes.md:L454-455[U006774];BACK-MATTER/NOTES/07-Mechanisms-in-Programs-and-Nature-Notes.md:L477-478[U006781];BACK-MATTER/NOTES/07-Mechanisms-in-Programs-and-Nature-Notes.md:L479-480[U006782];BACK-MATTER/NOTES/07-Mechanisms-in-Programs-and-Nature-Notes.md:L483-484[U006784],RESOLVED,fixed-energy-spin-ensemble,duplicate-ising-energy-model-description,,not-serious-candidate,not-applicable
L1389,BACK-MATTER/NOTES/07-Mechanisms-in-Programs-and-Nature-Notes.md:L452-453[U006773];BACK-MATTER/NOTES/07-Mechanisms-in-Programs-and-Nature-Notes.md:L454-455[U006774];BACK-MATTER/NOTES/07-Mechanisms-in-Programs-and-Nature-Notes.md:L456-457[U006775],SERIOUS,spin-configuration-ensemble,weights-each-spin-configuration-by-boltzmann-probability,C082,proposed-addition,F028
L1390,BACK-MATTER/NOTES/07-Mechanisms-in-Programs-and-Nature-Notes.md:L458-459[U006776];BACK-MATTER/NOTES/07-Mechanisms-in-Programs-and-Nature-Notes.md:L460-468[U006777];BACK-MATTER/NOTES/07-Mechanisms-in-Programs-and-Nature-Notes.md:L469-470[U006778];BACK-MATTER/NOTES/07-Mechanisms-in-Programs-and-Nature-Notes.md:L471-474[U006779];BACK-MATTER/NOTES/07-Mechanisms-in-Programs-and-Nature-Notes.md:L475-476[U006780];BACK-MATTER/NOTES/07-Mechanisms-in-Programs-and-Nature-Notes.md:L477-478[U006781];BACK-MATTER/NOTES/07-Mechanisms-in-Programs-and-Nature-Notes.md:L479-480[U006782];BACK-MATTER/NOTES/07-Mechanisms-in-Programs-and-Nature-Notes.md:L481-482[U006783];BACK-MATTER/NOTES/07-Mechanisms-in-Programs-and-Nature-Notes.md:L483-484[U006784];BACK-MATTER/NOTES/07-Mechanisms-in-Programs-and-Nature-Notes.md:L485-486[U006785];BACK-MATTER/NOTES/07-Mechanisms-in-Programs-and-Nature-Notes.md:L489-490[U006787],SERIOUS,alternating-block-cellular-automaton,alternates-checkerboard-updates-while-conserving-energy,C002,proposed-addition,F001
L1391,BACK-MATTER/NOTES/07-Mechanisms-in-Programs-and-Nature-Notes.md:L497-498[U006791],SERIOUS,random-lattice-percolation,samples-a-random-lattice-and-tests-global-connectivity,C070,close-exclusion-role,F042
L1392,BACK-MATTER/NOTES/07-Mechanisms-in-Programs-and-Nature-Notes.md:L499-501[U006792],WEAK,domain-approximation,chemical-rate-equations-are-a-mean-field-approximation,,not-serious-candidate,not-applicable
L1393,BACK-MATTER/NOTES/07-Mechanisms-in-Programs-and-Nature-Notes.md:L516-520[U006800];BACK-MATTER/NOTES/07-Mechanisms-in-Programs-and-Nature-Notes.md:L521-524[U006801];BACK-MATTER/NOTES/07-Mechanisms-in-Programs-and-Nature-Notes.md:L525-526[U006802];BACK-MATTER/NOTES/07-Mechanisms-in-Programs-and-Nature-Notes.md:L534-537[U006805],WEAK,complexity-property,np-completeness-is-a-solver-complexity-property,,not-serious-candidate,not-applicable
L1394,BACK-MATTER/NOTES/07-Mechanisms-in-Programs-and-Nature-Notes.md:L525-526[U006802];BACK-MATTER/NOTES/07-Mechanisms-in-Programs-and-Nature-Notes.md:L527-531[U006803];BACK-MATTER/NOTES/07-Mechanisms-in-Programs-and-Nature-Notes.md:L532-533[U006804];BACK-MATTER/NOTES/07-Mechanisms-in-Programs-and-Nature-Notes.md:L540-541[U006807],RESOLVED,stochastic-local-search,code-formula-routes-to-random-bit-flip-search,,not-serious-candidate,not-applicable
L1395,BACK-MATTER/NOTES/07-Mechanisms-in-Programs-and-Nature-Notes.md:L542-543[U006808];BACK-MATTER/NOTES/07-Mechanisms-in-Programs-and-Nature-Notes.md:L544-547[U006809];BACK-MATTER/NOTES/07-Mechanisms-in-Programs-and-Nature-Notes.md:L548-549[U006810],SERIOUS,iterated-map,updates-continuous-state-by-a-scaled-local-derivative,C037,T34:retain-family;T35:retain-preset;T36:retain-preset;T43:retain-family,F027
L1396,BACK-MATTER/NOTES/07-Mechanisms-in-Programs-and-Nature-Notes.md:L548-549[U006810];BACK-MATTER/NOTES/07-Mechanisms-in-Programs-and-Nature-Notes.md:L550-553[U006811],WEAK,optimization-property,basin-choice-and-overshoot-are-search-properties,,not-serious-candidate,not-applicable
L1397,BACK-MATTER/NOTES/07-Mechanisms-in-Programs-and-Nature-Notes.md:L554-555[U006812],WEAK,optimization-domain,names-combinatorial-objectives-and-neighborhood-choices,,not-serious-candidate,not-applicable
L1398,BACK-MATTER/NOTES/07-Mechanisms-in-Programs-and-Nature-Notes.md:L556-560[U006813],SERIOUS,population-evolutionary-search,selection-maintains-a-population-and-recombines-candidates,C064,proposed-addition,F043
L1399,BACK-MATTER/NOTES/07-Mechanisms-in-Programs-and-Nature-Notes.md:L561-562[U006814];BACK-MATTER/NOTES/07-Mechanisms-in-Programs-and-Nature-Notes.md:L563-564[U006815];BACK-MATTER/NOTES/07-Mechanisms-in-Programs-and-Nature-Notes.md:L565-566[U006816];BACK-MATTER/NOTES/07-Mechanisms-in-Programs-and-Nature-Notes.md:L567-568[U006817];BACK-MATTER/NOTES/07-Mechanisms-in-Programs-and-Nature-Notes.md:L569-570[U006818];BACK-MATTER/NOTES/07-Mechanisms-in-Programs-and-Nature-Notes.md:L571-572[U006819],SERIOUS,sequential-geometric-packing,new-sphere-must-touch-two-already-placed-spheres,C079,proposed-addition,F020
L1400,BACK-MATTER/NOTES/07-Mechanisms-in-Programs-and-Nature-Notes.md:L573-574[U006820];BACK-MATTER/NOTES/07-Mechanisms-in-Programs-and-Nature-Notes.md:L575-576[U006821];BACK-MATTER/NOTES/07-Mechanisms-in-Programs-and-Nature-Notes.md:L577-578[U006822];BACK-MATTER/NOTES/07-Mechanisms-in-Programs-and-Nature-Notes.md:L579-580[U006823],WEAK,optimization-property,densest-packing-is-a-global-objective,,not-serious-candidate,not-applicable
L1401,BACK-MATTER/NOTES/07-Mechanisms-in-Programs-and-Nature-Notes.md:L581-582[U006824];BACK-MATTER/NOTES/07-Mechanisms-in-Programs-and-Nature-Notes.md:L583-584[U006825];BACK-MATTER/NOTES/07-Mechanisms-in-Programs-and-Nature-Notes.md:L585-586[U006826];BACK-MATTER/NOTES/07-Mechanisms-in-Programs-and-Nature-Notes.md:L587-588[U006827],WEAK,historical-commentary,sphere-packing-history-does-not-add-mechanics,,not-serious-candidate,not-applicable
L1402,BACK-MATTER/NOTES/07-Mechanisms-in-Programs-and-Nature-Notes.md:L589-590[U006828];BACK-MATTER/NOTES/07-Mechanisms-in-Programs-and-Nature-Notes.md:L591-592[U006829];BACK-MATTER/NOTES/07-Mechanisms-in-Programs-and-Nature-Notes.md:L593-594[U006830];BACK-MATTER/NOTES/07-Mechanisms-in-Programs-and-Nature-Notes.md:L595-596[U006831],RESOLVED,geometric-packing-constraint,discrete-circle-packing-is-a-constraint-preset,,not-serious-candidate,not-applicable
L1403,BACK-MATTER/NOTES/07-Mechanisms-in-Programs-and-Nature-Notes.md:L597-598[U006832];BACK-MATTER/NOTES/07-Mechanisms-in-Programs-and-Nature-Notes.md:L599-600[U006833];BACK-MATTER/NOTES/07-Mechanisms-in-Programs-and-Nature-Notes.md:L601-602[U006834];BACK-MATTER/NOTES/07-Mechanisms-in-Programs-and-Nature-Notes.md:L603-604[U006835],RESOLVED,voronoi-observer,partitions-space-by-nearest-seed-point,,not-serious-candidate,not-applicable
L1404,BACK-MATTER/NOTES/07-Mechanisms-in-Programs-and-Nature-Notes.md:L605-606[U006836];BACK-MATTER/NOTES/07-Mechanisms-in-Programs-and-Nature-Notes.md:L607-611[U006837];BACK-MATTER/NOTES/07-Mechanisms-in-Programs-and-Nature-Notes.md:L612-613[U006838];BACK-MATTER/NOTES/07-Mechanisms-in-Programs-and-Nature-Notes.md:L614-615[U006839];BACK-MATTER/NOTES/07-Mechanisms-in-Programs-and-Nature-Notes.md:L616-617[U006840];BACK-MATTER/NOTES/07-Mechanisms-in-Programs-and-Nature-Notes.md:L618-619[U006841],RESOLVED,cellular-automaton-rule-preset,ca-growth-computes-a-discrete-voronoi-diagram,,not-serious-candidate,not-applicable
L1405,BACK-MATTER/NOTES/07-Mechanisms-in-Programs-and-Nature-Notes.md:L620-621[U006842],RESOLVED,voronoi-observer,higher-order-nearest-seed-regions-are-an-observer-variant,,not-serious-candidate,not-applicable
L1406,BACK-MATTER/NOTES/07-Mechanisms-in-Programs-and-Nature-Notes.md:L622-624[U006843],WEAK,physical-domain-example,deformable-object-packing-is-an-application-example,,not-serious-candidate,not-applicable
L1407,BACK-MATTER/NOTES/07-Mechanisms-in-Programs-and-Nature-Notes.md:L630-634[U006846],WEAK,number-pattern-property,digit-repetition-is-a-property-of-successive-integers,,not-serious-candidate,not-applicable
L1408,BACK-MATTER/NOTES/07-Mechanisms-in-Programs-and-Nature-Notes.md:L635-636[U006847];BACK-MATTER/NOTES/07-Mechanisms-in-Programs-and-Nature-Notes.md:L637-638[U006848];BACK-MATTER/NOTES/07-Mechanisms-in-Programs-and-Nature-Notes.md:L639-640[U006849];BACK-MATTER/NOTES/07-Mechanisms-in-Programs-and-Nature-Notes.md:L641-642[U006850];BACK-MATTER/NOTES/07-Mechanisms-in-Programs-and-Nature-Notes.md:L649-650[U006852];BACK-MATTER/NOTES/07-Mechanisms-in-Programs-and-Nature-Notes.md:L651-652[U006853],RESOLVED,formal-language-alias,annihilating-pairs-encode-balanced-parentheses,,not-serious-candidate,not-applicable
L1409,BACK-MATTER/NOTES/07-Mechanisms-in-Programs-and-Nature-Notes.md:L641-642[U006850];BACK-MATTER/NOTES/07-Mechanisms-in-Programs-and-Nature-Notes.md:L643-648[U006851],WEAK,formal-language-property,balanced-parenthesis-count-is-a-language-property,,not-serious-candidate,not-applicable
L1410,BACK-MATTER/NOTES/07-Mechanisms-in-Programs-and-Nature-Notes.md:L653-655[U006854];BACK-MATTER/NOTES/07-Mechanisms-in-Programs-and-Nature-Notes.md:L656-660[U006855];BACK-MATTER/NOTES/07-Mechanisms-in-Programs-and-Nature-Notes.md:L661-662[U006856];BACK-MATTER/NOTES/07-Mechanisms-in-Programs-and-Nature-Notes.md:L663-664[U006857],WEAK,phase-transition-property,critical-scaling-is-an-output-property,,not-serious-candidate,not-applicable
L1411,BACK-MATTER/NOTES/07-Mechanisms-in-Programs-and-Nature-Notes.md:L665-666[U006858];BACK-MATTER/NOTES/07-Mechanisms-in-Programs-and-Nature-Notes.md:L667-668[U006859];BACK-MATTER/NOTES/07-Mechanisms-in-Programs-and-Nature-Notes.md:L669-670[U006860];BACK-MATTER/NOTES/07-Mechanisms-in-Programs-and-Nature-Notes.md:L671-672[U006861];BACK-MATTER/NOTES/07-Mechanisms-in-Programs-and-Nature-Notes.md:L673-674[U006862],SERIOUS,driven-sandpile-relaxation,adds-load-then-repeats-local-toppling-until-stable,C018,proposed-addition,F009
L1412,BACK-MATTER/NOTES/07-Mechanisms-in-Programs-and-Nature-Notes.md:L675-676[U006863];BACK-MATTER/NOTES/07-Mechanisms-in-Programs-and-Nature-Notes.md:L686-687[U006867],RESOLVED,driven-sandpile-relaxation,dimension-and-threshold-are-sandpile-rule-parameters,,not-serious-candidate,not-applicable
L1413,BACK-MATTER/NOTES/07-Mechanisms-in-Programs-and-Nature-Notes.md:L675-676[U006863];BACK-MATTER/NOTES/07-Mechanisms-in-Programs-and-Nature-Notes.md:L677-681[U006864];BACK-MATTER/NOTES/07-Mechanisms-in-Programs-and-Nature-Notes.md:L682-683[U006865];BACK-MATTER/NOTES/07-Mechanisms-in-Programs-and-Nature-Notes.md:L684-685[U006866];BACK-MATTER/NOTES/07-Mechanisms-in-Programs-and-Nature-Notes.md:L686-687[U006867],RESOLVED,driven-sandpile-relaxation,dimension-and-threshold-are-sandpile-rule-parameters,,not-serious-candidate,not-applicable
L1414,CHAPTERS/08-Implications-for-Everyday-Systems.md:L69-70[U002046];CHAPTERS/08-Implications-for-Everyday-Systems.md:L71-72[U002047];CHAPTERS/08-Implications-for-Everyday-Systems.md:L73-74[U002048],RESOLVED,resolved-duplicate-preset-or-role,Sequential source review found an already represented mechanic or a supporting semantic role,,not-serious-candidate,not-applicable
L1415,CHAPTERS/08-Implications-for-Everyday-Systems.md:L83-84[U002053];CHAPTERS/08-Implications-for-Everyday-Systems.md:L85-86[U002054];CHAPTERS/08-Implications-for-Everyday-Systems.md:L87-88[U002055];CHAPTERS/08-Implications-for-Everyday-Systems.md:L89-90[U002056],RESOLVED,resolved-duplicate-preset-or-role,Sequential source review found an already represented mechanic or a supporting semantic role,,not-serious-candidate,not-applicable
L1416,CHAPTERS/08-Implications-for-Everyday-Systems.md:L107-108[U002065];CHAPTERS/08-Implications-for-Everyday-Systems.md:L109-110[U002066],RESOLVED,resolved-duplicate-preset-or-role,Sequential source review found an already represented mechanic or a supporting semantic role,,not-serious-candidate,not-applicable
L1417,CHAPTERS/08-Implications-for-Everyday-Systems.md:L131-132[U002077];CHAPTERS/08-Implications-for-Everyday-Systems.md:L135-136[U002079];CHAPTERS/08-Implications-for-Everyday-Systems.md:L137-138[U002080],SERIOUS,mobile-crack-displacement-ca,a unique crack marker selects and destroys one destination cell while a field CA also evolves,C048,proposed-addition,F007
L1418,CHAPTERS/08-Implications-for-Everyday-Systems.md:L155-156[U002089];CHAPTERS/08-Implications-for-Everyday-Systems.md:L163-164[U002093];CHAPTERS/08-Implications-for-Everyday-Systems.md:L165-166[U002094];CHAPTERS/08-Implications-for-Everyday-Systems.md:L183-184[U002103];CHAPTERS/08-Implications-for-Everyday-Systems.md:L185-186[U002104];CHAPTERS/08-Implications-for-Everyday-Systems.md:L187-188[U002105];CHAPTERS/08-Implications-for-Everyday-Systems.md:L189-190[U002106];CHAPTERS/08-Implications-for-Everyday-Systems.md:L191-192[U002107];CHAPTERS/08-Implications-for-Everyday-Systems.md:L193-194[U002108];CHAPTERS/08-Implications-for-Everyday-Systems.md:L195-196[U002109];CHAPTERS/08-Implications-for-Everyday-Systems.md:L197-198[U002110],SERIOUS,alternating-block-cellular-automaton,the partition alignment alternates and a whole block is transformed as one unit / adjacent sites never update in the same half-step and total nearest-neighbor energy remains invariant,C002,proposed-addition,F001
L1419,CHAPTERS/08-Implications-for-Everyday-Systems.md:L211-212[U002117];CHAPTERS/08-Implications-for-Everyday-Systems.md:L213-214[U002118],RESOLVED,resolved-duplicate-preset-or-role,Sequential source review found an already represented mechanic or a supporting semantic role,,not-serious-candidate,not-applicable
L1420,CHAPTERS/08-Implications-for-Everyday-Systems.md:L259-260[U002141];CHAPTERS/08-Implications-for-Everyday-Systems.md:L263-264[U002143];CHAPTERS/08-Implications-for-Everyday-Systems.md:L265-266[U002144];CHAPTERS/08-Implications-for-Everyday-Systems.md:L267-268[U002145];CHAPTERS/08-Implications-for-Everyday-Systems.md:L285-286[U002154];CHAPTERS/08-Implications-for-Everyday-Systems.md:L287-288[U002155];CHAPTERS/08-Implications-for-Everyday-Systems.md:L291-292[U002157];CHAPTERS/08-Implications-for-Everyday-Systems.md:L293-294[U002158];CHAPTERS/08-Implications-for-Everyday-Systems.md:L367-368[U002195],WEAK,weak-nonconstruction-or-insufficient-evidence,Sequential source review found no mechanically distinct executable construction,,not-serious-candidate,not-applicable
L1421,CHAPTERS/08-Implications-for-Everyday-Systems.md:L319-320[U002171];CHAPTERS/08-Implications-for-Everyday-Systems.md:L327-328[U002175];CHAPTERS/08-Implications-for-Everyday-Systems.md:L329-330[U002176],SERIOUS,mutable-rule-cellular-metasystem,the transition table itself is part of the evolving state,C053,proposed-addition,F035
L1422,CHAPTERS/08-Implications-for-Everyday-Systems.md:L453-454[U002238];CHAPTERS/08-Implications-for-Everyday-Systems.md:L455-456[U002239];CHAPTERS/08-Implications-for-Everyday-Systems.md:L457-458[U002240];CHAPTERS/08-Implications-for-Everyday-Systems.md:L459-460[U002241];CHAPTERS/08-Implications-for-Everyday-Systems.md:L477-478[U002250];CHAPTERS/08-Implications-for-Everyday-Systems.md:L479-480[U002251],RESOLVED,resolved-duplicate-preset-or-role,Sequential source review found an already represented mechanic or a supporting semantic role,,not-serious-candidate,not-applicable
L1423,CHAPTERS/08-Implications-for-Everyday-Systems.md:L497-498[U002260];CHAPTERS/08-Implications-for-Everyday-Systems.md:L507-508[U002265];CHAPTERS/08-Implications-for-Everyday-Systems.md:L509-510[U002266];CHAPTERS/08-Implications-for-Everyday-Systems.md:L511-512[U002267];CHAPTERS/08-Implications-for-Everyday-Systems.md:L513-514[U002268],RESOLVED,resolved-duplicate-preset-or-role,Sequential source review found an already represented mechanic or a supporting semantic role,,not-serious-candidate,not-applicable
L1424,CHAPTERS/08-Implications-for-Everyday-Systems.md:L521-522[U002272],WEAK,weak-nonconstruction-or-insufficient-evidence,Sequential source review found no mechanically distinct executable construction,,not-serious-candidate,not-applicable
L1425,CHAPTERS/08-Implications-for-Everyday-Systems.md:L531-532[U002277];CHAPTERS/08-Implications-for-Everyday-Systems.md:L533-534[U002278];CHAPTERS/08-Implications-for-Everyday-Systems.md:L535-536[U002279];CHAPTERS/08-Implications-for-Everyday-Systems.md:L537-538[U002280];CHAPTERS/08-Implications-for-Everyday-Systems.md:L545-546[U002284];CHAPTERS/08-Implications-for-Everyday-Systems.md:L547-548[U002285],SERIOUS,global-maximum-depletion-placement,each new point is chosen by a global field maximum rather than a local frontier,C031,proposed-addition,F020
L1426,CHAPTERS/08-Implications-for-Everyday-Systems.md:L551-552[U002287];CHAPTERS/08-Implications-for-Everyday-Systems.md:L553-554[U002288];CHAPTERS/08-Implications-for-Everyday-Systems.md:L555-556[U002289];CHAPTERS/08-Implications-for-Everyday-Systems.md:L557-558[U002290],WEAK,weak-nonconstruction-or-insufficient-evidence,Sequential source review found no mechanically distinct executable construction,,not-serious-candidate,not-applicable
L1427,CHAPTERS/08-Implications-for-Everyday-Systems.md:L563-564[U002293];CHAPTERS/08-Implications-for-Everyday-Systems.md:L565-566[U002294];CHAPTERS/08-Implications-for-Everyday-Systems.md:L567-568[U002295];CHAPTERS/08-Implications-for-Everyday-Systems.md:L569-570[U002296],SERIOUS,differential-sheet-growth-relation,the defining condition is an embedding-wide equal-cell-size constraint,C015,proposed-addition,F018
L1428,CHAPTERS/08-Implications-for-Everyday-Systems.md:L575-576[U002299];CHAPTERS/08-Implications-for-Everyday-Systems.md:L577-578[U002300];CHAPTERS/08-Implications-for-Everyday-Systems.md:L579-580[U002301],RESOLVED,resolved-duplicate-preset-or-role,Sequential source review found an already represented mechanic or a supporting semantic role,,not-serious-candidate,not-applicable
L1429,CHAPTERS/08-Implications-for-Everyday-Systems.md:L581-582[U002302];CHAPTERS/08-Implications-for-Everyday-Systems.md:L585-586[U002304];CHAPTERS/08-Implications-for-Everyday-Systems.md:L587-588[U002305];CHAPTERS/08-Implications-for-Everyday-Systems.md:L589-590[U002306];CHAPTERS/08-Implications-for-Everyday-Systems.md:L591-592[U002307];CHAPTERS/08-Implications-for-Everyday-Systems.md:L599-600[U002311],SERIOUS,moving-opening-shell-accretion,new surface is added only along a moving opening,C050,proposed-addition,F032
L1430,CHAPTERS/08-Implications-for-Everyday-Systems.md:L613-614[U002318];CHAPTERS/08-Implications-for-Everyday-Systems.md:L615-616[U002319];CHAPTERS/08-Implications-for-Everyday-Systems.md:L617-618[U002320],SERIOUS,intrinsic-curvature-curve-integration,input specifies intrinsic curvature rather than Cartesian coordinates,C033,proposed-addition,F037
L1431,CHAPTERS/08-Implications-for-Everyday-Systems.md:L623-624[U002323];CHAPTERS/08-Implications-for-Everyday-Systems.md:L625-626[U002324];CHAPTERS/08-Implications-for-Everyday-Systems.md:L627-628[U002325];CHAPTERS/08-Implications-for-Everyday-Systems.md:L629-630[U002326];CHAPTERS/08-Implications-for-Everyday-Systems.md:L631-632[U002327],SERIOUS,field-gated-local-evolution,diffusing concentration thresholds select which local behavior executes in each spatial region,C025,covered-by-existing-family,F053
L1432,CHAPTERS/08-Implications-for-Everyday-Systems.md:L633-634[U002328];CHAPTERS/08-Implications-for-Everyday-Systems.md:L635-636[U002329];CHAPTERS/08-Implications-for-Everyday-Systems.md:L637-638[U002330];CHAPTERS/08-Implications-for-Everyday-Systems.md:L639-640[U002331],RESOLVED,resolved-duplicate-preset-or-role,Sequential source review found an already represented mechanic or a supporting semantic role,,not-serious-candidate,not-applicable
L1433,CHAPTERS/08-Implications-for-Everyday-Systems.md:L675-676[U002349],RESOLVED,resolved-duplicate-preset-or-role,Sequential source review found an already represented mechanic or a supporting semantic role,,not-serious-candidate,not-applicable
L1434,CHAPTERS/08-Implications-for-Everyday-Systems.md:L677-678[U002350];CHAPTERS/08-Implications-for-Everyday-Systems.md:L679-680[U002351];CHAPTERS/08-Implications-for-Everyday-Systems.md:L681-682[U002352],RESOLVED,resolved-duplicate-preset-or-role,Sequential source review found an already represented mechanic or a supporting semantic role,,not-serious-candidate,not-applicable
L1435,CHAPTERS/08-Implications-for-Everyday-Systems.md:L697-698[U002360];CHAPTERS/08-Implications-for-Everyday-Systems.md:L701-702[U002362];CHAPTERS/08-Implications-for-Everyday-Systems.md:L703-704[U002363];CHAPTERS/08-Implications-for-Everyday-Systems.md:L707-708[U002365];CHAPTERS/08-Implications-for-Everyday-Systems.md:L709-710[U002366];CHAPTERS/08-Implications-for-Everyday-Systems.md:L713-714[U002368];CHAPTERS/08-Implications-for-Everyday-Systems.md:L715-716[U002369],RESOLVED,resolved-duplicate-preset-or-role,Sequential source review found an already represented mechanic or a supporting semantic role,,not-serious-candidate,not-applicable
L1436,CHAPTERS/08-Implications-for-Everyday-Systems.md:L725-726[U002374],WEAK,weak-nonconstruction-or-insufficient-evidence,Sequential source review found no mechanically distinct executable construction,,not-serious-candidate,not-applicable
L1437,CHAPTERS/08-Implications-for-Everyday-Systems.md:L753-754[U002388];CHAPTERS/08-Implications-for-Everyday-Systems.md:L757-758[U002390];CHAPTERS/08-Implications-for-Everyday-Systems.md:L759-760[U002391];CHAPTERS/08-Implications-for-Everyday-Systems.md:L761-762[U002392];CHAPTERS/08-Implications-for-Everyday-Systems.md:L763-764[U002393];CHAPTERS/08-Implications-for-Everyday-Systems.md:L765-766[U002394];CHAPTERS/08-Implications-for-Everyday-Systems.md:L767-768[U002395],RESOLVED,resolved-duplicate-preset-or-role,Sequential source review found an already represented mechanic or a supporting semantic role,,not-serious-candidate,not-applicable
L1438,BACK-MATTER/NOTES/08-Implications-for-Everyday-Systems-Notes.md:L19-21[U006875];BACK-MATTER/NOTES/08-Implications-for-Everyday-Systems-Notes.md:L22-26[U006876];BACK-MATTER/NOTES/08-Implications-for-Everyday-Systems-Notes.md:L27-28[U006877];BACK-MATTER/NOTES/08-Implications-for-Everyday-Systems-Notes.md:L29-32[U006878],RESOLVED,resolved-duplicate-preset-or-role,Sequential source review found an already represented mechanic or a supporting semantic role,,not-serious-candidate,not-applicable
L1439,BACK-MATTER/NOTES/08-Implications-for-Everyday-Systems-Notes.md:L27-28[U006877],RESOLVED,resolved-duplicate-preset-or-role,Sequential source review found an already represented mechanic or a supporting semantic role,,not-serious-candidate,not-applicable
L1440,BACK-MATTER/NOTES/08-Implications-for-Everyday-Systems-Notes.md:L27-28[U006877],RESOLVED,resolved-duplicate-preset-or-role,Sequential source review found an already represented mechanic or a supporting semantic role,,not-serious-candidate,not-applicable
L1441,BACK-MATTER/NOTES/08-Implications-for-Everyday-Systems-Notes.md:L36-38[U006880],RESOLVED,aggregation-or-continuous-front-equation,the source explicitly redirects crystal growth to already retained aggregation and solidification-front PDE mechanics,,not-serious-candidate,not-applicable
L1442,BACK-MATTER/NOTES/08-Implications-for-Everyday-Systems-Notes.md:L41-42[U006882];BACK-MATTER/NOTES/08-Implications-for-Everyday-Systems-Notes.md:L43-44[U006883],WEAK,weak-nonconstruction-or-insufficient-evidence,Sequential source review found no mechanically distinct executable construction,,not-serious-candidate,not-applicable
L1443,BACK-MATTER/NOTES/08-Implications-for-Everyday-Systems-Notes.md:L48-52[U006885],RESOLVED,local-constraint-or-growth-alias,quasicrystal passage points to already retained constraint and growth mechanisms,,not-serious-candidate,not-applicable
L1444,BACK-MATTER/NOTES/08-Implications-for-Everyday-Systems-Notes.md:L48-52[U006885],WEAK,material-morphology,amorphous packing is described as a physical morphology without an executable construction,,not-serious-candidate,not-applicable
L1445,BACK-MATTER/NOTES/08-Implications-for-Everyday-Systems-Notes.md:L48-52[U006885],SERIOUS,diffusion-limited-aggregation,random walkers are introduced and irreversibly attach on first cluster contact,C016,proposed-addition,F016
L1446,BACK-MATTER/NOTES/08-Implications-for-Everyday-Systems-Notes.md:L48-52[U006885],RESOLVED,stochastic-walker-aggregation,the conserved mobile-particle CA is an implementation of the same DLA mechanism,,not-serious-candidate,not-applicable
L1447,BACK-MATTER/NOTES/08-Implications-for-Everyday-Systems-Notes.md:L48-52[U006885];BACK-MATTER/NOTES/08-Implications-for-Everyday-Systems-Notes.md:L53-54[U006886],SERIOUS,synchronous-local-state-automaton,real-valued temperatures diffuse synchronously with heating and threshold wraparound,C090,T01:retain-family;T02:retain-preset;T03:retain-preset;T04:retain-preset;T05:merge;T06:retain-preset;T07:retain-preset;T21:retain-preset;T22:retain-preset;T23:retain-preset;T24:retain-preset;T44:alias,F053
L1448,BACK-MATTER/NOTES/08-Implications-for-Everyday-Systems-Notes.md:L59-61[U006889],SERIOUS,energy-minimization-constraint,a crack is any bond path minimizing total random bond strength,C021,proposed-addition,F028
L1449,BACK-MATTER/NOTES/08-Implications-for-Everyday-Systems-Notes.md:L59-61[U006889],SERIOUS,spring-threshold-fracture,bond extensions evolve mechanically and bonds are deleted past a stretch threshold,C083,covered-by-existing-family,F040
L1450,BACK-MATTER/NOTES/08-Implications-for-Everyday-Systems-Notes.md:L59-61[U006889],RESOLVED,continuous-differential-equation-evolution,Lame equations are a named PDE instance of the retained continuous-equation family,,not-serious-candidate,not-applicable
L1451,BACK-MATTER/NOTES/08-Implications-for-Everyday-Systems-Notes.md:L62-67[U006890],WEAK,empirical-fracture-evidence,the passage reports measurements and visual resemblance rather than new mechanics,,not-serious-candidate,not-applicable
L1452,BACK-MATTER/NOTES/08-Implications-for-Everyday-Systems-Notes.md:L62-67[U006890],RESOLVED,local-cellular-automaton-fracture,the three-color crack construction is an ordinary local CA rule preset,,not-serious-candidate,not-applicable
L1453,BACK-MATTER/NOTES/08-Implications-for-Everyday-Systems-Notes.md:L62-67[U006890],SERIOUS,parallel-independent-substitution,each surviving fragment probabilistically splits into two on successive rounds,C061,T13:retain-family;T15:merge;T26:retain-preset;T27:repair;T42:retain-preset,F038
L1454,BACK-MATTER/NOTES/08-Implications-for-Everyday-Systems-Notes.md:L76-77[U006895];BACK-MATTER/NOTES/08-Implications-for-Everyday-Systems-Notes.md:L78-79[U006896];BACK-MATTER/NOTES/08-Implications-for-Everyday-Systems-Notes.md:L80-81[U006897];BACK-MATTER/NOTES/08-Implications-for-Everyday-Systems-Notes.md:L82-83[U006898],WEAK,weak-nonconstruction-or-insufficient-evidence,Sequential source review found no mechanically distinct executable construction,,not-serious-candidate,not-applicable
L1455,BACK-MATTER/NOTES/08-Implications-for-Everyday-Systems-Notes.md:L84-85[U006899];BACK-MATTER/NOTES/08-Implications-for-Everyday-Systems-Notes.md:L86-87[U006900];BACK-MATTER/NOTES/08-Implications-for-Everyday-Systems-Notes.md:L88-89[U006901];BACK-MATTER/NOTES/08-Implications-for-Everyday-Systems-Notes.md:L90-91[U006902];BACK-MATTER/NOTES/08-Implications-for-Everyday-Systems-Notes.md:L92-93[U006903];BACK-MATTER/NOTES/08-Implications-for-Everyday-Systems-Notes.md:L104-105[U006909],SERIOUS,partial-differential-equation,Navier-Stokes defines continuum field evolution subject to initial and boundary data,C063,T45:retain-family,F041
L1456,BACK-MATTER/NOTES/08-Implications-for-Everyday-Systems-Notes.md:L94-95[U006904];BACK-MATTER/NOTES/08-Implications-for-Everyday-Systems-Notes.md:L96-97[U006905],WEAK,weak-nonconstruction-or-insufficient-evidence,Sequential source review found no mechanically distinct executable construction,,not-serious-candidate,not-applicable
L1457,BACK-MATTER/NOTES/08-Implications-for-Everyday-Systems-Notes.md:L98-99[U006906];BACK-MATTER/NOTES/08-Implications-for-Everyday-Systems-Notes.md:L100-101[U006907];BACK-MATTER/NOTES/08-Implications-for-Everyday-Systems-Notes.md:L102-103[U006908],RESOLVED,continuous-differential-equation-evolution,the Lorenz system is an ordinary-differential-equation specialization of the same continuous evolution family,,not-serious-candidate,not-applicable
L1458,BACK-MATTER/NOTES/08-Implications-for-Everyday-Systems-Notes.md:L84-85[U006899];BACK-MATTER/NOTES/08-Implications-for-Everyday-Systems-Notes.md:L104-105[U006909];BACK-MATTER/NOTES/08-Implications-for-Everyday-Systems-Notes.md:L106-108[U006910];BACK-MATTER/NOTES/08-Implications-for-Everyday-Systems-Notes.md:L112-114[U006912];BACK-MATTER/NOTES/08-Implications-for-Everyday-Systems-Notes.md:L115-116[U006913];BACK-MATTER/NOTES/08-Implications-for-Everyday-Systems-Notes.md:L117-118[U006914];BACK-MATTER/NOTES/08-Implications-for-Everyday-Systems-Notes.md:L119-120[U006915];BACK-MATTER/NOTES/08-Implications-for-Everyday-Systems-Notes.md:L121-122[U006916],SERIOUS,alternating-block-cellular-automaton,the partition alignment alternates and a whole block is transformed as one unit / adjacent sites never update in the same half-step and total nearest-neighbor energy remains invariant,C002,proposed-addition,F001
L1459,BACK-MATTER/NOTES/08-Implications-for-Everyday-Systems-Notes.md:L123-126[U006917],SERIOUS,alternating-block-cellular-automaton,the partition alignment alternates and a whole block is transformed as one unit / adjacent sites never update in the same half-step and total nearest-neighbor energy remains invariant,C002,proposed-addition,F001
L1460,BACK-MATTER/NOTES/08-Implications-for-Everyday-Systems-Notes.md:L127-131[U006918],SERIOUS,random-stream-coalescence,two streams that meet permanently share one downstream continuation,C071,proposed-addition,F033
L1461,BACK-MATTER/NOTES/08-Implications-for-Everyday-Systems-Notes.md:L144-149[U006924],WEAK,underspecified-selection-protocol,the source stresses that pruning and mutation choices are arbitrary and supplies no executable selection rule,,not-serious-candidate,not-applicable
L1462,BACK-MATTER/NOTES/08-Implications-for-Everyday-Systems-Notes.md:L164-165[U006930];BACK-MATTER/NOTES/08-Implications-for-Everyday-Systems-Notes.md:L171-172[U006933];BACK-MATTER/NOTES/08-Implications-for-Everyday-Systems-Notes.md:L173-179[U006934];BACK-MATTER/NOTES/08-Implications-for-Everyday-Systems-Notes.md:L190-191[U006940],RESOLVED,resolved-duplicate-preset-or-role,Sequential source review found an already represented mechanic or a supporting semantic role,,not-serious-candidate,not-applicable
L1463,BACK-MATTER/NOTES/08-Implications-for-Everyday-Systems-Notes.md:L186-187[U006938];BACK-MATTER/NOTES/08-Implications-for-Everyday-Systems-Notes.md:L188-189[U006939],WEAK,weak-nonconstruction-or-insufficient-evidence,Sequential source review found no mechanically distinct executable construction,,not-serious-candidate,not-applicable
L1464,BACK-MATTER/NOTES/08-Implications-for-Everyday-Systems-Notes.md:L192-194[U006941];BACK-MATTER/NOTES/08-Implications-for-Everyday-Systems-Notes.md:L195-202[U006942];BACK-MATTER/NOTES/08-Implications-for-Everyday-Systems-Notes.md:L203-204[U006943];BACK-MATTER/NOTES/08-Implications-for-Everyday-Systems-Notes.md:L205-206[U006944];BACK-MATTER/NOTES/08-Implications-for-Everyday-Systems-Notes.md:L207-208[U006945];BACK-MATTER/NOTES/08-Implications-for-Everyday-Systems-Notes.md:L209-210[U006946];BACK-MATTER/NOTES/08-Implications-for-Everyday-Systems-Notes.md:L211-212[U006947];BACK-MATTER/NOTES/08-Implications-for-Everyday-Systems-Notes.md:L213-214[U006948],RESOLVED,resolved-duplicate-preset-or-role,Sequential source review found an already represented mechanic or a supporting semantic role,,not-serious-candidate,not-applicable
L1465,BACK-MATTER/NOTES/08-Implications-for-Everyday-Systems-Notes.md:L215-216[U006949];BACK-MATTER/NOTES/08-Implications-for-Everyday-Systems-Notes.md:L217-220[U006950];BACK-MATTER/NOTES/08-Implications-for-Everyday-Systems-Notes.md:L221-222[U006951];BACK-MATTER/NOTES/08-Implications-for-Everyday-Systems-Notes.md:L223-227[U006952],SERIOUS,global-maximum-depletion-placement,each new point is chosen by a global field maximum rather than a local frontier,C031,proposed-addition,F020
L1466,BACK-MATTER/NOTES/08-Implications-for-Everyday-Systems-Notes.md:L223-227[U006952],SERIOUS,global-maximum-depletion-placement,each new point is chosen by a global field maximum rather than a local frontier,C031,proposed-addition,F020
L1467,BACK-MATTER/NOTES/08-Implications-for-Everyday-Systems-Notes.md:L223-227[U006952];BACK-MATTER/NOTES/08-Implications-for-Everyday-Systems-Notes.md:L228-229[U006953];BACK-MATTER/NOTES/08-Implications-for-Everyday-Systems-Notes.md:L275-276[U006966];BACK-MATTER/NOTES/08-Implications-for-Everyday-Systems-Notes.md:L281-284[U006969],SERIOUS,global-maximum-depletion-placement,each new point is chosen by a global field maximum rather than a local frontier,C031,proposed-addition,F020
L1468,BACK-MATTER/NOTES/08-Implications-for-Everyday-Systems-Notes.md:L234-235[U006955];BACK-MATTER/NOTES/08-Implications-for-Everyday-Systems-Notes.md:L236-245[U006956];BACK-MATTER/NOTES/08-Implications-for-Everyday-Systems-Notes.md:L246-247[U006957];BACK-MATTER/NOTES/08-Implications-for-Everyday-Systems-Notes.md:L248-249[U006958];BACK-MATTER/NOTES/08-Implications-for-Everyday-Systems-Notes.md:L250-251[U006959],SERIOUS,moving-opening-shell-accretion,new surface is added only along a moving opening,C050,proposed-addition,F032
L1469,BACK-MATTER/NOTES/08-Implications-for-Everyday-Systems-Notes.md:L252-254[U006960];BACK-MATTER/NOTES/08-Implications-for-Everyday-Systems-Notes.md:L255-260[U006961];BACK-MATTER/NOTES/08-Implications-for-Everyday-Systems-Notes.md:L261-262[U006962];BACK-MATTER/NOTES/08-Implications-for-Everyday-Systems-Notes.md:L263-270[U006963];BACK-MATTER/NOTES/08-Implications-for-Everyday-Systems-Notes.md:L271-272[U006964];BACK-MATTER/NOTES/08-Implications-for-Everyday-Systems-Notes.md:L275-276[U006966],SERIOUS,intrinsic-curvature-curve-integration,input specifies intrinsic curvature rather than Cartesian coordinates,C033,proposed-addition,F037
L1470,BACK-MATTER/NOTES/08-Implications-for-Everyday-Systems-Notes.md:L279-280[U006968],RESOLVED,neighbor-independent-branching-substitution,embryonic cell division is explicitly proposed as an ordinary neighbor-independent substitution,,not-serious-candidate,not-applicable
L1471,BACK-MATTER/NOTES/08-Implications-for-Everyday-Systems-Notes.md:L279-280[U006968],RESOLVED,stateful-branching-substitution,lineage-dependent modification is representable by inherited substitution state and the source gives no distinct rule,,not-serious-candidate,not-applicable
L1472,BACK-MATTER/NOTES/08-Implications-for-Everyday-Systems-Notes.md:L279-280[U006968],RESOLVED,field-gated-local-evolution,diffusion gradients threshold gene banks and repeat the retained field-gated local mechanism,,not-serious-candidate,not-applicable
L1473,BACK-MATTER/NOTES/08-Implications-for-Everyday-Systems-Notes.md:L289-295[U006972],RESOLVED,aggregation-surface-growth,tumor growth is explicitly compared to the already retained random surface-aggregation construction,,not-serious-candidate,not-applicable
L1474,BACK-MATTER/NOTES/08-Implications-for-Everyday-Systems-Notes.md:L289-295[U006972],RESOLVED,local-constraint-relation,self-assembly is explicitly compared to local and network constraint systems rather than given new mechanics,,not-serious-candidate,not-applicable
L1475,BACK-MATTER/NOTES/08-Implications-for-Everyday-Systems-Notes.md:L306-307[U006976];BACK-MATTER/NOTES/08-Implications-for-Everyday-Systems-Notes.md:L308-315[U006977];BACK-MATTER/NOTES/08-Implications-for-Everyday-Systems-Notes.md:L316-317[U006978];BACK-MATTER/NOTES/08-Implications-for-Everyday-Systems-Notes.md:L318-319[U006979],RESOLVED,resolved-duplicate-preset-or-role,Sequential source review found an already represented mechanic or a supporting semantic role,,not-serious-candidate,not-applicable
L1476,BACK-MATTER/NOTES/08-Implications-for-Everyday-Systems-Notes.md:L320-321[U006980],RESOLVED,resolved-duplicate-preset-or-role,Sequential source review found an already represented mechanic or a supporting semantic role,,not-serious-candidate,not-applicable
L1477,BACK-MATTER/NOTES/08-Implications-for-Everyday-Systems-Notes.md:L322-323[U006981],SERIOUS,partial-differential-equation,state change is defined by continuous derivatives and requires numerical or analytic integration / with insufficient or inconsistent boundary data the same equation can have many or no solutions,C063,T45:retain-family,F041
L1478,BACK-MATTER/NOTES/08-Implications-for-Everyday-Systems-Notes.md:L322-323[U006981],SERIOUS,partial-differential-equation,state change is defined by continuous derivatives and requires numerical or analytic integration / with insufficient or inconsistent boundary data the same equation can have many or no solutions,C063,T45:retain-family,F041
L1479,BACK-MATTER/NOTES/08-Implications-for-Everyday-Systems-Notes.md:L328-330[U006984];BACK-MATTER/NOTES/08-Implications-for-Everyday-Systems-Notes.md:L331-332[U006985];BACK-MATTER/NOTES/08-Implications-for-Everyday-Systems-Notes.md:L333-336[U006986],RESOLVED,resolved-duplicate-preset-or-role,Sequential source review found an already represented mechanic or a supporting semantic role,,not-serious-candidate,not-applicable
L1480,BACK-MATTER/NOTES/08-Implications-for-Everyday-Systems-Notes.md:L339-341[U006988];BACK-MATTER/NOTES/08-Implications-for-Everyday-Systems-Notes.md:L342-343[U006989],RESOLVED,resolved-duplicate-preset-or-role,Sequential source review found an already represented mechanic or a supporting semantic role,,not-serious-candidate,not-applicable
L1481,BACK-MATTER/NOTES/08-Implications-for-Everyday-Systems-Notes.md:L339-341[U006988];BACK-MATTER/NOTES/08-Implications-for-Everyday-Systems-Notes.md:L342-343[U006989],RESOLVED,resolved-duplicate-preset-or-role,Sequential source review found an already represented mechanic or a supporting semantic role,,not-serious-candidate,not-applicable
L1482,BACK-MATTER/NOTES/08-Implications-for-Everyday-Systems-Notes.md:L344-347[U006990],RESOLVED,resolved-duplicate-preset-or-role,Sequential source review found an already represented mechanic or a supporting semantic role,,not-serious-candidate,not-applicable
L1483,BACK-MATTER/NOTES/08-Implications-for-Everyday-Systems-Notes.md:L344-347[U006990],RESOLVED,resolved-duplicate-preset-or-role,Sequential source review found an already represented mechanic or a supporting semantic role,,not-serious-candidate,not-applicable
L1484,BACK-MATTER/NOTES/08-Implications-for-Everyday-Systems-Notes.md:L344-347[U006990],RESOLVED,resolved-duplicate-preset-or-role,Sequential source review found an already represented mechanic or a supporting semantic role,,not-serious-candidate,not-applicable
L1485,BACK-MATTER/NOTES/08-Implications-for-Everyday-Systems-Notes.md:L348-349[U006991];BACK-MATTER/NOTES/08-Implications-for-Everyday-Systems-Notes.md:L357-358[U006994],RESOLVED,networked-agent-evolution,hierarchical connectivity and trader programs specialize an agent-interaction evolution without defining another update family,,not-serious-candidate,not-applicable
L1486,BACK-MATTER/NOTES/08-Implications-for-Everyday-Systems-Notes.md:L350-351[U006992],WEAK,weak-nonconstruction-or-insufficient-evidence,Sequential source review found no mechanically distinct executable construction,,not-serious-candidate,not-applicable
L1487,BACK-MATTER/NOTES/08-Implications-for-Everyday-Systems-Notes.md:L350-351[U006992],WEAK,weak-nonconstruction-or-insufficient-evidence,Sequential source review found no mechanically distinct executable construction,,not-serious-candidate,not-applicable
L1488,BACK-MATTER/NOTES/08-Implications-for-Everyday-Systems-Notes.md:L352-356[U006993],WEAK,weak-nonconstruction-or-insufficient-evidence,Sequential source review found no mechanically distinct executable construction,,not-serious-candidate,not-applicable
L1489,CHAPTERS/08-Implications-for-Everyday-Systems.md:L215,RESOLVED,resolved-duplicate-preset-or-role,Sequential source review found an already represented mechanic or a supporting semantic role,,not-serious-candidate,not-applicable
L1490,BACK-MATTER/NOTES/08-Implications-for-Everyday-Systems-Notes.md:L45,RESOLVED,resolved-duplicate-preset-or-role,Sequential source review found an already represented mechanic or a supporting semantic role,,not-serious-candidate,not-applicable
L1491,BACK-MATTER/NOTES/08-Implications-for-Everyday-Systems-Notes.md:L46,RESOLVED,resolved-duplicate-preset-or-role,Sequential source review found an already represented mechanic or a supporting semantic role,,not-serious-candidate,not-applicable
L1492,BACK-MATTER/NOTES/08-Implications-for-Everyday-Systems-Notes.md:L109,WEAK,underspecified-fluid-elements,discrete-vorticity elements are named without a state space or transition rule,,not-serious-candidate,not-applicable
L1493,CHAPTERS/09-Fundamental-Physics.md:L63-73;BACK-MATTER/NOTES/09-Fundamental-Physics-Notes.md:L25-36,RESOLVED,resolved-duplicate-preset-or-role,Sequential source review found an already represented mechanic or a supporting semantic role,,not-serious-candidate,not-applicable
L1494,CHAPTERS/09-Fundamental-Physics.md:L303-321;BACK-MATTER/NOTES/09-Fundamental-Physics-Notes.md:L153-165,SERIOUS,alternating-block-cellular-automaton,the partition alignment alternates and a whole block is transformed as one unit / adjacent sites never update in the same half-step and total nearest-neighbor energy remains invariant,C002,proposed-addition,F001
L1495,CHAPTERS/09-Fundamental-Physics.md:L491-507;BACK-MATTER/NOTES/09-Fundamental-Physics-Notes.md:L250-251,WEAK,weak-nonconstruction-or-insufficient-evidence,Sequential source review found no mechanically distinct executable construction,,not-serious-candidate,not-applicable
L1496,CHAPTERS/09-Fundamental-Physics.md:L595-615;BACK-MATTER/NOTES/09-Fundamental-Physics-Notes.md:L324-330,SERIOUS,local-satisfaction-constraint,no update occurs; validity is a universal local constraint on a complete network / validity is unchanged by solver order and requires no distinguished time direction,C043,T31:retain-family;T32:alias;T33:retain-preset,F030
L1497,CHAPTERS/09-Fundamental-Physics.md:L655-707;BACK-MATTER/NOTES/09-Fundamental-Physics-Notes.md:L347-355;BACK-MATTER/NOTES/09-Fundamental-Physics-Notes.md:L378-384,SERIOUS,causal-network-extraction,nodes denote update events rather than system states,C010,close-exclusion-role,F004
L1498,CHAPTERS/09-Fundamental-Physics.md:L745-769;BACK-MATTER/NOTES/09-Fundamental-Physics-Notes.md:L363-386,RESOLVED,resolved-duplicate-preset-or-role,Sequential source review found an already represented mechanic or a supporting semantic role,,not-serious-candidate,not-applicable
L1499,BACK-MATTER/NOTES/09-Fundamental-Physics-Notes.md:L407-439,SERIOUS,asynchronous-cellular-automaton,writes become visible before all cells have completed a global generation,C006,proposed-addition,F003
L1500,BACK-MATTER/NOTES/09-Fundamental-Physics-Notes.md:L441-443,SERIOUS,asynchronous-cellular-automaton,writes become visible before all cells have completed a global generation,C006,proposed-addition,F003
L1501,CHAPTERS/09-Fundamental-Physics.md:L829-837,RESOLVED,resolved-duplicate-preset-or-role,Sequential source review found an already represented mechanic or a supporting semantic role,,not-serious-candidate,not-applicable
L1502,BACK-MATTER/NOTES/09-Fundamental-Physics-Notes.md:L457-463,SERIOUS,merged-state-multiway-evolution-graph,equal results from different histories share one state node,C046,close-exclusion-role,F034
L1503,CHAPTERS/09-Fundamental-Physics.md:L901-965;BACK-MATTER/NOTES/09-Fundamental-Physics-Notes.md:L495-528;BACK-MATTER/NOTES/09-Fundamental-Physics-Notes.md:L552-556,SERIOUS,local-graph-rewrite-system,rules replace connected subnetworks while retaining their outside attachments,C041,proposed-addition,F029
L1504,BACK-MATTER/NOTES/09-Fundamental-Physics-Notes.md:L594-600,SERIOUS,local-graph-rewrite-system,rules replace connected subnetworks while retaining their outside attachments,C041,proposed-addition,F029
L1505,BACK-MATTER/NOTES/09-Fundamental-Physics-Notes.md:L816-818,SERIOUS,stochastic-spacetime-causal-network,edges are the transitive reduction of causal order among randomly sampled spacetime events,C087,proposed-addition,F049
L1506,BACK-MATTER/NOTES/09-Fundamental-Physics-Notes.md:L820-840,SERIOUS,einstein-spacetime-relation,outputs are metrics satisfying curvature and stress-energy constraints,C019,covered-by-existing-family,F041
L1507,BACK-MATTER/NOTES/09-Fundamental-Physics-Notes.md:L923-927,SERIOUS,alternating-block-cellular-automaton,the partition alignment alternates and a whole block is transformed as one unit / adjacent sites never update in the same half-step and total nearest-neighbor energy remains invariant,C002,proposed-addition,F001
L1508,BACK-MATTER/NOTES/09-Fundamental-Physics-Notes.md:L880;BACK-MATTER/NOTES/09-Fundamental-Physics-Notes.md:L955-957,SERIOUS,weighted-history-sum-relation,a result is defined by summing complex action-weighted contributions over admissible histories or configurations,C093,proposed-addition,F054
L1509,CHAPTERS/10-Processes-of-Perception-and-Analysis.md:L163-179;BACK-MATTER/NOTES/10-Processes-of-Perception-and-Analysis-Notes.md:L34-82,WEAK,weak-nonconstruction-or-insufficient-evidence,Sequential source review found no mechanically distinct executable construction,,not-serious-candidate,not-applicable
L1510,CHAPTERS/10-Processes-of-Perception-and-Analysis.md:L163-187;BACK-MATTER/NOTES/10-Processes-of-Perception-and-Analysis-Notes.md:L83-85;BACK-MATTER/NOTES/10-Processes-of-Perception-and-Analysis-Notes.md:L171-175,SERIOUS,finite-codec-transform,record boundaries occur exactly when the input symbol changes / shorter codewords are assigned through a prefix tree to higher-weight blocks / the entire message is represented by one nested probability interval / repeated substrings are replaced by backward or dictionary references / the image carrier is partitioned recursively into nested uniform pieces / compression acts by basis coefficients rather than direct spatial records / sample values are coded as residuals from a fitted local linear prediction,C026,proposed-addition,F013
L1511,CHAPTERS/10-Processes-of-Perception-and-Analysis.md:L189-205;CHAPTERS/10-Processes-of-Perception-and-Analysis.md:L235-249;BACK-MATTER/NOTES/10-Processes-of-Perception-and-Analysis-Notes.md:L87-106,SERIOUS,finite-codec-transform,record boundaries occur exactly when the input symbol changes / shorter codewords are assigned through a prefix tree to higher-weight blocks / the entire message is represented by one nested probability interval / repeated substrings are replaced by backward or dictionary references / the image carrier is partitioned recursively into nested uniform pieces / compression acts by basis coefficients rather than direct spatial records / sample values are coded as residuals from a fitted local linear prediction,C026,proposed-addition,F013
L1512,BACK-MATTER/NOTES/10-Processes-of-Perception-and-Analysis-Notes.md:L108-121,SERIOUS,finite-codec-transform,record boundaries occur exactly when the input symbol changes / shorter codewords are assigned through a prefix tree to higher-weight blocks / the entire message is represented by one nested probability interval / repeated substrings are replaced by backward or dictionary references / the image carrier is partitioned recursively into nested uniform pieces / compression acts by basis coefficients rather than direct spatial records / sample values are coded as residuals from a fitted local linear prediction,C026,proposed-addition,F013
L1513,CHAPTERS/10-Processes-of-Perception-and-Analysis.md:L209-267;BACK-MATTER/NOTES/10-Processes-of-Perception-and-Analysis-Notes.md:L123-153,SERIOUS,finite-codec-transform,record boundaries occur exactly when the input symbol changes / shorter codewords are assigned through a prefix tree to higher-weight blocks / the entire message is represented by one nested probability interval / repeated substrings are replaced by backward or dictionary references / the image carrier is partitioned recursively into nested uniform pieces / compression acts by basis coefficients rather than direct spatial records / sample values are coded as residuals from a fitted local linear prediction,C026,proposed-addition,F013
L1514,CHAPTERS/10-Processes-of-Perception-and-Analysis.md:L233-239;CHAPTERS/10-Processes-of-Perception-and-Analysis.md:L269-279;BACK-MATTER/NOTES/10-Processes-of-Perception-and-Analysis-Notes.md:L154-168,SERIOUS,finite-codec-transform,record boundaries occur exactly when the input symbol changes / shorter codewords are assigned through a prefix tree to higher-weight blocks / the entire message is represented by one nested probability interval / repeated substrings are replaced by backward or dictionary references / the image carrier is partitioned recursively into nested uniform pieces / compression acts by basis coefficients rather than direct spatial records / sample values are coded as residuals from a fitted local linear prediction,C026,proposed-addition,F013
L1515,CHAPTERS/10-Processes-of-Perception-and-Analysis.md:L281-305;BACK-MATTER/NOTES/10-Processes-of-Perception-and-Analysis-Notes.md:L181-288,SERIOUS,finite-codec-transform,record boundaries occur exactly when the input symbol changes / shorter codewords are assigned through a prefix tree to higher-weight blocks / the entire message is represented by one nested probability interval / repeated substrings are replaced by backward or dictionary references / the image carrier is partitioned recursively into nested uniform pieces / compression acts by basis coefficients rather than direct spatial records / sample values are coded as residuals from a fitted local linear prediction,C026,proposed-addition,F013
L1516,CHAPTERS/10-Processes-of-Perception-and-Analysis.md:L323-357;BACK-MATTER/NOTES/10-Processes-of-Perception-and-Analysis-Notes.md:L298-334,SERIOUS,local-template-feature-extractor,output cells report local feature responses rather than evolving the input field,C044,proposed-addition,F039
L1517,BACK-MATTER/NOTES/10-Processes-of-Perception-and-Analysis-Notes.md:L339-347,SERIOUS,ordered-dither,pixel decisions use a fixed precomputed threshold matrix and no propagated error,C059,proposed-addition,F039
L1518,BACK-MATTER/NOTES/10-Processes-of-Perception-and-Analysis-Notes.md:L348-360,SERIOUS,error-diffusion-dither,later pixel decisions depend on quantization error from earlier pixels,C023,proposed-addition,F012
L1519,CHAPTERS/10-Processes-of-Perception-and-Analysis.md:L397-405;BACK-MATTER/NOTES/10-Processes-of-Perception-and-Analysis-Notes.md:L419-423,WEAK,weak-nonconstruction-or-insufficient-evidence,Sequential source review found no mechanically distinct executable construction,,not-serious-candidate,not-applicable
L1520,BACK-MATTER/NOTES/10-Processes-of-Perception-and-Analysis-Notes.md:L424,SERIOUS,finite-codec-transform,record boundaries occur exactly when the input symbol changes / shorter codewords are assigned through a prefix tree to higher-weight blocks / the entire message is represented by one nested probability interval / repeated substrings are replaced by backward or dictionary references / the image carrier is partitioned recursively into nested uniform pieces / compression acts by basis coefficients rather than direct spatial records / sample values are coded as residuals from a fitted local linear prediction,C026,proposed-addition,F013
L1521,BACK-MATTER/NOTES/10-Processes-of-Perception-and-Analysis-Notes.md:L493-494,SERIOUS,local-factor-probability-relation,sequence weight factorizes over overlapping local neighborhoods,C040,proposed-addition,F028
L1522,CHAPTERS/10-Processes-of-Perception-and-Analysis.md:L441-459;BACK-MATTER/NOTES/10-Processes-of-Perception-and-Analysis-Notes.md:L495-501,SERIOUS,finite-topology-sequence-model-fitting,the topology is fixed and only probabilities are learned from observed frequencies,C028,proposed-addition,F044
L1523,CHAPTERS/10-Processes-of-Perception-and-Analysis.md:L461-477,SERIOUS,probabilistic-cellular-automaton-fitting,probabilities are conditioned on local spacetime neighborhoods and used to generate a new CA history,C067,proposed-addition,F044
L1524,CHAPTERS/10-Processes-of-Perception-and-Analysis.md:L515-533,SERIOUS,program-based-statistical-test,an arbitrary executable program supplies the statistic being calibrated,C068,proposed-addition,F045
L1525,CHAPTERS/10-Processes-of-Perception-and-Analysis.md:L539-565;CHAPTERS/10-Processes-of-Perception-and-Analysis.md:L599-605,SERIOUS,xor-stream-cipher,encryption is bitwise XOR with a separately generated aligned stream,C094,proposed-addition,F013
L1526,CHAPTERS/10-Processes-of-Perception-and-Analysis.md:L575-633;BACK-MATTER/NOTES/10-Processes-of-Perception-and-Analysis-Notes.md:L531-544,SERIOUS,inverse-local-rule-reconstruction,the procedure reconstructs hidden predecessor states from constrained outputs,C034,proposed-addition,F025
L1527,BACK-MATTER/NOTES/10-Processes-of-Perception-and-Analysis-Notes.md:L608-624,SERIOUS,inverse-local-rule-reconstruction,the procedure reconstructs hidden predecessor states from constrained outputs,C034,proposed-addition,F025
L1528,BACK-MATTER/NOTES/10-Processes-of-Perception-and-Analysis-Notes.md:L642-654,WEAK,weak-nonconstruction-or-insufficient-evidence,Sequential source review found no mechanically distinct executable construction,,not-serious-candidate,not-applicable
L1529,BACK-MATTER/NOTES/10-Processes-of-Perception-and-Analysis-Notes.md:L656-660,RESOLVED,resolved-duplicate-preset-or-role,Sequential source review found an already represented mechanic or a supporting semantic role,,not-serious-candidate,not-applicable
L1530,CHAPTERS/10-Processes-of-Perception-and-Analysis.md:L647-673;BACK-MATTER/NOTES/10-Processes-of-Perception-and-Analysis-Notes.md:L672-681,SERIOUS,coordinate-automaton-evaluator,one cell is queried directly from its coordinates without evolving intermediate arrays,C014,close-exclusion-role,F038
L1531,CHAPTERS/10-Processes-of-Perception-and-Analysis.md:L729-743;BACK-MATTER/NOTES/10-Processes-of-Perception-and-Analysis-Notes.md:L745-749,RESOLVED,resolved-duplicate-preset-or-role,Sequential source review found an already represented mechanic or a supporting semantic role,,not-serious-candidate,not-applicable
L1532,CHAPTERS/10-Processes-of-Perception-and-Analysis.md:L743-757;BACK-MATTER/NOTES/10-Processes-of-Perception-and-Analysis-Notes.md:L790-810,SERIOUS,associative-evolution-by-squaring,work grows with the bit length of time rather than by simulating every prior step,C005,close-exclusion-role,F027
L1533,CHAPTERS/10-Processes-of-Perception-and-Analysis.md:L759-801;BACK-MATTER/NOTES/10-Processes-of-Perception-and-Analysis-Notes.md:L816-903,SERIOUS,lightcone-boolean-compiler,output is a Boolean formula exactly representing a bounded local evolution,C039,close-exclusion-role,F053
L1534,BACK-MATTER/NOTES/10-Processes-of-Perception-and-Analysis-Notes.md:L904,SERIOUS,reversible-boolean-circuit-embedding,the circuit is a permutation on full bit states even when the target function is not invertible,C074,proposed-addition,F014
L1535,CHAPTERS/10-Processes-of-Perception-and-Analysis.md:L829-839;BACK-MATTER/NOTES/10-Processes-of-Perception-and-Analysis-Notes.md:L976-980,SERIOUS,exact-sequence-hash-table,exact equality is checked after bounded hashing resolves candidate locations,C024,proposed-addition,F021
L1536,CHAPTERS/10-Processes-of-Perception-and-Analysis.md:L851-879,SERIOUS,similarity-preserving-template-hash,nearby inputs are intended to map to nearby or shared addresses rather than only exact hashes,C081,proposed-addition,F021
L1537,BACK-MATTER/NOTES/10-Processes-of-Perception-and-Analysis-Notes.md:L988-996,SERIOUS,nearest-memory-retrieval,the selected memory minimizes distance to the query,C054,proposed-addition,F036
L1538,BACK-MATTER/NOTES/10-Processes-of-Perception-and-Analysis-Notes.md:L998-1017,WEAK,weak-nonconstruction-or-insufficient-evidence,Sequential source review found no mechanically distinct executable construction,,not-serious-candidate,not-applicable
L1539,BACK-MATTER/NOTES/10-Processes-of-Perception-and-Analysis-Notes.md:L1019-1020,SERIOUS,matrix-associative-memory,memory recall is a global matrix projection followed by componentwise decision,C045,covered-by-existing-family,F055
L1540,BACK-MATTER/NOTES/10-Processes-of-Perception-and-Analysis-Notes.md:L1021-1023,SERIOUS,neural-network-state-and-learning,the transition is weighted aggregation through a network and may modify weights from examples,C057,proposed-addition,F055
L1541,CHAPTERS/10-Processes-of-Perception-and-Analysis.md:L909-915;BACK-MATTER/NOTES/10-Processes-of-Perception-and-Analysis-Notes.md:L1038,SERIOUS,symbolic-expression-rewriting,matches are structural expression subtrees rather than flat string positions,C089,T20:retain-family,F052
L1542,BACK-MATTER/NOTES/10-Processes-of-Perception-and-Analysis-Notes.md:L1039-1065,SERIOUS,context-free-derivation-and-parsing,productions build or parse nested grammatical structure and may retain multiple derivations,C012,covered-by-existing-family,F034
L1543,BACK-MATTER/NOTES/10-Processes-of-Perception-and-Analysis-Notes.md:L1081-1085,SERIOUS,iterated-history-dependent-game,each agent move is generated by a program over both players past moves,C036,proposed-addition,F022
L1544,CHAPTERS/10-Processes-of-Perception-and-Analysis.md:L975-989;BACK-MATTER/NOTES/10-Processes-of-Perception-and-Analysis-Notes.md:L5-15,SERIOUS,enumerative-semidecision,enumerate candidate descriptions and halt on a match; unrestricted failure to match may not terminate,C022,proposed-addition,F011
L1545,CHAPTERS/11-The-Notion-of-Computation.md:L15-21;CHAPTERS/11-The-Notion-of-Computation.md:L25-37,SERIOUS,encode-evolve-decode-interface,the underlying target dynamics stay unchanged while encoder time and decoder define the computation,C020,close-exclusion-role,F010
L1546,BACK-MATTER/NOTES/11-The-Notion-of-Computation-Notes.md:L15-23,SERIOUS,stored-program-random-access-machine,instructions and data occupy addressed memory accessed by a program counter,C088,proposed-addition,F051
L1547,CHAPTERS/11-The-Notion-of-Computation.md:L377-393;BACK-MATTER/NOTES/11-The-Notion-of-Computation-Notes.md:L525-550,SERIOUS,iterated-map,exact arithmetic predicates choose one of several integer transformations at each step / the next state is one selected image computable from only the current finite tuple / a zero-gradient local minimum halts even when another point has a lower global objective,C037,T34:retain-family;T35:retain-preset;T36:retain-preset;T43:retain-family,F027
L1548,BACK-MATTER/NOTES/11-The-Notion-of-Computation-Notes.md:L552-570,SERIOUS,iterated-map,exact arithmetic predicates choose one of several integer transformations at each step / the next state is one selected image computable from only the current finite tuple / a zero-gradient local minimum halts even when another point has a lower global objective,C037,T34:retain-family;T35:retain-preset;T36:retain-preset;T43:retain-family,F027
L1549,BACK-MATTER/NOTES/11-The-Notion-of-Computation-Notes.md:L674-690,SERIOUS,encode-evolve-decode-interface,the underlying target dynamics stay unchanged while encoder time and decoder define the computation,C020,close-exclusion-role,F010
L1550,BACK-MATTER/NOTES/11-The-Notion-of-Computation-Notes.md:L781-802,WEAK,weak-nonconstruction-or-insufficient-evidence,Sequential source review found no mechanically distinct executable construction,,not-serious-candidate,not-applicable
L1551,BACK-MATTER/NOTES/11-The-Notion-of-Computation-Notes.md:L829-855,SERIOUS,enumerative-semidecision,"search increasing witnesses and return the least satisfying value, remaining undefined if none exists",C022,proposed-addition,F011
L1552,CHAPTERS/12-The-Principle-of-Computational-Equivalence.md:L571-607;BACK-MATTER/NOTES/12-The-Principle-of-Computational-Equivalence-Notes.md:L207-209;BACK-MATTER/NOTES/12-The-Principle-of-Computational-Equivalence-Notes.md:L235-237;BACK-MATTER/NOTES/12-The-Principle-of-Computational-Equivalence-Notes.md:L365-369,SERIOUS,turing-machine-partial-function,nonhalting evolution denotes no function value rather than an infinite output trace,C092,close-exclusion-role,F031
L1553,CHAPTERS/12-The-Principle-of-Computational-Equivalence.md:L541-555;BACK-MATTER/NOTES/12-The-Principle-of-Computational-Equivalence-Notes.md:L241-291,SERIOUS,post-correspondence-relation,the same tile-index sequence must make upper and lower concatenations equal,C065,proposed-addition,F019
L1554,BACK-MATTER/NOTES/12-The-Principle-of-Computational-Equivalence-Notes.md:L269-304,SERIOUS,multiway-tag-evolution,more than one matching tag rule advances simultaneously as separate branches,C052,covered-by-existing-family,F034
L1555,BACK-MATTER/NOTES/12-The-Principle-of-Computational-Equivalence-Notes.md:L314-316,SERIOUS,sequence-equation-relation,unknowns range over finite words rather than individual symbols or numbers,C077,proposed-addition,F019
L1556,BACK-MATTER/NOTES/12-The-Principle-of-Computational-Equivalence-Notes.md:L331-347;BACK-MATTER/NOTES/12-The-Principle-of-Computational-Equivalence-Notes.md:L461-476,WEAK,weak-nonconstruction-or-insufficient-evidence,Sequential source review found no mechanically distinct executable construction,,not-serious-candidate,not-applicable
L1557,CHAPTERS/12-The-Principle-of-Computational-Equivalence.md:L647-677;BACK-MATTER/NOTES/12-The-Principle-of-Computational-Equivalence-Notes.md:L495-503,SERIOUS,nondeterministic-turing-machine,a state-symbol pair can have several simultaneous successor configurations,C058,covered-by-existing-family,F034
L1558,CHAPTERS/12-The-Principle-of-Computational-Equivalence.md:L681-691;BACK-MATTER/NOTES/12-The-Principle-of-Computational-Equivalence-Notes.md:L521-543,SERIOUS,boolean-satisfaction-relation,CNF defines admissible Boolean assignments while bounded-trace compilation is a representation transform,C008,covered-by-existing-family,F030
L1559,BACK-MATTER/NOTES/12-The-Principle-of-Computational-Equivalence-Notes.md:L560-574,SERIOUS,finite-unitary-circuit,a fixed gate sequence transforms complex amplitudes and measurement samples the resulting squared magnitudes,C029,proposed-addition,F014
L1560,CHAPTERS/12-The-Principle-of-Computational-Equivalence.md:L749-775;BACK-MATTER/NOTES/12-The-Principle-of-Computational-Equivalence-Notes.md:L605-611;BACK-MATTER/NOTES/12-The-Principle-of-Computational-Equivalence-Notes.md:L751-797,SERIOUS,bidirectional-axiom-rewriting,each equation is usable in both directions and all applicable rewrites may branch,C007,covered-by-existing-family,F034
L1561,CHAPTERS/12-The-Principle-of-Computational-Equivalence.md:L885-905;BACK-MATTER/NOTES/12-The-Principle-of-Computational-Equivalence-Notes.md:L901-966,SERIOUS,arithmetic-equation-constraint,"unknowns are nonnegative integers constrained by exact arithmetic equations / membership is decided by one global arithmetic relation, not overlapping local templates",C004,proposed-addition,F019
L1562,CHAPTERS/12-The-Principle-of-Computational-Equivalence.md:L1073-1095;BACK-MATTER/NOTES/12-The-Principle-of-Computational-Equivalence-Notes.md:L1189-1203;BACK-MATTER/NOTES/12-The-Principle-of-Computational-Equivalence-Notes.md:L1245-1257,SERIOUS,finite-operator-table-model,operators are unknown finite tables universally tested over all assignments,C027,proposed-addition,F015
L1563,CHAPTERS/12-The-Principle-of-Computational-Equivalence.md:L227-239;BACK-MATTER/NOTES/12-The-Principle-of-Computational-Equivalence-Notes.md:L49-75,WEAK,weak-nonconstruction-or-insufficient-evidence,Sequential source review found no mechanically distinct executable construction,,not-serious-candidate,not-applicable
